data,Q_Afluente
1999-10-01,90.0
1999-10-02,104.0
1999-10-03,98.0
1999-10-04,132.0
1999-10-05,101.0
1999-10-06,100.0
1999-10-07,104.0
1999-10-08,108.0
1999-10-09,112.0
1999-10-10,101.0
1999-10-11,94.0
1999-10-12,93.0
1999-10-13,101.0
1999-10-14,96.0
1999-10-15,93.0
1999-10-16,88.0
1999-10-17,80.0
1999-10-18,78.0
1999-10-19,67.0
1999-10-20,61.0
1999-10-21,63.0
1999-10-22,115.0
1999-10-23,91.0
1999-10-24,86.0
1999-10-25,150.0
1999-10-26,190.0
1999-10-27,188.0
1999-10-28,260.0
1999-10-29,223.0
1999-10-30,190.0
1999-10-31,150.0
1999-11-01,141.0
1999-11-02,85.0
1999-11-03,87.0
1999-11-04,97.0
1999-11-05,107.0
1999-11-06,150.0
1999-11-07,280.0
1999-11-08,589.0
1999-11-09,572.0
1999-11-10,619.0
1999-11-11,459.0
1999-11-12,511.0
1999-11-13,737.0
1999-11-14,522.0
1999-11-15,629.0
1999-11-16,337.0
1999-11-17,350.0
1999-11-18,498.0
1999-11-19,282.0
1999-11-20,1879.0
1999-11-21,971.0
1999-11-22,577.0
1999-11-23,632.0
1999-11-24,634.0
1999-11-25,1968.0
1999-11-26,745.0
1999-11-27,1077.0
1999-11-28,725.0
1999-11-29,910.0
1999-11-30,820.0
1999-12-01,359.0
1999-12-02,369.0
1999-12-03,428.0
1999-12-04,249.0
1999-12-05,919.0
1999-12-06,552.0
1999-12-07,416.0
1999-12-08,1023.0
1999-12-09,723.0
1999-12-10,606.0
1999-12-11,828.0
1999-12-12,665.0
1999-12-13,1040.0
1999-12-14,1040.0
1999-12-15,998.0
1999-12-16,1164.0
1999-12-17,840.0
1999-12-18,862.0
1999-12-19,1037.0
1999-12-20,612.0
1999-12-21,397.0
1999-12-22,430.0
1999-12-23,951.0
1999-12-24,1242.0
1999-12-25,636.0
1999-12-26,847.0
1999-12-27,729.0
1999-12-28,673.0
1999-12-29,745.0
1999-12-30,816.0
1999-12-31,1071.0
2000-01-01,1514.0
2000-01-02,998.0
2000-01-03,1458.0
2000-01-04,1800.0
2000-01-05,1581.0
2000-01-06,1623.0
2000-01-07,1580.0
2000-01-08,1382.0
2000-01-09,1291.0
2000-01-10,1015.0
2000-01-11,1016.0
2000-01-12,884.0
2000-01-13,814.0
2000-01-14,705.0
2000-01-15,682.0
2000-01-16,596.0
2000-01-17,619.0
2000-01-18,649.0
2000-01-19,739.0
2000-01-20,1031.0
2000-01-21,1014.0
2000-01-22,844.0
2000-01-23,786.0
2000-01-24,968.0
2000-01-25,
2000-01-26,
2000-01-27,
2000-01-28,
2000-01-29,
2000-01-30,
2000-01-31,
2000-02-01,
2000-02-02,
2000-02-03,
2000-02-04,
2000-02-05,
2000-02-06,
2000-02-07,
2000-02-08,
2000-02-09,3527.0
2000-02-10,3387.0
2000-02-11,3133.0
2000-02-12,2718.0
2000-02-13,2540.0
2000-02-14,2174.0
2000-02-15,1907.0
2000-02-16,1650.0
2000-02-17,1836.0
2000-02-18,1715.0
2000-02-19,1637.0
2000-02-20,1648.0
2000-02-21,1457.0
2000-02-22,1456.0
2000-02-23,1260.0
2000-02-24,1174.0
2000-02-25,1085.0
2000-02-26,1176.0
2000-02-27,1129.0
2000-02-28,976.0
2000-02-29,1170.0
2000-03-01,984.0
2000-03-02,893.0
2000-03-03,1080.0
2000-03-04,890.0
2000-03-05,688.0
2000-03-06,691.0
2000-03-07,599.0
2000-03-08,705.0
2000-03-09,1176.0
2000-03-10,1171.0
2000-03-11,3175.0
2000-03-12,1922.0
2000-03-13,2070.0
2000-03-14,1652.0
2000-03-15,1797.0
2000-03-16,2237.0
2000-03-17,2237.0
2000-03-18,2002.0
2000-03-19,1930.0
2000-03-20,1847.0
2000-03-21,1556.0
2000-03-22,1671.0
2000-03-23,1482.0
2000-03-24,1582.0
2000-03-25,1395.0
2000-03-26,1158.0
2000-03-27,1179.0
2000-03-28,1305.0
2000-03-29,1196.0
2000-03-30,1176.0
2000-03-31,1100.0
2000-04-01,914.0
2000-04-02,904.0
2000-04-03,1009.0
2000-04-04,689.0
2000-04-05,776.0
2000-04-06,682.0
2000-04-07,665.0
2000-04-08,636.0
2000-04-09,605.0
2000-04-10,857.0
2000-04-11,702.0
2000-04-12,673.0
2000-04-13,574.0
2000-04-14,819.0
2000-04-15,591.0
2000-04-16,734.0
2000-04-17,559.0
2000-04-18,673.0
2000-04-19,588.0
2000-04-20,601.0
2000-04-21,675.0
2000-04-22,679.0
2000-04-23,651.0
2000-04-24,590.0
2000-04-25,573.0
2000-04-26,519.0
2000-04-27,489.0
2000-04-28,484.0
2000-04-29,504.0
2000-04-30,501.0
2000-05-01,492.0
2000-05-02,484.0
2000-05-03,456.0
2000-05-04,455.0
2000-05-05,438.0
2000-05-06,433.0
2000-05-07,425.0
2000-05-08,417.0
2000-05-09,411.0
2000-05-10,410.0
2000-05-11,412.0
2000-05-12,401.0
2000-05-13,402.0
2000-05-14,382.0
2000-05-15,384.0
2000-05-16,389.0
2000-05-17,389.0
2000-05-18,388.0
2000-05-19,385.0
2000-05-20,370.0
2000-05-21,369.0
2000-05-22,364.0
2000-05-23,359.0
2000-05-24,347.0
2000-05-25,351.0
2000-05-26,335.0
2000-05-27,362.0
2000-05-28,351.0
2000-05-29,328.0
2000-05-30,318.0
2000-05-31,303.0
2000-06-01,338.0
2000-06-02,341.0
2000-06-03,335.0
2000-06-04,326.0
2000-06-05,312.0
2000-06-06,311.0
2000-06-07,300.0
2000-06-08,303.0
2000-06-09,303.0
2000-06-10,308.0
2000-06-11,318.0
2000-06-12,298.0
2000-06-13,312.0
2000-06-14,292.0
2000-06-15,285.0
2000-06-16,275.0
2000-06-17,266.0
2000-06-18,253.0
2000-06-19,263.0
2000-06-20,253.0
2000-06-21,260.0
2000-06-22,252.0
2000-06-23,251.0
2000-06-24,240.0
2000-06-25,236.0
2000-06-26,234.0
2000-06-27,236.0
2000-06-28,227.0
2000-06-29,232.0
2000-06-30,229.0
2000-07-01,225.0
2000-07-02,232.0
2000-07-03,229.0
2000-07-04,222.0
2000-07-05,217.0
2000-07-06,227.0
2000-07-07,220.0
2000-07-08,220.0
2000-07-09,210.0
2000-07-10,212.0
2000-07-11,210.0
2000-07-12,206.0
2000-07-13,204.0
2000-07-14,203.0
2000-07-15,202.0
2000-07-16,200.0
2000-07-17,199.0
2000-07-18,197.0
2000-07-19,196.0
2000-07-20,195.0
2000-07-21,193.0
2000-07-22,191.0
2000-07-23,192.0
2000-07-24,191.0
2000-07-25,185.0
2000-07-26,180.0
2000-07-27,175.0
2000-07-28,181.0
2000-07-29,179.0
2000-07-30,185.0
2000-07-31,179.0
2000-08-01,176.0
2000-08-02,182.0
2000-08-03,181.0
2000-08-04,180.0
2000-08-05,178.0
2000-08-06,179.0
2000-08-07,170.0
2000-08-08,173.0
2000-08-09,169.0
2000-08-10,165.0
2000-08-11,161.0
2000-08-12,158.0
2000-08-13,142.0
2000-08-14,140.0
2000-08-15,136.0
2000-08-16,125.0
2000-08-17,122.0
2000-08-18,125.0
2000-08-19,123.0
2000-08-20,125.0
2000-08-21,121.0
2000-08-22,125.0
2000-08-23,121.0
2000-08-24,124.0
2000-08-25,121.0
2000-08-26,119.0
2000-08-27,118.0
2000-08-28,120.0
2000-08-29,121.0
2000-08-30,122.0
2000-08-31,123.0
2000-09-01,119.0
2000-09-02,339.0
2000-09-03,282.0
2000-09-04,371.0
2000-09-05,256.0
2000-09-06,495.0
2000-09-07,412.0
2000-09-08,208.0
2000-09-09,309.0
2000-09-10,221.0
2000-09-11,231.0
2000-09-12,232.0
2000-09-13,230.0
2000-09-14,236.0
2000-09-15,220.0
2000-09-16,233.0
2000-09-17,226.0
2000-09-18,201.0
2000-09-19,202.0
2000-09-20,185.0
2000-09-21,191.0
2000-09-22,180.0
2000-09-23,178.0
2000-09-24,167.0
2000-09-25,159.0
2000-09-26,142.0
2000-09-27,130.0
2000-09-28,125.0
2000-09-29,116.0
2000-09-30,103.0
2000-10-01,143.0
2000-10-02,119.0
2000-10-03,132.0
2000-10-04,132.0
2000-10-05,132.0
2000-10-06,127.0
2000-10-07,142.0
2000-10-08,134.0
2000-10-09,112.0
2000-10-10,103.0
2000-10-11,101.0
2000-10-12,98.0
2000-10-13,92.0
2000-10-14,90.0
2000-10-15,104.0
2000-10-16,96.0
2000-10-17,92.0
2000-10-18,94.0
2000-10-19,92.0
2000-10-20,88.0
2000-10-21,70.0
2000-10-22,66.0
2000-10-23,70.0
2000-10-24,65.0
2000-10-25,70.0
2000-10-26,65.0
2000-10-27,72.0
2000-10-28,71.0
2000-10-29,85.0
2000-10-30,93.0
2000-10-31,101.0
2000-11-01,92.0
2000-11-02,94.0
2000-11-03,169.0
2000-11-04,311.0
2000-11-05,461.0
2000-11-06,567.0
2000-11-07,576.0
2000-11-08,490.0
2000-11-09,439.0
2000-11-10,401.0
2000-11-11,422.0
2000-11-12,437.0
2000-11-13,614.0
2000-11-14,814.0
2000-11-15,1097.0
2000-11-16,883.0
2000-11-17,958.0
2000-11-18,900.0
2000-11-19,1055.0
2000-11-20,731.0
2000-11-21,600.0
2000-11-22,585.0
2000-11-23,517.0
2000-11-24,588.0
2000-11-25,459.0
2000-11-26,587.0
2000-11-27,713.0
2000-11-28,537.0
2000-11-29,397.0
2000-11-30,575.0
2000-12-01,1087.0
2000-12-02,959.0
2000-12-03,931.0
2000-12-04,856.0
2000-12-05,869.0
2000-12-06,1137.0
2000-12-07,916.0
2000-12-08,779.0
2000-12-09,595.0
2000-12-10,577.0
2000-12-11,497.0
2000-12-12,511.0
2000-12-13,405.0
2000-12-14,640.0
2000-12-15,646.0
2000-12-16,600.0
2000-12-17,848.0
2000-12-18,2123.0
2000-12-19,1122.0
2000-12-20,1266.0
2000-12-21,1314.0
2000-12-22,1266.0
2000-12-23,1601.0
2000-12-24,1049.0
2000-12-25,975.0
2000-12-26,745.0
2000-12-27,754.0
2000-12-28,713.0
2000-12-29,706.0
2000-12-30,784.0
2000-12-31,810.0
2001-01-01,841.0
2001-01-02,1117.0
2001-01-03,1337.0
2001-01-04,1521.0
2001-01-05,1505.0
2001-01-06,1402.0
2001-01-07,1269.0
2001-01-08,1046.0
2001-01-09,834.0
2001-01-10,699.0
2001-01-11,617.0
2001-01-12,629.0
2001-01-13,645.0
2001-01-14,582.0
2001-01-15,525.0
2001-01-16,487.0
2001-01-17,457.0
2001-01-18,420.0
2001-01-19,441.0
2001-01-20,436.0
2001-01-21,421.0
2001-01-22,426.0
2001-01-23,515.0
2001-01-24,592.0
2001-01-25,980.0
2001-01-26,604.0
2001-01-27,530.0
2001-01-28,520.0
2001-01-29,497.0
2001-01-30,464.0
2001-01-31,462.0
2001-02-01,457.0
2001-02-02,444.0
2001-02-03,410.0
2001-02-04,388.0
2001-02-05,386.0
2001-02-06,375.0
2001-02-07,357.0
2001-02-08,341.0
2001-02-09,353.0
2001-02-10,333.0
2001-02-11,340.0
2001-02-12,355.0
2001-02-13,390.0
2001-02-14,353.0
2001-02-15,347.0
2001-02-16,340.0
2001-02-17,365.0
2001-02-18,301.0
2001-02-19,276.0
2001-02-20,244.0
2001-02-21,225.0
2001-02-22,218.0
2001-02-23,209.0
2001-02-24,201.0
2001-02-25,190.0
2001-02-26,194.0
2001-02-27,185.0
2001-02-28,190.0
2001-03-01,189.0
2001-03-02,207.0
2001-03-03,216.0
2001-03-04,233.0
2001-03-05,298.0
2001-03-06,371.0
2001-03-07,341.0
2001-03-08,378.0
2001-03-09,394.0
2001-03-10,511.0
2001-03-11,1828.0
2001-03-12,1033.0
2001-03-13,780.0
2001-03-14,706.0
2001-03-15,772.0
2001-03-16,624.0
2001-03-17,556.0
2001-03-18,462.0
2001-03-19,402.0
2001-03-20,329.0
2001-03-21,329.0
2001-03-22,247.0
2001-03-23,293.0
2001-03-24,274.0
2001-03-25,231.0
2001-03-26,215.0
2001-03-27,193.0
2001-03-28,200.0
2001-03-29,229.0
2001-03-30,232.0
2001-03-31,279.0
2001-04-01,326.0
2001-04-02,339.0
2001-04-03,408.0
2001-04-04,365.0
2001-04-05,295.0
2001-04-06,272.0
2001-04-07,239.0
2001-04-08,236.0
2001-04-09,224.0
2001-04-10,204.0
2001-04-11,196.0
2001-04-12,191.0
2001-04-13,189.0
2001-04-14,187.0
2001-04-15,170.0
2001-04-16,160.0
2001-04-17,145.0
2001-04-18,140.0
2001-04-19,145.0
2001-04-20,141.0
2001-04-21,142.0
2001-04-22,134.0
2001-04-23,131.0
2001-04-24,123.0
2001-04-25,121.0
2001-04-26,121.0
2001-04-27,119.0
2001-04-28,111.0
2001-04-29,109.0
2001-04-30,105.0
2001-05-01,108.0
2001-05-02,109.0
2001-05-03,107.0
2001-05-04,109.0
2001-05-05,108.0
2001-05-06,108.0
2001-05-07,102.0
2001-05-08,102.0
2001-05-09,107.0
2001-05-10,111.0
2001-05-11,101.0
2001-05-12,112.0
2001-05-13,117.0
2001-05-14,127.0
2001-05-15,120.0
2001-05-16,142.0
2001-05-17,132.0
2001-05-18,201.0
2001-05-19,211.0
2001-05-20,196.0
2001-05-21,154.0
2001-05-22,144.0
2001-05-23,143.0
2001-05-24,165.0
2001-05-25,149.0
2001-05-26,142.0
2001-05-27,152.0
2001-05-28,159.0
2001-05-29,149.0
2001-05-30,145.0
2001-05-31,143.0
2001-06-01,141.0
2001-06-02,141.0
2001-06-03,138.0
2001-06-04,136.0
2001-06-05,135.0
2001-06-06,132.0
2001-06-07,135.0
2001-06-08,130.0
2001-06-09,126.0
2001-06-10,123.0
2001-06-11,118.0
2001-06-12,115.0
2001-06-13,119.0
2001-06-14,115.0
2001-06-15,118.0
2001-06-16,114.0
2001-06-17,112.0
2001-06-18,109.0
2001-06-19,105.0
2001-06-20,112.0
2001-06-21,109.0
2001-06-22,107.0
2001-06-23,102.0
2001-06-24,103.0
2001-06-25,102.0
2001-06-26,100.0
2001-06-27,101.0
2001-06-28,100.0
2001-06-29,101.0
2001-06-30,100.0
2001-07-01,99.0
2001-07-02,99.0
2001-07-03,99.0
2001-07-04,100.0
2001-07-05,100.0
2001-07-06,99.0
2001-07-07,99.0
2001-07-08,100.0
2001-07-09,99.0
2001-07-10,100.0
2001-07-11,100.0
2001-07-12,99.0
2001-07-13,100.0
2001-07-14,99.0
2001-07-15,100.0
2001-07-16,100.0
2001-07-17,100.0
2001-07-18,100.0
2001-07-19,101.0
2001-07-20,99.0
2001-07-21,98.0
2001-07-22,100.0
2001-07-23,101.0
2001-07-24,101.0
2001-07-25,100.0
2001-07-26,101.0
2001-07-27,99.0
2001-07-28,101.0
2001-07-29,99.0
2001-07-30,101.0
2001-07-31,94.0
2001-08-01,97.0
2001-08-02,92.0
2001-08-03,90.0
2001-08-04,88.0
2001-08-05,90.0
2001-08-06,89.0
2001-08-07,86.0
2001-08-08,84.0
2001-08-09,77.0
2001-08-10,74.0
2001-08-11,73.0
2001-08-12,70.0
2001-08-13,70.0
2001-08-14,72.0
2001-08-15,71.0
2001-08-16,71.0
2001-08-17,70.0
2001-08-18,69.0
2001-08-19,70.0
2001-08-20,70.0
2001-08-21,70.0
2001-08-22,74.0
2001-08-23,73.0
2001-08-24,83.0
2001-08-25,87.0
2001-08-26,99.0
2001-08-27,111.0
2001-08-28,135.0
2001-08-29,115.0
2001-08-30,110.0
2001-08-31,118.0
2001-09-01,110.0
2001-09-02,127.0
2001-09-03,123.0
2001-09-04,118.0
2001-09-05,116.0
2001-09-06,108.0
2001-09-07,98.0
2001-09-08,99.0
2001-09-09,90.0
2001-09-10,95.0
2001-09-11,99.0
2001-09-12,88.0
2001-09-13,89.0
2001-09-14,125.0
2001-09-15,149.0
2001-09-16,139.0
2001-09-17,132.0
2001-09-18,120.0
2001-09-19,115.0
2001-09-20,115.0
2001-09-21,105.0
2001-09-22,102.0
2001-09-23,94.0
2001-09-24,90.0
2001-09-25,87.0
2001-09-26,106.0
2001-09-27,92.0
2001-09-28,78.0
2001-09-29,82.0
2001-09-30,98.0
2001-10-01,108.0
2001-10-02,250.0
2001-10-03,297.0
2001-10-04,163.0
2001-10-05,197.0
2001-10-06,151.0
2001-10-07,150.0
2001-10-08,369.0
2001-10-09,592.0
2001-10-10,369.0
2001-10-11,262.0
2001-10-12,228.0
2001-10-13,213.0
2001-10-14,210.0
2001-10-15,193.0
2001-10-16,180.0
2001-10-17,176.0
2001-10-18,156.0
2001-10-19,163.0
2001-10-20,185.0
2001-10-21,149.0
2001-10-22,143.0
2001-10-23,140.0
2001-10-24,142.0
2001-10-25,128.0
2001-10-26,117.0
2001-10-27,106.0
2001-10-28,104.0
2001-10-29,17.0
2001-10-30,105.0
2001-10-31,303.0
2001-11-01,109.0
2001-11-02,109.0
2001-11-03,210.0
2001-11-04,203.0
2001-11-05,362.0
2001-11-06,211.0
2001-11-07,258.0
2001-11-08,300.0
2001-11-09,248.0
2001-11-10,259.0
2001-11-11,257.0
2001-11-12,310.0
2001-11-13,376.0
2001-11-14,624.0
2001-11-15,498.0
2001-11-16,503.0
2001-11-17,702.0
2001-11-18,1004.0
2001-11-19,756.0
2001-11-20,799.0
2001-11-21,901.0
2001-11-22,553.0
2001-11-23,503.0
2001-11-24,450.0
2001-11-25,406.0
2001-11-26,352.0
2001-11-27,307.0
2001-11-28,264.0
2001-11-29,457.0
2001-11-30,556.0
2001-12-01,697.0
2001-12-02,501.0
2001-12-03,450.0
2001-12-04,505.0
2001-12-05,448.0
2001-12-06,508.0
2001-12-07,358.0
2001-12-08,298.0
2001-12-09,270.0
2001-12-10,260.0
2001-12-11,223.0
2001-12-12,263.0
2001-12-13,210.0
2001-12-14,261.0
2001-12-15,210.0
2001-12-16,313.0
2001-12-17,626.0
2001-12-18,906.0
2001-12-19,1584.0
2001-12-20,1762.0
2001-12-21,1368.0
2001-12-22,1015.0
2001-12-23,1087.0
2001-12-24,1142.0
2001-12-25,1092.0
2001-12-26,1294.0
2001-12-27,910.0
2001-12-28,910.0
2001-12-29,1093.0
2001-12-30,2036.0
2001-12-31,1826.0
2002-01-01,1942.83
2002-01-02,2104.8
2002-01-03,1780.89
2002-01-04,1491.54
2002-01-05,1315.93
2002-01-06,1148.57
2002-01-07,1049.72
2002-01-08,1265.11
2002-01-09,929.46
2002-01-10,799.83
2002-01-11,733.02
2002-01-12,637.89
2002-01-13,859.96
2002-01-14,397.0
2002-01-15,529.94
2002-01-16,592.44
2002-01-17,1391.06
2002-01-18,1916.2
2002-01-19,3891.65
2002-01-20,1936.94
2002-01-21,2166.7
2002-01-22,1620.87
2002-01-23,1273.65
2002-01-24,1063.31
2002-01-25,1002.44
2002-01-26,920.43
2002-01-27,1070.89
2002-01-28,988.87
2002-01-29,1195.2
2002-01-30,1046.06
2002-01-31,1358.24
2002-02-01,1228.98
2002-02-02,1279.97
2002-02-03,1504.59
2002-02-04,1500.39
2002-02-05,1051.31
2002-02-06,1050.31
2002-02-07,1365.13
2002-02-08,1748.73
2002-02-09,1604.83
2002-02-10,1390.67
2002-02-11,2064.05
2002-02-12,1795.78
2002-02-13,1493.8
2002-02-14,1425.09
2002-02-15,1412.15
2002-02-16,1203.36
2002-02-17,1495.8
2002-02-18,1655.57
2002-02-19,3162.52
2002-02-20,3069.24
2002-02-21,2393.63
2002-02-22,2460.76
2002-02-23,2229.59
2002-02-24,2045.41
2002-02-25,2511.0
2002-02-26,2367.13
2002-02-27,1997.43
2002-02-28,1735.77
2002-03-01,1541.37
2002-03-02,1443.46
2002-03-03,1347.56
2002-03-04,1348.56
2002-03-05,1349.56
2002-03-06,967.98
2002-03-07,1065.2
2002-03-08,1163.74
2002-03-09,883.02
2002-03-10,775.54
2002-03-11,787.11
2002-03-12,677.63
2002-03-13,591.35
2002-03-14,687.57
2002-03-15,679.63
2002-03-16,981.93
2002-03-17,783.17
2002-03-18,686.57
2002-03-19,874.07
2002-03-20,780.48
2002-03-21,973.5
2002-03-22,1064.32
2002-03-23,1166.43
2002-03-24,878.7
2002-03-25,1265.28
2002-03-26,881.33
2002-03-27,884.22
2002-03-28,591.78
2002-03-29,791.11
2002-03-30,591.67
2002-03-31,688.77
2002-04-01,590.78
2002-04-02,589.67
2002-04-03,491.44
2002-04-04,493.33
2002-04-05,494.56
2002-04-06,408.22
2002-04-07,601.67
2002-04-08,310.0
2002-04-09,300.0
2002-04-10,497.44
2002-04-11,500.33
2002-04-12,494.56
2002-04-13,498.44
2002-04-14,358.0
2002-04-15,493.44
2002-04-16,298.0
2002-04-17,398.22
2002-04-18,398.22
2002-04-19,303.0
2002-04-20,403.22
2002-04-21,402.11
2002-04-22,303.0
2002-04-23,405.34
2002-04-24,207.66
2002-04-25,306.0
2002-04-26,303.0
2002-04-27,295.89
2002-04-28,307.0
2002-04-29,210.78
2002-04-30,400.0
2002-05-01,303.78
2002-05-02,198.44
2002-05-03,401.0
2002-05-04,301.89
2002-05-05,204.56
2002-05-06,401.0
2002-05-07,402.0
2002-05-08,201.44
2002-05-09,399.0
2002-05-10,302.89
2002-05-11,302.78
2002-05-12,299.78
2002-05-13,295.78
2002-05-14,298.66
2002-05-15,197.67
2002-05-16,296.78
2002-05-17,201.44
2002-05-18,301.89
2002-05-19,397.0
2002-05-20,182.56
2002-05-21,304.0
2002-05-22,333.0
2002-05-23,136.44
2002-05-24,254.89
2002-05-25,204.33
2002-05-26,303.56
2002-05-27,246.78
2002-05-28,140.22
2002-05-29,298.67
2002-05-30,209.22
2002-05-31,219.67
2002-06-01,333.0
2002-06-02,138.56
2002-06-03,233.66
2002-06-04,213.67
2002-06-05,212.56
2002-06-06,216.56
2002-06-07,218.56
2002-06-08,213.44
2002-06-09,215.67
2002-06-10,150.22
2002-06-11,253.67
2002-06-12,251.56
2002-06-13,270.19
2002-06-14,193.09
2002-06-15,194.09
2002-06-16,196.09
2002-06-17,243.33
2002-06-18,108.83
2002-06-19,324.85
2002-06-20,130.32
2002-06-21,235.37
2002-06-22,119.11
2002-06-23,224.96
2002-06-24,127.94
2002-06-25,313.67
2002-06-26,126.74
2002-06-27,126.94
2002-06-28,229.45
2002-06-29,127.06
2002-06-30,224.85
2002-07-01,120.23
2002-07-02,224.28
2002-07-03,223.85
2002-07-04,117.23
2002-07-05,223.28
2002-07-06,127.74
2002-07-07,89.43
2002-07-08,214.28
2002-07-09,115.43
2002-07-10,116.74
2002-07-11,408.09
2002-07-12,117.74
2002-07-13,116.43
2002-07-14,219.28
2002-07-15,118.43
2002-07-16,208.65
2002-07-17,218.28
2002-07-18,211.65
2002-07-19,116.43
2002-07-20,123.37
2002-07-21,216.28
2002-07-22,20.52
2002-07-23,210.65
2002-07-24,212.28
2002-07-25,211.65
2002-07-26,110.43
2002-07-27,116.37
2002-07-28,119.37
2002-07-29,14.2
2002-07-30,217.96
2002-07-31,115.94
2002-08-01,108.23
2002-08-02,116.37
2002-08-03,116.37
2002-08-04,112.74
2002-08-05,106.15
2002-08-06,111.86
2002-08-07,25.68
2002-08-08,138.46
2002-08-09,147.63
2002-08-10,140.63
2002-08-11,155.91
2002-08-12,130.37
2002-08-13,32.46
2002-08-14,138.63
2002-08-15,131.69
2002-08-16,117.41
2002-08-17,67.19
2002-08-18,82.13
2002-08-19,72.87
2002-08-20,37.63
2002-08-21,20.37
2002-08-22,26.31
2002-08-23,40.0
2002-08-24,50.0
2002-08-25,60.0
2002-08-26,60.0
2002-08-27,60.0
2002-08-28,
2002-08-29,
2002-08-30,
2002-08-31,
2002-09-01,
2002-09-02,
2002-09-03,
2002-09-04,
2002-09-05,
2002-09-06,
2002-09-07,
2002-09-08,
2002-09-09,
2002-09-10,
2002-09-11,
2002-09-12,
2002-09-13,
2002-09-14,
2002-09-15,
2002-09-16,
2002-09-17,
2002-09-18,
2002-09-19,
2002-09-20,
2002-09-21,
2002-09-22,
2002-09-23,
2002-09-24,
2002-09-25,
2002-09-26,
2002-09-27,172.39
2002-09-28,20.5
2002-09-29,326.06
2002-09-30,172.28
2002-10-01,189.55
2002-10-02,151.39
2002-10-03,85.77
2002-10-04,43.0
2002-10-05,120.77
2002-10-06,195.39
2002-10-07,40.5
2002-10-08,37.38
2002-10-09,53.39
2002-10-10,76.07
2002-10-11,73.96
2002-10-12,70.07
2002-10-13,70.19
2002-10-14,72.76
2002-10-15,69.76
2002-10-16,69.76
2002-10-17,63.64
2002-10-18,62.0
2002-10-19,62.0
2002-10-20,62.0
2002-10-21,60.0
2002-10-22,60.0
2002-10-23,58.0
2002-10-24,58.0
2002-10-25,58.0
2002-10-26,60.0
2002-10-27,60.0
2002-10-28,62.0
2002-10-29,62.0
2002-10-30,64.0
2002-10-31,68.0
2002-11-01,70.0
2002-11-02,231.21
2002-11-03,198.78
2002-11-04,158.7
2002-11-05,567.63
2002-11-06,1031.89
2002-11-07,334.35
2002-11-08,176.46
2002-11-09,290.16
2002-11-10,362.35
2002-11-11,248.08
2002-11-12,437.05
2002-11-13,371.35
2002-11-14,165.76
2002-11-15,226.98
2002-11-16,214.09
2002-11-17,233.08
2002-11-18,103.28
2002-11-19,329.17
2002-11-20,133.41
2002-11-21,332.17
2002-11-22,597.37
2002-11-23,525.61
2002-11-24,396.3
2002-11-25,391.98
2002-11-26,377.3
2002-11-27,458.11
2002-11-28,360.98
2002-11-29,395.3
2002-11-30,261.35
2002-12-01,255.72
2002-12-02,257.35
2002-12-03,190.54
2002-12-04,224.85
2002-12-05,70.17
2002-12-06,18.56
2002-12-07,190.17
2002-12-08,248.04
2002-12-09,416.65
2002-12-10,806.61
2002-12-11,831.74
2002-12-12,659.13
2002-12-13,888.61
2002-12-14,2279.5
2002-12-15,1830.11
2002-12-16,1589.98
2002-12-17,1583.93
2002-12-18,1308.59
2002-12-19,1267.59
2002-12-20,1185.96
2002-12-21,1122.15
2002-12-22,1114.2
2002-12-23,793.13
2002-12-24,861.26
2002-12-25,879.07
2002-12-26,1194.72
2002-12-27,792.44
2002-12-28,749.81
2002-12-29,792.14
2002-12-30,678.0
2002-12-31,873.5
2003-01-01,1093.35
2003-01-02,948.52
2003-01-03,988.65
2003-01-04,1429.0
2003-01-05,1562.94
2003-01-06,1291.5
2003-01-07,1574.26
2003-01-08,1473.13
2003-01-09,1503.99
2003-01-10,1685.78
2003-01-11,1263.3
2003-01-12,1138.67
2003-01-13,1271.5
2003-01-14,1137.6
2003-01-15,1479.31
2003-01-16,1418.13
2003-01-17,1669.96
2003-01-18,1757.09
2003-01-19,2164.11
2003-01-20,3034.02
2003-01-21,2429.85
2003-01-22,2203.63
2003-01-23,2157.63
2003-01-24,2150.27
2003-01-25,1998.73
2003-01-26,1724.22
2003-01-27,1404.89
2003-01-28,1476.89
2003-01-29,1643.06
2003-01-30,1955.61
2003-01-31,1857.41
2003-02-01,1934.68
2003-02-02,2166.08
2003-02-03,1851.35
2003-02-04,1471.95
2003-02-05,1469.4
2003-02-06,1398.56
2003-02-07,1268.5
2003-02-08,1204.77
2003-02-09,1193.43
2003-02-10,1118.24
2003-02-11,1145.89
2003-02-12,831.83
2003-02-13,931.43
2003-02-14,845.67
2003-02-15,873.98
2003-02-16,1405.07
2003-02-17,803.06
2003-02-18,1018.94
2003-02-19,1567.15
2003-02-20,1818.15
2003-02-21,1083.89
2003-02-22,1015.93
2003-02-23,945.0
2003-02-24,778.33
2003-02-25,779.65
2003-02-26,691.0
2003-02-27,695.0
2003-02-28,521.02
2003-03-01,596.67
2003-03-02,530.33
2003-03-03,448.37
2003-03-04,577.3
2003-03-05,476.33
2003-03-06,493.33
2003-03-07,445.57
2003-03-08,636.47
2003-03-09,447.06
2003-03-10,707.0
2003-03-11,635.24
2003-03-12,722.0
2003-03-13,604.47
2003-03-14,955.94
2003-03-15,963.59
2003-03-16,1352.96
2003-03-17,766.18
2003-03-18,1982.8
2003-03-19,1458.5
2003-03-20,1420.59
2003-03-21,1177.87
2003-03-22,1340.31
2003-03-23,1258.31
2003-03-24,1042.28
2003-03-25,995.72
2003-03-26,1460.69
2003-03-27,810.81
2003-03-28,718.0
2003-03-29,718.0
2003-03-30,626.91
2003-03-31,636.0
2003-04-01,622.09
2003-04-02,278.37
2003-04-03,658.0
2003-04-04,486.81
2003-04-05,509.0
2003-04-06,497.0
2003-04-07,777.09
2003-04-08,502.0
2003-04-09,706.81
2003-04-10,500.0
2003-04-11,646.91
2003-04-12,510.0
2003-04-13,498.0
2003-04-14,500.0
2003-04-15,505.0
2003-04-16,511.0
2003-04-17,420.09
2003-04-18,412.09
2003-04-19,421.09
2003-04-20,411.09
2003-04-21,378.81
2003-04-22,504.0
2003-04-23,310.81
2003-04-24,310.5
2003-04-25,319.19
2003-04-26,325.19
2003-04-27,317.81
2003-04-28,324.81
2003-04-29,411.41
2003-04-30,344.19
2003-05-01,219.28
2003-05-02,310.81
2003-05-03,411.41
2003-05-04,164.91
2003-05-05,581.91
2003-05-06,309.19
2003-05-07,504.0
2003-05-08,397.09
2003-05-09,394.09
2003-05-10,406.09
2003-05-11,387.41
2003-05-12,318.81
2003-05-13,215.91
2003-05-14,218.28
2003-05-15,221.91
2003-05-16,406.41
2003-05-17,228.91
2003-05-18,218.28
2003-05-19,320.5
2003-05-20,231.22
2003-05-21,218.59
2003-05-22,310.19
2003-05-23,218.91
2003-05-24,310.81
2003-05-25,211.59
2003-05-26,210.28
2003-05-27,251.06
2003-05-28,169.04
2003-05-29,421.67
2003-05-30,253.57
2003-05-31,251.17
2003-06-01,336.59
2003-06-02,167.52
2003-06-03,251.06
2003-06-04,263.37
2003-06-05,256.0
2003-06-06,250.37
2003-06-07,331.7
2003-06-08,245.06
2003-06-09,242.06
2003-06-10,173.41
2003-06-11,252.69
2003-06-12,173.24
2003-06-13,246.17
2003-06-14,249.06
2003-06-15,254.06
2003-06-16,164.41
2003-06-17,248.69
2003-06-18,257.0
2003-06-19,159.41
2003-06-20,159.41
2003-06-21,163.41
2003-06-22,247.06
2003-06-23,170.67
2003-06-24,247.37
2003-06-25,69.46
2003-06-26,285.41
2003-06-27,205.06
2003-06-28,199.19
2003-06-29,207.13
2003-06-30,230.72
2003-07-01,152.56
2003-07-02,305.11
2003-07-03,152.13
2003-07-04,226.0
2003-07-05,228.4
2003-07-06,204.44
2003-07-07,198.56
2003-07-08,227.83
2003-07-09,149.7
2003-07-10,227.0
2003-07-11,227.83
2003-07-12,303.22
2003-07-13,152.44
2003-07-14,157.44
2003-07-15,129.0
2003-07-16,279.2
2003-07-17,134.06
2003-07-18,209.56
2003-07-19,218.44
2003-07-20,125.8
2003-07-21,256.4
2003-07-22,191.44
2003-07-23,117.06
2003-07-24,263.95
2003-07-25,196.44
2003-07-26,201.33
2003-07-27,64.78
2003-07-28,238.33
2003-07-29,133.06
2003-07-30,203.44
2003-07-31,116.06
2003-08-01,197.56
2003-08-02,91.06
2003-08-03,137.83
2003-08-04,138.06
2003-08-05,143.06
2003-08-06,220.33
2003-08-07,216.44
2003-08-08,115.0
2003-08-09,115.0
2003-08-10,68.78
2003-08-11,67.67
2003-08-12,145.06
2003-08-13,326.46
2003-08-14,90.61
2003-08-15,154.93
2003-08-16,113.79
2003-08-17,130.65
2003-08-18,118.0
2003-08-19,59.3
2003-08-20,218.39
2003-08-21,67.3
2003-08-22,183.39
2003-08-23,110.69
2003-08-24,66.35
2003-08-25,273.95
2003-08-26,179.39
2003-08-27,24.3
2003-08-28,181.39
2003-08-29,331.85
2003-08-30,255.83
2003-08-31,85.35
2003-09-01,108.12
2003-09-02,229.22
2003-09-03,172.35
2003-09-04,152.78
2003-09-05,222.22
2003-09-06,155.04
2003-09-07,123.54
2003-09-08,167.78
2003-09-09,172.78
2003-09-10,144.59
2003-09-11,119.65
2003-09-12,106.53
2003-09-13,266.6
2003-09-14,86.89
2003-09-15,45.15
2003-09-16,289.98
2003-09-17,89.33
2003-09-18,103.33
2003-09-19,122.91
2003-09-20,117.53
2003-09-21,105.26
2003-09-22,111.59
2003-09-23,121.22
2003-09-24,120.91
2003-09-25,46.72
2003-09-26,71.21
2003-09-27,49.4
2003-09-28,192.73
2003-09-29,56.46
2003-09-30,45.15
2003-10-01,89.98
2003-10-02,71.26
2003-10-03,76.46
2003-10-04,88.46
2003-10-05,11.02
2003-10-06,54.54
2003-10-07,123.67
2003-10-08,87.91
2003-10-09,85.91
2003-10-10,104.22
2003-10-11,102.54
2003-10-12,14.54
2003-10-13,83.72
2003-10-14,24.09
2003-10-15,154.48
2003-10-16,65.54
2003-10-17,19.09
2003-10-18,30.8
2003-10-19,118.78
2003-10-20,115.78
2003-10-21,90.91
2003-10-22,152.78
2003-10-23,119.78
2003-10-24,185.78
2003-10-25,82.91
2003-10-26,71.91
2003-10-27,106.78
2003-10-28,91.91
2003-10-29,124.78
2003-10-30,60.91
2003-10-31,122.78
2003-11-01,57.04
2003-11-02,318.39
2003-11-03,194.96
2003-11-04,72.3
2003-11-05,89.48
2003-11-06,254.52
2003-11-07,206.22
2003-11-08,193.65
2003-11-09,105.48
2003-11-10,143.72
2003-11-11,261.15
2003-11-12,203.28
2003-11-13,220.59
2003-11-14,96.17
2003-11-15,204.96
2003-11-16,151.35
2003-11-17,143.09
2003-11-18,208.91
2003-11-19,200.96
2003-11-20,165.04
2003-11-21,320.39
2003-11-22,444.44
2003-11-23,205.22
2003-11-24,213.22
2003-11-25,207.22
2003-11-26,211.22
2003-11-27,302.78
2003-11-28,206.65
2003-11-29,179.67
2003-11-30,273.78
2003-12-01,720.22
2003-12-02,878.07
2003-12-03,946.39
2003-12-04,941.44
2003-12-05,1052.56
2003-12-06,893.46
2003-12-07,2020.78
2003-12-08,1508.52
2003-12-09,1405.04
2003-12-10,1168.24
2003-12-11,902.46
2003-12-12,779.78
2003-12-13,802.35
2003-12-14,558.56
2003-12-15,501.0
2003-12-16,442.44
2003-12-17,440.13
2003-12-18,281.52
2003-12-19,384.89
2003-12-20,329.33
2003-12-21,323.39
2003-12-22,325.7
2003-12-23,275.78
2003-12-24,438.13
2003-12-25,325.39
2003-12-26,494.0
2003-12-27,441.13
2003-12-28,1125.0
2003-12-29,615.74
2003-12-30,440.13
2003-12-31,436.13
2004-01-01,604.74
2004-01-02,778.41
2004-01-03,781.72
2004-01-04,892.52
2004-01-05,1134.57
2004-01-06,899.09
2004-01-07,1131.57
2004-01-08,958.96
2004-01-09,840.22
2004-01-10,956.96
2004-01-11,1883.89
2004-01-12,2075.02
2004-01-13,2797.19
2004-01-14,2264.41
2004-01-15,2262.78
2004-01-16,2152.24
2004-01-17,1906.18
2004-01-18,1502.52
2004-01-19,1306.13
2004-01-20,1035.78
2004-01-21,900.61
2004-01-22,891.78
2004-01-23,1991.12
2004-01-24,1034.3
2004-01-25,974.11
2004-01-26,965.05
2004-01-27,1034.04
2004-01-28,962.05
2004-01-29,894.15
2004-01-30,1198.67
2004-01-31,898.09
2004-02-01,839.22
2004-02-02,1046.56
2004-02-03,907.54
2004-02-04,846.11
2004-02-05,775.29
2004-02-06,706.02
2004-02-07,583.22
2004-02-08,1702.35
2004-02-09,1716.48
2004-02-10,1403.24
2004-02-11,2458.17
2004-02-12,2777.3
2004-02-13,1881.78
2004-02-14,1729.0
2004-02-15,1877.78
2004-02-16,2495.77
2004-02-17,1459.13
2004-02-18,1993.63
2004-02-19,1686.3
2004-02-20,2673.24
2004-02-21,2080.65
2004-02-22,2242.57
2004-02-23,3004.06
2004-02-24,2330.33
2004-02-25,2067.39
2004-02-26,1946.33
2004-02-27,2237.0
2004-02-28,2234.0
2004-02-29,2041.19
2004-03-01,2418.81
2004-03-02,2311.37
2004-03-03,1848.41
2004-03-04,2712.83
2004-03-05,3536.04
2004-03-06,2880.31
2004-03-07,2486.11
2004-03-08,2013.57
2004-03-09,2002.63
2004-03-10,1627.31
2004-03-11,1615.37
2004-03-12,1524.04
2004-03-13,2015.78
2004-03-14,1529.55
2004-03-15,2017.89
2004-03-16,2699.33
2004-03-17,2117.0
2004-03-18,1438.9
2004-03-19,2631.95
2004-03-20,1735.0
2004-03-21,1645.61
2004-03-22,1638.21
2004-03-23,1447.96
2004-03-24,1240.57
2004-03-25,1146.35
2004-03-26,1153.18
2004-03-27,1150.41
2004-03-28,947.22
2004-03-29,1049.64
2004-03-30,849.69
2004-03-31,1050.87
2004-04-01,949.22
2004-04-02,977.11
2004-04-03,943.69
2004-04-04,927.69
2004-04-05,927.69
2004-04-06,821.26
2004-04-07,1011.11
2004-04-08,1163.41
2004-04-09,1560.33
2004-04-10,2089.22
2004-04-11,1672.67
2004-04-12,2107.74
2004-04-13,1996.94
2004-04-14,1344.17
2004-04-15,1017.78
2004-04-16,945.98
2004-04-17,927.39
2004-04-18,926.39
2004-04-19,814.39
2004-04-20,799.19
2004-04-21,790.07
2004-04-22,590.71
2004-04-23,694.27
2004-04-24,682.65
2004-04-25,580.85
2004-04-26,812.7
2004-04-27,579.97
2004-04-28,806.59
2004-04-29,466.54
2004-04-30,489.43
2004-05-01,587.0
2004-05-02,585.0
2004-05-03,517.31
2004-05-04,471.43
2004-05-05,474.43
2004-05-06,485.54
2004-05-07,590.74
2004-05-08,353.0
2004-05-09,465.43
2004-05-10,467.43
2004-05-11,469.0
2004-05-12,450.0
2004-05-13,489.54
2004-05-14,484.43
2004-05-15,365.0
2004-05-16,469.31
2004-05-17,312.69
2004-05-18,536.0
2004-05-19,430.57
2004-05-20,447.46
2004-05-21,516.0
2004-05-22,358.0
2004-05-23,539.54
2004-05-24,255.46
2004-05-25,376.0
2004-05-26,469.54
2004-05-27,467.43
2004-05-28,473.31
2004-05-29,382.0
2004-05-30,136.26
2004-05-31,471.43
2004-06-01,363.0
2004-06-02,492.31
2004-06-03,381.0
2004-06-04,488.43
2004-06-05,372.0
2004-06-06,487.43
2004-06-07,491.54
2004-06-08,375.0
2004-06-09,381.0
2004-06-10,376.0
2004-06-11,377.0
2004-06-12,375.0
2004-06-13,375.0
2004-06-14,376.0
2004-06-15,325.46
2004-06-16,326.57
2004-06-17,264.26
2004-06-18,471.0
2004-06-19,356.57
2004-06-20,241.03
2004-06-21,354.57
2004-06-22,262.69
2004-06-23,265.57
2004-06-24,341.46
2004-06-25,346.57
2004-06-26,346.57
2004-06-27,346.69
2004-06-28,231.03
2004-06-29,457.0
2004-06-30,230.15
2004-07-01,229.26
2004-07-02,339.46
2004-07-03,228.15
2004-07-04,341.69
2004-07-05,228.03
2004-07-06,340.57
2004-07-07,227.26
2004-07-08,342.57
2004-07-09,237.41
2004-07-10,346.2
2004-07-11,564.8
2004-07-12,299.41
2004-07-13,250.29
2004-07-14,466.0
2004-07-15,248.52
2004-07-16,354.2
2004-07-17,319.2
2004-07-18,353.09
2004-07-19,135.73
2004-07-20,462.0
2004-07-21,348.2
2004-07-22,351.09
2004-07-23,240.73
2004-07-24,279.61
2004-07-25,275.61
2004-07-26,279.61
2004-07-27,161.81
2004-07-28,277.61
2004-07-29,279.61
2004-07-30,284.5
2004-07-31,177.93
2004-08-01,287.61
2004-08-02,286.5
2004-08-03,287.73
2004-08-04,286.61
2004-08-05,289.61
2004-08-06,180.81
2004-08-07,177.81
2004-08-08,257.5
2004-08-09,287.73
2004-08-10,252.81
2004-08-11,73.02
2004-08-12,512.2
2004-08-13,73.02
2004-08-14,96.02
2004-08-15,145.81
2004-08-16,299.75
2004-08-17,221.97
2004-08-18,321.39
2004-08-19,220.74
2004-08-20,219.85
2004-08-21,222.97
2004-08-22,319.39
2004-08-23,202.74
2004-08-24,222.85
2004-08-25,225.97
2004-08-26,226.85
2004-08-27,131.31
2004-08-28,415.81
2004-08-29,225.97
2004-08-30,228.85
2004-08-31,128.31
2004-09-01,225.85
2004-09-02,133.31
2004-09-03,133.31
2004-09-04,328.27
2004-09-05,132.31
2004-09-06,233.97
2004-09-07,138.31
2004-09-08,257.85
2004-09-09,114.31
2004-09-10,247.85
2004-09-11,144.26
2004-09-12,153.94
2004-09-13,117.04
2004-09-14,156.63
2004-09-15,266.85
2004-09-16,176.26
2004-09-17,173.94
2004-09-18,175.26
2004-09-19,165.94
2004-09-20,154.31
2004-09-21,175.26
2004-09-22,72.41
2004-09-23,167.57
2004-09-24,188.63
2004-09-25,165.31
2004-09-26,189.57
2004-09-27,120.09
2004-09-28,77.24
2004-09-29,153.63
2004-09-30,74.78
2004-10-01,270.0
2004-10-02,171.89
2004-10-03,253.23
2004-10-04,56.55
2004-10-05,73.78
2004-10-06,77.67
2004-10-07,173.89
2004-10-08,80.67
2004-10-09,77.67
2004-10-10,178.89
2004-10-11,373.33
2004-10-12,173.89
2004-10-13,163.89
2004-10-14,174.89
2004-10-15,80.67
2004-10-16,176.89
2004-10-17,271.11
2004-10-18,80.67
2004-10-19,331.96
2004-10-20,341.28
2004-10-21,42.98
2004-10-22,191.03
2004-10-23,186.32
2004-10-24,100.93
2004-10-25,184.52
2004-10-26,318.28
2004-10-27,181.11
2004-10-28,184.06
2004-10-29,288.85
2004-10-30,187.23
2004-10-31,102.46
2004-11-01,370.56
2004-11-02,53.52
2004-11-03,88.83
2004-11-04,95.43
2004-11-05,215.28
2004-11-06,189.65
2004-11-07,283.56
2004-11-08,190.96
2004-11-09,-0.17
2004-11-10,4.52
2004-11-11,81.83
2004-11-12,365.43
2004-11-13,169.93
2004-11-14,98.43
2004-11-15,198.28
2004-11-16,95.43
2004-11-17,298.56
2004-11-18,216.28
2004-11-19,304.19
2004-11-20,296.19
2004-11-21,296.19
2004-11-22,193.65
2004-11-23,193.33
2004-11-24,200.28
2004-11-25,199.85
2004-11-26,131.23
2004-11-27,228.28
2004-11-28,299.19
2004-11-29,434.09
2004-11-30,297.19
2004-12-01,397.09
2004-12-02,136.43
2004-12-03,291.56
2004-12-04,392.09
2004-12-05,301.19
2004-12-06,144.49
2004-12-07,296.56
2004-12-08,296.87
2004-12-09,394.09
2004-12-10,584.91
2004-12-11,683.13
2004-12-12,1068.7
2004-12-13,1163.5
2004-12-14,963.97
2004-12-15,677.81
2004-12-16,581.91
2004-12-17,497.0
2004-12-18,405.09
2004-12-19,501.0
2004-12-20,504.0
2004-12-21,783.72
2004-12-22,1464.65
2004-12-23,2897.83
2004-12-24,2044.67
2004-12-25,2227.85
2004-12-26,2036.72
2004-12-27,2230.48
2004-12-28,2134.14
2004-12-29,1650.89
2004-12-30,1551.56
2004-12-31,1459.28
2005-01-01,1368.0
2005-01-02,1273.66
2005-01-03,1270.89
2005-01-04,2028.56
2005-01-05,3213.22
2005-01-06,2341.88
2005-01-07,1892.36
2005-01-08,2279.22
2005-01-09,1892.28
2005-01-10,1591.35
2005-01-11,1684.14
2005-01-12,1495.56
2005-01-13,1794.8
2005-01-14,1506.38
2005-01-15,1517.87
2005-01-16,1505.19
2005-01-17,1314.06
2005-01-18,1411.16
2005-01-19,1582.69
2005-01-20,2013.41
2005-01-21,2012.15
2005-01-22,1614.03
2005-01-23,1414.19
2005-01-24,1312.54
2005-01-25,1112.46
2005-01-26,1014.46
2005-01-27,1611.03
2005-01-28,1816.34
2005-01-29,2010.76
2005-01-30,2306.37
2005-01-31,2000.61
2005-02-01,2930.37
2005-02-02,2856.44
2005-02-03,1960.61
2005-02-04,1662.0
2005-02-05,1759.54
2005-02-06,1359.27
2005-02-07,1559.58
2005-02-08,1661.0
2005-02-09,1660.0
2005-02-10,1267.93
2005-02-11,1113.35
2005-02-12,1212.65
2005-02-13,1115.0
2005-02-14,1212.07
2005-02-15,914.42
2005-02-16,912.54
2005-02-17,812.0
2005-02-18,812.0
2005-02-19,944.65
2005-02-20,800.0
2005-02-21,889.54
2005-02-22,862.5
2005-02-23,841.19
2005-02-24,643.0
2005-02-25,616.0
2005-02-26,649.54
2005-02-27,660.42
2005-02-28,856.73
2005-03-01,855.5
2005-03-02,2306.8
2005-03-03,2829.72
2005-03-04,2934.93
2005-03-05,2855.94
2005-03-06,2478.37
2005-03-07,1935.39
2005-03-08,2263.66
2005-03-09,1734.71
2005-03-10,1509.0
2005-03-11,1349.8
2005-03-12,1304.48
2005-03-13,1193.91
2005-03-14,1087.0
2005-03-15,1149.8
2005-03-16,1579.98
2005-03-17,1278.59
2005-03-18,1397.39
2005-03-19,1289.59
2005-03-20,1856.72
2005-03-21,1752.56
2005-03-22,1478.7
2005-03-23,1193.43
2005-03-24,1195.31
2005-03-25,1305.85
2005-03-26,1413.28
2005-03-27,1419.39
2005-03-28,1302.74
2005-03-29,1216.85
2005-03-30,1108.97
2005-03-31,995.31
2005-04-01,806.0
2005-04-02,779.0
2005-04-03,778.0
2005-04-04,778.0
2005-04-05,668.0
2005-04-06,675.0
2005-04-07,571.0
2005-04-08,558.0
2005-04-09,642.43
2005-04-10,448.0
2005-04-11,641.43
2005-04-12,547.0
2005-04-13,491.0
2005-04-14,503.0
2005-04-15,497.0
2005-04-16,514.0
2005-04-17,465.0
2005-04-18,516.0
2005-04-19,504.0
2005-04-20,534.0
2005-04-21,497.0
2005-04-22,506.0
2005-04-23,507.0
2005-04-24,489.0
2005-04-25,504.0
2005-04-26,621.54
2005-04-27,391.46
2005-04-28,380.84
2005-04-29,397.57
2005-04-30,1869.0
2005-05-01,1185.56
2005-05-02,505.0
2005-05-03,620.43
2005-05-04,617.54
2005-05-05,618.43
2005-05-06,505.0
2005-05-07,391.57
2005-05-08,504.0
2005-05-09,396.46
2005-05-10,392.57
2005-05-11,597.0
2005-05-12,272.26
2005-05-13,391.57
2005-05-14,503.0
2005-05-15,278.03
2005-05-16,502.0
2005-05-17,387.57
2005-05-18,273.26
2005-05-19,368.03
2005-05-20,396.57
2005-05-21,395.69
2005-05-22,396.57
2005-05-23,392.46
2005-05-24,281.15
2005-05-25,509.0
2005-05-26,850.85
2005-05-27,628.0
2005-05-28,741.54
2005-05-29,747.43
2005-05-30,617.0
2005-05-31,621.31
2005-06-01,505.0
2005-06-02,502.0
2005-06-03,273.26
2005-06-04,403.46
2005-06-05,398.57
2005-06-06,386.57
2005-06-07,395.69
2005-06-08,286.03
2005-06-09,393.57
2005-06-10,398.57
2005-06-11,276.26
2005-06-12,401.46
2005-06-13,334.15
2005-06-14,277.26
2005-06-15,440.46
2005-06-16,315.84
2005-06-17,292.61
2005-06-18,389.57
2005-06-19,279.26
2005-06-20,618.43
2005-06-21,276.03
2005-06-22,275.15
2005-06-23,274.26
2005-06-24,390.46
2005-06-25,437.57
2005-06-26,265.26
2005-06-27,282.66
2005-06-28,503.0
2005-06-29,286.52
2005-06-30,291.41
2005-07-01,263.61
2005-07-02,373.41
2005-07-03,319.41
2005-07-04,264.61
2005-07-05,322.41
2005-07-06,325.41
2005-07-07,384.29
2005-07-08,225.73
2005-07-09,213.61
2005-07-10,366.41
2005-07-11,154.81
2005-07-12,241.5
2005-07-13,153.93
2005-07-14,370.41
2005-07-15,263.61
2005-07-16,260.61
2005-07-17,264.5
2005-07-18,376.52
2005-07-19,260.5
2005-07-20,262.73
2005-07-21,46.02
2005-07-22,263.61
2005-07-23,372.41
2005-07-24,253.61
2005-07-25,372.41
2005-07-26,157.81
2005-07-27,372.41
2005-07-28,157.81
2005-07-29,377.29
2005-07-30,264.73
2005-07-31,151.81
2005-08-01,246.5
2005-08-02,227.93
2005-08-03,306.39
2005-08-04,201.74
2005-08-05,295.5
2005-08-06,196.85
2005-08-07,296.27
2005-08-08,198.85
2005-08-09,201.97
2005-08-10,303.39
2005-08-11,282.27
2005-08-12,200.97
2005-08-13,201.85
2005-08-14,299.27
2005-08-15,297.5
2005-08-16,200.85
2005-08-17,219.85
2005-08-18,223.74
2005-08-19,203.85
2005-08-20,203.97
2005-08-21,306.39
2005-08-22,104.31
2005-08-23,204.74
2005-08-24,207.85
2005-08-25,204.97
2005-08-26,210.85
2005-08-27,201.85
2005-08-28,304.27
2005-08-29,112.31
2005-08-30,309.5
2005-08-31,117.57
2005-09-01,315.59
2005-09-02,310.5
2005-09-03,25.24
2005-09-04,285.5
2005-09-05,115.31
2005-09-06,317.02
2005-09-07,108.14
2005-09-08,245.17
2005-09-09,231.23
2005-09-10,103.31
2005-09-11,293.85
2005-09-12,212.8
2005-09-13,182.9
2005-09-14,201.5
2005-09-15,211.02
2005-09-16,210.33
2005-09-17,213.39
2005-09-18,32.31
2005-09-19,221.48
2005-09-20,229.68
2005-09-21,323.5
2005-09-22,228.8
2005-09-23,125.94
2005-09-24,229.48
2005-09-25,420.56
2005-09-26,227.11
2005-09-27,421.56
2005-09-28,86.89
2005-09-29,238.11
2005-09-30,238.11
2005-10-01,235.11
2005-10-02,230.0
2005-10-03,207.23
2005-10-04,210.11
2005-10-05,145.89
2005-10-06,329.33
2005-10-07,40.67
2005-10-08,152.89
2005-10-09,151.89
2005-10-10,254.11
2005-10-11,140.89
2005-10-12,143.89
2005-10-13,140.89
2005-10-14,46.67
2005-10-15,147.89
2005-10-16,138.89
2005-10-17,146.83
2005-10-18,197.74
2005-10-19,145.52
2005-10-20,152.83
2005-10-21,147.52
2005-10-22,58.61
2005-10-23,160.83
2005-10-24,150.52
2005-10-25,152.83
2005-10-26,162.52
2005-10-27,59.93
2005-10-28,160.2
2005-10-29,161.15
2005-10-30,160.2
2005-10-31,219.06
2005-11-01,485.09
2005-11-02,829.81
2005-11-03,355.28
2005-11-04,547.66
2005-11-05,531.89
2005-11-06,254.43
2005-11-07,282.37
2005-11-08,444.56
2005-11-09,640.0
2005-11-10,226.43
2005-11-11,851.91
2005-11-12,450.19
2005-11-13,437.19
2005-11-14,352.65
2005-11-15,355.33
2005-11-16,359.28
2005-11-17,449.19
2005-11-18,833.81
2005-11-19,829.81
2005-11-20,727.91
2005-11-21,811.44
2005-11-22,1016.57
2005-11-23,747.91
2005-11-24,923.72
2005-11-25,999.67
2005-11-26,1893.0
2005-11-27,1460.74
2005-11-28,1111.54
2005-11-29,1212.11
2005-11-30,1182.76
2005-12-01,930.55
2005-12-02,834.25
2005-12-03,728.91
2005-12-04,825.81
2005-12-05,830.13
2005-12-06,926.55
2005-12-07,1788.89
2005-12-08,1412.4
2005-12-09,1398.32
2005-12-10,1384.2
2005-12-11,2198.56
2005-12-12,
2005-12-13,
2005-12-14,
2005-12-15,
2005-12-16,
2005-12-17,
2005-12-18,
2005-12-19,1791.55
2005-12-20,1768.88
2005-12-21,1602.0
2005-12-22,1392.02
2005-12-23,1142.68
2005-12-24,1172.97
2005-12-25,1227.0
2005-12-26,1068.11
2005-12-27,1027.44
2005-12-28,902.97
2005-12-29,1106.56
2005-12-30,881.33
2005-12-31,874.39
2006-01-01,804.0
2006-01-02,705.59
2006-01-03,795.0
2006-01-04,776.89
2006-01-05,971.11
2006-01-06,1955.13
2006-01-07,1372.69
2006-01-08,1544.13
2006-01-09,1262.2
2006-01-10,1074.5
2006-01-11,1164.32
2006-01-12,886.11
2006-01-13,799.0
2006-01-14,710.89
2006-01-15,668.56
2006-01-16,565.59
2006-01-17,605.04
2006-01-18,464.02
2006-01-19,508.0
2006-01-20,504.0
2006-01-21,406.78
2006-01-22,404.78
2006-01-23,417.78
2006-01-24,425.35
2006-01-25,398.0
2006-01-26,409.0
2006-01-27,395.46
2006-01-28,468.58
2006-01-29,578.0
2006-01-30,615.0
2006-01-31,867.83
2006-02-01,884.43
2006-02-02,730.5
2006-02-03,794.1
2006-02-04,697.33
2006-02-05,621.34
2006-02-06,592.54
2006-02-07,512.54
2006-02-08,514.0
2006-02-09,512.0
2006-02-10,602.42
2006-02-11,588.54
2006-02-12,603.65
2006-02-13,597.54
2006-02-14,701.96
2006-02-15,912.63
2006-02-16,889.2
2006-02-17,798.5
2006-02-18,811.1
2006-02-19,599.22
2006-02-20,537.0
2006-02-21,555.0
2006-02-22,648.11
2006-02-23,605.0
2006-02-24,833.88
2006-02-25,668.0
2006-02-26,669.0
2006-02-27,867.96
2006-02-28,1311.1
2006-03-01,761.55
2006-03-02,861.83
2006-03-03,769.41
2006-03-04,856.89
2006-03-05,865.03
2006-03-06,865.15
2006-03-07,1361.95
2006-03-08,1061.11
2006-03-09,945.69
2006-03-10,957.69
2006-03-11,1454.37
2006-03-12,1454.37
2006-03-13,1254.41
2006-03-14,1951.06
2006-03-15,2008.59
2006-03-16,2398.76
2006-03-17,2013.15
2006-03-18,2292.03
2006-03-19,2042.87
2006-03-20,1681.37
2006-03-21,1370.66
2006-03-22,1404.69
2006-03-23,1300.25
2006-03-24,1091.89
2006-03-25,1100.78
2006-03-26,1017.98
2006-03-27,1083.78
2006-03-28,984.13
2006-03-29,989.13
2006-03-30,1784.11
2006-03-31,987.13
2006-04-01,876.7
2006-04-02,765.39
2006-04-03,762.16
2006-04-04,762.28
2006-04-05,653.85
2006-04-06,655.97
2006-04-07,658.74
2006-04-08,653.97
2006-04-09,539.43
2006-04-10,600.31
2006-04-11,802.39
2006-04-12,746.74
2006-04-13,640.43
2006-04-14,640.43
2006-04-15,530.0
2006-04-16,578.0
2006-04-17,1084.13
2006-04-18,1542.83
2006-04-19,684.97
2006-04-20,568.43
2006-04-21,570.31
2006-04-22,573.43
2006-04-23,457.0
2006-04-24,573.43
2006-04-25,459.0
2006-04-26,356.57
2006-04-27,363.57
2006-04-28,468.0
2006-04-29,350.69
2006-04-30,456.0
2006-05-01,456.0
2006-05-02,349.57
2006-05-03,463.0
2006-05-04,344.46
2006-05-05,457.0
2006-05-06,347.57
2006-05-07,379.57
2006-05-08,344.69
2006-05-09,344.57
2006-05-10,466.0
2006-05-11,348.46
2006-05-12,344.57
2006-05-13,344.57
2006-05-14,472.0
2006-05-15,343.69
2006-05-16,347.57
2006-05-17,348.46
2006-05-18,343.57
2006-05-19,237.26
2006-05-20,254.03
2006-05-21,333.57
2006-05-22,451.0
2006-05-23,329.57
2006-05-24,239.26
2006-05-25,239.03
2006-05-26,279.26
2006-05-27,394.03
2006-05-28,274.84
2006-05-29,358.57
2006-05-30,236.03
2006-05-31,240.26
2006-06-01,349.57
2006-06-02,351.46
2006-06-03,352.57
2006-06-04,239.26
2006-06-05,241.03
2006-06-06,239.15
2006-06-07,243.26
2006-06-08,238.03
2006-06-09,237.26
2006-06-10,264.03
2006-06-11,310.15
2006-06-12,196.72
2006-06-13,304.15
2006-06-14,186.72
2006-06-15,301.15
2006-06-16,188.72
2006-06-17,303.15
2006-06-18,302.26
2006-06-19,203.61
2006-06-20,204.5
2006-06-21,241.52
2006-06-22,225.41
2006-06-23,221.41
2006-06-24,222.41
2006-06-25,221.29
2006-06-26,265.52
2006-06-27,319.41
2006-06-28,321.41
2006-06-29,208.61
2006-06-30,207.61
2006-07-01,205.5
2006-07-02,315.52
2006-07-03,205.5
2006-07-04,207.73
2006-07-05,316.29
2006-07-06,206.73
2006-07-07,206.61
2006-07-08,208.61
2006-07-09,317.41
2006-07-10,208.61
2006-07-11,209.61
2006-07-12,318.41
2006-07-13,204.61
2006-07-14,207.5
2006-07-15,113.93
2006-07-16,218.61
2006-07-17,234.5
2006-07-18,212.73
2006-07-19,110.81
2006-07-20,221.5
2006-07-21,120.93
2006-07-22,224.61
2006-07-23,227.5
2006-07-24,229.73
2006-07-25,132.59
2006-07-26,271.27
2006-07-27,156.31
2006-07-28,243.97
2006-07-29,354.39
2006-07-30,255.74
2006-07-31,212.85
2006-08-01,227.97
2006-08-02,215.85
2006-08-03,217.85
2006-08-04,282.27
2006-08-05,263.97
2006-08-06,256.85
2006-08-07,253.85
2006-08-08,211.74
2006-08-09,147.85
2006-08-10,113.31
2006-08-11,215.97
2006-08-12,166.85
2006-08-13,230.27
2006-08-14,163.85
2006-08-15,80.31
2006-08-16,195.97
2006-08-17,208.85
2006-08-18,104.31
2006-08-19,264.85
2006-08-20,91.04
2006-08-21,314.59
2006-08-22,65.06
2006-08-23,168.68
2006-08-24,261.5
2006-08-25,73.31
2006-08-26,170.8
2006-08-27,176.37
2006-08-28,285.5
2006-08-29,71.89
2006-08-30,173.85
2006-08-31,67.31
2006-09-01,146.8
2006-09-02,330.56
2006-09-03,218.39
2006-09-04,120.48
2006-09-05,229.33
2006-09-06,153.85
2006-09-07,110.85
2006-09-08,122.48
2006-09-09,226.33
2006-09-10,120.85
2006-09-11,150.8
2006-09-12,124.37
2006-09-13,120.17
2006-09-14,233.45
2006-09-15,133.11
2006-09-16,160.11
2006-09-17,161.0
2006-09-18,162.23
2006-09-19,180.11
2006-09-20,181.11
2006-09-21,313.22
2006-09-22,355.45
2006-09-23,334.33
2006-09-24,193.0
2006-09-25,325.45
2006-09-26,272.33
2006-09-27,174.0
2006-09-28,176.23
2006-09-29,275.33
2006-09-30,279.22
2006-10-01,180.23
2006-10-02,182.11
2006-10-03,109.89
2006-10-04,108.89
2006-10-05,291.33
2006-10-06,181.0
2006-10-07,377.67
2006-10-08,279.22
2006-10-09,379.67
2006-10-10,381.56
2006-10-11,284.33
2006-10-12,380.56
2006-10-13,383.19
2006-10-14,288.28
2006-10-15,478.66
2006-10-16,476.89
2006-10-17,471.78
2006-10-18,576.0
2006-10-19,670.22
2006-10-20,673.11
2006-10-21,767.25
2006-10-22,666.91
2006-10-23,556.09
2006-10-24,500.75
2006-10-25,395.45
2006-10-26,402.96
2006-10-27,407.28
2006-10-28,403.33
2006-10-29,405.65
2006-10-30,208.03
2006-10-31,206.32
2006-11-01,210.03
2006-11-02,491.67
2006-11-03,493.56
2006-11-04,501.19
2006-11-05,632.0
2006-11-06,693.0
2006-11-07,692.0
2006-11-08,881.81
2006-11-09,693.0
2006-11-10,2233.67
2006-11-11,880.81
2006-11-12,591.09
2006-11-13,591.09
2006-11-14,498.75
2006-11-15,594.89
2006-11-16,493.56
2006-11-17,400.96
2006-11-18,403.28
2006-11-19,492.56
2006-11-20,588.78
2006-11-21,450.56
2006-11-22,401.28
2006-11-23,501.19
2006-11-24,401.33
2006-11-25,410.65
2006-11-26,397.28
2006-11-27,597.09
2006-11-28,787.91
2006-11-29,1075.63
2006-11-30,1082.77
2006-12-01,1843.89
2006-12-02,2613.3
2006-12-03,1357.4
2006-12-04,935.06
2006-12-05,1039.48
2006-12-06,1003.11
2006-12-07,1033.11
2006-12-08,1336.78
2006-12-09,2284.78
2006-12-10,2274.44
2006-12-11,2834.78
2006-12-12,3031.11
2006-12-13,4144.12
2006-12-14,3310.09
2006-12-15,3852.09
2006-12-16,3158.48
2006-12-17,4113.28
2006-12-18,3199.63
2006-12-19,2792.69
2006-12-20,2849.61
2006-12-21,2055.31
2006-12-22,2154.85
2006-12-23,1858.12
2006-12-24,1655.28
2006-12-25,1766.65
2006-12-26,1770.53
2006-12-27,1971.04
2006-12-28,2161.85
2006-12-29,3643.45
2006-12-30,2370.56
2006-12-31,3443.57
2007-01-01,2531.59
2007-01-02,2729.94
2007-01-03,3053.82
2007-01-04,3258.19
2007-01-05,3451.91
2007-01-06,3552.33
2007-01-07,3055.34
2007-01-08,2702.54
2007-01-09,2551.4
2007-01-10,2467.41
2007-01-11,2436.53
2007-01-12,2574.87
2007-01-13,2705.36
2007-01-14,3157.17
2007-01-15,3554.86
2007-01-16,3762.99
2007-01-17,3237.36
2007-01-18,2952.8
2007-01-19,2861.66
2007-01-20,2765.24
2007-01-21,2771.17
2007-01-22,2846.0
2007-01-23,3043.58
2007-01-24,3230.56
2007-01-25,2932.97
2007-01-26,2867.76
2007-01-27,2851.04
2007-01-28,2948.21
2007-01-29,3142.02
2007-01-30,3671.82
2007-01-31,3848.9
2007-02-01,3754.85
2007-02-02,3821.64
2007-02-03,3612.09
2007-02-04,2963.08
2007-02-05,2850.47
2007-02-06,2958.69
2007-02-07,3292.33
2007-02-08,3018.12
2007-02-09,2778.83
2007-02-10,2496.16
2007-02-11,2407.07
2007-02-12,2744.51
2007-02-13,3164.63
2007-02-14,2704.7
2007-02-15,2493.62
2007-02-16,2273.54
2007-02-17,2164.25
2007-02-18,2055.59
2007-02-19,2056.65
2007-02-20,2204.56
2007-02-21,2094.82
2007-02-22,1876.85
2007-02-23,1705.25
2007-02-24,1595.52
2007-02-25,1478.19
2007-02-26,1415.11
2007-02-27,1344.47
2007-02-28,1232.57
2007-03-01,1028.98
2007-03-02,1050.07
2007-03-03,968.5
2007-03-04,970.39
2007-03-05,884.76
2007-03-06,867.1
2007-03-07,860.37
2007-03-08,848.8
2007-03-09,820.69
2007-03-10,766.93
2007-03-11,769.11
2007-03-12,762.6
2007-03-13,745.2
2007-03-14,651.43
2007-03-15,679.54
2007-03-16,703.43
2007-03-17,742.35
2007-03-18,728.43
2007-03-19,790.97
2007-03-20,795.29
2007-03-21,794.85
2007-03-22,825.62
2007-03-23,827.33
2007-03-24,789.54
2007-03-25,789.92
2007-03-26,692.46
2007-03-27,772.26
2007-03-28,654.24
2007-03-29,643.72
2007-03-30,685.74
2007-03-31,723.19
2007-04-01,657.16
2007-04-02,496.41
2007-04-03,496.64
2007-04-04,609.68
2007-04-05,495.11
2007-04-06,586.88
2007-04-07,406.57
2007-04-08,519.0
2007-04-09,632.43
2007-04-10,747.45
2007-04-11,747.47
2007-04-12,634.43
2007-04-13,634.43
2007-04-14,520.45
2007-04-15,633.65
2007-04-16,519.0
2007-04-17,520.0
2007-04-18,633.33
2007-04-19,520.0
2007-04-20,550.56
2007-04-21,520.0
2007-04-22,519.0
2007-04-23,518.0
2007-04-24,519.58
2007-04-25,520.37
2007-04-26,519.0
2007-04-27,520.0
2007-04-28,521.0
2007-04-29,633.7
2007-04-30,520.0
2007-05-01,520.0
2007-05-02,519.0
2007-05-03,533.0
2007-05-04,584.12
2007-05-05,407.69
2007-05-06,408.14
2007-05-07,521.21
2007-05-08,407.46
2007-05-09,407.57
2007-05-10,407.58
2007-05-11,294.26
2007-05-12,293.03
2007-05-13,292.26
2007-05-14,405.57
2007-05-15,292.83
2007-05-16,403.35
2007-05-17,401.69
2007-05-18,399.52
2007-05-19,292.74
2007-05-20,293.16
2007-05-21,406.36
2007-05-22,291.56
2007-05-23,291.7
2007-05-24,404.27
2007-05-25,290.69
2007-05-26,290.54
2007-05-27,292.2
2007-05-28,406.17
2007-05-29,405.34
2007-05-30,407.13
2007-05-31,298.11
2007-06-01,302.98
2007-06-02,302.9
2007-06-03,411.81
2007-06-04,412.32
2007-06-05,302.41
2007-06-06,303.29
2007-06-07,304.52
2007-06-08,304.41
2007-06-09,414.09
2007-06-10,309.52
2007-06-11,403.79
2007-06-12,271.81
2007-06-13,386.42
2007-06-14,295.41
2007-06-15,304.29
2007-06-16,196.9
2007-06-17,305.79
2007-06-18,305.52
2007-06-19,305.78
2007-06-20,305.41
2007-06-21,196.81
2007-06-22,305.41
2007-06-23,196.8
2007-06-24,304.84
2007-06-25,305.41
2007-06-26,196.77
2007-06-27,306.41
2007-06-28,197.61
2007-06-29,223.61
2007-06-30,305.34
2007-07-01,197.61
2007-07-02,305.41
2007-07-03,306.41
2007-07-04,197.61
2007-07-05,306.54
2007-07-06,198.55
2007-07-07,197.38
2007-07-08,304.91
2007-07-09,195.88
2007-07-10,304.48
2007-07-11,195.61
2007-07-12,195.23
2007-07-13,304.32
2007-07-14,226.38
2007-07-15,226.27
2007-07-16,226.27
2007-07-17,325.5
2007-07-18,226.04
2007-07-19,227.27
2007-07-20,226.29
2007-07-21,226.28
2007-07-22,226.56
2007-07-23,227.0
2007-07-24,225.9
2007-07-25,324.68
2007-07-26,224.43
2007-07-27,224.72
2007-07-28,224.31
2007-07-29,324.21
2007-07-30,225.21
2007-07-31,324.66
2007-08-01,263.71
2007-08-02,167.43
2007-08-03,236.42
2007-08-04,236.52
2007-08-05,236.28
2007-08-06,237.44
2007-08-07,252.0
2007-08-08,239.97
2007-08-09,146.74
2007-08-10,144.61
2007-08-11,247.16
2007-08-12,146.83
2007-08-13,148.66
2007-08-14,190.08
2007-08-15,238.95
2007-08-16,238.82
2007-08-17,243.64
2007-08-18,146.34
2007-08-19,139.47
2007-08-20,148.72
2007-08-21,142.72
2007-08-22,239.71
2007-08-23,140.23
2007-08-24,246.95
2007-08-25,144.31
2007-08-26,239.74
2007-08-27,148.31
2007-08-28,240.1
2007-08-29,137.19
2007-08-30,136.81
2007-08-31,147.75
2007-09-01,290.72
2007-09-02,168.48
2007-09-03,167.4
2007-09-04,170.89
2007-09-05,178.04
2007-09-06,167.26
2007-09-07,75.31
2007-09-08,168.33
2007-09-09,170.08
2007-09-10,181.5
2007-09-11,182.36
2007-09-12,182.08
2007-09-13,181.46
2007-09-14,84.09
2007-09-15,83.23
2007-09-16,180.7
2007-09-17,181.82
2007-09-18,84.55
2007-09-19,181.23
2007-09-20,84.09
2007-09-21,85.06
2007-09-22,182.2
2007-09-23,181.67
2007-09-24,173.04
2007-09-25,199.63
2007-09-26,102.89
2007-09-27,86.21
2007-09-28,83.96
2007-09-29,82.95
2007-09-30,180.08
2007-10-01,181.3
2007-10-02,93.85
2007-10-03,86.96
2007-10-04,95.04
2007-10-05,184.22
2007-10-06,91.08
2007-10-07,89.55
2007-10-08,92.75
2007-10-09,82.51
2007-10-10,101.2
2007-10-11,98.25
2007-10-12,99.61
2007-10-13,97.95
2007-10-14,82.12
2007-10-15,102.52
2007-10-16,109.07
2007-10-17,89.35
2007-10-18,101.27
2007-10-19,113.83
2007-10-20,107.23
2007-10-21,104.75
2007-10-22,194.3
2007-10-23,145.68
2007-10-24,217.19
2007-10-25,276.72
2007-10-26,131.04
2007-10-27,124.59
2007-10-28,221.23
2007-10-29,119.03
2007-10-30,128.78
2007-10-31,163.39
2007-11-01,153.41
2007-11-02,126.51
2007-11-03,142.88
2007-11-04,120.0
2007-11-05,229.02
2007-11-06,147.75
2007-11-07,209.03
2007-11-08,156.68
2007-11-09,247.78
2007-11-10,352.57
2007-11-11,325.96
2007-11-12,341.46
2007-11-13,334.2
2007-11-14,333.76
2007-11-15,314.41
2007-11-16,335.93
2007-11-17,320.58
2007-11-18,235.98
2007-11-19,321.72
2007-11-20,328.34
2007-11-21,138.84
2007-11-22,327.65
2007-11-23,148.82
2007-11-24,146.86
2007-11-25,284.18
2007-11-26,113.37
2007-11-27,284.61
2007-11-28,295.2
2007-11-29,286.88
2007-11-30,309.0
2007-12-01,282.83
2007-12-02,290.11
2007-12-03,195.87
2007-12-04,195.96
2007-12-05,283.64
2007-12-06,275.13
2007-12-07,257.62
2007-12-08,370.21
2007-12-09,361.8
2007-12-10,443.85
2007-12-11,462.61
2007-12-12,489.49
2007-12-13,516.78
2007-12-14,522.14
2007-12-15,529.33
2007-12-16,524.52
2007-12-17,588.46
2007-12-18,517.37
2007-12-19,548.02
2007-12-20,708.55
2007-12-21,1135.65
2007-12-22,1089.56
2007-12-23,1243.69
2007-12-24,1320.31
2007-12-25,1245.28
2007-12-26,1244.74
2007-12-27,1249.68
2007-12-28,864.04
2007-12-29,864.86
2007-12-30,558.03
2007-12-31,479.0
2008-01-01,490.76
2008-01-02,488.16
2008-01-03,327.93
2008-01-04,361.62
2008-01-05,306.24
2008-01-06,393.46
2008-01-07,457.39
2008-01-08,531.67
2008-01-09,473.16
2008-01-10,548.78
2008-01-11,556.67
2008-01-12,617.06
2008-01-13,616.06
2008-01-14,698.44
2008-01-15,918.61
2008-01-16,913.61
2008-01-17,770.83
2008-01-18,626.06
2008-01-19,545.67
2008-01-20,771.72
2008-01-21,759.34
2008-01-22,892.39
2008-01-23,1045.17
2008-01-24,1227.94
2008-01-25,1483.38
2008-01-26,1401.5
2008-01-27,1474.89
2008-01-28,2011.73
2008-01-29,2243.78
2008-01-30,2233.35
2008-01-31,2396.64
2008-02-01,2679.02
2008-02-02,3134.34
2008-02-03,3171.3
2008-02-04,2903.28
2008-02-05,2727.98
2008-02-06,3004.07
2008-02-07,3296.69
2008-02-08,3269.59
2008-02-09,3179.31
2008-02-10,3130.02
2008-02-11,2947.83
2008-02-12,2752.02
2008-02-13,2558.77
2008-02-14,2369.19
2008-02-15,2173.63
2008-02-16,2085.67
2008-02-17,1980.5
2008-02-18,1876.54
2008-02-19,1684.46
2008-02-20,1591.56
2008-02-21,1594.7
2008-02-22,1604.56
2008-02-23,1504.22
2008-02-24,1307.78
2008-02-25,1307.78
2008-02-26,1306.66
2008-02-27,1309.89
2008-02-28,1327.78
2008-02-29,1247.56
2008-03-01,1161.33
2008-03-02,1066.11
2008-03-03,1067.11
2008-03-04,1128.22
2008-03-05,929.83
2008-03-06,1015.86
2008-03-07,830.98
2008-03-08,1040.37
2008-03-09,1149.96
2008-03-10,1308.3
2008-03-11,1395.14
2008-03-12,1300.84
2008-03-13,1408.52
2008-03-14,1549.8
2008-03-15,1846.61
2008-03-16,2127.56
2008-03-17,2175.59
2008-03-18,2428.55
2008-03-19,2637.39
2008-03-20,2548.74
2008-03-21,1942.4
2008-03-22,1645.02
2008-03-23,1477.75
2008-03-24,1410.49
2008-03-25,1417.37
2008-03-26,1424.37
2008-03-27,1641.96
2008-03-28,1519.17
2008-03-29,1423.37
2008-03-30,1421.37
2008-03-31,1311.57
2008-04-01,1312.57
2008-04-02,1192.78
2008-04-03,987.19
2008-04-04,987.19
2008-04-05,978.19
2008-04-06,1095.98
2008-04-07,1437.29
2008-04-08,1913.23
2008-04-09,1800.69
2008-04-10,1553.83
2008-04-11,1456.29
2008-04-12,1350.1
2008-04-13,1336.87
2008-04-14,1235.56
2008-04-15,1234.56
2008-04-16,1121.13
2008-04-17,1027.28
2008-04-18,1034.39
2008-04-19,1033.16
2008-04-20,919.97
2008-04-21,919.74
2008-04-22,807.43
2008-04-23,918.97
2008-04-24,807.43
2008-04-25,919.74
2008-04-26,807.43
2008-04-27,806.54
2008-04-28,693.0
2008-04-29,727.26
2008-04-30,819.4
2008-05-01,684.26
2008-05-02,818.63
2008-05-03,551.0
2008-05-04,550.0
2008-05-05,550.0
2008-05-06,684.26
2008-05-07,542.0
2008-05-08,448.74
2008-05-09,541.0
2008-05-10,539.0
2008-05-11,538.0
2008-05-12,535.0
2008-05-13,509.0
2008-05-14,368.74
2008-05-15,512.0
2008-05-16,500.0
2008-05-17,508.0
2008-05-18,510.0
2008-05-19,375.62
2008-05-20,375.74
2008-05-21,510.0
2008-05-22,501.0
2008-05-23,510.0
2008-05-24,375.86
2008-05-25,510.0
2008-05-26,375.74
2008-05-27,510.0
2008-05-28,375.74
2008-05-29,284.03
2008-05-30,397.57
2008-05-31,510.0
2008-06-01,397.69
2008-06-02,395.57
2008-06-03,280.03
2008-06-04,395.57
2008-06-05,398.69
2008-06-06,397.57
2008-06-07,397.46
2008-06-08,397.57
2008-06-09,279.26
2008-06-10,397.57
2008-06-11,397.46
2008-06-12,398.57
2008-06-13,285.26
2008-06-14,398.57
2008-06-15,398.46
2008-06-16,286.15
2008-06-17,286.26
2008-06-18,400.46
2008-06-19,289.15
2008-06-20,399.69
2008-06-21,400.57
2008-06-22,287.03
2008-06-23,289.26
2008-06-24,289.03
2008-06-25,403.57
2008-06-26,290.26
2008-06-27,399.57
2008-06-28,394.46
2008-06-29,281.15
2008-06-30,282.26
2008-07-01,281.03
2008-07-02,281.26
2008-07-03,281.03
2008-07-04,282.15
2008-07-05,282.26
2008-07-06,285.03
2008-07-07,276.26
2008-07-08,325.03
2008-07-09,386.15
2008-07-10,272.26
2008-07-11,276.03
2008-07-12,277.26
2008-07-13,277.03
2008-07-14,278.15
2008-07-15,164.72
2008-07-16,267.15
2008-07-17,198.72
2008-07-18,279.15
2008-07-19,280.26
2008-07-20,278.03
2008-07-21,166.84
2008-07-22,280.03
2008-07-23,279.26
2008-07-24,281.03
2008-07-25,202.84
2008-07-26,290.66
2008-07-27,218.73
2008-07-28,215.61
2008-07-29,219.61
2008-07-30,221.61
2008-07-31,322.41
2008-08-01,224.61
2008-08-02,218.5
2008-08-03,297.52
2008-08-04,218.5
2008-08-05,222.73
2008-08-06,220.61
2008-08-07,221.61
2008-08-08,242.61
2008-08-09,221.5
2008-08-10,220.73
2008-08-11,225.61
2008-08-12,260.61
2008-08-13,248.61
2008-08-14,158.81
2008-08-15,227.61
2008-08-16,227.61
2008-08-17,227.5
2008-08-18,264.73
2008-08-19,201.61
2008-08-20,162.7
2008-08-21,173.93
2008-08-22,250.61
2008-08-23,120.81
2008-08-24,182.7
2008-08-25,230.93
2008-08-26,108.02
2008-08-27,198.85
2008-08-28,201.85
2008-08-29,211.74
2008-08-30,184.31
2008-08-31,185.31
2008-09-01,208.85
2008-09-02,172.5
2008-09-03,206.27
2008-09-04,161.85
2008-09-05,157.97
2008-09-06,194.85
2008-09-07,233.85
2008-09-08,193.31
2008-09-09,194.31
2008-09-10,175.74
2008-09-11,167.85
2008-09-12,266.5
2008-09-13,163.85
2008-09-14,121.31
2008-09-15,187.31
2008-09-16,156.31
2008-09-17,248.74
2008-09-18,251.85
2008-09-19,171.31
2008-09-20,201.63
2008-09-21,229.23
2008-09-22,192.31
2008-09-23,264.11
2008-09-24,303.17
2008-09-25,300.74
2008-09-26,303.17
2008-09-27,406.45
2008-09-28,400.59
2008-09-29,408.5
2008-09-30,316.11
2008-10-01,310.17
2008-10-02,308.74
2008-10-03,216.06
2008-10-04,216.14
2008-10-05,215.06
2008-10-06,205.14
2008-10-07,202.31
2008-10-08,214.06
2008-10-09,202.19
2008-10-10,227.16
2008-10-11,227.39
2008-10-12,232.22
2008-10-13,246.11
2008-10-14,246.34
2008-10-15,253.22
2008-10-16,230.22
2008-10-17,158.44
2008-10-18,230.89
2008-10-19,122.67
2008-10-20,151.89
2008-10-21,203.11
2008-10-22,129.67
2008-10-23,237.89
2008-10-24,141.67
2008-10-25,142.67
2008-10-26,146.98
2008-10-27,145.93
2008-10-28,58.7
2008-10-29,153.98
2008-10-30,131.13
2008-10-31,140.32
2008-11-01,156.93
2008-11-02,59.7
2008-11-03,168.98
2008-11-04,61.02
2008-11-05,131.52
2008-11-06,231.94
2008-11-07,227.23
2008-11-08,331.28
2008-11-09,361.85
2008-11-10,374.45
2008-11-11,512.78
2008-11-12,518.09
2008-11-13,684.19
2008-11-14,620.85
2008-11-15,712.67
2008-11-16,712.56
2008-11-17,713.19
2008-11-18,718.19
2008-11-19,713.75
2008-11-20,699.67
2008-11-21,572.65
2008-11-22,566.19
2008-11-23,452.85
2008-11-24,412.67
2008-11-25,402.56
2008-11-26,424.19
2008-11-27,419.28
2008-11-28,363.11
2008-11-29,374.06
2008-11-30,379.37
2008-12-01,377.94
2008-12-02,366.23
2008-12-03,371.28
2008-12-04,324.85
2008-12-05,226.23
2008-12-06,225.37
2008-12-07,315.28
2008-12-08,217.94
2008-12-09,304.45
2008-12-10,219.06
2008-12-11,317.85
2008-12-12,179.32
2008-12-13,286.46
2008-12-14,285.03
2008-12-15,153.98
2008-12-16,475.92
2008-12-17,1053.08
2008-12-18,2054.71
2008-12-19,2834.11
2008-12-20,3060.93
2008-12-21,3148.83
2008-12-22,3507.04
2008-12-23,4170.33
2008-12-24,3522.72
2008-12-25,2910.76
2008-12-26,2480.88
2008-12-27,2571.34
2008-12-28,2668.44
2008-12-29,3665.0
2008-12-30,3680.62
2008-12-31,3134.36
2009-01-01,2924.48
2009-01-02,2883.69
2009-01-03,2893.14
2009-01-04,2695.67
2009-01-05,2561.37
2009-01-06,2642.37
2009-01-07,2440.18
2009-01-08,2250.34
2009-01-09,1922.03
2009-01-10,1640.19
2009-01-11,1341.46
2009-01-12,1198.35
2009-01-13,1095.0
2009-01-14,828.0
2009-01-15,843.0
2009-01-16,943.65
2009-01-17,944.54
2009-01-18,1142.5
2009-01-19,1141.73
2009-01-20,1377.11
2009-01-21,1835.37
2009-01-22,2062.91
2009-01-23,2354.37
2009-01-24,2527.83
2009-01-25,3047.15
2009-01-26,3269.94
2009-01-27,3053.35
2009-01-28,2512.37
2009-01-29,2180.98
2009-01-30,1957.39
2009-01-31,1845.59
2009-02-01,1836.59
2009-02-02,1846.59
2009-02-03,1959.39
2009-02-04,2070.07
2009-02-05,2170.98
2009-02-06,2096.71
2009-02-07,2008.29
2009-02-08,1897.73
2009-02-09,1892.61
2009-02-10,1894.61
2009-02-11,2004.41
2009-02-12,2124.59
2009-02-13,2173.98
2009-02-14,2229.98
2009-02-15,2511.37
2009-02-16,2623.17
2009-02-17,2719.96
2009-02-18,2297.78
2009-02-19,1859.59
2009-02-20,1632.43
2009-02-21,1553.74
2009-02-22,1546.97
2009-02-23,1553.74
2009-02-24,1553.85
2009-02-25,1597.28
2009-02-26,1800.56
2009-02-27,2022.52
2009-02-28,1804.87
2009-03-01,1576.13
2009-03-02,1574.13
2009-03-03,1359.7
2009-03-04,1378.13
2009-03-05,1379.13
2009-03-06,1264.82
2009-03-07,1259.7
2009-03-08,1148.16
2009-03-09,1144.39
2009-03-10,1033.74
2009-03-11,1033.97
2009-03-12,1032.74
2009-03-13,919.43
2009-03-14,959.7
2009-03-15,975.82
2009-03-16,1097.13
2009-03-17,1081.13
2009-03-18,1225.22
2009-03-19,1207.04
2009-03-20,1191.66
2009-03-21,1196.89
2009-03-22,1178.78
2009-03-23,1303.92
2009-03-24,1398.04
2009-03-25,1465.26
2009-03-26,1600.74
2009-03-27,1668.96
2009-03-28,1799.34
2009-03-29,1849.74
2009-03-30,1907.52
2009-03-31,2042.78
2009-04-01,2206.0
2009-04-02,2330.26
2009-04-03,2360.26
2009-04-04,2196.0
2009-04-05,2042.14
2009-04-06,1932.89
2009-04-07,1825.66
2009-04-08,1818.63
2009-04-09,1653.0
2009-04-10,1633.0
2009-04-11,1518.74
2009-04-12,1517.62
2009-04-13,1518.74
2009-04-14,1532.0
2009-04-15,1441.26
2009-04-16,1293.0
2009-04-17,1231.0
2009-04-18,1173.74
2009-04-19,1143.0
2009-04-20,1027.26
2009-04-21,1041.38
2009-04-22,908.0
2009-04-23,859.0
2009-04-24,847.0
2009-04-25,691.0
2009-04-26,692.0
2009-04-27,652.62
2009-04-28,650.74
2009-04-29,733.0
2009-04-30,690.0
2009-05-01,710.0
2009-05-02,843.63
2009-05-03,713.0
2009-05-04,808.0
2009-05-05,663.0
2009-05-06,764.0
2009-05-07,683.0
2009-05-08,692.0
2009-05-09,674.0
2009-05-10,667.0
2009-05-11,675.0
2009-05-12,680.0
2009-05-13,595.0
2009-05-14,657.0
2009-05-15,524.62
2009-05-16,559.0
2009-05-17,552.0
2009-05-18,560.0
2009-05-19,559.0
2009-05-20,553.0
2009-05-21,557.0
2009-05-22,508.0
2009-05-23,652.38
2009-05-24,517.0
2009-05-25,501.0
2009-05-26,489.0
2009-05-27,365.62
2009-05-28,499.0
2009-05-29,499.0
2009-05-30,499.0
2009-05-31,362.74
2009-06-01,500.0
2009-06-02,500.0
2009-06-03,365.86
2009-06-04,495.0
2009-06-05,366.74
2009-06-06,510.11
2009-06-07,348.56
2009-06-08,479.7
2009-06-09,351.44
2009-06-10,480.7
2009-06-11,336.07
2009-06-12,416.84
2009-06-13,388.57
2009-06-14,387.46
2009-06-15,498.0
2009-06-16,384.57
2009-06-17,389.57
2009-06-18,502.0
2009-06-19,388.69
2009-06-20,395.57
2009-06-21,387.46
2009-06-22,501.0
2009-06-23,387.57
2009-06-24,383.57
2009-06-25,386.69
2009-06-26,500.0
2009-06-27,386.57
2009-06-28,386.46
2009-06-29,384.57
2009-06-30,404.57
2009-07-01,500.0
2009-07-02,387.69
2009-07-03,502.0
2009-07-04,383.57
2009-07-05,392.46
2009-07-06,278.15
2009-07-07,389.69
2009-07-08,383.57
2009-07-09,393.46
2009-07-10,280.15
2009-07-11,387.69
2009-07-12,388.57
2009-07-13,391.46
2009-07-14,389.57
2009-07-15,334.26
2009-07-16,344.03
2009-07-17,360.15
2009-07-18,353.26
2009-07-19,309.61
2009-07-20,316.3
2009-07-21,345.44
2009-07-22,246.59
2009-07-23,357.02
2009-07-24,357.13
2009-07-25,356.9
2009-07-26,230.71
2009-07-27,298.87
2009-07-28,341.61
2009-07-29,337.81
2009-07-30,254.02
2009-07-31,354.7
2009-08-01,236.02
2009-08-02,348.93
2009-08-03,262.02
2009-08-04,263.02
2009-08-05,259.02
2009-08-06,260.02
2009-08-07,260.02
2009-08-08,261.02
2009-08-09,261.02
2009-08-10,262.02
2009-08-11,273.81
2009-08-12,250.81
2009-08-13,250.81
2009-08-14,287.7
2009-08-15,272.02
2009-08-16,242.93
2009-08-17,267.02
2009-08-18,266.02
2009-08-19,316.31
2009-08-20,216.66
2009-08-21,216.78
2009-08-22,317.31
2009-08-23,224.89
2009-08-24,313.31
2009-08-25,257.74
2009-08-26,306.5
2009-08-27,315.85
2009-08-28,326.31
2009-08-29,428.85
2009-08-30,330.31
2009-08-31,330.31
2009-09-01,231.78
2009-09-02,333.31
2009-09-03,233.78
2009-09-04,334.31
2009-09-05,235.66
2009-09-06,336.31
2009-09-07,326.31
2009-09-08,335.63
2009-09-09,347.57
2009-09-10,339.63
2009-09-11,355.57
2009-09-12,347.31
2009-09-13,253.52
2009-09-14,356.14
2009-09-15,256.84
2009-09-16,252.41
2009-09-17,287.31
2009-09-18,256.35
2009-09-19,248.98
2009-09-20,257.04
2009-09-21,248.89
2009-09-22,259.04
2009-09-23,255.09
2009-09-24,264.24
2009-09-25,257.52
2009-09-26,358.89
2009-09-27,363.89
2009-09-28,366.89
2009-09-29,367.89
2009-09-30,367.89
2009-10-01,268.67
2009-10-02,273.67
2009-10-03,278.67
2009-10-04,278.55
2009-10-05,188.56
2009-10-06,299.67
2009-10-07,289.67
2009-10-08,282.55
2009-10-09,190.56
2009-10-10,188.44
2009-10-11,289.55
2009-10-12,390.32
2009-10-13,298.93
2009-10-14,298.61
2009-10-15,306.52
2009-10-16,253.83
2009-10-17,349.74
2009-10-18,282.52
2009-10-19,340.83
2009-10-20,445.33
2009-10-21,525.19
2009-10-22,639.09
2009-10-23,731.0
2009-10-24,834.91
2009-10-25,928.81
2009-10-26,833.22
2009-10-27,739.0
2009-10-28,745.22
2009-10-29,737.0
2009-10-30,675.78
2009-10-31,661.87
2009-11-01,572.28
2009-11-02,471.43
2009-11-03,379.83
2009-11-04,474.74
2009-11-05,378.52
2009-11-06,478.94
2009-11-07,473.23
2009-11-08,482.37
2009-11-09,475.43
2009-11-10,467.74
2009-11-11,500.94
2009-11-12,882.0
2009-11-13,674.89
2009-11-14,665.11
2009-11-15,666.34
2009-11-16,662.66
2009-11-17,469.45
2009-11-18,471.96
2009-11-19,380.94
2009-11-20,279.32
2009-11-21,285.03
2009-11-22,185.41
2009-11-23,186.61
2009-11-24,299.83
2009-11-25,198.56
2009-11-26,188.98
2009-11-27,243.46
2009-11-28,219.11
2009-11-29,280.96
2009-11-30,313.28
2009-12-01,415.19
2009-12-02,429.19
2009-12-03,506.09
2009-12-04,501.66
2009-12-05,672.34
2009-12-06,1236.35
2009-12-07,1748.46
2009-12-08,2127.09
2009-12-09,2038.76
2009-12-10,1731.46
2009-12-11,1361.83
2009-12-12,1136.76
2009-12-13,1047.8
2009-12-14,967.63
2009-12-15,868.67
2009-12-16,942.26
2009-12-17,842.72
2009-12-18,956.44
2009-12-19,850.67
2009-12-20,838.72
2009-12-21,764.91
2009-12-22,652.91
2009-12-23,660.22
2009-12-24,660.22
2009-12-25,661.22
2009-12-26,754.44
2009-12-27,926.63
2009-12-28,1023.68
2009-12-29,1114.87
2009-12-30,1311.83
2009-12-31,1499.65
2010-01-01,1881.91
2010-01-02,1605.44
2010-01-03,1314.78
2010-01-04,1217.56
2010-01-05,1056.11
2010-01-06,725.44
2010-01-07,920.77
2010-01-08,949.0
2010-01-09,928.89
2010-01-10,923.89
2010-01-11,930.89
2010-01-12,779.44
2010-01-13,662.0
2010-01-14,543.78
2010-01-15,743.22
2010-01-16,644.22
2010-01-17,645.11
2010-01-18,493.89
2010-01-19,465.78
2010-01-20,541.0
2010-01-21,557.0
2010-01-22,668.22
2010-01-23,642.11
2010-01-24,739.34
2010-01-25,741.44
2010-01-26,818.33
2010-01-27,664.0
2010-01-28,661.0
2010-01-29,661.0
2010-01-30,649.34
2010-01-31,645.22
2010-02-01,507.44
2010-02-02,461.67
2010-02-03,397.22
2010-02-04,368.45
2010-02-05,382.33
2010-02-06,290.33
2010-02-07,374.56
2010-02-08,360.33
2010-02-09,360.33
2010-02-10,362.22
2010-02-11,363.45
2010-02-12,364.33
2010-02-13,307.0
2010-02-14,361.45
2010-02-15,357.33
2010-02-16,355.33
2010-02-17,318.11
2010-02-18,261.11
2010-02-19,260.11
2010-02-20,321.33
2010-02-21,260.33
2010-02-22,286.74
2010-02-23,323.28
2010-02-24,293.33
2010-02-25,381.78
2010-02-26,354.87
2010-02-27,438.09
2010-02-28,568.91
2010-03-01,760.35
2010-03-02,1067.39
2010-03-03,1354.37
2010-03-04,1746.89
2010-03-05,1843.0
2010-03-06,1745.0
2010-03-07,1548.44
2010-03-08,1410.0
2010-03-09,1301.78
2010-03-10,1301.78
2010-03-11,1142.22
2010-03-12,1143.45
2010-03-13,944.11
2010-03-14,887.03
2010-03-15,842.1
2010-03-16,835.67
2010-03-17,841.5
2010-03-18,844.41
2010-03-19,738.44
2010-03-20,668.44
2010-03-21,721.5
2010-03-22,720.73
2010-03-23,740.5
2010-03-24,779.88
2010-03-25,735.55
2010-03-26,723.88
2010-03-27,620.96
2010-03-28,622.19
2010-03-29,521.22
2010-03-30,565.22
2010-03-31,576.22
2010-04-01,665.44
2010-04-02,670.07
2010-04-03,674.96
2010-04-04,775.73
2010-04-05,774.61
2010-04-06,747.67
2010-04-07,705.44
2010-04-08,671.07
2010-04-09,572.42
2010-04-10,577.54
2010-04-11,467.0
2010-04-12,466.0
2010-04-13,467.0
2010-04-14,373.46
2010-04-15,345.58
2010-04-16,420.0
2010-04-17,330.46
2010-04-18,328.46
2010-04-19,326.66
2010-04-20,332.89
2010-04-21,350.78
2010-04-22,351.78
2010-04-23,349.78
2010-04-24,446.0
2010-04-25,347.35
2010-04-26,341.04
2010-04-27,358.93
2010-04-28,346.35
2010-04-29,285.5
2010-04-30,300.12
2010-05-01,263.45
2010-05-02,239.59
2010-05-03,303.04
2010-05-04,309.12
2010-05-05,347.89
2010-05-06,271.56
2010-05-07,262.12
2010-05-08,322.5
2010-05-09,313.85
2010-05-10,320.48
2010-05-11,226.14
2010-05-12,317.17
2010-05-13,326.23
2010-05-14,299.85
2010-05-15,226.57
2010-05-16,324.11
2010-05-17,314.11
2010-05-18,214.89
2010-05-19,331.0
2010-05-20,312.23
2010-05-21,331.11
2010-05-22,332.11
2010-05-23,335.11
2010-05-24,236.89
2010-05-25,336.0
2010-05-26,239.89
2010-05-27,336.23
2010-05-28,240.89
2010-05-29,339.11
2010-05-30,279.33
2010-05-31,247.56
2010-06-01,356.78
2010-06-02,260.56
2010-06-03,261.56
2010-06-04,263.44
2010-06-05,263.67
2010-06-06,263.56
2010-06-07,263.56
2010-06-08,167.33
2010-06-09,255.56
2010-06-10,223.33
2010-06-11,247.89
2010-06-12,149.98
2010-06-13,254.03
2010-06-14,177.45
2010-06-15,258.87
2010-06-16,152.28
2010-06-17,266.75
2010-06-18,151.45
2010-06-19,243.87
2010-06-20,157.28
2010-06-21,244.75
2010-06-22,145.45
2010-06-23,244.87
2010-06-24,250.19
2010-06-25,154.85
2010-06-26,245.67
2010-06-27,147.65
2010-06-28,247.19
2010-06-29,249.19
2010-06-30,135.33
2010-07-01,243.56
2010-07-02,153.28
2010-07-03,250.19
2010-07-04,149.33
2010-07-05,247.56
2010-07-06,157.28
2010-07-07,252.19
2010-07-08,151.33
2010-07-09,153.65
2010-07-10,158.28
2010-07-11,153.65
2010-07-12,153.33
2010-07-13,160.28
2010-07-14,157.85
2010-07-15,154.45
2010-07-16,157.96
2010-07-17,164.28
2010-07-18,151.33
2010-07-19,153.65
2010-07-20,145.28
2010-07-21,186.65
2010-07-22,102.52
2010-07-23,105.83
2010-07-24,199.43
2010-07-25,110.46
2010-07-26,207.37
2010-07-27,78.11
2010-07-28,161.96
2010-07-29,166.28
2010-07-30,71.11
2010-07-31,154.96
2010-08-01,154.28
2010-08-02,59.37
2010-08-03,150.65
2010-08-04,135.33
2010-08-05,153.28
2010-08-06,66.74
2010-08-07,159.33
2010-08-08,167.28
2010-08-09,167.28
2010-08-10,72.37
2010-08-11,161.33
2010-08-12,67.31
2010-08-13,69.74
2010-08-14,69.86
2010-08-15,177.35
2010-08-16,87.07
2010-08-17,89.63
2010-08-18,60.81
2010-08-19,145.46
2010-08-20,78.69
2010-08-21,67.63
2010-08-22,148.28
2010-08-23,60.0
2010-08-24,59.31
2010-08-25,93.78
2010-08-26,66.81
2010-08-27,66.5
2010-08-28,72.19
2010-08-29,86.13
2010-08-30,55.87
2010-08-31,62.81
2010-09-01,130.69
2010-09-02,87.63
2010-09-03,51.37
2010-09-04,63.31
2010-09-05,61.0
2010-09-06,65.51
2010-09-07,103.52
2010-09-08,98.67
2010-09-09,99.72
2010-09-10,53.11
2010-09-11,40.78
2010-09-12,48.72
2010-09-13,94.11
2010-09-14,67.11
2010-09-15,98.67
2010-09-16,91.72
2010-09-17,90.41
2010-09-18,91.29
2010-09-19,90.52
2010-09-20,100.67
2010-09-21,93.72
2010-09-22,92.41
2010-09-23,96.29
2010-09-24,108.52
2010-09-25,128.67
2010-09-26,96.72
2010-09-27,106.41
2010-09-28,118.55
2010-09-29,136.56
2010-09-30,211.83
2010-10-01,221.4
2010-10-02,220.0
2010-10-03,218.4
2010-10-04,217.95
2010-10-05,207.83
2010-10-06,275.22
2010-10-07,275.11
2010-10-08,304.34
2010-10-09,297.79
2010-10-10,364.3
2010-10-11,328.11
2010-10-12,345.06
2010-10-13,267.78
2010-10-14,229.41
2010-10-15,189.74
2010-10-16,210.67
2010-10-17,156.06
2010-10-18,201.77
2010-10-19,193.81
2010-10-20,294.34
2010-10-21,302.11
2010-10-22,296.34
2010-10-23,296.22
2010-10-24,218.83
2010-10-25,217.4
2010-10-26,212.0
2010-10-27,216.4
2010-10-28,220.95
2010-10-29,221.83
2010-10-30,221.72
2010-10-31,296.34
2010-11-01,372.61
2010-11-02,525.39
2010-11-03,603.66
2010-11-04,603.89
2010-11-05,678.05
2010-11-06,675.28
2010-11-07,754.87
2010-11-08,761.81
2010-11-09,689.05
2010-11-10,752.67
2010-11-11,677.17
2010-11-12,908.65
2010-11-13,761.81
2010-11-14,829.94
2010-11-15,751.44
2010-11-16,826.94
2010-11-17,837.2
2010-11-18,752.87
2010-11-19,748.67
2010-11-20,746.56
2010-11-21,825.26
2010-11-22,832.2
2010-11-23,897.33
2010-11-24,853.17
2010-11-25,903.65
2010-11-26,829.2
2010-11-27,897.33
2010-11-28,843.0
2010-11-29,929.0
2010-11-30,879.0
2010-12-01,873.0
2010-12-02,786.0
2010-12-03,879.0
2010-12-04,998.0
2010-12-05,1036.0
2010-12-06,1078.0
2010-12-07,1188.0
2010-12-08,1215.0
2010-12-09,1254.0
2010-12-10,1218.0
2010-12-11,1031.0
2010-12-12,989.0
2010-12-13,937.0
2010-12-14,874.0
2010-12-15,865.0
2010-12-16,764.0
2010-12-17,788.0
2010-12-18,908.0
2010-12-19,796.0
2010-12-20,890.0
2010-12-21,896.0
2010-12-22,835.0
2010-12-23,898.0
2010-12-24,803.0
2010-12-25,895.0
2010-12-26,898.0
2010-12-27,1084.0
2010-12-28,1269.0
2010-12-29,1656.0
2010-12-30,1923.0
2010-12-31,2205.0
2011-01-01,2534.11
2011-01-02,2630.02
2011-01-03,2651.59
2011-01-04,2622.5
2011-01-05,2461.52
2011-01-06,2370.3
2011-01-07,2264.07
2011-01-08,2096.94
2011-01-09,1978.67
2011-01-10,1775.28
2011-01-11,1599.35
2011-01-12,1503.44
2011-01-13,1599.55
2011-01-14,1774.78
2011-01-15,1945.77
2011-01-16,2008.23
2011-01-17,1948.11
2011-01-18,1879.89
2011-01-19,1757.33
2011-01-20,1570.26
2011-01-21,1450.3
2011-01-22,1358.72
2011-01-23,1256.1
2011-01-24,1163.34
2011-01-25,1078.69
2011-01-26,1009.18
2011-01-27,911.8
2011-01-28,801.87
2011-01-29,741.13
2011-01-30,708.71
2011-01-31,630.86
2011-02-01,595.87
2011-02-02,593.0
2011-02-03,549.0
2011-02-04,542.95
2011-02-05,530.86
2011-02-06,522.95
2011-02-07,513.09
2011-02-08,496.09
2011-02-09,493.05
2011-02-10,470.0
2011-02-11,455.95
2011-02-12,462.91
2011-02-13,445.0
2011-02-14,449.38
2011-02-15,433.45
2011-02-16,421.7
2011-02-17,402.94
2011-02-18,407.67
2011-02-19,392.67
2011-02-20,404.11
2011-02-21,425.83
2011-02-22,456.56
2011-02-23,492.3
2011-02-24,510.69
2011-02-25,547.49
2011-02-26,603.23
2011-02-27,657.63
2011-02-28,734.05
2011-03-01,803.66
2011-03-02,875.31
2011-03-03,1000.97
2011-03-04,1167.22
2011-03-05,1565.45
2011-03-06,2119.56
2011-03-07,2547.16
2011-03-08,2925.43
2011-03-09,3123.62
2011-03-10,2887.81
2011-03-11,2611.93
2011-03-12,2388.45
2011-03-13,2386.33
2011-03-14,2613.93
2011-03-15,2643.93
2011-03-16,2578.98
2011-03-17,2772.52
2011-03-18,3322.8
2011-03-19,3492.91
2011-03-20,3223.31
2011-03-21,2808.38
2011-03-22,2408.37
2011-03-23,2086.34
2011-03-24,1869.03
2011-03-25,1798.0
2011-03-26,1815.49
2011-03-27,1753.3
2011-03-28,1682.78
2011-03-29,1611.26
2011-03-30,1584.0
2011-03-31,1538.37
2011-04-01,1385.6
2011-04-02,1354.74
2011-04-03,1351.74
2011-04-04,1696.66
2011-04-05,1994.93
2011-04-06,1850.56
2011-04-07,1546.66
2011-04-08,1397.38
2011-04-09,1312.28
2011-04-10,1230.72
2011-04-11,1167.5
2011-04-12,1113.87
2011-04-13,1019.02
2011-04-14,992.94
2011-04-15,980.33
2011-04-16,938.76
2011-04-17,886.09
2011-04-18,817.57
2011-04-19,773.58
2011-04-20,729.69
2011-04-21,708.28
2011-04-22,674.0
2011-04-23,662.57
2011-04-24,648.15
2011-04-25,634.72
2011-04-26,621.34
2011-04-27,607.93
2011-04-28,618.31
2011-04-29,602.28
2011-04-30,614.66
2011-05-01,586.83
2011-05-02,588.83
2011-05-03,586.83
2011-05-04,573.43
2011-05-05,547.57
2011-05-06,545.43
2011-05-07,568.43
2011-05-08,547.57
2011-05-09,528.33
2011-05-10,514.34
2011-05-11,481.48
2011-05-12,467.02
2011-05-13,467.02
2011-05-14,456.85
2011-05-15,451.88
2011-05-16,439.43
2011-05-17,439.43
2011-05-18,446.0
2011-05-19,443.57
2011-05-20,416.7
2011-05-21,418.69
2011-05-22,398.39
2011-05-23,420.72
2011-05-24,383.44
2011-05-25,411.34
2011-05-26,405.76
2011-05-27,380.48
2011-05-28,379.44
2011-05-29,366.02
2011-05-30,379.42
2011-05-31,361.94
2011-06-01,369.65
2011-06-02,358.27
2011-06-03,359.09
2011-06-04,360.32
2011-06-05,325.37
2011-06-06,329.81
2011-06-07,346.31
2011-06-08,344.08
2011-06-09,355.48
2011-06-10,355.33
2011-06-11,366.87
2011-06-12,355.29
2011-06-13,390.55
2011-06-14,389.32
2011-06-15,368.87
2011-06-16,368.63
2011-06-17,357.5
2011-06-18,357.31
2011-06-19,336.72
2011-06-20,336.84
2011-06-21,336.61
2011-06-22,334.84
2011-06-23,320.61
2011-06-24,334.43
2011-06-25,332.45
2011-06-26,325.68
2011-06-27,337.87
2011-06-28,334.61
2011-06-29,334.84
2011-06-30,327.95
2011-07-01,326.73
2011-07-02,326.48
2011-07-03,338.61
2011-07-04,328.48
2011-07-05,320.97
2011-07-06,294.32
2011-07-07,305.81
2011-07-08,269.62
2011-07-09,290.73
2011-07-10,269.97
2011-07-11,280.65
2011-07-12,281.64
2011-07-13,267.29
2011-07-14,260.41
2011-07-15,271.29
2011-07-16,268.19
2011-07-17,290.14
2011-07-18,290.81
2011-07-19,277.86
2011-07-20,270.0
2011-07-21,268.05
2011-07-22,257.09
2011-07-23,258.25
2011-07-24,270.05
2011-07-25,260.94
2011-07-26,258.87
2011-07-27,251.39
2011-07-28,259.59
2011-07-29,235.81
2011-07-30,243.94
2011-07-31,233.97
2011-08-01,211.3
2011-08-02,208.37
2011-08-03,187.55
2011-08-04,198.42
2011-08-05,187.54
2011-08-06,210.3
2011-08-07,189.54
2011-08-08,205.06
2011-08-09,213.23
2011-08-10,214.27
2011-08-11,216.22
2011-08-12,226.2
2011-08-13,216.22
2011-08-14,216.22
2011-08-15,223.18
2011-08-16,212.22
2011-08-17,232.13
2011-08-18,223.18
2011-08-19,224.18
2011-08-20,194.31
2011-08-21,195.31
2011-08-22,206.26
2011-08-23,197.66
2011-08-24,206.78
2011-08-25,201.21
2011-08-26,197.28
2011-08-27,199.31
2011-08-28,200.31
2011-08-29,202.31
2011-08-30,191.94
2011-08-31,195.9
2011-09-01,170.18
2011-09-02,177.14
2011-09-03,176.16
2011-09-04,174.27
2011-09-05,169.32
2011-09-06,159.2
2011-09-07,165.5
2011-09-08,156.7
2011-09-09,147.94
2011-09-10,147.22
2011-09-11,137.64
2011-09-12,152.26
2011-09-13,151.61
2011-09-14,145.2
2011-09-15,132.69
2011-09-16,150.81
2011-09-17,142.94
2011-09-18,146.4
2011-09-19,157.42
2011-09-20,145.72
2011-09-21,133.67
2011-09-22,127.67
2011-09-23,100.55
2011-09-24,106.62
2011-09-25,100.78
2011-09-26,112.5
2011-09-27,117.75
2011-09-28,97.58
2011-09-29,111.5
2011-09-30,94.06
2011-10-01,94.97
2011-10-02,96.86
2011-10-03,111.94
2011-10-04,106.49
2011-10-05,113.15
2011-10-06,111.58
2011-10-07,115.52
2011-10-08,122.07
2011-10-09,141.98
2011-10-10,166.03
2011-10-11,170.77
2011-10-12,189.41
2011-10-13,217.34
2011-10-14,258.3
2011-10-15,291.35
2011-10-16,317.15
2011-10-17,349.23
2011-10-18,376.19
2011-10-19,383.25
2011-10-20,379.46
2011-10-21,370.36
2011-10-22,346.75
2011-10-23,326.58
2011-10-24,294.99
2011-10-25,264.59
2011-10-26,258.19
2011-10-27,254.68
2011-10-28,267.34
2011-10-29,276.13
2011-10-30,264.84
2011-10-31,266.16
2011-11-01,251.95
2011-11-02,225.45
2011-11-03,209.25
2011-11-04,190.92
2011-11-05,180.92
2011-11-06,182.27
2011-11-07,165.92
2011-11-08,166.87
2011-11-09,155.44
2011-11-10,141.54
2011-11-11,132.81
2011-11-12,145.83
2011-11-13,143.52
2011-11-14,160.95
2011-11-15,177.19
2011-11-16,239.55
2011-11-17,294.82
2011-11-18,334.69
2011-11-19,386.83
2011-11-20,420.45
2011-11-21,422.07
2011-11-22,450.55
2011-11-23,490.51
2011-11-24,529.98
2011-11-25,564.93
2011-11-26,666.0
2011-11-27,779.47
2011-11-28,861.2
2011-11-29,886.83
2011-11-30,895.53
2011-12-01,871.67
2011-12-02,872.62
2011-12-03,862.74
2011-12-04,829.18
2011-12-05,814.76
2011-12-06,800.79
2011-12-07,808.17
2011-12-08,834.41
2011-12-09,880.23
2011-12-10,932.56
2011-12-11,1018.08
2011-12-12,1110.39
2011-12-13,1178.89
2011-12-14,1305.83
2011-12-15,1409.18
2011-12-16,1543.56
2011-12-17,2216.05
2011-12-18,3749.0
2011-12-19,4233.31
2011-12-20,3682.33
2011-12-21,3390.67
2011-12-22,3153.0
2011-12-23,2435.5
2011-12-24,2007.8
2011-12-25,
2011-12-26,
2011-12-27,
2011-12-28,
2011-12-29,
2011-12-30,
2011-12-31,
2012-01-01,
2012-01-02,
2012-01-03,
2012-01-04,
2012-01-05,
2012-01-06,
2012-01-07,
2012-01-08,
2012-01-09,
2012-01-10,
2012-01-11,
2012-01-12,
2012-01-13,
2012-01-14,
2012-01-15,
2012-01-16,
2012-01-17,
2012-01-18,
2012-01-19,
2012-01-20,
2012-01-21,
2012-01-22,
2012-01-23,
2012-01-24,2071.36
2012-01-25,1897.31
2012-01-26,1823.93
2012-01-27,1915.35
2012-01-28,1818.04
2012-01-29,2017.0
2012-01-30,2093.96
2012-01-31,2185.15
2012-02-01,2508.37
2012-02-02,2033.41
2012-02-03,1632.15
2012-02-04,1423.07
2012-02-05,1314.5
2012-02-06,1032.48
2012-02-07,993.5
2012-02-08,894.48
2012-02-09,890.71
2012-02-10,884.59
2012-02-11,957.39
2012-02-12,1216.98
2012-02-13,1524.25
2012-02-14,1304.69
2012-02-15,1117.98
2012-02-16,1059.19
2012-02-17,968.39
2012-02-18,963.39
2012-02-19,846.59
2012-02-20,803.59
2012-02-21,852.59
2012-02-22,732.8
2012-02-23,721.68
2012-02-24,717.91
2012-02-25,744.8
2012-02-26,638.0
2012-02-27,607.0
2012-02-28,626.0
2012-02-29,593.0
2012-03-01,570.0
2012-03-02,582.0
2012-03-03,453.29
2012-03-04,441.32
2012-03-05,453.41
2012-03-06,427.29
2012-03-07,467.32
2012-03-08,356.41
2012-03-09,465.2
2012-03-10,460.41
2012-03-11,462.41
2012-03-12,462.29
2012-03-13,412.52
2012-03-14,461.41
2012-03-15,597.0
2012-03-16,938.39
2012-03-17,1101.19
2012-03-18,1101.19
2012-03-19,1077.19
2012-03-20,1024.07
2012-03-21,975.5
2012-03-22,865.48
2012-03-23,726.91
2012-03-24,567.09
2012-03-25,677.0
2012-03-26,703.71
2012-03-27,683.59
2012-03-28,706.59
2012-03-29,724.59
2012-03-30,737.48
2012-03-31,727.71
2012-04-01,840.27
2012-04-02,732.71
2012-04-03,840.27
2012-04-04,719.71
2012-04-05,719.59
2012-04-06,722.59
2012-04-07,722.59
2012-04-08,613.8
2012-04-09,613.68
2012-04-10,613.91
2012-04-11,617.43
2012-04-12,611.31
2012-04-13,514.0
2012-04-14,513.0
2012-04-15,400.69
2012-04-16,505.0
2012-04-17,378.57
2012-04-18,393.09
2012-04-19,482.32
2012-04-20,446.41
2012-04-21,387.29
2012-04-22,505.0
2012-04-23,505.0
2012-04-24,393.32
2012-04-25,503.0
2012-04-26,393.41
2012-04-27,477.29
2012-04-28,477.52
2012-04-29,475.41
2012-04-30,461.41
2012-05-01,455.41
2012-05-02,415.29
2012-05-03,400.32
2012-05-04,404.2
2012-05-05,440.41
2012-05-06,349.61
2012-05-07,400.41
2012-05-08,398.09
2012-05-09,392.32
2012-05-10,392.2
2012-05-11,399.2
2012-05-12,405.2
2012-05-13,399.09
2012-05-14,296.52
2012-05-15,392.2
2012-05-16,399.2
2012-05-17,400.09
2012-05-18,400.32
2012-05-19,291.41
2012-05-20,401.2
2012-05-21,396.09
2012-05-22,395.32
2012-05-23,397.2
2012-05-24,405.2
2012-05-25,299.29
2012-05-26,311.73
2012-05-27,331.61
2012-05-28,314.61
2012-05-29,351.41
2012-05-30,453.41
2012-05-31,348.61
2012-06-01,457.41
2012-06-02,310.61
2012-06-03,346.61
2012-06-04,346.61
2012-06-05,354.5
2012-06-06,357.73
2012-06-07,358.61
2012-06-08,358.61
2012-06-09,519.09
2012-06-10,469.52
2012-06-11,571.2
2012-06-12,586.2
2012-06-13,542.0
2012-06-14,489.09
2012-06-15,375.52
2012-06-16,358.41
2012-06-17,443.35
2012-06-18,320.5
2012-06-19,334.27
2012-06-20,268.85
2012-06-21,386.5
2012-06-22,300.85
2012-06-23,301.74
2012-06-24,302.85
2012-06-25,291.97
2012-06-26,395.39
2012-06-27,373.27
2012-06-28,351.5
2012-06-29,382.27
2012-06-30,296.85
2012-07-01,395.5
2012-07-02,299.85
2012-07-03,299.74
2012-07-04,315.5
2012-07-05,250.39
2012-07-06,249.27
2012-07-07,267.5
2012-07-08,268.27
2012-07-09,248.5
2012-07-10,260.39
2012-07-11,232.27
2012-07-12,230.5
2012-07-13,248.27
2012-07-14,200.75
2012-07-15,290.38
2012-07-16,291.18
2012-07-17,238.6
2012-07-18,244.39
2012-07-19,245.49
2012-07-20,244.06
2012-07-21,236.6
2012-07-22,226.88
2012-07-23,224.12
2012-07-24,237.73
2012-07-25,227.79
2012-07-26,222.61
2012-07-27,218.63
2012-07-28,205.18
2012-07-29,225.5
2012-07-30,196.33
2012-07-31,217.99
2012-08-01,195.64
2012-08-02,205.87
2012-08-03,202.11
2012-08-04,200.83
2012-08-05,215.46
2012-08-06,183.17
2012-08-07,199.95
2012-08-08,192.04
2012-08-09,197.06
2012-08-10,187.06
2012-08-11,204.97
2012-08-12,189.45
2012-08-13,202.83
2012-08-14,184.39
2012-08-15,186.78
2012-08-16,180.11
2012-08-17,196.17
2012-08-18,167.94
2012-08-19,197.11
2012-08-20,177.67
2012-08-21,177.57
2012-08-22,168.98
2012-08-23,169.0
2012-08-24,180.67
2012-08-25,161.22
2012-08-26,162.22
2012-08-27,162.22
2012-08-28,172.89
2012-08-29,163.18
2012-08-30,163.29
2012-08-31,173.98
2012-09-01,182.39
2012-09-02,174.94
2012-09-03,166.28
2012-09-04,172.16
2012-09-05,150.54
2012-09-06,151.83
2012-09-07,146.66
2012-09-08,150.76
2012-09-09,178.84
2012-09-10,153.37
2012-09-11,174.47
2012-09-12,155.86
2012-09-13,160.1
2012-09-14,162.23
2012-09-15,163.81
2012-09-16,147.19
2012-09-17,139.3
2012-09-18,142.6
2012-09-19,145.46
2012-09-20,150.3
2012-09-21,150.06
2012-09-22,141.65
2012-09-23,148.06
2012-09-24,174.24
2012-09-25,176.39
2012-09-26,184.86
2012-09-27,167.77
2012-09-28,170.93
2012-09-29,172.7
2012-09-30,171.45
2012-10-01,159.05
2012-10-02,160.69
2012-10-03,181.45
2012-10-04,169.85
2012-10-05,155.2
2012-10-06,141.35
2012-10-07,154.01
2012-10-08,151.22
2012-10-09,148.44
2012-10-10,147.44
2012-10-11,154.22
2012-10-12,144.75
2012-10-13,140.28
2012-10-14,127.08
2012-10-15,119.75
2012-10-16,112.5
2012-10-17,121.92
2012-10-18,141.97
2012-10-19,120.54
2012-10-20,116.87
2012-10-21,126.33
2012-10-22,90.18
2012-10-23,128.63
2012-10-24,142.79
2012-10-25,125.99
2012-10-26,100.19
2012-10-27,102.88
2012-10-28,122.04
2012-10-29,147.12
2012-10-30,145.03
2012-10-31,151.09
2012-11-01,184.18
2012-11-02,231.97
2012-11-03,263.33
2012-11-04,343.15
2012-11-05,401.78
2012-11-06,427.33
2012-11-07,413.8
2012-11-08,399.74
2012-11-09,487.44
2012-11-10,712.61
2012-11-11,670.61
2012-11-12,525.11
2012-11-13,415.34
2012-11-14,789.05
2012-11-15,797.28
2012-11-16,491.61
2012-11-17,637.39
2012-11-18,634.27
2012-11-19,440.73
2012-11-20,478.0
2012-11-21,555.27
2012-11-22,401.73
2012-11-23,286.72
2012-11-24,549.0
2012-11-25,640.7
2012-11-26,700.86
2012-11-27,486.0
2012-11-28,618.39
2012-11-29,623.5
2012-11-30,410.11
2012-12-01,487.73
2012-12-02,487.61
2012-12-03,411.11
2012-12-04,406.34
2012-12-05,251.7
2012-12-06,256.5
2012-12-07,300.75
2012-12-08,338.78
2012-12-09,301.58
2012-12-10,263.56
2012-12-11,253.19
2012-12-12,258.13
2012-12-13,252.33
2012-12-14,283.44
2012-12-15,343.56
2012-12-16,347.06
2012-12-17,351.44
2012-12-18,377.72
2012-12-19,402.44
2012-12-20,333.06
2012-12-21,336.06
2012-12-22,337.06
2012-12-23,336.06
2012-12-24,336.06
2012-12-25,367.56
2012-12-26,344.06
2012-12-27,268.55
2012-12-28,270.67
2012-12-29,195.39
2012-12-30,196.16
2012-12-31,256.67
2013-01-01,233.78
2013-01-02,201.89
2013-01-03,159.18
2013-01-04,134.47
2013-01-05,132.25
2013-01-06,145.1
2013-01-07,161.61
2013-01-08,197.63
2013-01-09,255.83
2013-01-10,278.51
2013-01-11,338.5
2013-01-12,439.32
2013-01-13,551.51
2013-01-14,632.96
2013-01-15,749.85
2013-01-16,840.06
2013-01-17,886.67
2013-01-18,906.66
2013-01-19,920.35
2013-01-20,936.36
2013-01-21,941.79
2013-01-22,877.22
2013-01-23,764.58
2013-01-24,707.69
2013-01-25,677.37
2013-01-26,663.86
2013-01-27,706.56
2013-01-28,1222.89
2013-01-29,1687.11
2013-01-30,1999.78
2013-01-31,1922.5
2013-02-01,1840.0
2013-02-02,1721.8
2013-02-03,1624.41
2013-02-04,1613.41
2013-02-05,1628.15
2013-02-06,1629.09
2013-02-07,1637.41
2013-02-08,1550.27
2013-02-09,1489.32
2013-02-10,1326.17
2013-02-11,1232.57
2013-02-12,1153.19
2013-02-13,1042.96
2013-02-14,966.89
2013-02-15,814.59
2013-02-16,670.56
2013-02-17,571.71
2013-02-18,518.37
2013-02-19,463.58
2013-02-20,437.27
2013-02-21,400.57
2013-02-22,370.25
2013-02-23,339.53
2013-02-24,325.31
2013-02-25,323.06
2013-02-26,331.96
2013-02-27,365.15
2013-02-28,514.46
2013-03-01,615.3
2013-03-02,650.33
2013-03-03,659.08
2013-03-04,654.9
2013-03-05,656.54
2013-03-06,614.67
2013-03-07,605.33
2013-03-08,625.34
2013-03-09,616.16
2013-03-10,591.44
2013-03-11,564.82
2013-03-12,538.08
2013-03-13,517.82
2013-03-14,492.13
2013-03-15,476.0
2013-03-16,467.44
2013-03-17,473.0
2013-03-18,461.0
2013-03-19,450.44
2013-03-20,443.87
2013-03-21,452.44
2013-03-22,457.56
2013-03-23,484.13
2013-03-24,518.39
2013-03-25,584.81
2013-03-26,697.91
2013-03-27,831.28
2013-03-28,986.63
2013-03-29,999.67
2013-03-30,925.59
2013-03-31,785.55
2013-04-01,666.8
2013-04-02,564.91
2013-04-03,540.77
2013-04-04,557.33
2013-04-05,599.11
2013-04-06,645.19
2013-04-07,719.31
2013-04-08,803.86
2013-04-09,943.28
2013-04-10,1041.81
2013-04-11,1118.41
2013-04-12,1075.83
2013-04-13,999.17
2013-04-14,985.73
2013-04-15,917.77
2013-04-16,807.81
2013-04-17,737.37
2013-04-18,668.81
2013-04-19,576.91
2013-04-20,521.04
2013-04-21,445.96
2013-04-22,426.06
2013-04-23,408.07
2013-04-24,379.6
2013-04-25,341.64
2013-04-26,324.28
2013-04-27,298.33
2013-04-28,284.81
2013-04-29,280.34
2013-04-30,286.69
2013-05-01,285.06
2013-05-02,276.04
2013-05-03,279.09
2013-05-04,284.19
2013-05-05,284.19
2013-05-06,277.7
2013-05-07,270.3
2013-05-08,
2013-05-09,
2013-05-10,
2013-05-11,
2013-05-12,
2013-05-13,
2013-05-14,
2013-05-15,219.78
2013-05-16,215.53
2013-05-17,216.24
2013-05-18,216.66
2013-05-19,218.74
2013-05-20,221.44
2013-05-21,212.72
2013-05-22,210.48
2013-05-23,208.17
2013-05-24,215.77
2013-05-25,229.41
2013-05-26,250.9
2013-05-27,290.05
2013-05-28,341.67
2013-05-29,370.67
2013-05-30,394.69
2013-05-31,436.12
2013-06-01,461.32
2013-06-02,462.0
2013-06-03,458.0
2013-06-04,441.57
2013-06-05,420.61
2013-06-06,407.48
2013-06-07,398.92
2013-06-08,382.74
2013-06-09,352.56
2013-06-10,319.28
2013-06-11,309.61
2013-06-12,290.67
2013-06-13,275.37
2013-06-14,261.33
2013-06-15,251.72
2013-06-16,232.71
2013-06-17,228.57
2013-06-18,219.67
2013-06-19,214.93
2013-06-20,211.34
2013-06-21,202.67
2013-06-22,206.52
2013-06-23,206.26
2013-06-24,202.47
2013-06-25,209.49
2013-06-26,211.21
2013-06-27,208.0
2013-06-28,208.57
2013-06-29,207.46
2013-06-30,205.96
2013-07-01,200.34
2013-07-02,196.28
2013-07-03,189.33
2013-07-04,186.24
2013-07-05,184.15
2013-07-06,185.31
2013-07-07,183.31
2013-07-08,183.33
2013-07-09,183.01
2013-07-10,182.29
2013-07-11,180.57
2013-07-12,186.53
2013-07-13,179.85
2013-07-14,183.82
2013-07-15,178.5
2013-07-16,178.91
2013-07-17,172.46
2013-07-18,179.44
2013-07-19,173.47
2013-07-20,175.73
2013-07-21,175.9
2013-07-22,172.63
2013-07-23,173.69
2013-07-24,170.27
2013-07-25,170.85
2013-07-26,164.47
2013-07-27,166.47
2013-07-28,166.98
2013-07-29,171.22
2013-07-30,172.2
2013-07-31,164.53
2013-08-01,159.89
2013-08-02,153.22
2013-08-03,154.19
2013-08-04,144.87
2013-08-05,147.89
2013-08-06,143.26
2013-08-07,140.27
2013-08-08,141.97
2013-08-09,141.61
2013-08-10,134.33
2013-08-11,136.06
2013-08-12,134.06
2013-08-13,127.69
2013-08-14,131.69
2013-08-15,125.06
2013-08-16,127.06
2013-08-17,129.33
2013-08-18,127.06
2013-08-19,126.06
2013-08-20,125.06
2013-08-21,128.7
2013-08-22,121.06
2013-08-23,120.44
2013-08-24,119.44
2013-08-25,121.69
2013-08-26,115.16
2013-08-27,113.34
2013-08-28,112.34
2013-08-29,107.75
2013-08-30,112.19
2013-08-31,109.9
2013-09-01,101.78
2013-09-02,99.31
2013-09-03,93.38
2013-09-04,89.49
2013-09-05,89.31
2013-09-06,91.75
2013-09-07,91.41
2013-09-08,94.65
2013-09-09,99.12
2013-09-10,97.47
2013-09-11,96.35
2013-09-12,99.5
2013-09-13,101.16
2013-09-14,102.64
2013-09-15,107.06
2013-09-16,106.06
2013-09-17,107.48
2013-09-18,105.26
2013-09-19,107.0
2013-09-20,109.78
2013-09-21,115.8
2013-09-22,117.89
2013-09-23,126.57
2013-09-24,129.94
2013-09-25,130.89
2013-09-26,139.1
2013-09-27,140.14
2013-09-28,139.09
2013-09-29,139.32
2013-09-30,134.96
2013-10-01,137.78
2013-10-02,138.06
2013-10-03,140.92
2013-10-04,135.21
2013-10-05,137.64
2013-10-06,141.69
2013-10-07,149.87
2013-10-08,149.53
2013-10-09,156.48
2013-10-10,155.56
2013-10-11,155.51
2013-10-12,150.06
2013-10-13,149.35
2013-10-14,148.57
2013-10-15,156.38
2013-10-16,154.75
2013-10-17,161.84
2013-10-18,166.92
2013-10-19,188.36
2013-10-20,209.31
2013-10-21,234.19
2013-10-22,243.63
2013-10-23,258.61
2013-10-24,258.04
2013-10-25,237.67
2013-10-26,226.58
2013-10-27,209.36
2013-10-28,190.76
2013-10-29,170.85
2013-10-30,167.7
2013-10-31,156.98
2013-11-01,154.29
2013-11-02,151.88
2013-11-03,157.96
2013-11-04,155.72
2013-11-05,152.41
2013-11-06,164.2
2013-11-07,168.93
2013-11-08,184.19
2013-11-09,208.27
2013-11-10,222.69
2013-11-11,225.62
2013-11-12,230.94
2013-11-13,228.73
2013-11-14,225.37
2013-11-15,219.58
2013-11-16,212.58
2013-11-17,205.01
2013-11-18,203.22
2013-11-19,198.8
2013-11-20,197.58
2013-11-21,209.58
2013-11-22,224.16
2013-11-23,243.52
2013-11-24,272.67
2013-11-25,318.54
2013-11-26,400.77
2013-11-27,476.0
2013-11-28,533.87
2013-11-29,582.17
2013-11-30,609.31
2013-12-01,623.46
2013-12-02,641.82
2013-12-03,682.33
2013-12-04,711.27
2013-12-05,756.56
2013-12-06,771.71
2013-12-07,801.86
2013-12-08,800.86
2013-12-09,806.65
2013-12-10,814.22
2013-12-11,882.67
2013-12-12,901.68
2013-12-13,1020.6
2013-12-14,1133.72
2013-12-15,1159.57
2013-12-16,1171.0
2013-12-17,1161.29
2013-12-18,1120.72
2013-12-19,1086.16
2013-12-20,1056.59
2013-12-21,1021.03
2013-12-22,1052.59
2013-12-23,1442.95
2013-12-24,1408.27
2013-12-25,1194.54
2013-12-26,1069.62
2013-12-27,925.34
2013-12-28,863.92
2013-12-29,787.65
2013-12-30,803.39
2013-12-31,681.33
2014-01-01,673.27
2014-01-02,694.61
2014-01-03,617.6
2014-01-04,573.81
2014-01-05,472.0
2014-01-06,404.75
2014-01-07,357.88
2014-01-08,311.72
2014-01-09,339.62
2014-01-10,290.73
2014-01-11,292.67
2014-01-12,227.74
2014-01-13,214.34
2014-01-14,202.24
2014-01-15,210.22
2014-01-16,211.94
2014-01-17,235.81
2014-01-18,258.5
2014-01-19,296.5
2014-01-20,341.43
2014-01-21,360.12
2014-01-22,419.32
2014-01-23,431.39
2014-01-24,428.3
2014-01-25,398.9
2014-01-26,397.31
2014-01-27,365.0
2014-01-28,297.35
2014-01-29,243.28
2014-01-30,214.11
2014-01-31,196.59
2014-02-01,173.86
2014-02-02,154.14
2014-02-03,131.29
2014-02-04,113.4
2014-02-05,108.13
2014-02-06,104.35
2014-02-07,105.24
2014-02-08,97.52
2014-02-09,90.22
2014-02-10,90.81
2014-02-11,92.41
2014-02-12,94.83
2014-02-13,99.34
2014-02-14,102.56
2014-02-15,98.09
2014-02-16,97.61
2014-02-17,103.7
2014-02-18,114.46
2014-02-19,138.93
2014-02-20,151.84
2014-02-21,166.71
2014-02-22,171.07
2014-02-23,168.29
2014-02-24,156.71
2014-02-25,153.94
2014-02-26,143.37
2014-02-27,138.58
2014-02-28,128.01
2014-03-01,124.22
2014-03-02,118.44
2014-03-03,131.01
2014-03-04,142.58
2014-03-05,174.24
2014-03-06,217.11
2014-03-07,269.19
2014-03-08,298.13
2014-03-09,298.13
2014-03-10,286.56
2014-03-11,264.41
2014-03-12,241.26
2014-03-13,195.96
2014-03-14,167.03
2014-03-15,143.88
2014-03-16,132.31
2014-03-17,114.53
2014-03-18,117.53
2014-03-19,119.6
2014-03-20,115.52
2014-03-21,127.33
2014-03-22,139.68
2014-03-23,166.69
2014-03-24,192.84
2014-03-25,200.56
2014-03-26,183.89
2014-03-27,184.41
2014-03-28,183.56
2014-03-29,176.77
2014-03-30,188.81
2014-03-31,197.44
2014-04-01,217.56
2014-04-02,239.78
2014-04-03,251.78
2014-04-04,265.0
2014-04-05,271.22
2014-04-06,272.22
2014-04-07,260.11
2014-04-08,244.44
2014-04-09,238.89
2014-04-10,232.78
2014-04-11,227.78
2014-04-12,211.11
2014-04-13,194.44
2014-04-14,192.06
2014-04-15,186.34
2014-04-16,180.56
2014-04-17,175.77
2014-04-18,187.04
2014-04-19,177.78
2014-04-20,183.44
2014-04-21,197.44
2014-04-22,210.67
2014-04-23,214.67
2014-04-24,211.74
2014-04-25,193.49
2014-04-26,171.77
2014-04-27,148.62
2014-04-28,136.36
2014-04-29,135.33
2014-04-30,126.36
2014-05-01,122.47
2014-05-02,121.59
2014-05-03,120.22
2014-05-04,120.22
2014-05-05,115.13
2014-05-06,119.69
2014-05-07,122.5
2014-05-08,121.11
2014-05-09,122.66
2014-05-10,120.11
2014-05-11,118.1
2014-05-12,103.44
2014-05-13,93.49
2014-05-14,90.96
2014-05-15,84.08
2014-05-16,88.48
2014-05-17,84.39
2014-05-18,88.56
2014-05-19,88.22
2014-05-20,91.33
2014-05-21,88.33
2014-05-22,84.78
2014-05-23,85.33
2014-05-24,83.78
2014-05-25,84.78
2014-05-26,87.32
2014-05-27,88.18
2014-05-28,88.48
2014-05-29,84.78
2014-05-30,80.67
2014-05-31,80.11
2014-06-01,80.67
2014-06-02,75.11
2014-06-03,81.67
2014-06-04,71.56
2014-06-05,81.67
2014-06-06,80.67
2014-06-07,76.22
2014-06-08,76.22
2014-06-09,73.29
2014-06-10,75.6
2014-06-11,82.31
2014-06-12,81.78
2014-06-13,77.22
2014-06-14,77.22
2014-06-15,78.22
2014-06-16,72.67
2014-06-17,71.67
2014-06-18,67.11
2014-06-19,68.11
2014-06-20,68.11
2014-06-21,68.11
2014-06-22,63.56
2014-06-23,63.56
2014-06-24,66.56
2014-06-25,62.01
2014-06-26,64.56
2014-06-27,64.56
2014-06-28,59.0
2014-06-29,60.0
2014-06-30,60.0
2014-07-01,60.0
2014-07-02,55.44
2014-07-03,56.0
2014-07-04,58.56
2014-07-05,57.56
2014-07-06,57.56
2014-07-07,57.67
2014-07-08,53.46
2014-07-09,55.93
2014-07-10,56.63
2014-07-11,50.0
2014-07-12,50.0
2014-07-13,50.0
2014-07-14,48.44
2014-07-15,48.44
2014-07-16,49.44
2014-07-17,51.89
2014-07-18,51.33
2014-07-19,54.11
2014-07-20,58.58
2014-07-21,67.38
2014-07-22,72.24
2014-07-23,78.03
2014-07-24,86.44
2014-07-25,97.78
2014-07-26,104.49
2014-07-27,108.19
2014-07-28,107.5
2014-07-29,107.96
2014-07-30,107.96
2014-07-31,107.5
2014-08-01,103.33
2014-08-02,99.17
2014-08-03,95.15
2014-08-04,90.0
2014-08-05,82.06
2014-08-06,75.5
2014-08-07,66.78
2014-08-08,62.15
2014-08-09,56.75
2014-08-10,56.36
2014-08-11,56.59
2014-08-12,58.44
2014-08-13,58.75
2014-08-14,60.06
2014-08-15,56.59
2014-08-16,54.74
2014-08-17,52.89
2014-08-18,49.26
2014-08-19,47.41
2014-08-20,45.29
2014-08-21,43.38
2014-08-22,44.69
2014-08-23,44.92
2014-08-24,45.61
2014-08-25,45.92
2014-08-26,50.78
2014-08-27,49.87
2014-08-28,50.47
2014-08-29,49.47
2014-08-30,50.47
2014-08-31,49.47
2014-09-01,45.61
2014-09-02,40.75
2014-09-03,38.61
2014-09-04,41.33
2014-09-05,41.33
2014-09-06,41.33
2014-09-07,42.33
2014-09-08,36.47
2014-09-09,27.75
2014-09-10,27.75
2014-09-11,22.89
2014-09-12,22.89
2014-09-13,22.89
2014-09-14,28.75
2014-09-15,29.75
2014-09-16,29.75
2014-09-17,32.61
2014-09-18,28.75
2014-09-19,31.61
2014-09-20,35.61
2014-09-21,39.47
2014-09-22,39.47
2014-09-23,34.61
2014-09-24,29.75
2014-09-25,26.89
2014-09-26,28.89
2014-09-27,25.61
2014-09-28,21.89
2014-09-29,21.03
2014-09-30,16.17
2014-10-01,16.17
2014-10-02,16.03
2014-10-03,14.89
2014-10-04,14.19
2014-10-05,13.5
2014-10-06,13.19
2014-10-07,9.41
2014-10-08,11.33
2014-10-09,11.42
2014-10-10,11.51
2014-10-11,11.67
2014-10-12,12.37
2014-10-13,16.85
2014-10-14,16.54
2014-10-15,16.15
2014-10-16,19.85
2014-10-17,21.09
2014-10-18,23.33
2014-10-19,18.7
2014-10-20,16.85
2014-10-21,14.54
2014-10-22,17.55
2014-10-23,23.25
2014-10-24,27.8
2014-10-25,27.33
2014-10-26,27.8
2014-10-27,30.65
2014-10-28,38.98
2014-10-29,47.17
2014-10-30,53.75
2014-10-31,65.03
2014-11-01,82.62
2014-11-02,82.62
2014-11-03,65.57
2014-11-04,68.83
2014-11-05,80.17
2014-11-06,71.67
2014-11-07,58.26
2014-11-08,66.82
2014-11-09,75.62
2014-11-10,88.81
2014-11-11,110.81
2014-11-12,111.27
2014-11-13,107.33
2014-11-14,116.67
2014-11-15,132.33
2014-11-16,153.4
2014-11-17,159.19
2014-11-18,159.19
2014-11-19,168.98
2014-11-20,194.37
2014-11-21,218.29
2014-11-22,219.83
2014-11-23,235.57
2014-11-24,282.33
2014-11-25,314.67
2014-11-26,370.07
2014-11-27,433.19
2014-11-28,523.85
2014-11-29,620.61
2014-11-30,761.81
2014-12-01,994.15
2014-12-02,842.22
2014-12-03,820.86
2014-12-04,741.08
2014-12-05,645.86
2014-12-06,579.81
2014-12-07,509.89
2014-12-08,461.28
2014-12-09,441.83
2014-12-10,416.53
2014-12-11,413.67
2014-12-12,420.23
2014-12-13,438.98
2014-12-14,471.85
2014-12-15,489.37
2014-12-16,490.37
2014-12-17,461.27
2014-12-18,435.19
2014-12-19,402.71
2014-12-20,387.9
2014-12-21,376.09
2014-12-22,363.59
2014-12-23,317.76
2014-12-24,320.07
2014-12-25,297.08
2014-12-26,290.14
2014-12-27,301.02
2014-12-28,285.97
2014-12-29,270.69
2014-12-30,245.0
2014-12-31,226.94
2015-01-01,191.3
2015-01-02,188.06
2015-01-03,177.33
2015-01-04,187.06
2015-01-05,206.5
2015-01-06,206.33
2015-01-07,206.33
2015-01-08,191.22
2015-01-09,177.56
2015-01-10,177.56
2015-01-11,122.0
2015-01-12,122.0
2015-01-13,117.44
2015-01-14,116.44
2015-01-15,110.89
2015-01-16,94.22
2015-01-17,77.56
2015-01-18,66.44
2015-01-19,56.0
2015-01-20,56.0
2015-01-21,60.67
2015-01-22,80.11
2015-01-23,99.09
2015-01-24,120.0
2015-01-25,139.91
2015-01-26,167.61
2015-01-27,191.06
2015-01-28,216.22
2015-01-29,232.89
2015-01-30,230.11
2015-01-31,202.33
2015-02-01,191.22
2015-02-02,163.44
2015-02-03,157.89
2015-02-04,230.11
2015-02-05,396.78
2015-02-06,676.56
2015-02-07,787.2
2015-02-08,859.89
2015-02-09,914.44
2015-02-10,947.55
2015-02-11,932.66
2015-02-12,857.78
2015-02-13,753.78
2015-02-14,636.02
2015-02-15,545.67
2015-02-16,490.11
2015-02-17,467.89
2015-02-18,479.0
2015-02-19,512.33
2015-02-20,529.46
2015-02-21,531.0
2015-02-22,514.33
2015-02-23,499.69
2015-02-24,470.89
2015-02-25,450.21
2015-02-26,439.03
2015-02-27,430.46
2015-02-28,452.69
2015-03-01,457.78
2015-03-02,436.02
2015-03-03,448.74
2015-03-04,439.94
2015-03-05,454.22
2015-03-06,474.52
2015-03-07,478.3
2015-03-08,493.57
2015-03-09,534.7
2015-03-10,620.19
2015-03-11,746.51
2015-03-12,949.06
2015-03-13,1530.76
2015-03-14,1076.37
2015-03-15,1026.29
2015-03-16,982.46
2015-03-17,971.05
2015-03-18,938.17
2015-03-19,905.55
2015-03-20,906.55
2015-03-21,932.17
2015-03-22,1002.61
2015-03-23,1070.74
2015-03-24,1125.02
2015-03-25,1138.08
2015-03-26,1096.0
2015-03-27,1099.52
2015-03-28,960.63
2015-03-29,895.7
2015-03-30,828.8
2015-03-31,748.98
2015-04-01,775.76
2015-04-02,706.0
2015-04-03,726.15
2015-04-04,667.96
2015-04-05,694.74
2015-04-06,667.77
2015-04-07,577.88
2015-04-08,512.56
2015-04-09,491.61
2015-04-10,423.71
2015-04-11,426.22
2015-04-12,420.16
2015-04-13,349.26
2015-04-14,365.72
2015-04-15,310.05
2015-04-16,304.65
2015-04-17,302.22
2015-04-18,310.05
2015-04-19,330.19
2015-04-20,339.24
2015-04-21,362.08
2015-04-22,342.85
2015-04-23,340.42
2015-04-24,346.25
2015-04-25,348.1
2015-04-26,334.17
2015-04-27,309.05
2015-04-28,304.65
2015-04-29,302.22
2015-04-30,232.39
2015-05-01,273.39
2015-05-02,278.27
2015-05-03,270.39
2015-05-04,253.2
2015-05-05,288.37
2015-05-06,274.07
2015-05-07,345.03
2015-05-08,271.19
2015-05-09,272.39
2015-05-10,348.66
2015-05-11,424.97
2015-05-12,422.11
2015-05-13,349.58
2015-05-14,277.39
2015-05-15,282.27
2015-05-16,274.39
2015-05-17,275.5
2015-05-18,272.07
2015-05-19,237.04
2015-05-20,213.81
2015-05-21,207.15
2015-05-22,196.32
2015-05-23,216.9
2015-05-24,205.53
2015-05-25,210.33
2015-05-26,211.21
2015-05-27,226.9
2015-05-28,228.0
2015-05-29,220.52
2015-05-30,227.93
2015-05-31,232.71
2015-06-01,231.55
2015-06-02,224.67
2015-06-03,224.67
2015-06-04,219.61
2015-06-05,209.45
2015-06-06,219.2
2015-06-07,204.3
2015-06-08,199.7
2015-06-09,191.0
2015-06-10,188.5
2015-06-11,188.45
2015-06-12,167.7
2015-06-13,162.37
2015-06-14,163.26
2015-06-15,165.85
2015-06-16,158.98
2015-06-17,152.32
2015-06-18,155.91
2015-06-19,163.26
2015-06-20,167.77
2015-06-21,166.62
2015-06-22,152.22
2015-06-23,155.85
2015-06-24,143.85
2015-06-25,142.42
2015-06-26,144.34
2015-06-27,145.22
2015-06-28,137.04
2015-06-29,129.63
2015-06-30,133.99
2015-07-01,147.34
2015-07-02,148.76
2015-07-03,142.53
2015-07-04,137.04
2015-07-05,157.75
2015-07-06,148.34
2015-07-07,145.53
2015-07-08,152.22
2015-07-09,142.38
2015-07-10,135.12
2015-07-11,122.25
2015-07-12,127.39
2015-07-13,123.44
2015-07-14,115.5
2015-07-15,130.59
2015-07-16,112.13
2015-07-17,117.3
2015-07-18,130.39
2015-07-19,109.56
2015-07-20,109.56
2015-07-21,100.61
2015-07-22,102.49
2015-07-23,103.59
2015-07-24,103.44
2015-07-25,94.67
2015-07-26,87.72
2015-07-27,89.04
2015-07-28,100.63
2015-07-29,95.95
2015-07-30,95.67
2015-07-31,96.67
2015-08-01,94.99
2015-08-02,93.93
2015-08-03,89.77
2015-08-04,87.72
2015-08-05,90.61
2015-08-06,81.78
2015-08-07,81.78
2015-08-08,80.5
2015-08-09,73.79
2015-08-10,75.78
2015-08-11,65.85
2015-08-12,64.56
2015-08-13,73.83
2015-08-14,67.31
2015-08-15,61.33
2015-08-16,62.45
2015-08-17,62.29
2015-08-18,57.29
2015-08-19,54.76
2015-08-20,47.0
2015-08-21,53.54
2015-08-22,51.46
2015-08-23,52.19
2015-08-24,48.92
2015-08-25,46.49
2015-08-26,47.54
2015-08-27,45.25
2015-08-28,43.45
2015-08-29,49.42
2015-08-30,47.09
2015-08-31,47.21
2015-09-01,50.57
2015-09-02,45.71
2015-09-03,49.96
2015-09-04,53.16
2015-09-05,53.23
2015-09-06,52.77
2015-09-07,49.14
2015-09-08,54.15
2015-09-09,57.76
2015-09-10,72.67
2015-09-11,93.06
2015-09-12,135.49
2015-09-13,181.79
2015-09-14,206.56
2015-09-15,182.79
2015-09-16,168.9
2015-09-17,164.19
2015-09-18,158.78
2015-09-19,142.57
2015-09-20,123.82
2015-09-21,110.71
2015-09-22,105.69
2015-09-23,94.44
2015-09-24,79.69
2015-09-25,69.28
2015-09-26,68.35
2015-09-27,62.56
2015-09-28,57.78
2015-09-29,58.12
2015-09-30,56.06
2015-10-01,51.61
2015-10-02,46.95
2015-10-03,39.04
2015-10-04,34.25
2015-10-05,35.46
2015-10-06,31.68
2015-10-07,26.89
2015-10-08,28.89
2015-10-09,25.89
2015-10-10,21.98
2015-10-11,24.09
2015-10-12,23.14
2015-10-13,22.38
2015-10-14,27.44
2015-10-15,29.23
2015-10-16,27.89
2015-10-17,29.38
2015-10-18,30.31
2015-10-19,30.76
2015-10-20,30.61
2015-10-21,29.93
2015-10-22,32.78
2015-10-23,30.78
2015-10-24,35.87
2015-10-25,31.78
2015-10-26,30.22
2015-10-27,29.78
2015-10-28,37.78
2015-10-29,46.98
2015-10-30,43.67
2015-10-31,46.89
2015-11-01,43.89
2015-11-02,39.33
2015-11-03,40.89
2015-11-04,40.75
2015-11-05,49.05
2015-11-06,57.56
2015-11-07,58.56
2015-11-08,64.11
2015-11-09,62.56
2015-11-10,59.16
2015-11-11,52.42
2015-11-12,57.56
2015-11-13,65.11
2015-11-14,74.89
2015-11-15,87.93
2015-11-16,105.4
2015-11-17,133.51
2015-11-18,159.91
2015-11-19,160.99
2015-11-20,202.18
2015-11-21,464.39
2015-11-22,467.39
2015-11-23,317.24
2015-11-24,369.41
2015-11-25,402.28
2015-11-26,375.61
2015-11-27,266.17
2015-11-28,237.87
2015-11-29,244.89
2015-11-30,213.95
2015-12-01,162.06
2015-12-02,143.67
2015-12-03,159.79
2015-12-04,219.28
2015-12-05,230.0
2015-12-06,273.75
2015-12-07,375.83
2015-12-08,502.22
2015-12-09,581.86
2015-12-10,563.42
2015-12-11,571.7
2015-12-12,574.87
2015-12-13,539.78
2015-12-14,432.17
2015-12-15,373.83
2015-12-16,403.0
2015-12-17,500.22
2015-12-18,522.0
2015-12-19,459.02
2015-12-20,417.28
2015-12-21,383.63
2015-12-22,345.89
2015-12-23,317.35
2015-12-24,266.89
2015-12-25,228.93
2015-12-26,197.06
2015-12-27,176.53
2015-12-28,186.25
2015-12-29,181.39
2015-12-30,203.72
2015-12-31,239.33
2016-01-01,259.78
2016-01-02,280.22
2016-01-03,293.81
2016-01-04,322.97
2016-01-05,323.97
2016-01-06,293.69
2016-01-07,319.44
2016-01-08,338.89
2016-01-09,348.61
2016-01-10,320.44
2016-01-11,280.0
2016-01-12,329.78
2016-01-13,446.44
2016-01-14,591.28
2016-01-15,638.89
2016-01-16,742.91
2016-01-17,922.44
2016-01-18,1416.11
2016-01-19,1922.19
2016-01-20,2473.39
2016-01-21,2945.98
2016-01-22,3134.21
2016-01-23,2966.34
2016-01-24,2377.36
2016-01-25,1820.88
2016-01-26,1479.64
2016-01-27,1316.2
2016-01-28,1280.45
2016-01-29,1369.55
2016-01-30,1371.63
2016-01-31,1341.96
2016-02-01,1262.51
2016-02-02,1176.51
2016-02-03,1052.78
2016-02-04,982.68
2016-02-05,851.53
2016-02-06,721.44
2016-02-07,656.5
2016-02-08,624.3
2016-02-09,578.25
2016-02-10,512.78
2016-02-11,496.76
2016-02-12,483.88
2016-02-13,458.47
2016-02-14,402.77
2016-02-15,388.99
2016-02-16,395.98
2016-02-17,401.32
2016-02-18,382.1
2016-02-19,382.33
2016-02-20,381.67
2016-02-21,442.32
2016-02-22,466.38
2016-02-23,481.92
2016-02-24,448.45
2016-02-25,438.95
2016-02-26,420.84
2016-02-27,417.17
2016-02-28,409.07
2016-02-29,433.87
2016-03-01,460.57
2016-03-02,464.92
2016-03-03,478.22
2016-03-04,605.85
2016-03-05,745.12
2016-03-06,823.98
2016-03-07,742.19
2016-03-08,614.66
2016-03-09,618.56
2016-03-10,571.16
2016-03-11,547.94
2016-03-12,502.53
2016-03-13,461.2
2016-03-14,474.95
2016-03-15,514.37
2016-03-16,553.37
2016-03-17,545.0
2016-03-18,435.84
2016-03-19,377.92
2016-03-20,320.44
2016-03-21,277.14
2016-03-22,263.83
2016-03-23,256.32
2016-03-24,260.95
2016-03-25,276.69
2016-03-26,294.3
2016-03-27,331.45
2016-03-28,345.14
2016-03-29,369.39
2016-03-30,401.13
2016-03-31,432.89
2016-04-01,405.7
2016-04-02,367.62
2016-04-03,330.33
2016-04-04,290.68
2016-04-05,263.59
2016-04-06,241.93
2016-04-07,225.93
2016-04-08,216.36
2016-04-09,201.61
2016-04-10,192.82
2016-04-11,187.84
2016-04-12,179.26
2016-04-13,172.93
2016-04-14,172.92
2016-04-15,172.91
2016-04-16,168.58
2016-04-17,168.63
2016-04-18,165.22
2016-04-19,172.9
2016-04-20,172.93
2016-04-21,164.17
2016-04-22,164.06
2016-04-23,164.04
2016-04-24,164.02
2016-04-25,156.63
2016-04-26,156.62
2016-04-27,156.59
2016-04-28,156.56
2016-04-29,156.4
2016-04-30,155.67
2016-05-01,160.69
2016-05-02,170.41
2016-05-03,170.39
2016-05-04,177.79
2016-05-05,191.24
2016-05-06,182.59
2016-05-07,167.78
2016-05-08,160.36
2016-05-09,160.42
2016-05-10,153.07
2016-05-11,153.06
2016-05-12,152.89
2016-05-13,152.68
2016-05-14,152.59
2016-05-15,145.92
2016-05-16,144.34
2016-05-17,147.86
2016-05-18,144.3
2016-05-19,137.01
2016-05-20,121.66
2016-05-21,122.87
2016-05-22,120.08
2016-05-23,121.81
2016-05-24,117.09
2016-05-25,113.81
2016-05-26,111.16
2016-05-27,115.11
2016-05-28,127.56
2016-05-29,114.92
2016-05-30,105.47
2016-05-31,104.96
2016-06-01,100.1
2016-06-02,101.34
2016-06-03,100.98
2016-06-04,106.36
2016-06-05,114.09
2016-06-06,150.98
2016-06-07,204.46
2016-06-08,250.85
2016-06-09,235.53
2016-06-10,203.63
2016-06-11,176.98
2016-06-12,175.29
2016-06-13,159.59
2016-06-14,136.99
2016-06-15,113.9
2016-06-16,109.25
2016-06-17,109.69
2016-06-18,109.7
2016-06-19,100.26
2016-06-20,98.67
2016-06-21,91.48
2016-06-22,92.58
2016-06-23,95.25
2016-06-24,95.2
2016-06-25,94.44
2016-06-26,91.61
2016-06-27,99.48
2016-06-28,99.5
2016-06-29,95.28
2016-06-30,95.82
2016-07-01,87.27
2016-07-02,80.19
2016-07-03,81.03
2016-07-04,78.12
2016-07-05,78.45
2016-07-06,73.63
2016-07-07,78.73
2016-07-08,78.07
2016-07-09,81.07
2016-07-10,77.57
2016-07-11,73.28
2016-07-12,71.72
2016-07-13,67.94
2016-07-14,67.21
2016-07-15,72.43
2016-07-16,74.84
2016-07-17,79.35
2016-07-18,79.67
2016-07-19,80.04
2016-07-20,80.16
2016-07-21,75.62
2016-07-22,73.44
2016-07-23,75.94
2016-07-24,73.66
2016-07-25,73.75
2016-07-26,75.36
2016-07-27,74.18
2016-07-28,75.36
2016-07-29,72.18
2016-07-30,78.57
2016-07-31,78.5
2016-08-01,69.18
2016-08-02,64.63
2016-08-03,61.07
2016-08-04,68.22
2016-08-05,68.91
2016-08-06,62.73
2016-08-07,63.68
2016-08-08,62.53
2016-08-09,64.89
2016-08-10,66.09
2016-08-11,63.25
2016-08-12,62.71
2016-08-13,64.62
2016-08-14,57.14
2016-08-15,58.96
2016-08-16,57.0
2016-08-17,57.49
2016-08-18,57.12
2016-08-19,57.14
2016-08-20,58.13
2016-08-21,62.92
2016-08-22,59.38
2016-08-23,58.43
2016-08-24,56.77
2016-08-25,53.71
2016-08-26,47.5
2016-08-27,47.46
2016-08-28,38.49
2016-08-29,40.27
2016-08-30,42.83
2016-08-31,37.48
2016-09-01,34.25
2016-09-02,35.54
2016-09-03,33.74
2016-09-04,36.23
2016-09-05,28.39
2016-09-06,25.67
2016-09-07,26.63
2016-09-08,31.77
2016-09-09,32.93
2016-09-10,27.37
2016-09-11,26.22
2016-09-12,23.33
2016-09-13,25.44
2016-09-14,25.85
2016-09-15,25.89
2016-09-16,30.75
2016-09-17,38.37
2016-09-18,41.52
2016-09-19,46.2
2016-09-20,42.6
2016-09-21,41.02
2016-09-22,37.67
2016-09-23,51.53
2016-09-24,57.88
2016-09-25,47.0
2016-09-26,47.85
2016-09-27,54.7
2016-09-28,59.41
2016-09-29,49.34
2016-09-30,49.96
2016-10-01,46.25
2016-10-02,50.79
2016-10-03,92.58
2016-10-04,179.87
2016-10-05,237.91
2016-10-06,208.47
2016-10-07,137.77
2016-10-08,144.52
2016-10-09,150.82
2016-10-10,134.31
2016-10-11,131.38
2016-10-12,111.57
2016-10-13,77.16
2016-10-14,46.26
2016-10-15,39.47
2016-10-16,43.56
2016-10-17,55.43
2016-10-18,69.46
2016-10-19,91.5
2016-10-20,89.8
2016-10-21,73.09
2016-10-22,41.17
2016-10-23,28.84
2016-10-24,22.62
2016-10-25,22.35
2016-10-26,35.65
2016-10-27,49.27
2016-10-28,64.46
2016-10-29,48.94
2016-10-30,41.53
2016-10-31,36.84
2016-11-01,32.07
2016-11-02,43.6
2016-11-03,42.54
2016-11-04,37.39
2016-11-05,32.16
2016-11-06,32.87
2016-11-07,27.8
2016-11-08,32.6
2016-11-09,65.21
2016-11-10,118.46
2016-11-11,131.51
2016-11-12,126.08
2016-11-13,125.76
2016-11-14,236.72
2016-11-15,292.02
2016-11-16,403.07
2016-11-17,467.54
2016-11-18,696.71
2016-11-19,874.96
2016-11-20,786.88
2016-11-21,671.85
2016-11-22,597.09
2016-11-23,513.02
2016-11-24,456.93
2016-11-25,408.31
2016-11-26,350.2
2016-11-27,318.04
2016-11-28,306.75
2016-11-29,323.45
2016-11-30,322.17
2016-12-01,310.6
2016-12-02,283.04
2016-12-03,279.05
2016-12-04,306.84
2016-12-05,362.17
2016-12-06,482.2
2016-12-07,532.83
2016-12-08,648.19
2016-12-09,821.32
2016-12-10,791.87
2016-12-11,675.86
2016-12-12,617.7
2016-12-13,674.99
2016-12-14,815.36
2016-12-15,1138.75
2016-12-16,1653.75
2016-12-17,1410.03
2016-12-18,1120.01
2016-12-19,974.74
2016-12-20,800.72
2016-12-21,731.99
2016-12-22,659.9
2016-12-23,599.38
2016-12-24,529.69
2016-12-25,429.83
2016-12-26,389.6
2016-12-27,361.78
2016-12-28,340.9
2016-12-29,343.03
2016-12-30,329.39
2016-12-31,305.66
2017-01-01,283.67
2017-01-02,290.77
2017-01-03,273.41
2017-01-04,233.13
2017-01-05,233.13
2017-01-06,232.44
2017-01-07,230.81
2017-01-08,230.81
2017-01-09,224.33
2017-01-10,217.85
2017-01-11,230.81
2017-01-12,286.83
2017-01-13,353.96
2017-01-14,452.11
2017-01-15,630.28
2017-01-16,824.72
2017-01-17,691.78
2017-01-18,550.2
2017-01-19,499.65
2017-01-20,479.5
2017-01-21,460.41
2017-01-22,439.23
2017-01-23,408.49
2017-01-24,378.68
2017-01-25,348.46
2017-01-26,314.9
2017-01-27,268.08
2017-01-28,227.57
2017-01-29,214.38
2017-01-30,229.89
2017-01-31,272.61
2017-02-01,335.0
2017-02-02,368.52
2017-02-03,383.95
2017-02-04,430.34
2017-02-05,554.23
2017-02-06,733.86
2017-02-07,789.3
2017-02-08,802.87
2017-02-09,738.74
2017-02-10,698.7
2017-02-11,640.83
2017-02-12,531.92
2017-02-13,421.67
2017-02-14,359.06
2017-02-15,296.56
2017-02-16,261.83
2017-02-17,244.17
2017-02-18,223.36
2017-02-19,210.05
2017-02-20,193.68
2017-02-21,180.78
2017-02-22,166.89
2017-02-23,177.78
2017-02-24,192.67
2017-02-25,220.44
2017-02-26,216.44
2017-02-27,248.44
2017-02-28,262.44
2017-03-01,262.44
2017-03-02,262.44
2017-03-03,261.44
2017-03-04,226.72
2017-03-05,293.85
2017-03-06,259.01
2017-03-07,259.13
2017-03-08,272.58
2017-03-09,242.8
2017-03-10,261.44
2017-03-11,226.72
2017-03-12,232.72
2017-03-13,206.83
2017-03-14,202.89
2017-03-15,209.83
2017-03-16,202.89
2017-03-17,192.0
2017-03-18,192.0
2017-03-19,212.83
2017-03-20,239.61
2017-03-21,261.44
2017-03-22,260.44
2017-03-23,292.17
2017-03-24,292.17
2017-03-25,292.17
2017-03-26,257.44
2017-03-27,247.56
2017-03-28,222.72
2017-03-29,187.17
2017-03-30,168.39
2017-03-31,161.44
2017-04-01,168.39
2017-04-02,161.44
2017-04-03,168.39
2017-04-04,160.44
2017-04-05,144.56
2017-04-06,145.56
2017-04-07,145.56
2017-04-08,148.56
2017-04-09,147.56
2017-04-10,148.56
2017-04-11,147.56
2017-04-12,148.56
2017-04-13,150.75
2017-04-14,137.44
2017-04-15,130.79
2017-04-16,137.5
2017-04-17,128.42
2017-04-18,127.72
2017-04-19,134.67
2017-04-20,132.83
2017-04-21,135.89
2017-04-22,135.89
2017-04-23,122.0
2017-04-24,119.34
2017-04-25,107.14
2017-04-26,109.43
2017-04-27,102.17
2017-04-28,127.94
2017-04-29,126.94
2017-04-30,141.83
2017-05-01,162.67
2017-05-02,169.27
2017-05-03,172.08
2017-05-04,164.44
2017-05-05,151.13
2017-05-06,144.15
2017-05-07,141.83
2017-05-08,140.83
2017-05-09,140.83
2017-05-10,153.78
2017-05-11,171.72
2017-05-12,170.72
2017-05-13,150.89
2017-05-14,143.94
2017-05-15,130.06
2017-05-16,120.06
2017-05-17,115.37
2017-05-18,113.75
2017-05-19,111.22
2017-05-20,118.17
2017-05-21,176.62
2017-05-22,176.73
2017-05-23,170.13
2017-05-24,189.93
2017-05-25,236.22
2017-05-26,243.17
2017-05-27,264.0
2017-05-28,250.11
2017-05-29,229.28
2017-05-30,183.67
2017-05-31,177.72
2017-06-01,162.93
2017-06-02,129.68
2017-06-03,108.0
2017-06-04,96.35
2017-06-05,84.12
2017-06-06,83.97
2017-06-07,75.11
2017-06-08,77.56
2017-06-09,75.43
2017-06-10,77.44
2017-06-11,77.21
2017-06-12,64.63
2017-06-13,52.78
2017-06-14,57.29
2017-06-15,59.28
2017-06-16,53.44
2017-06-17,54.42
2017-06-18,52.1
2017-06-19,59.39
2017-06-20,65.93
2017-06-21,65.93
2017-06-22,62.36
2017-06-23,67.84
2017-06-24,64.56
2017-06-25,69.07
2017-06-26,65.44
2017-06-27,51.78
2017-06-28,43.52
2017-06-29,31.83
2017-06-30,31.49
2017-07-01,29.4
2017-07-02,28.67
2017-07-03,32.05
2017-07-04,31.19
2017-07-05,27.33
2017-07-06,27.33
2017-07-07,27.8
2017-07-08,28.16
2017-07-09,28.56
2017-07-10,35.67
2017-07-11,23.63
2017-07-12,22.17
2017-07-13,26.19
2017-07-14,23.51
2017-07-15,24.25
2017-07-16,19.85
2017-07-17,27.33
2017-07-18,21.31
2017-07-19,18.07
2017-07-20,16.76
2017-07-21,17.22
2017-07-22,15.6
2017-07-23,20.23
2017-07-24,
2017-07-25,
2017-07-26,
2017-07-27,
2017-07-28,
2017-07-29,
2017-07-30,
2017-07-31,
2017-08-01,
2017-08-02,
2017-08-03,
2017-08-04,
2017-08-05,
2017-08-06,
2017-08-07,
2017-08-08,24.16
2017-08-09,24.16
2017-08-10,25.16
2017-08-11,19.37
2017-08-12,25.16
2017-08-13,25.16
2017-08-14,25.16
2017-08-15,26.16
2017-08-16,27.16
2017-08-17,27.16
2017-08-18,32.94
2017-08-19,51.31
2017-08-20,51.31
2017-08-21,42.28
2017-08-22,25.61
2017-08-23,17.81
2017-08-24,16.89
2017-08-25,19.83
2017-08-26,13.48
2017-08-27,18.11
2017-08-28,12.09
2017-08-29,14.5
2017-08-30,9.7
2017-08-31,13.1
2017-09-01,10.55
2017-09-02,12.47
2017-09-03,11.62
2017-09-04,9.61
2017-09-05,11.93
2017-09-06,16.09
2017-09-07,17.56
2017-09-08,7.68
2017-09-09,6.75
2017-09-10,9.91
2017-09-11,7.52
2017-09-12,0.11
2017-09-13,0.67
2017-09-14,7.67
2017-09-15,5.56
2017-09-16,7.94
2017-09-17,10.26
2017-09-18,4.56
2017-09-19,4.56
2017-09-20,0.11
2017-09-21,4.56
2017-09-22,5.56
2017-09-23,1.0
2017-09-24,8.56
2017-09-25,6.39
2017-09-26,4.15
2017-09-27,7.0
2017-09-28,4.44
2017-09-29,12.56
2017-09-30,1.44
2017-10-01,8.0
2017-10-02,9.0
2017-10-03,8.0
2017-10-04,4.06
2017-10-05,8.4
2017-10-06,4.0
2017-10-07,4.0
2017-10-08,5.0
2017-10-09,0.44
2017-10-10,0.44
2017-10-11,3.33
2017-10-12,3.33
2017-10-13,2.14
2017-10-14,2.21
2017-10-15,2.44
2017-10-16,2.44
2017-10-17,4.44
2017-10-18,2.67
2017-10-19,5.91
2017-10-20,6.6
2017-10-21,15.86
2017-10-22,16.09
2017-10-23,17.48
2017-10-24,16.09
2017-10-25,15.44
2017-10-26,15.57
2017-10-27,19.1
2017-10-28,16.64
2017-10-29,19.11
2017-10-30,17.27
2017-10-31,18.56
2017-11-01,24.97
2017-11-02,30.14
2017-11-03,33.84
2017-11-04,44.64
2017-11-05,60.23
2017-11-06,68.94
2017-11-07,60.22
2017-11-08,50.5
2017-11-09,46.64
2017-11-10,42.78
2017-11-11,42.78
2017-11-12,47.64
2017-11-13,47.5
2017-11-14,47.56
2017-11-15,52.5
2017-11-16,58.83
2017-11-17,75.14
2017-11-18,80.0
2017-11-19,128.61
2017-11-20,152.92
2017-11-21,201.53
2017-11-22,254.14
2017-11-23,300.75
2017-11-24,372.67
2017-11-25,419.28
2017-11-26,467.89
2017-11-27,463.03
2017-11-28,474.75
2017-11-29,479.15
2017-11-30,351.68
2017-12-01,418.55
2017-12-02,772.13
2017-12-03,1075.37
2017-12-04,1236.15
2017-12-05,1279.44
2017-12-06,1391.5
2017-12-07,1419.76
2017-12-08,1414.33
2017-12-09,1290.65
2017-12-10,1080.0
2017-12-11,967.89
2017-12-12,868.35
2017-12-13,745.67
2017-12-14,633.56
2017-12-15,578.0
2017-12-16,534.02
2017-12-17,500.22
2017-12-18,433.56
2017-12-19,352.78
2017-12-20,275.39
2017-12-21,270.76
2017-12-22,270.76
2017-12-23,270.76
2017-12-24,250.61
2017-12-25,245.98
2017-12-26,246.67
2017-12-27,253.61
2017-12-28,251.3
2017-12-29,246.67
2017-12-30,251.3
2017-12-31,253.61
2018-01-01,291.11
2018-01-02,378.15
2018-01-03,415.65
2018-01-04,424.91
2018-01-05,474.83
2018-01-06,541.96
2018-01-07,692.43
2018-01-08,896.52
2018-01-09,1099.76
2018-01-10,1223.83
2018-01-11,1176.54
2018-01-12,1083.94
2018-01-13,920.91
2018-01-14,771.44
2018-01-15,695.44
2018-01-16,571.83
2018-01-17,519.91
2018-01-18,473.15
2018-01-19,449.98
2018-01-20,397.67
2018-01-21,363.64
2018-01-22,367.34
2018-01-23,373.82
2018-01-24,315.95
2018-01-25,277.76
2018-01-26,249.52
2018-01-27,253.61
2018-01-28,268.96
2018-01-29,287.41
2018-01-30,317.5
2018-01-31,359.63
2018-02-01,406.39
2018-02-02,478.15
2018-02-03,541.96
2018-02-04,671.48
2018-02-05,693.74
2018-02-06,755.04
2018-02-07,757.13
2018-02-08,754.04
2018-02-09,756.13
2018-02-10,759.87
2018-02-11,754.04
2018-02-12,689.11
2018-02-13,614.92
2018-02-14,558.6
2018-02-15,553.85
2018-02-16,487.29
2018-02-17,494.47
2018-02-18,461.94
2018-02-19,425.06
2018-02-20,450.53
2018-02-21,496.67
2018-02-22,622.98
2018-02-23,704.0
2018-02-24,796.59
2018-02-25,847.44
2018-02-26,902.15
2018-02-27,802.54
2018-02-28,777.54
2018-03-01,786.87
2018-03-02,787.87
2018-03-03,758.24
2018-03-04,787.38
2018-03-05,801.71
2018-03-06,801.71
2018-03-07,755.93
2018-03-08,709.21
2018-03-09,790.48
2018-03-10,981.75
2018-03-11,1161.51
2018-03-12,1282.64
2018-03-13,1129.91
2018-03-14,1024.83
2018-03-15,920.72
2018-03-16,804.06
2018-03-17,722.78
2018-03-18,676.74
2018-03-19,614.81
2018-03-20,605.27
2018-03-21,589.87
2018-03-22,541.38
2018-03-23,496.81
2018-03-24,471.2
2018-03-25,462.94
2018-03-26,447.67
2018-03-27,425.44
2018-03-28,379.97
2018-03-29,327.6
2018-03-30,287.28
2018-03-31,294.8
2018-04-01,291.98
2018-04-02,294.77
2018-04-03,313.48
2018-04-04,317.09
2018-04-05,357.34
2018-04-06,386.67
2018-04-07,391.56
2018-04-08,362.95
2018-04-09,323.12
2018-04-10,277.0
2018-04-11,256.03
2018-04-12,225.41
2018-04-13,201.7
2018-04-14,211.84
2018-04-15,224.41
2018-04-16,233.02
2018-04-17,237.6
2018-04-18,234.51
2018-04-19,227.13
2018-04-20,217.04
2018-04-21,207.37
2018-04-22,199.32
2018-04-23,196.67
2018-04-24,188.33
2018-04-25,163.33
2018-04-26,138.33
2018-04-27,147.82
2018-04-28,148.52
2018-04-29,139.95
2018-04-30,139.95
2018-05-01,122.8
2018-05-02,131.32
2018-05-03,131.41
2018-05-04,130.46
2018-05-05,139.95
2018-05-06,131.39
2018-05-07,130.82
2018-05-08,117.13
2018-05-09,113.0
2018-05-10,122.0
2018-05-11,122.0
2018-05-12,122.0
2018-05-13,122.0
2018-05-14,122.0
2018-05-15,122.0
2018-05-16,127.44
2018-05-17,126.87
2018-05-18,126.87
2018-05-19,126.87
2018-05-20,127.44
2018-05-21,124.87
2018-05-22,116.31
2018-05-23,106.61
2018-05-24,103.98
2018-05-25,114.59
2018-05-26,106.68
2018-05-27,104.07
2018-05-28,120.05
2018-05-29,118.48
2018-05-30,101.35
2018-05-31,103.67
2018-06-01,103.67
2018-06-02,107.33
2018-06-03,115.33
2018-06-04,106.03
2018-06-05,104.22
2018-06-06,104.27
2018-06-07,112.79
2018-06-08,112.79
2018-06-09,112.68
2018-06-10,112.89
2018-06-11,112.79
2018-06-12,112.79
2018-06-13,110.71
2018-06-14,108.65
2018-06-15,108.81
2018-06-16,101.06
2018-06-17,100.94
2018-06-18,101.1
2018-06-19,101.13
2018-06-20,92.69
2018-06-21,81.99
2018-06-22,79.41
2018-06-23,78.82
2018-06-24,73.25
2018-06-25,73.27
2018-06-26,65.47
2018-06-27,65.7
2018-06-28,65.48
2018-06-29,66.69
2018-06-30,66.34
2018-07-01,61.62
2018-07-02,69.71
2018-07-03,64.62
2018-07-04,66.7
2018-07-05,64.53
2018-07-06,64.59
2018-07-07,59.99
2018-07-08,59.83
2018-07-09,60.06
2018-07-10,51.85
2018-07-11,49.36
2018-07-12,52.83
2018-07-13,53.14
2018-07-14,54.91
2018-07-15,62.78
2018-07-16,48.27
2018-07-17,48.5
2018-07-18,44.11
2018-07-19,50.36
2018-07-20,46.65
2018-07-21,48.5
2018-07-22,48.28
2018-07-23,49.49
2018-07-24,56.94
2018-07-25,57.12
2018-07-26,54.95
2018-07-27,45.97
2018-07-28,36.84
2018-07-29,37.72
2018-07-30,37.95
2018-07-31,37.73
2018-08-01,37.93
2018-08-02,37.84
2018-08-03,38.72
2018-08-04,38.95
2018-08-05,46.36
2018-08-06,46.59
2018-08-07,47.45
2018-08-08,39.76
2018-08-09,47.56
2018-08-10,47.36
2018-08-11,55.23
2018-08-12,51.02
2018-08-13,55.2
2018-08-14,56.09
2018-08-15,56.06
2018-08-16,56.18
2018-08-17,53.0
2018-08-18,51.23
2018-08-19,51.0
2018-08-20,51.23
2018-08-21,52.04
2018-08-22,52.16
2018-08-23,52.13
2018-08-24,52.02
2018-08-25,59.84
2018-08-26,60.63
2018-08-27,53.23
2018-08-28,53.0
2018-08-29,45.59
2018-08-30,45.43
2018-08-31,37.81
2018-09-01,46.54
2018-09-02,34.85
2018-09-03,31.01
2018-09-04,24.02
2018-09-05,26.24
2018-09-06,17.24
2018-09-07,25.46
2018-09-08,26.78
2018-09-09,17.26
2018-09-10,23.9
2018-09-11,14.52
2018-09-12,15.86
2018-09-13,25.05
2018-09-14,18.99
2018-09-15,16.83
2018-09-16,24.61
2018-09-17,34.24
2018-09-18,32.65
2018-09-19,44.93
2018-09-20,56.41
2018-09-21,63.23
2018-09-22,67.93
2018-09-23,71.87
2018-09-24,82.56
2018-09-25,100.29
2018-09-26,104.97
2018-09-27,94.78
2018-09-28,89.23
2018-09-29,76.12
2018-09-30,65.0
2018-10-01,50.31
2018-10-02,35.22
2018-10-03,32.79
2018-10-04,36.03
2018-10-05,43.86
2018-10-06,67.62
2018-10-07,74.3
2018-10-08,81.82
2018-10-09,81.67
2018-10-10,88.61
2018-10-11,111.64
2018-10-12,122.23
2018-10-13,133.81
2018-10-14,122.33
2018-10-15,121.33
2018-10-16,135.22
2018-10-17,136.22
2018-10-18,143.17
2018-10-19,162.06
2018-10-20,187.21
2018-10-21,202.97
2018-10-22,218.87
2018-10-23,230.99
2018-10-24,230.87
2018-10-25,230.56
2018-10-26,225.56
2018-10-27,232.5
2018-10-28,231.5
2018-10-29,225.56
2018-10-30,212.22
2018-10-31,233.72
2018-11-01,233.72
2018-11-02,219.83
2018-11-03,189.06
2018-11-04,161.28
2018-11-05,164.28
2018-11-06,199.0
2018-11-07,289.11
2018-11-08,292.94
2018-11-09,400.31
2018-11-10,569.84
2018-11-11,646.11
2018-11-12,848.87
2018-11-13,994.59
2018-11-14,1001.42
2018-11-15,963.64
2018-11-16,888.35
2018-11-17,814.28
2018-11-18,685.46
2018-11-19,568.79
2018-11-20,510.34
2018-11-21,663.38
2018-11-22,777.04
2018-11-23,928.59
2018-11-24,1227.43
2018-11-25,1317.48
2018-11-26,1397.73
2018-11-27,1397.5
2018-11-28,1305.94
2018-11-29,1221.92
2018-11-30,1132.37
2018-12-01,1070.1
2018-12-02,1035.91
2018-12-03,1025.35
2018-12-04,1010.92
2018-12-05,1019.53
2018-12-06,986.09
2018-12-07,930.02
2018-12-08,896.15
2018-12-09,868.13
2018-12-10,809.14
2018-12-11,780.67
2018-12-12,731.36
2018-12-13,656.77
2018-12-14,584.26
2018-12-15,511.04
2018-12-16,492.98
2018-12-17,467.29
2018-12-18,412.65
2018-12-19,371.43
2018-12-20,352.33
2018-12-21,308.96
2018-12-22,300.76
2018-12-23,283.84
2018-12-24,292.3
2018-12-25,309.43
2018-12-26,360.81
2018-12-27,458.96
2018-12-28,585.12
2018-12-29,676.6
2018-12-30,717.34
2018-12-31,701.71
2019-01-01,808.92
2019-01-02,935.11
2019-01-03,842.74
2019-01-04,856.7
2019-01-05,794.2
2019-01-06,730.55
2019-01-07,697.14
2019-01-08,622.29
2019-01-09,592.44
2019-01-10,560.65
2019-01-11,509.19
2019-01-12,426.78
2019-01-13,382.1
2019-01-14,367.29
2019-01-15,339.81
2019-01-16,336.19
2019-01-17,317.67
2019-01-18,302.56
2019-01-19,293.36
2019-01-20,293.36
2019-01-21,271.38
2019-01-22,245.91
2019-01-23,236.42
2019-01-24,236.42
2019-01-25,236.42
2019-01-26,236.42
2019-01-27,244.98
2019-01-28,262.11
2019-01-29,252.85
2019-01-30,234.33
2019-01-31,252.85
2019-02-01,271.37
2019-02-02,271.37
2019-02-03,252.85
2019-02-04,234.33
2019-02-05,215.81
2019-02-06,226.93
2019-02-07,264.89
2019-02-08,312.34
2019-02-09,350.23
2019-02-10,371.83
2019-02-11,396.88
2019-02-12,409.26
2019-02-13,410.76
2019-02-14,412.41
2019-02-15,391.14
2019-02-16,406.25
2019-02-17,434.72
2019-02-18,483.33
2019-02-19,519.36
2019-02-20,692.67
2019-02-21,919.83
2019-02-22,1066.13
2019-02-23,1138.81
2019-02-24,1092.44
2019-02-25,1052.7
2019-02-26,996.76
2019-02-27,918.4
2019-02-28,866.71
2019-03-01,913.36
2019-03-02,927.32
2019-03-03,948.31
2019-03-04,1013.5
2019-03-05,1050.25
2019-03-06,1079.45
2019-03-07,1088.23
2019-03-08,1068.81
2019-03-09,1010.47
2019-03-10,942.37
2019-03-11,948.12
2019-03-12,940.6
2019-03-13,911.31
2019-03-14,881.19
2019-03-15,845.21
2019-03-16,822.9
2019-03-17,803.39
2019-03-18,744.95
2019-03-19,773.33
2019-03-20,734.33
2019-03-21,709.17
2019-03-22,716.89
2019-03-23,1085.33
2019-03-24,1120.23
2019-03-25,1056.22
2019-03-26,966.58
2019-03-27,857.7
2019-03-28,769.18
2019-03-29,654.87
2019-03-30,572.64
2019-03-31,514.19
2019-04-01,489.41
2019-04-02,459.46
2019-04-03,438.69
2019-04-04,453.27
2019-04-05,427.5
2019-04-06,409.73
2019-04-07,405.24
2019-04-08,413.47
2019-04-09,409.1
2019-04-10,418.78
2019-04-11,438.55
2019-04-12,436.91
2019-04-13,431.86
2019-04-14,415.82
2019-04-15,397.73
2019-04-16,386.0
2019-04-17,392.96
2019-04-18,425.02
2019-04-19,487.43
2019-04-20,557.0
2019-04-21,577.0
2019-04-22,527.33
2019-04-23,457.59
2019-04-24,417.63
2019-04-25,378.05
2019-04-26,357.98
2019-04-27,348.05
2019-04-28,338.19
2019-04-29,327.05
2019-04-30,318.31
2019-05-01,308.28
2019-05-02,317.1
2019-05-03,317.31
2019-05-04,317.24
2019-05-05,329.05
2019-05-06,329.28
2019-05-07,329.17
2019-05-08,332.19
2019-05-09,329.48
2019-05-10,319.48
2019-05-11,299.54
2019-05-12,302.49
2019-05-13,299.51
2019-05-14,299.63
2019-05-15,294.56
2019-05-16,289.58
2019-05-17,309.4
2019-05-18,378.21
2019-05-19,437.94
2019-05-20,412.05
2019-05-21,408.37
2019-05-22,418.2
2019-05-23,408.16
2019-05-24,378.51
2019-05-25,338.58
2019-05-26,318.68
2019-05-27,312.86
2019-05-28,281.09
2019-05-29,271.14
2019-05-30,261.19
2019-05-31,251.23
2019-06-01,244.37
2019-06-02,231.49
2019-06-03,231.65
2019-06-04,231.58
2019-06-05,231.53
2019-06-06,231.46
2019-06-07,221.68
2019-06-08,211.68
2019-06-09,217.56
2019-06-10,212.73
2019-06-11,201.03
2019-06-12,188.86
2019-06-13,191.09
2019-06-14,191.93
2019-06-15,184.02
2019-06-16,184.06
2019-06-17,173.96
2019-06-18,174.17
2019-06-19,164.15
2019-06-20,159.4
2019-06-21,171.26
2019-06-22,169.27
2019-06-23,161.4
2019-06-24,149.23
2019-06-25,142.55
2019-06-26,133.44
2019-06-27,142.4
2019-06-28,141.52
2019-06-29,141.32
2019-06-30,141.55
2019-07-01,131.48
2019-07-02,134.65
2019-07-03,130.24
2019-07-04,133.16
2019-07-05,134.94
2019-07-06,131.27
2019-07-07,134.82
2019-07-08,133.44
2019-07-09,137.57
2019-07-10,142.57
2019-07-11,143.92
2019-07-12,147.48
2019-07-13,151.09
2019-07-14,147.94
2019-07-15,148.89
2019-07-16,146.33
2019-07-17,153.5
2019-07-18,146.57
2019-07-19,140.92
2019-07-20,134.53
2019-07-21,130.62
2019-07-22,131.98
2019-07-23,139.5
2019-07-24,133.37
2019-07-25,132.64
2019-07-26,138.94
2019-07-27,135.58
2019-07-28,121.69
2019-07-29,124.66
2019-07-30,126.86
2019-07-31,122.69
2019-08-01,119.49
2019-08-02,117.42
2019-08-03,116.71
2019-08-04,113.03
2019-08-05,113.0
2019-08-06,111.9
2019-08-07,110.1
2019-08-08,104.28
2019-08-09,114.0
2019-08-10,111.66
2019-08-11,104.06
2019-08-12,104.0
2019-08-13,104.92
2019-08-14,104.08
2019-08-15,104.0
2019-08-16,104.0
2019-08-17,94.19
2019-08-18,94.37
2019-08-19,95.28
2019-08-20,95.27
2019-08-21,95.22
2019-08-22,100.79
2019-08-23,93.28
2019-08-24,86.51
2019-08-25,76.82
2019-08-26,75.89
2019-08-27,72.83
2019-08-28,69.44
2019-08-29,70.28
2019-08-30,65.89
2019-08-31,64.88
2019-09-01,67.5
2019-09-02,71.67
2019-09-03,62.35
2019-09-04,68.33
2019-09-05,66.88
2019-09-06,58.31
2019-09-07,63.87
2019-09-08,53.76
2019-09-09,51.44
2019-09-10,48.68
2019-09-11,49.72
2019-09-12,50.2
2019-09-13,52.98
2019-09-14,47.73
2019-09-15,48.71
2019-09-16,45.51
2019-09-17,49.66
2019-09-18,45.7
2019-09-19,54.23
2019-09-20,44.68
2019-09-21,47.53
2019-09-22,49.3
2019-09-23,43.4
2019-09-24,43.9
2019-09-25,45.36
2019-09-26,42.35
2019-09-27,45.9
2019-09-28,51.42
2019-09-29,57.28
2019-09-30,65.88
2019-10-01,77.06
2019-10-02,70.59
2019-10-03,59.88
2019-10-04,58.45
2019-10-05,52.74
2019-10-06,44.9
2019-10-07,47.06
2019-10-08,42.66
2019-10-09,55.39
2019-10-10,53.3
2019-10-11,56.89
2019-10-12,62.18
2019-10-13,62.09
2019-10-14,55.81
2019-10-15,52.76
2019-10-16,44.59
2019-10-17,51.0
2019-10-18,52.39
2019-10-19,52.39
2019-10-20,51.0
2019-10-21,56.86
2019-10-22,57.79
2019-10-23,61.56
2019-10-24,64.34
2019-10-25,59.37
2019-10-26,58.48
2019-10-27,71.2
2019-10-28,72.13
2019-10-29,77.3
2019-10-30,85.63
2019-10-31,103.72
2019-11-01,108.78
2019-11-02,113.48
2019-11-03,116.33
2019-11-04,113.35
2019-11-05,108.4
2019-11-06,121.82
2019-11-07,121.2
2019-11-08,136.02
2019-11-09,160.79
2019-11-10,181.0
2019-11-11,165.27
2019-11-12,156.76
2019-11-13,163.37
2019-11-14,182.99
2019-11-15,201.13
2019-11-16,226.75
2019-11-17,261.01
2019-11-18,240.94
2019-11-19,234.0
2019-11-20,246.57
2019-11-21,271.57
2019-11-22,319.85
2019-11-23,332.64
2019-11-24,332.53
2019-11-25,323.89
2019-11-26,338.16
2019-11-27,334.09
2019-11-28,316.96
2019-11-29,287.33
2019-11-30,370.67
2019-12-01,418.67
2019-12-02,450.0
2019-12-03,556.02
2019-12-04,547.38
2019-12-05,536.78
2019-12-06,561.54
2019-12-07,611.67
2019-12-08,585.67
2019-12-09,616.22
2019-12-10,652.72
2019-12-11,701.11
2019-12-12,867.0
2019-12-13,818.78
2019-12-14,1115.29
2019-12-15,1179.94
2019-12-16,1123.39
2019-12-17,1009.96
2019-12-18,930.8
2019-12-19,843.76
2019-12-20,743.69
2019-12-21,674.7
2019-12-22,629.33
2019-12-23,578.41
2019-12-24,560.74
2019-12-25,574.24
2019-12-26,589.12
2019-12-27,670.14
2019-12-28,689.35
2019-12-29,667.82
2019-12-30,641.67
2019-12-31,572.74
2020-01-01,512.58
2020-01-02,447.15
2020-01-03,410.11
2020-01-04,419.37
2020-01-05,456.41
2020-01-06,596.69
2020-01-07,697.61
2020-01-08,760.83
2020-01-09,800.56
2020-01-10,806.35
2020-01-11,789.52
2020-01-12,736.57
2020-01-13,707.75
2020-01-14,663.08
2020-01-15,606.02
2020-01-16,572.13
2020-01-17,549.63
2020-01-18,546.76
2020-01-19,565.74
2020-01-20,603.7
2020-01-21,629.51
2020-01-22,682.38
2020-01-23,719.76
2020-01-24,797.93
2020-01-25,1326.48
2020-01-26,2155.96
2020-01-27,2388.18
2020-01-28,2636.32
2020-01-29,2792.86
2020-01-30,2589.38
2020-01-31,2149.96
2020-02-01,1888.33
2020-02-02,1791.27
2020-02-03,1712.4
2020-02-04,1576.45
2020-02-05,1428.69
2020-02-06,1448.7
2020-02-07,1541.48
2020-02-08,1600.43
2020-02-09,1698.46
2020-02-10,1761.04
2020-02-11,1709.55
2020-02-12,1646.35
2020-02-13,1677.24
2020-02-14,1723.38
2020-02-15,1814.96
2020-02-16,1892.48
2020-02-17,1907.52
2020-02-18,1921.78
2020-02-19,1903.26
2020-02-20,1842.55
2020-02-21,1760.56
2020-02-22,1674.52
2020-02-23,1612.24
2020-02-24,1636.0
2020-02-25,1657.69
2020-02-26,1612.22
2020-02-27,1626.96
2020-02-28,1628.91
2020-02-29,1689.94
2020-03-01,1863.26
2020-03-02,1964.11
2020-03-03,2201.52
2020-03-04,2406.93
2020-03-05,2528.39
2020-03-06,2546.76
2020-03-07,2497.44
2020-03-08,2383.59
2020-03-09,2212.23
2020-03-10,2059.13
2020-03-11,1950.61
2020-03-12,1881.42
2020-03-13,1813.23
2020-03-14,1658.7
2020-03-15,1587.31
2020-03-16,1520.78
2020-03-17,1380.19
2020-03-18,1319.81
2020-03-19,1257.24
2020-03-20,1232.22
2020-03-21,1227.4
2020-03-22,1307.94
2020-03-23,1398.48
2020-03-24,1395.0
2020-03-25,1288.67
2020-03-26,1193.29
2020-03-27,1045.25
2020-03-28,928.78
2020-03-29,849.35
2020-03-30,751.83
2020-03-31,685.97
2020-04-01,726.07
2020-04-02,725.74
2020-04-03,739.41
2020-04-04,813.65
2020-04-05,837.39
2020-04-06,850.7
2020-04-07,762.32
2020-04-08,721.83
2020-04-09,691.66
2020-04-10,655.72
2020-04-11,645.43
2020-04-12,664.76
2020-04-13,683.09
2020-04-14,678.84
2020-04-15,663.5
2020-04-16,642.57
2020-04-17,609.7
2020-04-18,586.13
2020-04-19,559.97
2020-04-20,545.41
2020-04-21,523.32
2020-04-22,503.46
2020-04-23,482.25
2020-04-24,470.76
2020-04-25,442.95
2020-04-26,444.4
2020-04-27,442.76
2020-04-28,432.83
2020-04-29,429.46
2020-04-30,414.99
2020-05-01,410.86
2020-05-02,407.65
2020-05-03,399.18
2020-05-04,400.12
2020-05-05,386.94
2020-05-06,381.24
2020-05-07,380.24
2020-05-08,381.91
2020-05-09,375.76
2020-05-10,369.54
2020-05-11,373.95
2020-05-12,362.2
2020-05-13,360.15
2020-05-14,362.25
2020-05-15,362.28
2020-05-16,350.85
2020-05-17,347.87
2020-05-18,349.92
2020-05-19,346.95
2020-05-20,329.31
2020-05-21,317.82
2020-05-22,320.84
2020-05-23,317.63
2020-05-24,317.63
2020-05-25,313.98
2020-05-26,329.25
2020-05-27,328.47
2020-05-28,338.56
2020-05-29,359.92
2020-05-30,351.66
2020-05-31,341.33
2020-06-01,353.02
2020-06-02,342.57
2020-06-03,334.43
2020-06-04,337.55
2020-06-05,303.63
2020-06-06,273.26
2020-06-07,261.81
2020-06-08,260.14
2020-06-09,260.26
2020-06-10,245.69
2020-06-11,251.57
2020-06-12,242.35
2020-06-13,245.21
2020-06-14,242.14
2020-06-15,241.18
2020-06-16,239.91
2020-06-17,237.7
2020-06-18,235.58
2020-06-19,234.35
2020-06-20,230.56
2020-06-21,230.37
2020-06-22,219.16
2020-06-23,222.13
2020-06-24,224.07
2020-06-25,218.21
2020-06-26,219.03
2020-06-27,210.89
2020-06-28,220.0
2020-06-29,214.58
2020-06-30,219.0
2020-07-01,217.24
2020-07-02,217.24
2020-07-03,212.19
2020-07-04,218.32
2020-07-05,213.21
2020-07-06,210.28
2020-07-07,210.38
2020-07-08,206.1
2020-07-09,205.45
2020-07-10,208.24
2020-07-11,202.55
2020-07-12,205.33
2020-07-13,202.3
2020-07-14,206.33
2020-07-15,195.49
2020-07-16,195.45
2020-07-17,195.38
2020-07-18,198.51
2020-07-19,186.59
2020-07-20,186.57
2020-07-21,185.52
2020-07-22,185.6
2020-07-23,186.61
2020-07-24,176.69
2020-07-25,176.68
2020-07-26,180.61
2020-07-27,180.55
2020-07-28,170.81
2020-07-29,170.81
2020-07-30,176.54
2020-07-31,168.99
2020-08-01,170.06
2020-08-02,163.99
2020-08-03,166.04
2020-08-04,165.04
2020-08-05,165.91
2020-08-06,168.96
2020-08-07,172.0
2020-08-08,165.11
2020-08-09,166.07
2020-08-10,163.04
2020-08-11,160.04
2020-08-12,157.03
2020-08-13,150.03
2020-08-14,143.08
2020-08-15,138.13
2020-08-16,135.13
2020-08-17,144.15
2020-08-18,137.18
2020-08-19,143.21
2020-08-20,133.19
2020-08-21,143.13
2020-08-22,148.08
2020-08-23,144.51
2020-08-24,127.46
2020-08-25,135.35
2020-08-26,153.44
2020-08-27,128.2
2020-08-28,124.66
2020-08-29,118.48
2020-08-30,117.72
2020-08-31,116.48
2020-09-01,114.31
2020-09-02,113.72
2020-09-03,105.54
2020-09-04,130.38
2020-09-05,149.5
2020-09-06,133.18
2020-09-07,133.98
2020-09-08,122.04
2020-09-09,94.58
2020-09-10,99.99
2020-09-11,98.16
2020-09-12,90.89
2020-09-13,91.85
2020-09-14,88.2
2020-09-15,88.84
2020-09-16,93.66
2020-09-17,90.61
2020-09-18,94.29
2020-09-19,86.38
2020-09-20,90.89
2020-09-21,85.09
2020-09-22,83.25
2020-09-23,85.89
2020-09-24,83.09
2020-09-25,88.97
2020-09-26,92.74
2020-09-27,97.55
2020-09-28,101.25
2020-09-29,100.44
2020-09-30,106.03
2020-10-01,107.79
2020-10-02,104.88
2020-10-03,102.0
2020-10-04,95.49
2020-10-05,96.1
2020-10-06,100.04
2020-10-07,91.12
2020-10-08,102.07
2020-10-09,98.04
2020-10-10,103.15
2020-10-11,99.5
2020-10-12,98.02
2020-10-13,101.35
2020-10-14,105.84
2020-10-15,105.27
2020-10-16,109.93
2020-10-17,109.52
2020-10-18,121.17
2020-10-19,122.48
2020-10-20,136.66
2020-10-21,132.53
2020-10-22,138.12
2020-10-23,144.92
2020-10-24,145.16
2020-10-25,153.02
2020-10-26,172.59
2020-10-27,190.67
2020-10-28,202.54
2020-10-29,195.69
2020-10-30,202.02
2020-10-31,255.33
2020-11-01,271.66
2020-11-02,246.58
2020-11-03,241.3
2020-11-04,241.26
2020-11-05,271.35
2020-11-06,266.26
2020-11-07,242.19
2020-11-08,227.77
2020-11-09,211.39
2020-11-10,203.29
2020-11-11,195.81
2020-11-12,206.93
2020-11-13,214.24
2020-11-14,244.75
2020-11-15,275.92
2020-11-16,284.04
2020-11-17,313.56
2020-11-18,382.82
2020-11-19,418.09
2020-11-20,415.09
2020-11-21,393.11
2020-11-22,370.75
2020-11-23,356.85
2020-11-24,325.81
2020-11-25,296.82
2020-11-26,257.24
2020-11-27,247.29
2020-11-28,255.62
2020-11-29,257.1
2020-11-30,230.35
2020-12-01,221.26
2020-12-02,207.03
2020-12-03,202.45
2020-12-04,215.62
2020-12-05,219.52
2020-12-06,281.58
2020-12-07,340.55
2020-12-08,358.63
2020-12-09,355.85
2020-12-10,441.48
2020-12-11,478.49
2020-12-12,608.77
2020-12-13,710.61
2020-12-14,743.92
2020-12-15,712.76
2020-12-16,687.07
2020-12-17,661.44
2020-12-18,586.4
2020-12-19,538.33
2020-12-20,485.33
2020-12-21,424.9
2020-12-22,391.32
2020-12-23,421.68
2020-12-24,550.0
2020-12-25,817.6
2020-12-26,963.71
2020-12-27,1009.12
2020-12-28,1009.8
2020-12-29,1044.81
2020-12-30,1028.69
2020-12-31,1047.89
2021-01-01,911.87
2021-01-02,903.37
2021-01-03,838.02
2021-01-04,802.67
2021-01-05,768.67
2021-01-06,759.14
2021-01-07,745.39
2021-01-08,775.7
2021-01-09,756.95
2021-01-10,768.5
2021-01-11,818.89
2021-01-12,795.2
2021-01-13,747.35
2021-01-14,760.31
2021-01-15,849.59
2021-01-16,833.78
2021-01-17,920.81
2021-01-18,1055.93
2021-01-19,1094.35
2021-01-20,1037.33
2021-01-21,975.76
2021-01-22,866.5
2021-01-23,730.94
2021-01-24,582.33
2021-01-25,539.74
2021-01-26,503.63
2021-01-27,431.87
2021-01-28,393.91
2021-01-29,346.98
2021-01-30,331.02
2021-01-31,318.04
2021-02-01,319.04
2021-02-02,306.04
2021-02-03,300.06
2021-02-04,320.04
2021-02-05,299.06
2021-02-06,357.0
2021-02-07,546.81
2021-02-08,918.5
2021-02-09,1236.44
2021-02-10,1315.19
2021-02-11,1095.38
2021-02-12,1008.58
2021-02-13,1045.5
2021-02-14,1079.69
2021-02-15,1099.98
2021-02-16,1193.96
2021-02-17,1253.61
2021-02-18,1252.61
2021-02-19,1266.5
2021-02-20,1330.2
2021-02-21,1212.65
2021-02-22,1212.65
2021-02-23,1250.58
2021-02-24,1233.18
2021-02-25,1194.92
2021-02-26,1122.58
2021-02-27,1163.43
2021-02-28,1181.87
2021-03-01,1030.41
2021-03-02,915.04
2021-03-03,907.74
2021-03-04,895.61
2021-03-05,775.7
2021-03-06,665.44
2021-03-07,588.6
2021-03-08,568.29
2021-03-09,587.6
2021-03-10,781.11
2021-03-11,917.29
2021-03-12,968.11
2021-03-13,969.04
2021-03-14,871.96
2021-03-15,793.11
2021-03-16,676.33
2021-03-17,618.23
2021-03-18,578.22
2021-03-19,539.33
2021-03-20,485.91
2021-03-21,459.65
2021-03-22,420.67
2021-03-23,401.22
2021-03-24,400.11
2021-03-25,381.87
2021-03-26,381.8
2021-03-27,342.89
2021-03-28,304.0
2021-03-29,284.56
2021-03-30,284.56
2021-03-31,265.11
2021-04-01,273.15
2021-04-02,292.64
2021-04-03,292.74
2021-04-04,291.69
2021-04-05,292.67
2021-04-06,273.22
2021-04-07,253.78
2021-04-08,253.69
2021-04-09,251.85
2021-04-10,263.52
2021-04-11,254.78
2021-04-12,257.78
2021-04-13,254.7
2021-04-14,245.11
2021-04-15,235.36
2021-04-16,216.89
2021-04-17,216.8
2021-04-18,216.98
2021-04-19,215.89
2021-04-20,216.89
2021-04-21,216.82
2021-04-22,207.24
2021-04-23,207.17
2021-04-24,198.33
2021-04-25,198.56
2021-04-26,198.44
2021-04-27,188.62
2021-04-28,188.83
2021-04-29,188.72
2021-04-30,178.9
2021-05-01,190.66
2021-05-02,186.08
2021-05-03,185.15
2021-05-04,175.39
2021-05-05,175.39
2021-05-06,175.39
2021-05-07,183.06
2021-05-08,185.16
2021-05-09,185.0
2021-05-10,156.06
2021-05-11,136.41
2021-05-12,131.59
2021-05-13,137.45
2021-05-14,126.82
2021-05-15,132.87
2021-05-16,135.26
2021-05-17,128.78
2021-05-18,131.17
2021-05-19,125.77
2021-05-20,125.46
2021-05-21,123.13
2021-05-22,126.15
2021-05-23,125.53
2021-05-24,132.79
2021-05-25,143.89
2021-05-26,148.75
2021-05-27,146.32
2021-05-28,150.62
2021-05-29,150.74
2021-05-30,152.24
2021-05-31,145.78
2021-06-01,143.26
2021-06-02,138.64
2021-06-03,141.26
2021-06-04,154.45
2021-06-05,154.45
2021-06-06,162.24
2021-06-07,158.51
2021-06-08,145.26
2021-06-09,145.38
2021-06-10,140.75
2021-06-11,138.83
2021-06-12,136.89
2021-06-13,129.99
2021-06-14,133.77
2021-06-15,127.98
2021-06-16,121.47
2021-06-17,121.28
2021-06-18,118.19
2021-06-19,117.41
2021-06-20,113.17
2021-06-21,113.57
2021-06-22,106.67
2021-06-23,105.06
2021-06-24,108.3
2021-06-25,101.89
2021-06-26,105.13
2021-06-27,99.81
2021-06-28,99.81
2021-06-29,88.0
2021-06-30,93.24
2021-07-01,90.62
2021-07-02,88.5
2021-07-03,91.96
2021-07-04,89.88
2021-07-05,81.31
2021-07-06,72.82
2021-07-07,74.91
2021-07-08,78.15
2021-07-09,69.58
2021-07-10,68.73
2021-07-11,73.58
2021-07-12,68.33
2021-07-13,70.82
2021-07-14,74.3
2021-07-15,74.49
2021-07-16,65.28
2021-07-17,64.07
2021-07-18,67.34
2021-07-19,70.26
2021-07-20,77.67
2021-07-21,78.67
2021-07-22,75.89
2021-07-23,71.33
2021-07-24,71.33
2021-07-25,66.7
2021-07-26,68.56
2021-07-27,63.84
2021-07-28,52.73
2021-07-29,47.56
2021-07-30,47.64
2021-07-31,52.66
2021-08-01,53.84
2021-08-02,46.37
2021-08-03,46.91
2021-08-04,51.07
2021-08-05,50.15
2021-08-06,53.39
2021-08-07,50.59
2021-08-08,51.69
2021-08-09,53.84
2021-08-10,50.6
2021-08-11,50.68
2021-08-12,63.56
2021-08-13,63.41
2021-08-14,67.11
2021-08-15,64.92
2021-08-16,64.74
2021-08-17,57.0
2021-08-18,48.9
2021-08-19,48.84
2021-08-20,49.81
2021-08-21,51.73
2021-08-22,51.0
2021-08-23,49.84
2021-08-24,51.84
2021-08-25,50.84
2021-08-26,52.08
2021-08-27,48.54
2021-08-28,57.48
2021-08-29,58.41
2021-08-30,49.84
2021-08-31,45.68
2021-09-01,48.35
2021-09-02,49.26
2021-09-03,43.0
2021-09-04,47.24
2021-09-05,44.32
2021-09-06,40.95
2021-09-07,43.72
2021-09-08,43.54
2021-09-09,42.59
2021-09-10,43.81
2021-09-11,39.79
2021-09-12,38.58
2021-09-13,40.33
2021-09-14,41.98
2021-09-15,42.74
2021-09-16,37.59
2021-09-17,42.74
2021-09-18,42.67
2021-09-19,40.58
2021-09-20,43.0
2021-09-21,42.06
2021-09-22,42.95
2021-09-23,43.08
2021-09-24,42.5
2021-09-25,40.08
2021-09-26,44.8
2021-09-27,44.96
2021-09-28,52.14
2021-09-29,52.67
2021-09-30,49.96
