regime,sample,feature,feature_value,shap_value
Baixa vazao,0,P_1944059,0.0,0.0
Baixa vazao,0,P_1944063,0.0,-8.984292742331416
Baixa vazao,0,P_1945002,0.0,-8.393766000805613
Baixa vazao,0,P_1945008,0.0,-8.510683167696808
Baixa vazao,0,P_1946000,0.0,0.0
Baixa vazao,0,P_2044008,0.0,0.0
Baixa vazao,0,P_2044016,0.0,0.0
Baixa vazao,0,P_2044024,0.0,0.0
Baixa vazao,0,P_2044042,0.0,0.0
Baixa vazao,0,P_2045002,0.0,0.0
Baixa vazao,0,P_2046013,0.0,0.0
Baixa vazao,0,Q_40032000,6.0782,-9.272118218246687
Baixa vazao,0,Q_40050000,20.4828,0.0
Baixa vazao,0,Q_40060001,3.8134,-37.083382913720136
Baixa vazao,0,Q_40100000,50.939,-193.6462303625382
Baixa vazao,0,Q_40185000,3.631,0.0
Baixa vazao,0,Q_40330000,13.4541,-79.48783361396511
Baixa vazao,0,Q_40800001,18.1312,-8.7597346629773
Baixa vazao,0,Q_40850000,18.7438,-70.06639470329522
Baixa vazao,0,Q_40930000,1.3702,-33.103565757329726
Baixa vazao,1,P_1944059,0.0,0.0
Baixa vazao,1,P_1944063,0.0,-9.328062064266526
Baixa vazao,1,P_1945002,0.0,-8.266734946928132
Baixa vazao,1,P_1945008,0.0,-8.551590056212103
Baixa vazao,1,P_1946000,0.0,0.0
Baixa vazao,1,P_2044008,0.0,0.0
Baixa vazao,1,P_2044016,0.0,0.0
Baixa vazao,1,P_2044024,0.0,0.0
Baixa vazao,1,P_2044042,0.0,0.0
Baixa vazao,1,P_2045002,0.0,0.0
Baixa vazao,1,P_2046013,0.0,0.0
Baixa vazao,1,Q_40032000,8.6394,-8.98346716727858
Baixa vazao,1,Q_40050000,44.124,0.0
Baixa vazao,1,Q_40060001,5.6989,-27.910099571422958
Baixa vazao,1,Q_40100000,73.2871,-165.35488697020017
Baixa vazao,1,Q_40185000,7.7378,0.0
Baixa vazao,1,Q_40330000,27.1774,-64.0010922980855
Baixa vazao,1,Q_40800001,32.5389,-5.708907125985377
Baixa vazao,1,Q_40850000,41.4926,-48.167562220997496
Baixa vazao,1,Q_40930000,5.192,-24.96970464096288
Baixa vazao,2,P_1944059,0.0,0.0
Baixa vazao,2,P_1944063,0.0,-9.565424452827882
Baixa vazao,2,P_1945002,0.0,-8.257376585739056
Baixa vazao,2,P_1945008,0.0,-8.365834319238616
Baixa vazao,2,P_1946000,0.0,0.0
Baixa vazao,2,P_2044008,0.0,0.0
Baixa vazao,2,P_2044016,0.0,0.0
Baixa vazao,2,P_2044024,0.0,0.0
Baixa vazao,2,P_2044042,0.0,0.0
Baixa vazao,2,P_2045002,0.0,0.0
Baixa vazao,2,P_2046013,0.0,0.0
Baixa vazao,2,Q_40032000,7.441,-9.228271008160869
Baixa vazao,2,Q_40050000,26.2808,0.0
Baixa vazao,2,Q_40060001,2.604,-42.60713599392252
Baixa vazao,2,Q_40100000,39.6483,-207.6615136761188
Baixa vazao,2,Q_40185000,3.631,0.0
Baixa vazao,2,Q_40330000,10.013,-82.70975650390785
Baixa vazao,2,Q_40800001,15.1975,-9.942573611419695
Baixa vazao,2,Q_40850000,20.1855,-68.11243178308088
Baixa vazao,2,Q_40930000,1.7864,-31.7813559309022
Baixa vazao,3,P_1944059,0.0,0.0
Baixa vazao,3,P_1944063,0.0,-8.760771762992423
Baixa vazao,3,P_1945002,33.3,64.5353232663028
Baixa vazao,3,P_1945008,0.0,-7.138129828921933
Baixa vazao,3,P_1946000,0.0,0.0
Baixa vazao,3,P_2044008,0.0,0.0
Baixa vazao,3,P_2044016,0.0,0.0
Baixa vazao,3,P_2044024,0.0,0.0
Baixa vazao,3,P_2044042,0.0,0.0
Baixa vazao,3,P_2045002,0.0,0.0
Baixa vazao,3,P_2046013,0.0,0.0
Baixa vazao,3,Q_40032000,7.5115,-8.151325566131405
Baixa vazao,3,Q_40050000,35.5405,0.0
Baixa vazao,3,Q_40060001,4.2205,-37.90684874503967
Baixa vazao,3,Q_40100000,93.8632,-143.60686259980923
Baixa vazao,3,Q_40185000,6.6193,0.0
Baixa vazao,3,Q_40330000,11.688,-82.13947965886402
Baixa vazao,3,Q_40800001,16.8599,-8.729277894382026
Baixa vazao,3,Q_40850000,18.7438,-72.52303393863147
Baixa vazao,3,Q_40930000,4.4137,-26.416701554573468
Baixa vazao,4,P_1944059,0.0,0.0
Baixa vazao,4,P_1944063,0.0,-9.592586681896142
Baixa vazao,4,P_1945002,0.0,-8.403278119991969
Baixa vazao,4,P_1945008,0.0,-8.84142689162081
Baixa vazao,4,P_1946000,0.0,0.0
Baixa vazao,4,P_2044008,0.0,0.0
Baixa vazao,4,P_2044016,0.0,0.0
Baixa vazao,4,P_2044024,0.0,0.0
Baixa vazao,4,P_2044042,0.0,0.0
Baixa vazao,4,P_2045002,0.0,0.0
Baixa vazao,4,P_2046013,0.0,0.0
Baixa vazao,4,Q_40032000,5.4994,-9.577353226297813
Baixa vazao,4,Q_40050000,23.4924,0.0
Baixa vazao,4,Q_40060001,3.1903,-40.0622112083118
Baixa vazao,4,Q_40100000,40.3633,-206.41795791166842
Baixa vazao,4,Q_40185000,7.3505,0.0
Baixa vazao,4,Q_40330000,24.8827,-66.01025260183265
Baixa vazao,4,Q_40800001,18.7021,-8.665630240092753
Baixa vazao,4,Q_40850000,20.6731,-68.29821473870872
Baixa vazao,4,Q_40930000,1.3893,-32.39084223146949
Baixa vazao,5,P_1944059,0.0,0.0
Baixa vazao,5,P_1944063,0.0,-3.563331673480079
Baixa vazao,5,P_1945002,0.0,-1.408821701014574
Baixa vazao,5,P_1945008,0.0,-4.729580256914802
Baixa vazao,5,P_1946000,0.0,0.0
Baixa vazao,5,P_2044008,0.0,0.0
Baixa vazao,5,P_2044016,0.0,0.0
Baixa vazao,5,P_2044024,0.0,0.0
Baixa vazao,5,P_2044042,33.2,0.0
Baixa vazao,5,P_2045002,20.2,0.0
Baixa vazao,5,P_2046013,1.3,0.0
Baixa vazao,5,Q_40032000,7.5115,-3.860229745904462
Baixa vazao,5,Q_40050000,47.8645,0.0
Baixa vazao,5,Q_40060001,4.3869,-27.908475540317486
Baixa vazao,5,Q_40100000,55.7127,-172.76181515138367
Baixa vazao,5,Q_40185000,4.2442,0.0
Baixa vazao,5,Q_40330000,12.034,-70.4693462095689
Baixa vazao,5,Q_40800001,13.7476,-3.7743865299805672
Baixa vazao,5,Q_40850000,15.9576,-61.91317724722473
Baixa vazao,5,Q_40930000,5.6875,-18.759284559284808
Baixa vazao,6,P_1944059,10.6,0.0
Baixa vazao,6,P_1944063,0.0,-6.286182519276511
Baixa vazao,6,P_1945002,0.0,-4.620355063941702
Baixa vazao,6,P_1945008,19.3,39.64344240762438
Baixa vazao,6,P_1946000,0.0,0.0
Baixa vazao,6,P_2044008,16.8,0.0
Baixa vazao,6,P_2044016,1.0,0.0
Baixa vazao,6,P_2044024,8.7,0.0
Baixa vazao,6,P_2044042,10.7,-10.078314231323128
Baixa vazao,6,P_2045002,8.1,0.0
Baixa vazao,6,P_2046013,6.9,0.0
Baixa vazao,6,Q_40032000,7.5115,-5.081101438048687
Baixa vazao,6,Q_40050000,26.0283,0.0
Baixa vazao,6,Q_40060001,4.9855,-31.09789331462378
Baixa vazao,6,Q_40100000,74.3045,-168.31915530583075
Baixa vazao,6,Q_40185000,6.2595,0.0
Baixa vazao,6,Q_40330000,34.4864,-55.04764968683179
Baixa vazao,6,Q_40800001,32.5681,0.0
Baixa vazao,6,Q_40850000,27.8445,-62.15922708127101
Baixa vazao,6,Q_40930000,2.6162,-29.005515799519937
Baixa vazao,7,P_1944059,0.0,0.0
Baixa vazao,7,P_1944063,0.0,-9.732823930191488
Baixa vazao,7,P_1945002,0.0,-8.662688202571246
Baixa vazao,7,P_1945008,0.0,-8.250079136081341
Baixa vazao,7,P_1946000,0.0,0.0
Baixa vazao,7,P_2044008,0.0,0.0
Baixa vazao,7,P_2044016,0.0,0.0
Baixa vazao,7,P_2044024,0.0,0.0
Baixa vazao,7,P_2044042,0.0,0.0
Baixa vazao,7,P_2045002,0.0,0.0
Baixa vazao,7,P_2046013,0.0,0.0
Baixa vazao,7,Q_40032000,7.441,-9.485934793537485
Baixa vazao,7,Q_40050000,26.2808,0.0
Baixa vazao,7,Q_40060001,2.6752,-42.248998225359855
Baixa vazao,7,Q_40100000,39.6483,-207.00569022162972
Baixa vazao,7,Q_40185000,3.631,0.0
Baixa vazao,7,Q_40330000,10.3405,-82.48545550142016
Baixa vazao,7,Q_40800001,15.5952,-9.72135558712518
Baixa vazao,7,Q_40850000,20.1855,-68.34210916393624
Baixa vazao,7,Q_40930000,1.7864,-31.63535288520379
Baixa vazao,8,P_1944059,0.0,0.0
Baixa vazao,8,P_1944063,0.0,-9.415379725945085
Baixa vazao,8,P_1945002,0.0,-8.020179135890672
Baixa vazao,8,P_1945008,0.0,-8.414167910061016
Baixa vazao,8,P_1946000,0.0,0.0
Baixa vazao,8,P_2044008,0.0,0.0
Baixa vazao,8,P_2044016,0.0,0.0
Baixa vazao,8,P_2044024,0.0,0.0
Baixa vazao,8,P_2044042,0.0,0.0
Baixa vazao,8,P_2045002,0.0,0.0
Baixa vazao,8,P_2046013,0.0,0.0
Baixa vazao,8,Q_40032000,8.1556,-9.348891221324429
Baixa vazao,8,Q_40050000,38.9609,0.0
Baixa vazao,8,Q_40060001,4.5555,-33.19054869693736
Baixa vazao,8,Q_40100000,62.2166,-179.45202837885876
Baixa vazao,8,Q_40185000,8.9491,0.0
Baixa vazao,8,Q_40330000,31.9809,-58.04674257476634
Baixa vazao,8,Q_40800001,33.3007,-5.806499696915296
Baixa vazao,8,Q_40850000,42.7002,-46.94353099160508
Baixa vazao,8,Q_40930000,3.4672,-28.628156064020157
Baixa vazao,9,P_1944059,0.0,0.0
Baixa vazao,9,P_1944063,0.0,-9.729130470271532
Baixa vazao,9,P_1945002,0.0,-8.226161650771342
Baixa vazao,9,P_1945008,0.0,-7.993792195762921
Baixa vazao,9,P_1946000,0.0,0.0
Baixa vazao,9,P_2044008,0.0,0.0
Baixa vazao,9,P_2044016,0.0,0.0
Baixa vazao,9,P_2044024,0.0,0.0
Baixa vazao,9,P_2044042,0.0,0.0
Baixa vazao,9,P_2045002,0.0,0.0
Baixa vazao,9,P_2046013,0.0,0.0
Baixa vazao,9,Q_40032000,8.6413,-8.883442881933389
Baixa vazao,9,Q_40050000,36.4121,0.0
Baixa vazao,9,Q_40060001,5.8819,-27.065780059642687
Baixa vazao,9,Q_40100000,84.5546,-151.3287349830525
Baixa vazao,9,Q_40185000,6.6193,0.0
Baixa vazao,9,Q_40330000,14.9303,-78.13562445232633
Baixa vazao,9,Q_40800001,22.136,-7.920199204103098
Baixa vazao,9,Q_40850000,34.4681,-55.081135165327694
Baixa vazao,9,Q_40930000,1.0163,-33.64948356262487
Baixa vazao,10,P_1944059,4.0,0.0
Baixa vazao,10,P_1944063,1.9,0.0
Baixa vazao,10,P_1945002,6.8,0.0
Baixa vazao,10,P_1945008,0.0,-4.92180108317053
Baixa vazao,10,P_1946000,8.2,-7.093887573451511
Baixa vazao,10,P_2044008,0.0,-2.3337366079079516
Baixa vazao,10,P_2044016,2.1,0.0
Baixa vazao,10,P_2044024,1.6,0.0
Baixa vazao,10,P_2044042,0.9,0.0
Baixa vazao,10,P_2045002,9.0,0.0
Baixa vazao,10,P_2046013,27.4,0.0
Baixa vazao,10,Q_40032000,9.0278,-4.2476142921746876
Baixa vazao,10,Q_40050000,31.5888,0.0
Baixa vazao,10,Q_40060001,4.4709,-31.385082040738588
Baixa vazao,10,Q_40100000,54.5059,-189.46952292583708
Baixa vazao,10,Q_40185000,3.9337,0.0
Baixa vazao,10,Q_40330000,9.0534,-82.82332161731257
Baixa vazao,10,Q_40800001,23.4079,-6.712474648519764
Baixa vazao,10,Q_40850000,15.0589,-72.90284403646952
Baixa vazao,10,Q_40930000,4.104,-24.018516877870802
Baixa vazao,11,P_1944059,0.0,0.0
Baixa vazao,11,P_1944063,0.0,-9.509005429148397
Baixa vazao,11,P_1945002,0.0,-7.811685040196395
Baixa vazao,11,P_1945008,0.0,-8.583405381079018
Baixa vazao,11,P_1946000,0.0,0.0
Baixa vazao,11,P_2044008,0.0,0.0
Baixa vazao,11,P_2044016,0.0,0.0
Baixa vazao,11,P_2044024,0.0,0.0
Baixa vazao,11,P_2044042,0.0,0.0
Baixa vazao,11,P_2045002,0.0,0.0
Baixa vazao,11,P_2046013,0.0,0.0
Baixa vazao,11,Q_40032000,9.1347,-9.04320899256381
Baixa vazao,11,Q_40050000,39.2408,0.0
Baixa vazao,11,Q_40060001,4.8985,-31.19225313332585
Baixa vazao,11,Q_40100000,65.8237,-175.3110481186401
Baixa vazao,11,Q_40185000,9.3692,0.0
Baixa vazao,11,Q_40330000,33.9799,-55.74493229070292
Baixa vazao,11,Q_40800001,41.2597,-4.565506719027098
Baixa vazao,11,Q_40850000,44.5306,-45.50084427299586
Baixa vazao,11,Q_40930000,4.3152,-26.286064852629146
Baixa vazao,12,P_1944059,0.0,0.0
Baixa vazao,12,P_1944063,0.0,-10.112730046690631
Baixa vazao,12,P_1945002,0.0,-8.909138036889953
Baixa vazao,12,P_1945008,0.0,-8.563295531535296
Baixa vazao,12,P_1946000,0.0,0.0
Baixa vazao,12,P_2044008,0.0,0.0
Baixa vazao,12,P_2044016,0.0,0.0
Baixa vazao,12,P_2044024,0.0,0.0
Baixa vazao,12,P_2044042,0.0,0.0
Baixa vazao,12,P_2045002,0.0,0.0
Baixa vazao,12,P_2046013,0.0,0.0
Baixa vazao,12,Q_40032000,12.2852,-7.601219583921998
Baixa vazao,12,Q_40050000,67.1985,0.0
Baixa vazao,12,Q_40060001,7.1157,-21.678533093539297
Baixa vazao,12,Q_40100000,109.102,-121.34057198058423
Baixa vazao,12,Q_40185000,8.1222,0.0
Baixa vazao,12,Q_40330000,30.0259,-60.657451153575025
Baixa vazao,12,Q_40800001,23.4079,-6.605146471469311
Baixa vazao,12,Q_40850000,30.0057,-59.212857265078576
Baixa vazao,12,Q_40930000,7.0112,-21.099188801399233
Baixa vazao,13,P_1944059,0.0,0.0
Baixa vazao,13,P_1944063,0.249462366,-8.73441539016313
Baixa vazao,13,P_1945002,0.0,-8.307809520191316
Baixa vazao,13,P_1945008,0.0,-8.20765821689493
Baixa vazao,13,P_1946000,0.0,0.0
Baixa vazao,13,P_2044008,0.0,0.0
Baixa vazao,13,P_2044016,0.0,0.0
Baixa vazao,13,P_2044024,0.0,0.0
Baixa vazao,13,P_2044042,0.0,0.0
Baixa vazao,13,P_2045002,0.0,0.0
Baixa vazao,13,P_2046013,0.0,0.0
Baixa vazao,13,Q_40032000,11.0303,-8.22237950450793
Baixa vazao,13,Q_40050000,56.3184,0.0
Baixa vazao,13,Q_40060001,6.6323,-23.874972401884197
Baixa vazao,13,Q_40100000,92.5145,-141.369302450803
Baixa vazao,13,Q_40185000,6.9856,0.0
Baixa vazao,13,Q_40330000,28.1156,-63.13233490387725
Baixa vazao,13,Q_40800001,20.2961,-7.567950397726975
Baixa vazao,13,Q_40850000,25.7317,-63.20423202436911
Baixa vazao,13,Q_40930000,5.6875,-24.06230591403136
Baixa vazao,14,P_1944059,0.0,0.0
Baixa vazao,14,P_1944063,0.0,-9.276185937366693
Baixa vazao,14,P_1945002,0.0,-8.51276938656718
Baixa vazao,14,P_1945008,0.0,-8.650122975960555
Baixa vazao,14,P_1946000,0.0,0.0
Baixa vazao,14,P_2044008,0.0,0.0
Baixa vazao,14,P_2044016,0.0,0.0
Baixa vazao,14,P_2044024,0.0,0.0
Baixa vazao,14,P_2044042,0.0,0.0
Baixa vazao,14,P_2045002,0.0,0.0
Baixa vazao,14,P_2046013,0.0,0.0
Baixa vazao,14,Q_40032000,5.912,-9.960364716694947
Baixa vazao,14,Q_40050000,23.4924,0.0
Baixa vazao,14,Q_40060001,3.1903,-40.16567591781599
Baixa vazao,14,Q_40100000,41.3628,-205.4042668329147
Baixa vazao,14,Q_40185000,6.6284,0.0
Baixa vazao,14,Q_40330000,22.2264,-69.27996053726642
Baixa vazao,14,Q_40800001,21.2471,-8.543148687087637
Baixa vazao,14,Q_40850000,29.4609,-59.57937740895416
Baixa vazao,14,Q_40930000,1.3893,-32.536173992766244
Baixa vazao,15,P_1944059,0.0,0.0
Baixa vazao,15,P_1944063,0.249462366,-8.23907526682541
Baixa vazao,15,P_1945002,0.0,-7.959515443950625
Baixa vazao,15,P_1945008,0.0,-8.356795912024515
Baixa vazao,15,P_1946000,0.0,0.0
Baixa vazao,15,P_2044008,0.0,0.0
Baixa vazao,15,P_2044016,0.9,0.0
Baixa vazao,15,P_2044024,0.0,0.0
Baixa vazao,15,P_2044042,1.3,0.0
Baixa vazao,15,P_2045002,0.0,0.0
Baixa vazao,15,P_2046013,3.3,0.0
Baixa vazao,15,Q_40032000,10.6207,-8.12090449014953
Baixa vazao,15,Q_40050000,46.8883,0.0
Baixa vazao,15,Q_40060001,5.6989,-28.866911154130666
Baixa vazao,15,Q_40100000,78.0987,-160.41409459729488
Baixa vazao,15,Q_40185000,5.9063,0.0
Baixa vazao,15,Q_40330000,27.1774,-64.78228004824513
Baixa vazao,15,Q_40800001,17.4101,-8.535304384480767
Baixa vazao,15,Q_40850000,22.1561,-67.38743641642544
Baixa vazao,15,Q_40930000,5.0439,-24.946824260922185
Baixa vazao,16,P_1944059,0.0,0.0
Baixa vazao,16,P_1944063,0.0,-9.044156397179165
Baixa vazao,16,P_1945002,0.0,-8.344485922454169
Baixa vazao,16,P_1945008,0.0,-8.333312215049572
Baixa vazao,16,P_1946000,0.0,0.0
Baixa vazao,16,P_2044008,0.0,0.0
Baixa vazao,16,P_2044016,0.0,0.0
Baixa vazao,16,P_2044024,0.0,0.0
Baixa vazao,16,P_2044042,0.0,0.0
Baixa vazao,16,P_2045002,0.0,0.0
Baixa vazao,16,P_2046013,0.0,0.0
Baixa vazao,16,Q_40032000,8.2597,-9.228821981639319
Baixa vazao,16,Q_40050000,38.1813,0.0
Baixa vazao,16,Q_40060001,5.8819,-27.600893046115548
Baixa vazao,16,Q_40100000,66.9,-173.96024935799554
Baixa vazao,16,Q_40185000,4.5622,0.0
Baixa vazao,16,Q_40330000,20.5161,-71.63266594559921
Baixa vazao,16,Q_40800001,15.2633,-9.4985741160079
Baixa vazao,16,Q_40850000,19.2208,-69.61157611017033
Baixa vazao,16,Q_40930000,3.7981,-27.583601523351668
Baixa vazao,17,P_1944059,0.0,0.0
Baixa vazao,17,P_1944063,0.0,-9.211259092246001
Baixa vazao,17,P_1945002,0.0,-8.019183552738786
Baixa vazao,17,P_1945008,0.0,-8.282220517719141
Baixa vazao,17,P_1946000,0.0,0.0
Baixa vazao,17,P_2044008,0.0,0.0
Baixa vazao,17,P_2044016,0.0,0.0
Baixa vazao,17,P_2044024,0.0,0.0
Baixa vazao,17,P_2044042,0.0,0.0
Baixa vazao,17,P_2045002,0.0,0.0
Baixa vazao,17,P_2046013,0.0,0.0
Baixa vazao,17,Q_40032000,5.4994,-9.878716000936654
Baixa vazao,17,Q_40050000,23.4924,0.0
Baixa vazao,17,Q_40060001,3.0402,-41.01270634937116
Baixa vazao,17,Q_40100000,36.4666,-211.0371170763764
Baixa vazao,17,Q_40185000,6.6284,0.0
Baixa vazao,17,Q_40330000,21.7942,-69.83363896496269
Baixa vazao,17,Q_40800001,16.8713,-9.308237850604314
Baixa vazao,17,Q_40850000,19.7014,-68.61532280134233
Baixa vazao,17,Q_40930000,1.6307,-32.35013567269262
Baixa vazao,18,P_1944059,0.0,0.0
Baixa vazao,18,P_1944063,0.0,-9.002906295274789
Baixa vazao,18,P_1945002,0.0,-8.668975896000823
Baixa vazao,18,P_1945008,0.0,-8.399965746256989
Baixa vazao,18,P_1946000,0.0,0.0
Baixa vazao,18,P_2044008,0.0,0.0
Baixa vazao,18,P_2044016,0.0,0.0
Baixa vazao,18,P_2044024,0.0,0.0
Baixa vazao,18,P_2044042,0.0,0.0
Baixa vazao,18,P_2045002,0.0,0.0
Baixa vazao,18,P_2046013,0.0,0.0
Baixa vazao,18,Q_40032000,7.9567,-9.52815543486872
Baixa vazao,18,Q_40050000,30.4952,0.0
Baixa vazao,18,Q_40060001,3.0402,-40.59191160320313
Baixa vazao,18,Q_40100000,53.308,-190.90017762551508
Baixa vazao,18,Q_40185000,5.2202,0.0
Baixa vazao,18,Q_40330000,14.5561,-78.81208559861382
Baixa vazao,18,Q_40800001,24.5869,-7.925837022498342
Baixa vazao,18,Q_40850000,41.4926,-48.15702499353316
Baixa vazao,18,Q_40930000,0.9784,-33.65212342616471
Baixa vazao,19,P_1944059,0.0,0.0
Baixa vazao,19,P_1944063,0.0,-9.588196394602303
Baixa vazao,19,P_1945002,0.0,-8.492197189198356
Baixa vazao,19,P_1945008,0.0,-8.798148635806605
Baixa vazao,19,P_1946000,0.0,0.0
Baixa vazao,19,P_2044008,0.0,0.0
Baixa vazao,19,P_2044016,0.0,0.0
Baixa vazao,19,P_2044024,0.0,0.0
Baixa vazao,19,P_2044042,0.0,0.0
Baixa vazao,19,P_2045002,0.0,0.0
Baixa vazao,19,P_2046013,0.0,0.0
Baixa vazao,19,Q_40032000,6.3369,-9.241651840030817
Baixa vazao,19,Q_40050000,28.7004,0.0
Baixa vazao,19,Q_40060001,3.4198,-38.6786755132549
Baixa vazao,19,Q_40100000,47.5692,-198.07147626968637
Baixa vazao,19,Q_40185000,6.6284,0.0
Baixa vazao,19,Q_40330000,21.7942,-70.32300021043898
Baixa vazao,19,Q_40800001,22.5628,-8.232617747311394
Baixa vazao,19,Q_40850000,28.3803,-61.02267131259294
Baixa vazao,19,Q_40930000,2.1314,-30.636535303909216
Baixa vazao,20,P_1944059,0.0,0.0
Baixa vazao,20,P_1944063,0.0,-9.084713914784695
Baixa vazao,20,P_1945002,0.0,-8.549040564432524
Baixa vazao,20,P_1945008,0.0,-8.621940733611577
Baixa vazao,20,P_1946000,0.0,0.0
Baixa vazao,20,P_2044008,0.0,0.0
Baixa vazao,20,P_2044016,0.0,0.0
Baixa vazao,20,P_2044024,0.0,0.0
Baixa vazao,20,P_2044042,0.0,0.0
Baixa vazao,20,P_2045002,0.0,0.0
Baixa vazao,20,P_2046013,0.0,0.0
Baixa vazao,20,Q_40032000,6.3369,-9.844582731064378
Baixa vazao,20,Q_40050000,29.195,0.0
Baixa vazao,20,Q_40060001,3.4974,-38.33056662014433
Baixa vazao,20,Q_40100000,47.5692,-197.5458779516951
Baixa vazao,20,Q_40185000,6.9836,0.0
Baixa vazao,20,Q_40330000,23.9853,-67.60390081451739
Baixa vazao,20,Q_40800001,23.9068,-8.064370684462006
Baixa vazao,20,Q_40850000,29.4609,-60.27035420505112
Baixa vazao,20,Q_40930000,2.6527,-30.138251762498587
Baixa vazao,21,P_1944059,0.0,0.0
Baixa vazao,21,P_1944063,0.0,-9.10378625992369
Baixa vazao,21,P_1945002,0.0,-8.566377622443207
Baixa vazao,21,P_1945008,0.0,-8.240589772895135
Baixa vazao,21,P_1946000,0.0,0.0
Baixa vazao,21,P_2044008,0.0,0.0
Baixa vazao,21,P_2044016,0.0,0.0
Baixa vazao,21,P_2044024,0.0,0.0
Baixa vazao,21,P_2044042,0.0,0.0
Baixa vazao,21,P_2045002,0.0,0.0
Baixa vazao,21,P_2046013,0.0,0.0
Baixa vazao,21,Q_40032000,7.0997,-9.525746383107192
Baixa vazao,21,Q_40050000,24.7675,0.0
Baixa vazao,21,Q_40060001,3.0402,-40.59897959362913
Baixa vazao,21,Q_40100000,50.939,-194.01933782718513
Baixa vazao,21,Q_40185000,3.9337,0.0
Baixa vazao,21,Q_40330000,11.3456,-82.11822585059237
Baixa vazao,21,Q_40800001,21.7742,-8.259855062445906
Baixa vazao,21,Q_40850000,37.3481,-52.50150394279152
Baixa vazao,21,Q_40930000,2.3349,-30.77675229371311
Baixa vazao,22,P_1944059,0.0,0.0
Baixa vazao,22,P_1944063,0.0,-9.254990269679947
Baixa vazao,22,P_1945002,0.0,-8.387834993341528
Baixa vazao,22,P_1945008,0.0,-8.65358674407618
Baixa vazao,22,P_1946000,0.0,0.0
Baixa vazao,22,P_2044008,0.0,0.0
Baixa vazao,22,P_2044016,0.0,0.0
Baixa vazao,22,P_2044024,0.0,0.0
Baixa vazao,22,P_2044042,0.0,0.0
Baixa vazao,22,P_2045002,0.0,0.0
Baixa vazao,22,P_2046013,0.0,0.0
Baixa vazao,22,Q_40032000,5.0991,-9.846469229675936
Baixa vazao,22,Q_40050000,22.3692,0.0
Baixa vazao,22,Q_40060001,2.8924,-41.748757238745874
Baixa vazao,22,Q_40100000,32.7344,-215.15761665143023
Baixa vazao,22,Q_40185000,7.7378,0.0
Baixa vazao,22,Q_40330000,27.1774,-64.0014778041256
Baixa vazao,22,Q_40800001,15.6888,-9.193959799738549
Baixa vazao,22,Q_40850000,18.2703,-70.10662221513554
Baixa vazao,22,Q_40930000,1.3893,-32.35734103606808
Baixa vazao,23,P_1944059,0.0,0.0
Baixa vazao,23,P_1944063,0.0,-9.43733649051197
Baixa vazao,23,P_1945002,0.0,-8.354979911994405
Baixa vazao,23,P_1945008,0.0,-8.94786765428618
Baixa vazao,23,P_1946000,6.2,0.0
Baixa vazao,23,P_2044008,0.0,0.0
Baixa vazao,23,P_2044016,9.9,0.0
Baixa vazao,23,P_2044024,0.0,0.0
Baixa vazao,23,P_2044042,0.0,0.0
Baixa vazao,23,P_2045002,0.0,0.0
Baixa vazao,23,P_2046013,0.0,0.0
Baixa vazao,23,Q_40032000,7.5115,-9.013596324315802
Baixa vazao,23,Q_40050000,26.0283,0.0
Baixa vazao,23,Q_40060001,4.9855,-32.665156471271196
Baixa vazao,23,Q_40100000,75.5625,-164.08169043521767
Baixa vazao,23,Q_40185000,6.2595,0.0
Baixa vazao,23,Q_40330000,33.476,-57.195835268722945
Baixa vazao,23,Q_40800001,21.9898,-8.601761488893974
Baixa vazao,23,Q_40850000,29.4609,-61.272842523610024
Baixa vazao,23,Q_40930000,2.6162,-30.905140835312434
Baixa vazao,24,P_1944059,0.0,-4.031808977431581
Baixa vazao,24,P_1944063,0.0,-8.663645952402502
Baixa vazao,24,P_1945002,4.6,0.0
Baixa vazao,24,P_1945008,0.0,-8.029690502899841
Baixa vazao,24,P_1946000,0.0,0.0
Baixa vazao,24,P_2044008,0.0,0.0
Baixa vazao,24,P_2044016,0.0,0.0
Baixa vazao,24,P_2044024,0.0,0.0
Baixa vazao,24,P_2044042,0.0,0.0
Baixa vazao,24,P_2045002,0.0,0.0
Baixa vazao,24,P_2046013,0.0,0.0
Baixa vazao,24,Q_40032000,7.7843,-8.478478515178418
Baixa vazao,24,Q_40050000,28.8846,0.0
Baixa vazao,24,Q_40060001,2.8194,-42.117568812296724
Baixa vazao,24,Q_40100000,50.939,-194.51642977890435
Baixa vazao,24,Q_40185000,4.5622,0.0
Baixa vazao,24,Q_40330000,12.3837,-80.80527373193881
Baixa vazao,24,Q_40800001,20.4087,-8.2013944263074
Baixa vazao,24,Q_40850000,34.4681,-54.98897645501185
Baixa vazao,24,Q_40930000,1.1884,-32.69365283721444
Baixa vazao,25,P_1944059,0.0,0.0
Baixa vazao,25,P_1944063,0.0,-9.57817291054005
Baixa vazao,25,P_1945002,0.0,-8.499025096461082
Baixa vazao,25,P_1945008,0.0,-8.709647104677453
Baixa vazao,25,P_1946000,0.0,0.0
Baixa vazao,25,P_2044008,0.0,0.0
Baixa vazao,25,P_2044016,0.0,0.0
Baixa vazao,25,P_2044024,0.0,0.0
Baixa vazao,25,P_2044042,0.0,0.0
Baixa vazao,25,P_2045002,0.0,0.0
Baixa vazao,25,P_2046013,0.0,0.0
Baixa vazao,25,Q_40032000,5.4994,-9.519093518175959
Baixa vazao,25,Q_40050000,27.2376,0.0
Baixa vazao,25,Q_40060001,3.3428,-38.933427376206325
Baixa vazao,25,Q_40100000,44.4214,-201.4642246562344
Baixa vazao,25,Q_40185000,7.3505,0.0
Baixa vazao,25,Q_40330000,25.7919,-65.15697511981547
Baixa vazao,25,Q_40800001,22.5628,-8.31271287185716
Baixa vazao,25,Q_40850000,27.3117,-62.17933580252209
Baixa vazao,25,Q_40930000,2.1314,-31.14823589198258
Baixa vazao,26,P_1944059,0.0,0.0
Baixa vazao,26,P_1944063,0.0,-9.246581390734015
Baixa vazao,26,P_1945002,0.0,-8.589053888327614
Baixa vazao,26,P_1945008,0.0,-8.33099134846619
Baixa vazao,26,P_1946000,0.0,0.0
Baixa vazao,26,P_2044008,0.0,0.0
Baixa vazao,26,P_2044016,0.0,0.0
Baixa vazao,26,P_2044024,0.0,0.0
Baixa vazao,26,P_2044042,0.0,0.0
Baixa vazao,26,P_2045002,0.0,0.0
Baixa vazao,26,P_2046013,0.0,0.0
Baixa vazao,26,Q_40032000,7.2226,-9.177298269446297
Baixa vazao,26,Q_40050000,34.3301,0.0
Baixa vazao,26,Q_40060001,3.9747,-36.1342079477864
Baixa vazao,26,Q_40100000,56.392,-186.79204535421565
Baixa vazao,26,Q_40185000,6.6284,0.0
Baixa vazao,26,Q_40330000,22.6616,-69.23057468271041
Baixa vazao,26,Q_40800001,28.8264,-7.008073473053571
Baixa vazao,26,Q_40850000,37.3481,-52.63078827839792
Baixa vazao,26,Q_40930000,2.9201,-29.529936887209498
Baixa vazao,27,P_1944059,0.0,0.0
Baixa vazao,27,P_1944063,0.0,-9.277603335174208
Baixa vazao,27,P_1945002,0.0,-8.713323563849997
Baixa vazao,27,P_1945008,0.0,-8.396421545466396
Baixa vazao,27,P_1946000,0.0,0.0
Baixa vazao,27,P_2044008,0.0,0.0
Baixa vazao,27,P_2044016,0.0,0.0
Baixa vazao,27,P_2044024,0.0,0.0
Baixa vazao,27,P_2044042,0.0,0.0
Baixa vazao,27,P_2045002,0.0,0.0
Baixa vazao,27,P_2046013,0.0,0.0
Baixa vazao,27,Q_40032000,5.0991,-9.915757319286358
Baixa vazao,27,Q_40050000,23.4924,0.0
Baixa vazao,27,Q_40060001,2.8924,-41.47769469678053
Baixa vazao,27,Q_40100000,32.7344,-215.44837029116277
Baixa vazao,27,Q_40185000,6.6284,0.0
Baixa vazao,27,Q_40330000,23.0998,-67.83877274830155
Baixa vazao,27,Q_40800001,16.2762,-9.558739595948246
Baixa vazao,27,Q_40850000,18.7438,-69.43522038345324
Baixa vazao,27,Q_40930000,1.3893,-32.45595660415666
Baixa vazao,28,P_1944059,0.0,0.0
Baixa vazao,28,P_1944063,0.0,-9.111201519109297
Baixa vazao,28,P_1945002,0.0,-8.64711344134595
Baixa vazao,28,P_1945008,0.0,-8.291819623432843
Baixa vazao,28,P_1946000,0.0,0.0
Baixa vazao,28,P_2044008,0.0,0.0
Baixa vazao,28,P_2044016,0.0,0.0
Baixa vazao,28,P_2044024,0.0,0.0
Baixa vazao,28,P_2044042,0.0,0.0
Baixa vazao,28,P_2045002,0.0,0.0
Baixa vazao,28,P_2046013,0.0,0.0
Baixa vazao,28,Q_40032000,7.2701,-9.707911730509842
Baixa vazao,28,Q_40050000,27.831,0.0
Baixa vazao,28,Q_40060001,2.8194,-41.668367752483775
Baixa vazao,28,Q_40100000,41.8305,-204.9170119104586
Baixa vazao,28,Q_40185000,4.2442,0.0
Baixa vazao,28,Q_40330000,11.3456,-82.05569702714402
Baixa vazao,28,Q_40800001,22.4673,-8.581058705073955
Baixa vazao,28,Q_40850000,26.7819,-62.01826669045426
Baixa vazao,28,Q_40930000,2.9059,-29.097376466282306
Baixa vazao,29,P_1944059,0.0,0.0
Baixa vazao,29,P_1944063,0.0,-9.60412966650893
Baixa vazao,29,P_1945002,0.0,-8.598328421537019
Baixa vazao,29,P_1945008,0.0,-8.577941070264517
Baixa vazao,29,P_1946000,0.0,0.0
Baixa vazao,29,P_2044008,0.0,0.0
Baixa vazao,29,P_2044016,0.0,0.0
Baixa vazao,29,P_2044024,0.0,0.0
Baixa vazao,29,P_2044042,0.0,0.0
Baixa vazao,29,P_2045002,0.0,0.0
Baixa vazao,29,P_2046013,0.0,0.0
Baixa vazao,29,Q_40032000,6.4284,-9.453356812128003
Baixa vazao,29,Q_40050000,23.5055,0.0
Baixa vazao,29,Q_40060001,3.9747,-36.20706064481968
Baixa vazao,29,Q_40100000,59.3854,-183.52531167637025
Baixa vazao,29,Q_40185000,4.8876,0.0
Baixa vazao,29,Q_40330000,23.9853,-67.47674857662838
Baixa vazao,29,Q_40800001,15.8818,-8.823113851458178
Baixa vazao,29,Q_40850000,19.7014,-69.14055794884175
Baixa vazao,29,Q_40930000,1.6083,-32.37863395530658
Baixa vazao,30,P_1944059,0.0,0.0
Baixa vazao,30,P_1944063,0.0,-9.024138752775722
Baixa vazao,30,P_1945002,0.0,-8.271096339101819
Baixa vazao,30,P_1945008,0.0,-8.245798531598103
Baixa vazao,30,P_1946000,0.0,0.0
Baixa vazao,30,P_2044008,0.0,0.0
Baixa vazao,30,P_2044016,0.0,0.0
Baixa vazao,30,P_2044024,0.0,0.0
Baixa vazao,30,P_2044042,0.0,0.0
Baixa vazao,30,P_2045002,0.0,0.0
Baixa vazao,30,P_2046013,0.0,0.0
Baixa vazao,30,Q_40032000,7.5115,-9.805848461464722
Baixa vazao,30,Q_40050000,27.1145,0.0
Baixa vazao,30,Q_40060001,5.161,-30.461075963575393
Baixa vazao,30,Q_40100000,79.3767,-158.00544636700639
Baixa vazao,30,Q_40185000,6.2595,0.0
Baixa vazao,30,Q_40330000,38.6343,-50.47008696411844
Baixa vazao,30,Q_40800001,25.9716,-6.673264581309354
Baixa vazao,30,Q_40850000,32.7733,-56.332687653123884
Baixa vazao,30,Q_40930000,2.88,-29.910549190453413
Baixa vazao,31,P_1944059,0.0,0.0
Baixa vazao,31,P_1944063,0.0,-9.368105439266103
Baixa vazao,31,P_1945002,0.0,-8.321123681095772
Baixa vazao,31,P_1945008,0.0,-8.666833059510555
Baixa vazao,31,P_1946000,0.0,0.0
Baixa vazao,31,P_2044008,0.0,0.0
Baixa vazao,31,P_2044016,0.0,0.0
Baixa vazao,31,P_2044024,0.0,0.0
Baixa vazao,31,P_2044042,0.0,0.0
Baixa vazao,31,P_2045002,0.0,0.0
Baixa vazao,31,P_2046013,0.0,0.0
Baixa vazao,31,Q_40032000,6.3369,-9.66730457107805
Baixa vazao,31,Q_40050000,28.2093,0.0
Baixa vazao,31,Q_40060001,3.4198,-39.2358776372875
Baixa vazao,31,Q_40100000,46.5101,-199.1210808350771
Baixa vazao,31,Q_40185000,8.1334,0.0
Baixa vazao,31,Q_40330000,28.1156,-62.66482459814621
Baixa vazao,31,Q_40800001,23.2313,-7.8612654182874735
Baixa vazao,31,Q_40850000,28.3803,-61.041635508178935
Baixa vazao,31,Q_40930000,2.1314,-31.304264444294855
Baixa vazao,32,P_1944059,0.0,0.0
Baixa vazao,32,P_1944063,0.0,-9.321595064864697
Baixa vazao,32,P_1945002,0.0,-8.300883179516719
Baixa vazao,32,P_1945008,0.0,-8.90360383771366
Baixa vazao,32,P_1946000,0.0,0.0
Baixa vazao,32,P_2044008,0.0,0.0
Baixa vazao,32,P_2044016,0.0,0.0
Baixa vazao,32,P_2044024,0.0,0.0
Baixa vazao,32,P_2044042,0.0,0.0
Baixa vazao,32,P_2045002,0.0,0.0
Baixa vazao,32,P_2046013,0.0,0.0
Baixa vazao,32,Q_40032000,5.4994,-9.71966807537545
Baixa vazao,32,Q_40050000,23.4924,0.0
Baixa vazao,32,Q_40060001,3.115,-39.646905598468116
Baixa vazao,32,Q_40100000,38.3946,-208.87928494362558
Baixa vazao,32,Q_40185000,6.6284,0.0
Baixa vazao,32,Q_40330000,22.2264,-69.22554028353241
Baixa vazao,32,Q_40800001,18.0843,-9.422755901360967
Baixa vazao,32,Q_40850000,21.6584,-67.18445743792118
Baixa vazao,32,Q_40930000,1.8783,-31.461227132050723
Baixa vazao,33,P_1944059,0.0,0.0
Baixa vazao,33,P_1944063,0.0,-9.371781455826731
Baixa vazao,33,P_1945002,0.0,-8.343729290486221
Baixa vazao,33,P_1945008,0.0,-8.737516643864419
Baixa vazao,33,P_1946000,0.0,0.0
Baixa vazao,33,P_2044008,0.0,0.0
Baixa vazao,33,P_2044016,0.0,0.0
Baixa vazao,33,P_2044024,0.0,0.0
Baixa vazao,33,P_2044042,0.0,0.0
Baixa vazao,33,P_2045002,0.0,0.0
Baixa vazao,33,P_2046013,0.0,0.0
Baixa vazao,33,Q_40032000,6.3369,-9.356523547782073
Baixa vazao,33,Q_40050000,29.195,0.0
Baixa vazao,33,Q_40060001,3.4974,-38.43979193512216
Baixa vazao,33,Q_40100000,48.6382,-196.81485932992854
Baixa vazao,33,Q_40185000,7.3505,0.0
Baixa vazao,33,Q_40330000,26.2508,-65.07711878015651
Baixa vazao,33,Q_40800001,23.9068,-8.043614576219397
Baixa vazao,33,Q_40850000,29.4609,-60.237809902317956
Baixa vazao,33,Q_40930000,2.6527,-29.769686612842726
Baixa vazao,34,P_1944059,0.0,0.0
Baixa vazao,34,P_1944063,0.0,-9.409892892217027
Baixa vazao,34,P_1945002,0.0,-8.513143546469465
Baixa vazao,34,P_1945008,0.0,-8.514962939795236
Baixa vazao,34,P_1946000,0.0,0.0
Baixa vazao,34,P_2044008,0.0,0.0
Baixa vazao,34,P_2044016,0.0,0.0
Baixa vazao,34,P_2044024,0.0,0.0
Baixa vazao,34,P_2044042,0.0,0.0
Baixa vazao,34,P_2045002,0.0,0.0
Baixa vazao,34,P_2046013,0.0,0.0
Baixa vazao,34,Q_40032000,9.1347,-8.51584718545445
Baixa vazao,34,Q_40050000,40.0854,0.0
Baixa vazao,34,Q_40060001,4.812,-31.626067190153165
Baixa vazao,34,Q_40100000,64.612,-176.8397310778177
Baixa vazao,34,Q_40185000,9.3692,0.0
Baixa vazao,34,Q_40330000,32.9749,-56.554010397980846
Baixa vazao,34,Q_40800001,35.6238,-5.476084527285536
Baixa vazao,34,Q_40850000,47.0062,-43.09176086418333
Baixa vazao,34,Q_40930000,3.7464,-27.880812739811173
Baixa vazao,35,P_1944059,0.0,0.0
Baixa vazao,35,P_1944063,0.249462366,-8.85481308522355
Baixa vazao,35,P_1945002,0.0,-9.228951652235313
Baixa vazao,35,P_1945008,0.0,-8.370299690273242
Baixa vazao,35,P_1946000,0.0,0.0
Baixa vazao,35,P_2044008,0.0,0.0
Baixa vazao,35,P_2044016,0.0,0.0
Baixa vazao,35,P_2044024,0.0,0.0
Baixa vazao,35,P_2044042,0.0,0.0
Baixa vazao,35,P_2045002,0.0,0.0
Baixa vazao,35,P_2046013,0.0,0.0
Baixa vazao,35,Q_40032000,11.4443,-7.498838855691665
Baixa vazao,35,Q_40050000,59.8571,0.0
Baixa vazao,35,Q_40060001,6.8243,-22.721998125080816
Baixa vazao,35,Q_40100000,100.699,-131.5115518159945
Baixa vazao,35,Q_40185000,7.7372,0.0
Baixa vazao,35,Q_40330000,28.5889,-62.81336610233993
Baixa vazao,35,Q_40800001,21.5137,-7.129127396194633
Baixa vazao,35,Q_40850000,27.3117,-61.60413059167267
Baixa vazao,35,Q_40930000,6.3436,-22.244411827711573
Baixa vazao,36,P_1944059,0.0,0.0
Baixa vazao,36,P_1944063,0.0,-9.370027183648045
Baixa vazao,36,P_1945002,0.0,-8.355730282759453
Baixa vazao,36,P_1945008,0.0,-8.957293571970443
Baixa vazao,36,P_1946000,0.0,0.0
Baixa vazao,36,P_2044008,0.0,0.0
Baixa vazao,36,P_2044016,0.0,0.0
Baixa vazao,36,P_2044024,0.0,0.0
Baixa vazao,36,P_2044042,0.0,0.0
Baixa vazao,36,P_2045002,0.0,0.0
Baixa vazao,36,P_2046013,0.0,0.0
Baixa vazao,36,Q_40032000,7.441,-9.017789739452743
Baixa vazao,36,Q_40050000,27.0513,0.0
Baixa vazao,36,Q_40060001,2.8924,-41.18941851646658
Baixa vazao,36,Q_40100000,41.8305,-204.79187001304172
Baixa vazao,36,Q_40185000,4.2442,0.0
Baixa vazao,36,Q_40330000,11.3456,-82.34500905025307
Baixa vazao,36,Q_40800001,22.4673,-8.354836401914927
Baixa vazao,36,Q_40850000,26.7819,-62.23760371688178
Baixa vazao,36,Q_40930000,3.7981,-27.552105459730274
Baixa vazao,37,P_1944059,0.0,0.0
Baixa vazao,37,P_1944063,0.0,-8.748348726098408
Baixa vazao,37,P_1945002,0.0,-8.544985736641747
Baixa vazao,37,P_1945008,0.0,-8.615656124307801
Baixa vazao,37,P_1946000,0.0,0.0
Baixa vazao,37,P_2044008,0.0,0.0
Baixa vazao,37,P_2044016,0.0,0.0
Baixa vazao,37,P_2044024,0.0,0.0
Baixa vazao,37,P_2044042,0.0,0.0
Baixa vazao,37,P_2045002,0.0,0.0
Baixa vazao,37,P_2046013,0.0,0.0
Baixa vazao,37,Q_40032000,10.2156,-8.122620998705955
Baixa vazao,37,Q_40050000,45.9204,0.0
Baixa vazao,37,Q_40060001,5.6989,-27.923837333439376
Baixa vazao,37,Q_40100000,79.3767,-158.2668555030252
Baixa vazao,37,Q_40185000,5.2202,0.0
Baixa vazao,37,Q_40330000,18.8556,-73.4831824093095
Baixa vazao,37,Q_40800001,17.9692,-8.945067398105834
Baixa vazao,37,Q_40850000,20.6731,-67.87072493139588
Baixa vazao,37,Q_40930000,4.727,-26.084681355899853
Baixa vazao,38,P_1944059,0.0,0.0
Baixa vazao,38,P_1944063,0.0,-9.347899521490604
Baixa vazao,38,P_1945002,0.0,-8.616459770384745
Baixa vazao,38,P_1945008,0.0,-8.563225008762222
Baixa vazao,38,P_1946000,0.0,0.0
Baixa vazao,38,P_2044008,0.0,0.0
Baixa vazao,38,P_2044016,0.0,0.0
Baixa vazao,38,P_2044024,0.0,0.0
Baixa vazao,38,P_2044042,0.0,0.0
Baixa vazao,38,P_2045002,0.0,0.0
Baixa vazao,38,P_2046013,0.0,0.0
Baixa vazao,38,Q_40032000,12.2852,-7.350671828657141
Baixa vazao,38,Q_40050000,62.0228,0.0
Baixa vazao,38,Q_40060001,6.8243,-22.938422229903644
Baixa vazao,38,Q_40100000,104.874,-126.64347217029722
Baixa vazao,38,Q_40185000,7.7372,0.0
Baixa vazao,38,Q_40330000,31.9809,-58.62095637824601
Baixa vazao,38,Q_40800001,22.7675,-6.873173515361933
Baixa vazao,38,Q_40850000,28.9191,-60.71198759561794
Baixa vazao,38,Q_40930000,6.676,-21.67779827213393
Baixa vazao,39,P_1944059,1.8,0.0
Baixa vazao,39,P_1944063,0.0,-8.650286167454405
Baixa vazao,39,P_1945002,0.0,0.0
Baixa vazao,39,P_1945008,0.0,-7.8678773869232606
Baixa vazao,39,P_1946000,14.0,-16.159720932487502
Baixa vazao,39,P_2044008,0.5,0.0
Baixa vazao,39,P_2044016,4.2,0.0
Baixa vazao,39,P_2044024,15.2,0.0
Baixa vazao,39,P_2044042,2.6,0.0
Baixa vazao,39,P_2045002,0.7,0.0
Baixa vazao,39,P_2046013,1.7,0.0
Baixa vazao,39,Q_40032000,8.1296,-7.699377160320986
Baixa vazao,39,Q_40050000,34.6776,0.0
Baixa vazao,39,Q_40060001,4.6405,-33.011641962502466
Baixa vazao,39,Q_40100000,50.939,-191.0188915462111
Baixa vazao,39,Q_40185000,3.631,0.0
Baixa vazao,39,Q_40330000,14.5561,-76.82130983380505
Baixa vazao,39,Q_40800001,36.0345,-6.667596948234518
Baixa vazao,39,Q_40850000,25.2113,-63.134750807175195
Baixa vazao,39,Q_40930000,1.1884,-32.054274617518246
Baixa vazao,40,P_1944059,0.0,0.0
Baixa vazao,40,P_1944063,0.0,-9.465285145830704
Baixa vazao,40,P_1945002,0.0,-8.51436918178033
Baixa vazao,40,P_1945008,0.0,-8.569093001506934
Baixa vazao,40,P_1946000,0.0,0.0
Baixa vazao,40,P_2044008,0.0,0.0
Baixa vazao,40,P_2044016,0.0,0.0
Baixa vazao,40,P_2044024,0.0,0.0
Baixa vazao,40,P_2044042,0.0,0.0
Baixa vazao,40,P_2045002,0.0,0.0
Baixa vazao,40,P_2046013,0.0,0.0
Baixa vazao,40,Q_40032000,5.912,-10.040338214206663
Baixa vazao,40,Q_40050000,26.757,0.0
Baixa vazao,40,Q_40060001,3.2663,-39.35906339812894
Baixa vazao,40,Q_40100000,43.3919,-202.6374693885955
Baixa vazao,40,Q_40185000,7.3505,0.0
Baixa vazao,40,Q_40330000,25.3358,-65.97944375334507
Baixa vazao,40,Q_40800001,21.9014,-7.979231892259634
Baixa vazao,40,Q_40850000,25.7317,-63.36247120915484
Baixa vazao,40,Q_40930000,1.8783,-31.93981117684757
Baixa vazao,41,P_1944059,0.0,0.0
Baixa vazao,41,P_1944063,6.0,0.0
Baixa vazao,41,P_1945002,0.0,-6.581860834293152
Baixa vazao,41,P_1945008,0.0,-7.068294462064746
Baixa vazao,41,P_1946000,0.0,0.0
Baixa vazao,41,P_2044008,0.0,-2.9199893315061445
Baixa vazao,41,P_2044016,0.4,0.0
Baixa vazao,41,P_2044024,2.0,0.0
Baixa vazao,41,P_2044042,0.8,0.0
Baixa vazao,41,P_2045002,0.0,0.0
Baixa vazao,41,P_2046013,4.7,0.0
Baixa vazao,41,Q_40032000,8.1296,-7.701239541285236
Baixa vazao,41,Q_40050000,34.1072,0.0
Baixa vazao,41,Q_40060001,3.1903,-40.08270516583015
Baixa vazao,41,Q_40100000,52.119,-194.1514600903408
Baixa vazao,41,Q_40185000,7.3583,0.0
Baixa vazao,41,Q_40330000,16.8519,-76.59939355557586
Baixa vazao,41,Q_40800001,43.5286,-3.2656134506857275
Baixa vazao,41,Q_40850000,41.4926,-47.68691619594424
Baixa vazao,41,Q_40930000,0.9784,-32.32100223266528
Baixa vazao,42,P_1944059,0.0,0.0
Baixa vazao,42,P_1944063,0.0,-9.769459936617721
Baixa vazao,42,P_1945002,0.0,-8.711106178810383
Baixa vazao,42,P_1945008,0.0,-7.893936715716781
Baixa vazao,42,P_1946000,0.0,0.0
Baixa vazao,42,P_2044008,0.0,0.0
Baixa vazao,42,P_2044016,0.0,0.0
Baixa vazao,42,P_2044024,0.0,0.0
Baixa vazao,42,P_2044042,0.0,0.0
Baixa vazao,42,P_2045002,0.0,0.0
Baixa vazao,42,P_2046013,0.0,0.0
Baixa vazao,42,Q_40032000,8.1556,-9.323220093358666
Baixa vazao,42,Q_40050000,42.9538,0.0
Baixa vazao,42,Q_40060001,5.3384,-29.520162157263655
Baixa vazao,42,Q_40100000,69.5141,-170.540042441593
Baixa vazao,42,Q_40185000,7.3505,0.0
Baixa vazao,42,Q_40330000,25.7919,-65.23451057079146
Baixa vazao,42,Q_40800001,32.5389,-5.737013500874525
Baixa vazao,42,Q_40850000,43.918,-45.821200845098424
Baixa vazao,42,Q_40930000,4.8967,-25.07728836244953
Baixa vazao,43,P_1944059,0.0,0.0
Baixa vazao,43,P_1944063,0.0,-9.710855177023502
Baixa vazao,43,P_1945002,0.0,-9.222578057668937
Baixa vazao,43,P_1945008,0.0,-8.473694404755948
Baixa vazao,43,P_1946000,0.0,0.0
Baixa vazao,43,P_2044008,0.0,0.0
Baixa vazao,43,P_2044016,0.0,0.0
Baixa vazao,43,P_2044024,0.0,0.0
Baixa vazao,43,P_2044042,0.0,0.0
Baixa vazao,43,P_2045002,0.0,0.0
Baixa vazao,43,P_2046013,0.0,0.0
Baixa vazao,43,Q_40032000,11.8626,-7.4968173383877
Baixa vazao,43,Q_40050000,60.5755,0.0
Baixa vazao,43,Q_40060001,6.8243,-22.730486758947187
Baixa vazao,43,Q_40100000,103.476,-127.91237160343748
Baixa vazao,43,Q_40185000,7.7372,0.0
Baixa vazao,43,Q_40330000,29.0651,-61.71926048814641
Baixa vazao,43,Q_40800001,22.136,-7.054399270188212
Baixa vazao,43,Q_40850000,28.9191,-60.49878741715821
Baixa vazao,43,Q_40930000,6.676,-21.707310892329254
Baixa vazao,44,P_1944059,0.0,0.0
Baixa vazao,44,P_1944063,0.0,-8.926600700031443
Baixa vazao,44,P_1945002,0.0,-7.206582319452321
Baixa vazao,44,P_1945008,23.3,51.23261732815672
Baixa vazao,44,P_1946000,0.0,0.0
Baixa vazao,44,P_2044008,0.0,0.0
Baixa vazao,44,P_2044016,1.0,0.0
Baixa vazao,44,P_2044024,0.0,0.0
Baixa vazao,44,P_2044042,0.0,0.0
Baixa vazao,44,P_2045002,0.0,0.0
Baixa vazao,44,P_2046013,0.0,0.0
Baixa vazao,44,Q_40032000,23.0583,0.0
Baixa vazao,44,Q_40050000,24.5189,-3.000149312080339
Baixa vazao,44,Q_40060001,3.2663,-41.4803676701582
Baixa vazao,44,Q_40100000,64.4022,-182.46842795214909
Baixa vazao,44,Q_40185000,5.5598,0.0
Baixa vazao,44,Q_40330000,17.2461,-78.21787859491126
Baixa vazao,44,Q_40800001,20.4087,-8.291545204200547
Baixa vazao,44,Q_40850000,27.8445,-62.68587602818064
Baixa vazao,44,Q_40930000,9.7831,-15.230942239215507
Baixa vazao,45,P_1944059,0.0,0.0
Baixa vazao,45,P_1944063,0.0,-9.21087236237354
Baixa vazao,45,P_1945002,0.0,-7.969992625741931
Baixa vazao,45,P_1945008,0.0,-8.226140882963193
Baixa vazao,45,P_1946000,0.0,0.0
Baixa vazao,45,P_2044008,0.0,0.0
Baixa vazao,45,P_2044016,0.0,0.0
Baixa vazao,45,P_2044024,0.0,0.0
Baixa vazao,45,P_2044042,0.0,0.0
Baixa vazao,45,P_2045002,0.0,0.0
Baixa vazao,45,P_2046013,0.0,0.0
Baixa vazao,45,Q_40032000,6.784,-9.558347792507867
Baixa vazao,45,Q_40050000,23.7837,0.0
Baixa vazao,45,Q_40060001,4.138,-35.59306859847055
Baixa vazao,45,Q_40100000,64.4022,-176.8208831098909
Baixa vazao,45,Q_40185000,5.5598,0.0
Baixa vazao,45,Q_40330000,29.5441,-61.442506205486346
Baixa vazao,45,Q_40800001,18.1312,-8.971002939286445
Baixa vazao,45,Q_40850000,24.6941,-64.88652590968636
Baixa vazao,45,Q_40930000,1.8525,-32.25296744159671
Baixa vazao,46,P_1944059,0.0,0.0
Baixa vazao,46,P_1944063,0.0,-9.678489078302826
Baixa vazao,46,P_1945002,0.0,-8.16635799693371
Baixa vazao,46,P_1945008,0.0,-8.632590197100285
Baixa vazao,46,P_1946000,0.0,0.0
Baixa vazao,46,P_2044008,0.0,0.0
Baixa vazao,46,P_2044016,0.0,0.0
Baixa vazao,46,P_2044024,0.0,0.0
Baixa vazao,46,P_2044042,0.0,0.0
Baixa vazao,46,P_2045002,0.0,0.0
Baixa vazao,46,P_2046013,0.0,0.0
Baixa vazao,46,Q_40032000,6.4284,-9.43308197256889
Baixa vazao,46,Q_40050000,23.5055,0.0
Baixa vazao,46,Q_40060001,3.9747,-36.26235532016613
Baixa vazao,46,Q_40100000,59.3854,-183.61999488844606
Baixa vazao,46,Q_40185000,4.8876,0.0
Baixa vazao,46,Q_40330000,24.4325,-66.82366679817969
Baixa vazao,46,Q_40800001,15.8818,-9.175234019354772
Baixa vazao,46,Q_40850000,19.7014,-69.48742719326708
Baixa vazao,46,Q_40930000,1.6083,-32.02560033288352
Baixa vazao,47,P_1944059,0.0,-3.3384039442354947
Baixa vazao,47,P_1944063,3.1,0.0
Baixa vazao,47,P_1945002,0.0,-7.473652558362836
Baixa vazao,47,P_1945008,0.0,-7.531760170199018
Baixa vazao,47,P_1946000,0.0,0.0
Baixa vazao,47,P_2044008,0.0,-3.7427969017891174
Baixa vazao,47,P_2044016,0.0,0.0
Baixa vazao,47,P_2044024,0.0,0.0
Baixa vazao,47,P_2044042,0.0,0.0
Baixa vazao,47,P_2045002,0.0,0.0
Baixa vazao,47,P_2046013,0.0,0.0
Baixa vazao,47,Q_40032000,10.6207,-7.393501236456639
Baixa vazao,47,Q_40050000,53.5517,0.0
Baixa vazao,47,Q_40060001,6.442,-23.76778207859166
Baixa vazao,47,Q_40100000,95.2181,-137.38422405709255
Baixa vazao,47,Q_40185000,8.9101,0.0
Baixa vazao,47,Q_40330000,13.818,-79.13072237401795
Baixa vazao,47,Q_40800001,54.4948,0.0
Baixa vazao,47,Q_40850000,22.6572,-65.69024972029618
Baixa vazao,47,Q_40930000,1.0163,-32.958874861142085
Baixa vazao,48,P_1944059,0.0,0.0
Baixa vazao,48,P_1944063,0.249462366,-9.089163920971428
Baixa vazao,48,P_1945002,0.0,-8.584269939415076
Baixa vazao,48,P_1945008,0.0,-8.622383847652905
Baixa vazao,48,P_1946000,0.0,0.0
Baixa vazao,48,P_2044008,0.0,0.0
Baixa vazao,48,P_2044016,0.6,0.0
Baixa vazao,48,P_2044024,0.0,0.0
Baixa vazao,48,P_2044042,0.0,0.0
Baixa vazao,48,P_2045002,0.0,0.0
Baixa vazao,48,P_2046013,0.0,0.0
Baixa vazao,48,Q_40032000,11.4443,-7.808098412821418
Baixa vazao,48,Q_40050000,59.4993,0.0
Baixa vazao,48,Q_40060001,6.8243,-22.83207916092664
Baixa vazao,48,Q_40100000,99.3198,-133.90076356176016
Baixa vazao,48,Q_40185000,7.3583,0.0
Baixa vazao,48,Q_40330000,30.0259,-59.97986992283456
Baixa vazao,48,Q_40800001,21.5137,-7.25172252205266
Baixa vazao,48,Q_40850000,26.2553,-62.83993514932298
Baixa vazao,48,Q_40930000,6.3436,-22.016834540597554
Baixa vazao,49,P_1944059,0.0,0.0
Baixa vazao,49,P_1944063,0.0,-9.19920431604377
Baixa vazao,49,P_1945002,0.0,-8.378934969192443
Baixa vazao,49,P_1945008,0.0,-8.746988150045022
Baixa vazao,49,P_1946000,0.0,0.0
Baixa vazao,49,P_2044008,0.0,0.0
Baixa vazao,49,P_2044016,0.0,0.0
Baixa vazao,49,P_2044024,0.0,0.0
Baixa vazao,49,P_2044042,0.0,0.0
Baixa vazao,49,P_2045002,0.0,0.0
Baixa vazao,49,P_2046013,0.0,0.0
Baixa vazao,49,Q_40032000,8.1556,-8.900114719306234
Baixa vazao,49,Q_40050000,39.2408,0.0
Baixa vazao,49,Q_40060001,4.6405,-32.779948629314504
Baixa vazao,49,Q_40100000,62.2166,-179.98104040946072
Baixa vazao,49,Q_40185000,8.9491,0.0
Baixa vazao,49,Q_40330000,32.4766,-57.34265908345486
Baixa vazao,49,Q_40800001,33.3007,-5.945733548744215
Baixa vazao,49,Q_40850000,43.918,-45.56683328100758
Baixa vazao,49,Q_40930000,3.4672,-28.2535247116297
Baixa vazao,50,P_1944059,22.6,31.10988838962942
Baixa vazao,50,P_1944063,14.3,0.0
Baixa vazao,50,P_1945002,0.0,-4.040245534274037
Baixa vazao,50,P_1945008,0.0,-5.642797370120446
Baixa vazao,50,P_1946000,0.0,0.0
Baixa vazao,50,P_2044008,0.5,0.0
Baixa vazao,50,P_2044016,1.1,0.0
Baixa vazao,50,P_2044024,6.0,0.0
Baixa vazao,50,P_2044042,15.6,-9.478690179364973
Baixa vazao,50,P_2045002,1.6,0.0
Baixa vazao,50,P_2046013,18.5,0.0
Baixa vazao,50,Q_40032000,9.8838,-5.599890586665871
Baixa vazao,50,Q_40050000,31.3139,0.0
Baixa vazao,50,Q_40060001,3.6543,-35.891843030550845
Baixa vazao,50,Q_40100000,45.176,-199.70152800360123
Baixa vazao,50,Q_40185000,3.631,0.0
Baixa vazao,50,Q_40330000,15.3079,-75.07527798857019
Baixa vazao,50,Q_40800001,37.6612,0.0
Baixa vazao,50,Q_40850000,47.0062,-40.73154181587729
Baixa vazao,50,Q_40930000,3.7981,-25.600978062084923
Baixa vazao,51,P_1944059,0.0,0.0
Baixa vazao,51,P_1944063,0.0,-9.131468657409902
Baixa vazao,51,P_1945002,0.0,-8.41529797348909
Baixa vazao,51,P_1945008,0.0,-8.37675842577444
Baixa vazao,51,P_1946000,0.0,0.0
Baixa vazao,51,P_2044008,0.0,0.0
Baixa vazao,51,P_2044016,0.0,0.0
Baixa vazao,51,P_2044024,0.0,0.0
Baixa vazao,51,P_2044042,0.0,0.0
Baixa vazao,51,P_2045002,0.0,0.0
Baixa vazao,51,P_2046013,0.0,0.0
Baixa vazao,51,Q_40032000,5.7338,-9.382067859763062
Baixa vazao,51,Q_40050000,20.7547,0.0
Baixa vazao,51,Q_40060001,4.0561,-36.339736844681354
Baixa vazao,51,Q_40100000,53.308,-190.35809621361233
Baixa vazao,51,Q_40185000,3.631,0.0
Baixa vazao,51,Q_40330000,20.0963,-71.60328160966635
Baixa vazao,51,Q_40800001,15.8818,-9.582024258379048
Baixa vazao,51,Q_40850000,19.7014,-69.12566524778285
Baixa vazao,51,Q_40930000,1.1388,-33.65207520615635
Baixa vazao,52,P_1944059,0.0,0.0
Baixa vazao,52,P_1944063,0.0,-9.674511473583495
Baixa vazao,52,P_1945002,0.0,-8.802521997490363
Baixa vazao,52,P_1945008,0.0,-8.373592524399347
Baixa vazao,52,P_1946000,0.0,0.0
Baixa vazao,52,P_2044008,0.0,0.0
Baixa vazao,52,P_2044016,0.0,0.0
Baixa vazao,52,P_2044024,0.0,0.0
Baixa vazao,52,P_2044042,0.0,0.0
Baixa vazao,52,P_2045002,0.0,0.0
Baixa vazao,52,P_2046013,0.0,0.0
Baixa vazao,52,Q_40032000,8.1556,-9.418770322773117
Baixa vazao,52,Q_40050000,43.2452,0.0
Baixa vazao,52,Q_40060001,5.4278,-28.559603596040603
Baixa vazao,52,Q_40100000,70.7626,-168.86067850824836
Baixa vazao,52,Q_40185000,7.7378,0.0
Baixa vazao,52,Q_40330000,27.1774,-63.35502648383437
Baixa vazao,52,Q_40800001,34.0688,-5.521658147468315
Baixa vazao,52,Q_40850000,45.7634,-44.003333644025744
Baixa vazao,52,Q_40930000,4.8967,-25.3983014777573
Baixa vazao,53,P_1944059,0.0,0.0
Baixa vazao,53,P_1944063,0.0,-8.915315049084402
Baixa vazao,53,P_1945002,0.0,-8.189839392994145
Baixa vazao,53,P_1945008,0.0,-8.50304609118809
Baixa vazao,53,P_1946000,0.0,0.0
Baixa vazao,53,P_2044008,0.0,0.0
Baixa vazao,53,P_2044016,0.0,0.0
Baixa vazao,53,P_2044024,0.0,0.0
Baixa vazao,53,P_2044042,0.0,0.0
Baixa vazao,53,P_2045002,0.0,0.0
Baixa vazao,53,P_2046013,0.0,0.0
Baixa vazao,53,Q_40032000,8.1296,-8.988855189789923
Baixa vazao,53,Q_40050000,33.2589,0.0
Baixa vazao,53,Q_40060001,3.4974,-38.97927010775048
Baixa vazao,53,Q_40100000,55.7127,-187.91672142832306
Baixa vazao,53,Q_40185000,5.2202,0.0
Baixa vazao,53,Q_40330000,14.9303,-78.21924341095861
Baixa vazao,53,Q_40800001,23.8737,-7.773490804502201
Baixa vazao,53,Q_40850000,29.4609,-60.19691765557918
Baixa vazao,53,Q_40930000,2.4097,-30.9687325781657
Baixa vazao,54,P_1944059,0.0,0.0
Baixa vazao,54,P_1944063,0.0,-8.965012013363802
Baixa vazao,54,P_1945002,0.0,-8.616056159148481
Baixa vazao,54,P_1945008,0.0,-8.077587787103225
Baixa vazao,54,P_1946000,0.0,0.0
Baixa vazao,54,P_2044008,0.0,0.0
Baixa vazao,54,P_2044016,0.0,0.0
Baixa vazao,54,P_2044024,0.0,0.0
Baixa vazao,54,P_2044042,0.0,0.0
Baixa vazao,54,P_2045002,0.0,0.0
Baixa vazao,54,P_2046013,0.0,0.0
Baixa vazao,54,Q_40032000,6.3369,-9.107126594521537
Baixa vazao,54,Q_40050000,29.4435,0.0
Baixa vazao,54,Q_40060001,3.4974,-39.05832359097421
Baixa vazao,54,Q_40100000,48.6382,-197.18797707478478
Baixa vazao,54,Q_40185000,7.7378,0.0
Baixa vazao,54,Q_40330000,27.1774,-63.9410553153655
Baixa vazao,54,Q_40800001,23.9068,-7.608902799744953
Baixa vazao,54,Q_40850000,28.3803,-61.28337144458333
Baixa vazao,54,Q_40930000,2.6527,-30.281437019566326
Baixa vazao,55,P_1944059,0.0,0.0
Baixa vazao,55,P_1944063,0.0,-8.966939152019991
Baixa vazao,55,P_1945002,0.0,-8.867484217091217
Baixa vazao,55,P_1945008,0.0,-8.922551876496073
Baixa vazao,55,P_1946000,0.0,0.0
Baixa vazao,55,P_2044008,0.0,0.0
Baixa vazao,55,P_2044016,0.0,0.0
Baixa vazao,55,P_2044024,0.0,0.0
Baixa vazao,55,P_2044042,0.0,0.0
Baixa vazao,55,P_2045002,0.0,0.0
Baixa vazao,55,P_2046013,0.0,0.0
Baixa vazao,55,Q_40032000,7.6124,-9.243218962447317
Baixa vazao,55,Q_40050000,27.0513,0.0
Baixa vazao,55,Q_40060001,3.0402,-40.53050727721729
Baixa vazao,55,Q_40100000,45.176,-200.60651274381172
Baixa vazao,55,Q_40185000,4.2442,0.0
Baixa vazao,55,Q_40330000,10.6718,-82.25112613891751
Baixa vazao,55,Q_40800001,15.9948,-9.57704221280662
Baixa vazao,55,Q_40850000,18.7438,-69.54563484815938
Baixa vazao,55,Q_40930000,1.4107,-32.56439880695663
Baixa vazao,56,P_1944059,0.0,0.0
Baixa vazao,56,P_1944063,0.0,-9.356676171815757
Baixa vazao,56,P_1945002,0.0,-8.50671777034074
Baixa vazao,56,P_1945008,0.0,-8.154949322364814
Baixa vazao,56,P_1946000,0.0,0.0
Baixa vazao,56,P_2044008,0.0,0.0
Baixa vazao,56,P_2044016,0.0,0.0
Baixa vazao,56,P_2044024,0.0,0.0
Baixa vazao,56,P_2044042,0.0,0.0
Baixa vazao,56,P_2045002,0.0,0.0
Baixa vazao,56,P_2046013,0.0,0.0
Baixa vazao,56,Q_40032000,8.1296,-9.029805760090293
Baixa vazao,56,Q_40050000,28.8846,0.0
Baixa vazao,56,Q_40060001,3.0402,-40.45038704776391
Baixa vazao,56,Q_40100000,48.6062,-196.40882127380024
Baixa vazao,56,Q_40185000,4.5622,0.0
Baixa vazao,56,Q_40330000,11.688,-81.62183864417878
Baixa vazao,56,Q_40800001,18.4132,-9.307584270928837
Baixa vazao,56,Q_40850000,24.18,-65.0546397832883
Baixa vazao,56,Q_40930000,1.6446,-32.31836890253366
Baixa vazao,57,P_1944059,0.0,0.0
Baixa vazao,57,P_1944063,0.0,-8.926910199782537
Baixa vazao,57,P_1945002,0.0,-8.495635561065592
Baixa vazao,57,P_1945008,0.0,-8.557260291530778
Baixa vazao,57,P_1946000,0.0,0.0
Baixa vazao,57,P_2044008,0.0,0.0
Baixa vazao,57,P_2044016,0.0,0.0
Baixa vazao,57,P_2044024,0.0,0.0
Baixa vazao,57,P_2044042,0.0,0.0
Baixa vazao,57,P_2045002,0.0,0.0
Baixa vazao,57,P_2046013,0.0,0.0
Baixa vazao,57,Q_40032000,8.1556,-9.499752057409571
Baixa vazao,57,Q_40050000,40.9373,0.0
Baixa vazao,57,Q_40060001,5.161,-30.128599267110122
Baixa vazao,57,Q_40100000,68.2748,-172.09575139962905
Baixa vazao,57,Q_40185000,7.3505,0.0
Baixa vazao,57,Q_40330000,25.3358,-65.58961342692568
Baixa vazao,57,Q_40800001,31.7835,-5.535933763942069
Baixa vazao,57,Q_40850000,40.8927,-48.84053245051242
Baixa vazao,57,Q_40930000,4.6044,-26.70715892763507
Baixa vazao,58,P_1944059,0.0,0.0
Baixa vazao,58,P_1944063,0.0,-9.571919749572311
Baixa vazao,58,P_1945002,0.0,-8.493185152364276
Baixa vazao,58,P_1945008,0.0,-8.143310059382216
Baixa vazao,58,P_1946000,0.0,0.0
Baixa vazao,58,P_2044008,0.0,0.0
Baixa vazao,58,P_2044016,0.0,0.0
Baixa vazao,58,P_2044024,0.0,0.0
Baixa vazao,58,P_2044042,0.0,0.0
Baixa vazao,58,P_2045002,0.0,0.0
Baixa vazao,58,P_2046013,0.0,0.0
Baixa vazao,58,Q_40032000,7.8831,-9.540750000006485
Baixa vazao,58,Q_40050000,31.5888,0.0
Baixa vazao,58,Q_40060001,4.812,-32.55729727328607
Baixa vazao,58,Q_40100000,73.0533,-166.18527313227438
Baixa vazao,58,Q_40185000,3.0498,0.0
Baixa vazao,58,Q_40330000,10.6718,-82.78112388718306
Baixa vazao,58,Q_40800001,11.8522,-9.252928380720723
Baixa vazao,58,Q_40850000,18.7438,-69.71117872093684
Baixa vazao,58,Q_40930000,1.7864,-31.904287740304852
Baixa vazao,59,P_1944059,0.0,0.0
Baixa vazao,59,P_1944063,0.0,-9.269637277055033
Baixa vazao,59,P_1945002,0.0,-8.659195193331422
Baixa vazao,59,P_1945008,0.0,-8.528578758704949
Baixa vazao,59,P_1946000,2.0,0.0
Baixa vazao,59,P_2044008,0.0,0.0
Baixa vazao,59,P_2044016,0.0,0.0
Baixa vazao,59,P_2044024,0.0,0.0
Baixa vazao,59,P_2044042,0.0,0.0
Baixa vazao,59,P_2045002,0.0,0.0
Baixa vazao,59,P_2046013,2.0,0.0
Baixa vazao,59,Q_40032000,10.6207,-8.310990300073998
Baixa vazao,59,Q_40050000,45.9204,0.0
Baixa vazao,59,Q_40060001,5.8819,-27.621516994298958
Baixa vazao,59,Q_40100000,79.3767,-159.2532515903797
Baixa vazao,59,Q_40185000,5.5598,0.0
Baixa vazao,59,Q_40330000,23.9853,-68.26072149362109
Baixa vazao,59,Q_40800001,17.4101,-8.369183368540746
Baixa vazao,59,Q_40850000,21.6584,-67.95577309196015
Baixa vazao,59,Q_40930000,5.0439,-25.146925986561136
Baixa vazao,60,P_1944059,0.0,0.0
Baixa vazao,60,P_1944063,0.249462366,-8.959486157398537
Baixa vazao,60,P_1945002,0.0,-8.814133995169046
Baixa vazao,60,P_1945008,0.0,-7.977373022697947
Baixa vazao,60,P_1946000,0.0,0.0
Baixa vazao,60,P_2044008,0.0,0.0
Baixa vazao,60,P_2044016,0.0,0.0
Baixa vazao,60,P_2044024,0.0,0.0
Baixa vazao,60,P_2044042,0.0,0.0
Baixa vazao,60,P_2045002,0.0,0.0
Baixa vazao,60,P_2046013,0.0,0.0
Baixa vazao,60,Q_40032000,10.6207,-8.13691410520881
Baixa vazao,60,Q_40050000,51.1781,0.0
Baixa vazao,60,Q_40060001,6.0668,-26.137548678331633
Baixa vazao,60,Q_40100000,84.5546,-152.16392721620187
Baixa vazao,60,Q_40185000,6.2595,0.0
Baixa vazao,60,Q_40330000,26.2508,-65.05561341268105
Baixa vazao,60,Q_40800001,18.5374,-7.776681753832349
Baixa vazao,60,Q_40850000,22.6572,-66.32778805446743
Baixa vazao,60,Q_40930000,5.3641,-24.153657512054195
Baixa vazao,61,P_1944059,0.0,0.0
Baixa vazao,61,P_1944063,0.0,-9.54111989183776
Baixa vazao,61,P_1945002,0.0,-7.924302040315875
Baixa vazao,61,P_1945008,0.0,-8.403758653777013
Baixa vazao,61,P_1946000,0.0,0.0
Baixa vazao,61,P_2044008,0.0,0.0
Baixa vazao,61,P_2044016,0.0,0.0
Baixa vazao,61,P_2044024,0.0,0.0
Baixa vazao,61,P_2044042,0.0,0.0
Baixa vazao,61,P_2045002,0.0,0.0
Baixa vazao,61,P_2046013,0.0,0.0
Baixa vazao,61,Q_40032000,7.8831,-9.672777158515336
Baixa vazao,61,Q_40050000,26.5946,0.0
Baixa vazao,61,Q_40060001,4.812,-32.34797164837928
Baixa vazao,61,Q_40100000,75.5625,-162.89715332570904
Baixa vazao,61,Q_40185000,5.9063,0.0
Baixa vazao,61,Q_40330000,35.5075,-53.87658605214393
Baixa vazao,61,Q_40800001,35.1065,-5.169636989125081
Baixa vazao,61,Q_40850000,40.2954,-49.23839649614575
Baixa vazao,61,Q_40930000,2.3568,-30.378824606195465
Baixa vazao,62,P_1944059,0.0,0.0
Baixa vazao,62,P_1944063,0.0,-9.444089349491298
Baixa vazao,62,P_1945002,0.0,-8.479387381868449
Baixa vazao,62,P_1945008,0.0,-8.320939854306062
Baixa vazao,62,P_1946000,0.0,0.0
Baixa vazao,62,P_2044008,0.0,0.0
Baixa vazao,62,P_2044016,0.0,0.0
Baixa vazao,62,P_2044024,0.0,0.0
Baixa vazao,62,P_2044042,0.0,0.0
Baixa vazao,62,P_2045002,0.0,0.0
Baixa vazao,62,P_2046013,0.0,0.0
Baixa vazao,62,Q_40032000,4.9037,-9.925389405213917
Baixa vazao,62,Q_40050000,21.4869,0.0
Baixa vazao,62,Q_40060001,2.8194,-41.54182344940894
Baixa vazao,62,Q_40100000,31.8273,-216.3422559317141
Baixa vazao,62,Q_40185000,6.6284,0.0
Baixa vazao,62,Q_40330000,23.0998,-68.31872915768864
Baixa vazao,62,Q_40800001,15.1092,-9.607543233008599
Baixa vazao,62,Q_40850000,16.4127,-71.47830307540703
Baixa vazao,62,Q_40930000,1.1547,-33.048191664906604
Baixa vazao,63,P_1944059,0.0,0.0
Baixa vazao,63,P_1944063,0.0,-8.982723244181404
Baixa vazao,63,P_1945002,0.0,-8.589090982043873
Baixa vazao,63,P_1945008,0.0,-8.309520735783073
Baixa vazao,63,P_1946000,0.0,0.0
Baixa vazao,63,P_2044008,0.0,0.0
Baixa vazao,63,P_2044016,0.0,0.0
Baixa vazao,63,P_2044024,0.0,0.0
Baixa vazao,63,P_2044042,0.0,0.0
Baixa vazao,63,P_2045002,0.0,0.0
Baixa vazao,63,P_2046013,0.0,0.0
Baixa vazao,63,Q_40032000,7.5115,-9.382720121135673
Baixa vazao,63,Q_40050000,46.8883,0.0
Baixa vazao,63,Q_40060001,4.3034,-34.88143803861881
Baixa vazao,63,Q_40100000,65.6775,-175.19484558839457
Baixa vazao,63,Q_40185000,6.2595,0.0
Baixa vazao,63,Q_40330000,14.5561,-78.81969963600984
Baixa vazao,63,Q_40800001,20.2961,-8.02190821460448
Baixa vazao,63,Q_40850000,15.0589,-73.14396423769307
Baixa vazao,63,Q_40930000,6.0141,-22.949613011921883
Baixa vazao,64,P_1944059,0.0,0.0
Baixa vazao,64,P_1944063,0.0,-9.045437554738392
Baixa vazao,64,P_1945002,0.0,-8.346066382566448
Baixa vazao,64,P_1945008,0.0,-8.84564562634721
Baixa vazao,64,P_1946000,0.0,0.0
Baixa vazao,64,P_2044008,0.0,0.0
Baixa vazao,64,P_2044016,0.0,0.0
Baixa vazao,64,P_2044024,0.0,0.0
Baixa vazao,64,P_2044042,0.0,0.0
Baixa vazao,64,P_2045002,0.0,0.0
Baixa vazao,64,P_2046013,0.0,0.0
Baixa vazao,64,Q_40032000,6.3369,-9.261593818855458
Baixa vazao,64,Q_40050000,28.7004,0.0
Baixa vazao,64,Q_40060001,3.4198,-39.25288405227373
Baixa vazao,64,Q_40100000,47.5692,-197.67369214082143
Baixa vazao,64,Q_40185000,6.6284,0.0
Baixa vazao,64,Q_40330000,22.2264,-69.5135042817859
Baixa vazao,64,Q_40800001,22.5628,-8.56291591594773
Baixa vazao,64,Q_40850000,27.3117,-61.926849496093155
Baixa vazao,64,Q_40930000,2.1314,-31.15294192621118
Baixa vazao,65,P_1944059,0.0,0.0
Baixa vazao,65,P_1944063,0.0,-9.029749502710095
Baixa vazao,65,P_1945002,0.0,-8.646420446538075
Baixa vazao,65,P_1945008,0.0,-8.393723723133405
Baixa vazao,65,P_1946000,0.0,0.0
Baixa vazao,65,P_2044008,0.0,0.0
Baixa vazao,65,P_2044016,0.0,0.0
Baixa vazao,65,P_2044024,0.0,0.0
Baixa vazao,65,P_2044042,0.0,0.0
Baixa vazao,65,P_2045002,0.0,0.0
Baixa vazao,65,P_2046013,0.0,0.0
Baixa vazao,65,Q_40032000,7.6833,-9.502173852770378
Baixa vazao,65,Q_40050000,37.0249,0.0
Baixa vazao,65,Q_40060001,4.4709,-33.36153741596943
Baixa vazao,65,Q_40100000,61.0328,-180.98223176042268
Baixa vazao,65,Q_40185000,9.3692,0.0
Baixa vazao,65,Q_40330000,33.9799,-55.85669745803957
Baixa vazao,65,Q_40800001,31.7835,-5.828738460201862
Baixa vazao,65,Q_40850000,39.7006,-50.125172668040655
Baixa vazao,65,Q_40930000,3.4672,-28.226233063576046
Baixa vazao,66,P_1944059,0.0,0.0
Baixa vazao,66,P_1944063,0.0,-9.078456431487597
Baixa vazao,66,P_1945002,0.0,-8.40131499014035
Baixa vazao,66,P_1945008,0.0,-8.455495088420097
Baixa vazao,66,P_1946000,0.0,0.0
Baixa vazao,66,P_2044008,0.0,0.0
Baixa vazao,66,P_2044016,0.0,0.0
Baixa vazao,66,P_2044024,0.0,0.0
Baixa vazao,66,P_2044042,0.0,0.0
Baixa vazao,66,P_2045002,0.0,0.0
Baixa vazao,66,P_2046013,0.0,0.0
Baixa vazao,66,Q_40032000,7.441,-9.68019301495049
Baixa vazao,66,Q_40050000,25.7723,0.0
Baixa vazao,66,Q_40060001,2.8194,-41.654597133550126
Baixa vazao,66,Q_40100000,45.176,-200.21054911287922
Baixa vazao,66,Q_40185000,3.3363,0.0
Baixa vazao,66,Q_40330000,7.5329,-85.5949126083869
Baixa vazao,66,Q_40800001,15.5952,-9.395324769895474
Baixa vazao,66,Q_40850000,14.1757,-74.13292671285232
Baixa vazao,66,Q_40930000,1.1884,-33.17360789069519
Baixa vazao,67,P_1944059,0.0,0.0
Baixa vazao,67,P_1944063,0.0,-9.031272110584041
Baixa vazao,67,P_1945002,0.0,-8.484854138175216
Baixa vazao,67,P_1945008,0.0,-8.407184341579889
Baixa vazao,67,P_1946000,0.0,0.0
Baixa vazao,67,P_2044008,0.0,0.0
Baixa vazao,67,P_2044016,0.0,0.0
Baixa vazao,67,P_2044024,0.0,0.0
Baixa vazao,67,P_2044042,0.0,0.0
Baixa vazao,67,P_2045002,0.0,0.0
Baixa vazao,67,P_2046013,0.0,0.0
Baixa vazao,67,Q_40032000,7.5115,-9.695532580110635
Baixa vazao,67,Q_40050000,26.5946,0.0
Baixa vazao,67,Q_40060001,5.073,-30.781345404349594
Baixa vazao,67,Q_40100000,78.0987,-159.99569646309757
Baixa vazao,67,Q_40185000,6.2595,0.0
Baixa vazao,67,Q_40330000,38.1066,-50.671821492931954
Baixa vazao,67,Q_40800001,25.166,-6.804489147304821
Baixa vazao,67,Q_40850000,32.2141,-56.97077258915323
Baixa vazao,67,Q_40930000,2.6162,-30.305693970834113
Baixa vazao,68,P_1944059,0.0,0.0
Baixa vazao,68,P_1944063,0.0,-9.316036568946616
Baixa vazao,68,P_1945002,0.0,-8.285615012563085
Baixa vazao,68,P_1945008,0.0,-8.874121523617587
Baixa vazao,68,P_1946000,0.0,0.0
Baixa vazao,68,P_2044008,0.0,0.0
Baixa vazao,68,P_2044016,0.0,0.0
Baixa vazao,68,P_2044024,0.0,0.0
Baixa vazao,68,P_2044042,0.0,0.0
Baixa vazao,68,P_2045002,0.0,0.0
Baixa vazao,68,P_2046013,0.0,0.0
Baixa vazao,68,Q_40032000,7.6124,-9.467640834571384
Baixa vazao,68,Q_40050000,27.5701,0.0
Baixa vazao,68,Q_40060001,3.0402,-40.42898335919178
Baixa vazao,68,Q_40100000,45.176,-200.0775188386329
Baixa vazao,68,Q_40185000,4.2442,0.0
Baixa vazao,68,Q_40330000,14.9303,-77.89815764588384
Baixa vazao,68,Q_40800001,17.2046,-9.554709546341492
Baixa vazao,68,Q_40850000,19.7014,-69.15522471506739
Baixa vazao,68,Q_40930000,1.4107,-32.52714329852958
Baixa vazao,69,P_1944059,0.0,0.0
Baixa vazao,69,P_1944063,0.0,-9.52930952334972
Baixa vazao,69,P_1945002,0.0,-8.347078857242352
Baixa vazao,69,P_1945008,0.0,-8.48468632222311
Baixa vazao,69,P_1946000,0.0,0.0
Baixa vazao,69,P_2044008,0.0,0.0
Baixa vazao,69,P_2044016,0.0,0.0
Baixa vazao,69,P_2044024,0.0,0.0
Baixa vazao,69,P_2044042,0.0,0.0
Baixa vazao,69,P_2045002,0.0,0.0
Baixa vazao,69,P_2046013,0.0,0.0
Baixa vazao,69,Q_40032000,7.5115,-9.587337096626214
Baixa vazao,69,Q_40050000,25.1826,0.0
Baixa vazao,69,Q_40060001,4.6405,-32.819810973162106
Baixa vazao,69,Q_40100000,74.3045,-164.50803721781315
Baixa vazao,69,Q_40185000,5.9063,0.0
Baixa vazao,69,Q_40330000,37.059,-52.037124656424886
Baixa vazao,69,Q_40800001,25.9716,-7.297030331434769
Baixa vazao,69,Q_40850000,33.3355,-55.52379928694245
Baixa vazao,69,Q_40930000,2.3568,-30.4919565178241
Baixa vazao,70,P_1944059,0.0,0.0
Baixa vazao,70,P_1944063,0.0,-9.557245842442553
Baixa vazao,70,P_1945002,0.0,-8.353043530165806
Baixa vazao,70,P_1945008,0.0,-8.267390621349069
Baixa vazao,70,P_1946000,0.0,0.0
Baixa vazao,70,P_2044008,0.0,0.0
Baixa vazao,70,P_2044016,0.6,0.0
Baixa vazao,70,P_2044024,0.0,0.0
Baixa vazao,70,P_2044042,0.0,0.0
Baixa vazao,70,P_2045002,0.0,0.0
Baixa vazao,70,P_2046013,0.0,0.0
Baixa vazao,70,Q_40032000,8.4768,-9.206784617722812
Baixa vazao,70,Q_40050000,33.5407,0.0
Baixa vazao,70,Q_40060001,3.4974,-38.90507383643208
Baixa vazao,70,Q_40100000,56.9282,-186.3311905809341
Baixa vazao,70,Q_40185000,5.2202,0.0
Baixa vazao,70,Q_40330000,14.1853,-79.41258621571596
Baixa vazao,70,Q_40800001,23.8737,-7.3793303511724275
Baixa vazao,70,Q_40850000,30.0057,-59.450969428350064
Baixa vazao,70,Q_40930000,2.4097,-30.685903231902543
Baixa vazao,71,P_1944059,0.0,0.0
Baixa vazao,71,P_1944063,0.0,-9.028997186901984
Baixa vazao,71,P_1945002,0.0,-8.466786875110529
Baixa vazao,71,P_1945008,0.0,-8.636708683168926
Baixa vazao,71,P_1946000,0.0,0.0
Baixa vazao,71,P_2044008,0.0,0.0
Baixa vazao,71,P_2044016,0.0,0.0
Baixa vazao,71,P_2044024,0.0,0.0
Baixa vazao,71,P_2044042,0.0,0.0
Baixa vazao,71,P_2045002,0.0,0.0
Baixa vazao,71,P_2046013,0.0,0.0
Baixa vazao,71,Q_40032000,5.4994,-9.729358547939958
Baixa vazao,71,Q_40050000,23.4924,0.0
Baixa vazao,71,Q_40060001,3.1903,-40.1797509285732
Baixa vazao,71,Q_40100000,40.3633,-206.71484582802603
Baixa vazao,71,Q_40185000,6.9836,0.0
Baixa vazao,71,Q_40330000,24.4325,-66.7011145728526
Baixa vazao,71,Q_40800001,18.0843,-8.956688233129121
Baixa vazao,71,Q_40850000,20.6731,-67.83448631403239
Baixa vazao,71,Q_40930000,1.3893,-32.61086256838634
Baixa vazao,72,P_1944059,0.0,0.0
Baixa vazao,72,P_1944063,0.0,-9.448864730470966
Baixa vazao,72,P_1945002,0.0,-8.502056350785873
Baixa vazao,72,P_1945008,0.0,-8.874693791950666
Baixa vazao,72,P_1946000,0.0,0.0
Baixa vazao,72,P_2044008,0.0,0.0
Baixa vazao,72,P_2044016,0.0,0.0
Baixa vazao,72,P_2044024,0.0,0.0
Baixa vazao,72,P_2044042,0.0,0.0
Baixa vazao,72,P_2045002,0.0,0.0
Baixa vazao,72,P_2046013,0.0,0.0
Baixa vazao,72,Q_40032000,5.912,-9.948766967898361
Baixa vazao,72,Q_40050000,26.5181,0.0
Baixa vazao,72,Q_40060001,3.2663,-39.53163135271072
Baixa vazao,72,Q_40100000,42.3723,-204.03984486980488
Baixa vazao,72,Q_40185000,6.6284,0.0
Baixa vazao,72,Q_40330000,22.6616,-68.61684369844318
Baixa vazao,72,Q_40800001,28.1034,-7.018224303209138
Baixa vazao,72,Q_40850000,30.5535,-59.04295702475738
Baixa vazao,72,Q_40930000,1.6307,-32.27021829603908
Baixa vazao,73,P_1944059,0.0,0.0
Baixa vazao,73,P_1944063,0.0,-9.222381693327652
Baixa vazao,73,P_1945002,0.0,-8.43624726523841
Baixa vazao,73,P_1945008,0.0,-8.426775580960596
Baixa vazao,73,P_1946000,0.0,0.0
Baixa vazao,73,P_2044008,0.0,0.0
Baixa vazao,73,P_2044016,0.0,0.0
Baixa vazao,73,P_2044024,0.0,0.0
Baixa vazao,73,P_2044042,0.0,0.0
Baixa vazao,73,P_2045002,0.0,0.0
Baixa vazao,73,P_2046013,0.0,0.0
Baixa vazao,73,Q_40032000,8.1296,-8.900346225992504
Baixa vazao,73,Q_40050000,32.6983,0.0
Baixa vazao,73,Q_40060001,3.8134,-37.05093709434804
Baixa vazao,73,Q_40100000,54.5059,-189.44571896682737
Baixa vazao,73,Q_40185000,4.8876,0.0
Baixa vazao,73,Q_40330000,13.818,-79.2095371657966
Baixa vazao,73,Q_40800001,23.1671,-7.863456709029435
Baixa vazao,73,Q_40850000,27.8445,-61.901917295923795
Baixa vazao,73,Q_40930000,2.1446,-31.551688173781994
Baixa vazao,74,P_1944059,0.0,0.0
Baixa vazao,74,P_1944063,0.5,-7.026223383044524
Baixa vazao,74,P_1945002,0.0,-6.83863355567604
Baixa vazao,74,P_1945008,5.3,0.0
Baixa vazao,74,P_1946000,11.2,-11.94535849605898
Baixa vazao,74,P_2044008,3.0,0.0
Baixa vazao,74,P_2044016,1.2,0.0
Baixa vazao,74,P_2044024,0.0,0.0
Baixa vazao,74,P_2044042,5.8,0.0
Baixa vazao,74,P_2045002,2.9,0.0
Baixa vazao,74,P_2046013,7.8,0.0
Baixa vazao,74,Q_40032000,7.5115,-7.762260450200985
Baixa vazao,74,Q_40050000,23.7837,0.0
Baixa vazao,74,Q_40060001,4.6405,-33.438045153034054
Baixa vazao,74,Q_40100000,61.8768,-182.3170863568992
Baixa vazao,74,Q_40185000,4.8876,0.0
Baixa vazao,74,Q_40330000,26.7127,-65.19354964393808
Baixa vazao,74,Q_40800001,16.6258,-9.730111657581213
Baixa vazao,74,Q_40850000,18.7438,-72.25817941735508
Baixa vazao,74,Q_40930000,1.6083,-32.275261487614024
Baixa vazao,75,P_1944059,0.0,0.0
Baixa vazao,75,P_1944063,0.0,-9.485422271849307
Baixa vazao,75,P_1945002,0.0,-8.37006357764684
Baixa vazao,75,P_1945008,0.0,-8.540361932754724
Baixa vazao,75,P_1946000,0.0,0.0
Baixa vazao,75,P_2044008,0.0,0.0
Baixa vazao,75,P_2044016,0.0,0.0
Baixa vazao,75,P_2044024,0.0,0.0
Baixa vazao,75,P_2044042,0.0,0.0
Baixa vazao,75,P_2045002,0.0,0.0
Baixa vazao,75,P_2046013,0.0,0.0
Baixa vazao,75,Q_40032000,6.7738,-9.652277993360261
Baixa vazao,75,Q_40050000,29.693,0.0
Baixa vazao,75,Q_40060001,3.5756,-37.7469631824981
Baixa vazao,75,Q_40100000,49.7169,-195.53583400771004
Baixa vazao,75,Q_40185000,7.7378,0.0
Baixa vazao,75,Q_40330000,27.1774,-63.98147051872519
Baixa vazao,75,Q_40800001,23.2313,-8.02038683782422
Baixa vazao,75,Q_40850000,31.6576,-58.122566575271144
Baixa vazao,75,Q_40930000,2.9201,-29.491494966946068
Baixa vazao,76,P_1944059,0.0,0.0
Baixa vazao,76,P_1944063,0.0,-9.609756624453647
Baixa vazao,76,P_1945002,0.0,-8.270259047947263
Baixa vazao,76,P_1945008,0.0,-8.572786023928202
Baixa vazao,76,P_1946000,0.0,0.0
Baixa vazao,76,P_2044008,0.0,0.0
Baixa vazao,76,P_2044016,0.0,0.0
Baixa vazao,76,P_2044024,0.0,0.0
Baixa vazao,76,P_2044042,0.0,0.0
Baixa vazao,76,P_2045002,0.0,0.0
Baixa vazao,76,P_2046013,0.0,0.0
Baixa vazao,76,Q_40032000,7.441,-9.34964181883202
Baixa vazao,76,Q_40050000,23.2913,0.0
Baixa vazao,76,Q_40060001,2.5334,-42.80391064157953
Baixa vazao,76,Q_40100000,38.5719,-208.05287202403616
Baixa vazao,76,Q_40185000,3.0498,0.0
Baixa vazao,76,Q_40330000,6.1155,-87.44206492979525
Baixa vazao,76,Q_40800001,15.5952,-9.651262194358576
Baixa vazao,76,Q_40850000,20.1855,-68.50478049534343
Baixa vazao,76,Q_40930000,1.5219,-32.00245819858907
Baixa vazao,77,P_1944059,0.0,0.0
Baixa vazao,77,P_1944063,15.0,36.1026796086104
Baixa vazao,77,P_1945002,0.0,-6.287139900866864
Baixa vazao,77,P_1945008,15.3,28.33817120888369
Baixa vazao,77,P_1946000,0.0,0.0
Baixa vazao,77,P_2044008,2.8,0.0
Baixa vazao,77,P_2044016,9.9,0.0
Baixa vazao,77,P_2044024,10.6,0.0
Baixa vazao,77,P_2044042,0.3,0.0
Baixa vazao,77,P_2045002,3.1,0.0
Baixa vazao,77,P_2046013,7.0,0.0
Baixa vazao,77,Q_40032000,14.9066,-5.383679646432548
Baixa vazao,77,Q_40050000,42.1323,-2.8274238980779955
Baixa vazao,77,Q_40060001,7.9113,-19.405200635603467
Baixa vazao,77,Q_40100000,60.6268,-192.00346615873764
Baixa vazao,77,Q_40185000,6.2595,0.0
Baixa vazao,77,Q_40330000,17.2461,-80.83028894366382
Baixa vazao,77,Q_40800001,42.374,0.0
Baixa vazao,77,Q_40850000,46.3836,-46.74011193577482
Baixa vazao,77,Q_40930000,6.0141,-23.34688211223914
Baixa vazao,78,P_1944059,0.0,0.0
Baixa vazao,78,P_1944063,0.0,-9.45044345499227
Baixa vazao,78,P_1945002,0.0,-8.540841574062874
Baixa vazao,78,P_1945008,0.0,-8.064299937541534
Baixa vazao,78,P_1946000,0.0,0.0
Baixa vazao,78,P_2044008,0.0,0.0
Baixa vazao,78,P_2044016,0.0,0.0
Baixa vazao,78,P_2044024,0.0,0.0
Baixa vazao,78,P_2044042,0.0,0.0
Baixa vazao,78,P_2045002,0.0,0.0
Baixa vazao,78,P_2046013,0.0,0.0
Baixa vazao,78,Q_40032000,8.2597,-8.864724052887803
Baixa vazao,78,Q_40050000,36.998,0.0
Baixa vazao,78,Q_40060001,5.6989,-28.604197673051782
Baixa vazao,78,Q_40100000,69.3405,-170.7287281367293
Baixa vazao,78,Q_40185000,4.2442,0.0
Baixa vazao,78,Q_40330000,28.5889,-62.36609469772098
Baixa vazao,78,Q_40800001,14.2439,-9.04252203538597
Baixa vazao,78,Q_40850000,21.6584,-67.19009476140259
Baixa vazao,78,Q_40930000,2.9059,-29.687699495888783
Baixa vazao,79,P_1944059,0.0,0.0
Baixa vazao,79,P_1944063,0.0,-8.840959695995881
Baixa vazao,79,P_1945002,0.0,-8.235893027878703
Baixa vazao,79,P_1945008,0.0,-8.425250523594253
Baixa vazao,79,P_1946000,0.0,0.0
Baixa vazao,79,P_2044008,0.0,0.0
Baixa vazao,79,P_2044016,0.0,0.0
Baixa vazao,79,P_2044024,0.6,0.0
Baixa vazao,79,P_2044042,0.0,0.0
Baixa vazao,79,P_2045002,0.0,0.0
Baixa vazao,79,P_2046013,0.0,0.0
Baixa vazao,79,Q_40032000,8.303,-9.204140057129818
Baixa vazao,79,Q_40050000,27.3102,0.0
Baixa vazao,79,Q_40060001,3.1903,-39.05679383732689
Baixa vazao,79,Q_40100000,54.5059,-189.6790956252016
Baixa vazao,79,Q_40185000,3.9337,0.0
Baixa vazao,79,Q_40330000,14.1853,-78.76920022686284
Baixa vazao,79,Q_40800001,38.483,-4.860173836880051
Baixa vazao,79,Q_40850000,75.7264,-14.962036517930748
Baixa vazao,79,Q_40930000,3.1988,-29.01984301041398
Baixa vazao,80,P_1944059,1.4,0.0
Baixa vazao,80,P_1944063,0.0,-9.038471275549796
Baixa vazao,80,P_1945002,0.0,-8.140556605898702
Baixa vazao,80,P_1945008,0.0,-7.853151686254644
Baixa vazao,80,P_1946000,0.0,0.0
Baixa vazao,80,P_2044008,0.0,0.0
Baixa vazao,80,P_2044016,0.0,0.0
Baixa vazao,80,P_2044024,0.0,0.0
Baixa vazao,80,P_2044042,0.0,0.0
Baixa vazao,80,P_2045002,0.0,0.0
Baixa vazao,80,P_2046013,0.0,0.0
Baixa vazao,80,Q_40032000,7.5115,-9.524483015086938
Baixa vazao,80,Q_40050000,33.2589,0.0
Baixa vazao,80,Q_40060001,4.812,-32.614005692603605
Baixa vazao,80,Q_40100000,60.6268,-181.84200776249074
Baixa vazao,80,Q_40185000,3.631,0.0
Baixa vazao,80,Q_40330000,15.3079,-77.659427497609
Baixa vazao,80,Q_40800001,22.136,-8.005245915221792
Baixa vazao,80,Q_40850000,23.6691,-65.22540745227893
Baixa vazao,80,Q_40930000,4.4137,-26.049082215009587
Baixa vazao,81,P_1944059,0.0,0.0
Baixa vazao,81,P_1944063,0.0,-9.25490547424871
Baixa vazao,81,P_1945002,0.0,-8.603077982268369
Baixa vazao,81,P_1945008,0.0,-8.407714558404157
Baixa vazao,81,P_1946000,0.0,0.0
Baixa vazao,81,P_2044008,0.0,0.0
Baixa vazao,81,P_2044016,0.0,0.0
Baixa vazao,81,P_2044024,0.0,0.0
Baixa vazao,81,P_2044042,0.0,0.0
Baixa vazao,81,P_2045002,0.0,0.0
Baixa vazao,81,P_2046013,0.0,0.0
Baixa vazao,81,Q_40032000,8.6394,-9.063660257301217
Baixa vazao,81,Q_40050000,43.5373,0.0
Baixa vazao,81,Q_40060001,5.4278,-29.23701628924401
Baixa vazao,81,Q_40100000,72.0203,-167.26195691281657
Baixa vazao,81,Q_40185000,7.3505,0.0
Baixa vazao,81,Q_40330000,26.2508,-64.64479953684314
Baixa vazao,81,Q_40800001,35.6238,-5.434524173050988
Baixa vazao,81,Q_40850000,43.918,-46.088514296054655
Baixa vazao,81,Q_40930000,5.192,-24.254741903397004
Baixa vazao,82,P_1944059,0.0,0.0
Baixa vazao,82,P_1944063,0.0,-9.567194516551194
Baixa vazao,82,P_1945002,0.0,-8.45674330443444
Baixa vazao,82,P_1945008,0.0,-8.59305635122438
Baixa vazao,82,P_1946000,0.0,0.0
Baixa vazao,82,P_2044008,0.0,0.0
Baixa vazao,82,P_2044016,0.0,0.0
Baixa vazao,82,P_2044024,0.0,0.0
Baixa vazao,82,P_2044042,0.0,0.0
Baixa vazao,82,P_2045002,0.0,0.0
Baixa vazao,82,P_2046013,0.0,0.0
Baixa vazao,82,Q_40032000,8.6413,-9.072827067086461
Baixa vazao,82,Q_40050000,30.4952,0.0
Baixa vazao,82,Q_40060001,4.138,-35.52889016937006
Baixa vazao,82,Q_40100000,55.7127,-187.60950196045226
Baixa vazao,82,Q_40185000,3.9337,0.0
Baixa vazao,82,Q_40330000,8.7413,-84.98297773662168
Baixa vazao,82,Q_40800001,12.3126,-9.520282033518383
Baixa vazao,82,Q_40850000,15.0589,-73.45325744399884
Baixa vazao,82,Q_40930000,2.6178,-30.110460280351628
Baixa vazao,83,P_1944059,0.0,0.0
Baixa vazao,83,P_1944063,2.3,0.0
Baixa vazao,83,P_1945002,0.0,-8.133648089429585
Baixa vazao,83,P_1945008,0.0,-8.744665086674098
Baixa vazao,83,P_1946000,5.0,0.0
Baixa vazao,83,P_2044008,4.6,0.0
Baixa vazao,83,P_2044016,4.7,0.0
Baixa vazao,83,P_2044024,0.0,0.0
Baixa vazao,83,P_2044042,9.2,-8.547977272841779
Baixa vazao,83,P_2045002,7.9,0.0
Baixa vazao,83,P_2046013,0.0,0.0
Baixa vazao,83,Q_40032000,7.5115,-9.221312685388918
Baixa vazao,83,Q_40050000,23.7837,0.0
Baixa vazao,83,Q_40060001,4.6405,-34.5151654024402
Baixa vazao,83,Q_40100000,61.8768,-182.65671493212017
Baixa vazao,83,Q_40185000,4.5622,0.0
Baixa vazao,83,Q_40330000,27.1774,-65.29932404394867
Baixa vazao,83,Q_40800001,18.1312,-9.438731504245935
Baixa vazao,83,Q_40850000,20.6731,-70.37599677370379
Baixa vazao,83,Q_40930000,1.6083,-33.24012034381221
Baixa vazao,84,P_1944059,0.0,0.0
Baixa vazao,84,P_1944063,0.0,-9.695014063610385
Baixa vazao,84,P_1945002,0.0,-8.571103972033768
Baixa vazao,84,P_1945008,0.0,-8.524893082250287
Baixa vazao,84,P_1946000,0.0,0.0
Baixa vazao,84,P_2044008,0.0,0.0
Baixa vazao,84,P_2044016,0.0,0.0
Baixa vazao,84,P_2044024,0.0,0.0
Baixa vazao,84,P_2044042,0.0,0.0
Baixa vazao,84,P_2045002,0.0,0.0
Baixa vazao,84,P_2046013,0.0,0.0
Baixa vazao,84,Q_40032000,7.441,-9.779694919172634
Baixa vazao,84,Q_40050000,26.2808,0.0
Baixa vazao,84,Q_40060001,2.8924,-41.168425487400086
Baixa vazao,84,Q_40100000,41.8305,-204.38908859522434
Baixa vazao,84,Q_40185000,3.631,0.0
Baixa vazao,84,Q_40330000,8.4331,-84.19174381511448
Baixa vazao,84,Q_40800001,15.1975,-9.625274218847682
Baixa vazao,84,Q_40850000,15.0589,-73.27547485426346
Baixa vazao,84,Q_40930000,1.1884,-32.56062821579961
Baixa vazao,85,P_1944059,0.0,0.0
Baixa vazao,85,P_1944063,0.0,-9.552858048421772
Baixa vazao,85,P_1945002,0.0,-8.370954399122548
Baixa vazao,85,P_1945008,0.0,-8.534203567024754
Baixa vazao,85,P_1946000,0.0,0.0
Baixa vazao,85,P_2044008,0.0,0.0
Baixa vazao,85,P_2044016,0.0,0.0
Baixa vazao,85,P_2044024,0.0,0.0
Baixa vazao,85,P_2044042,0.0,0.0
Baixa vazao,85,P_2045002,0.0,0.0
Baixa vazao,85,P_2046013,0.0,0.0
Baixa vazao,85,Q_40032000,8.1556,-9.296025602233447
Baixa vazao,85,Q_40050000,38.1262,0.0
Baixa vazao,85,Q_40060001,4.5555,-32.450348164559585
Baixa vazao,85,Q_40100000,62.2166,-179.26283854292387
Baixa vazao,85,Q_40185000,8.9491,0.0
Baixa vazao,85,Q_40330000,31.488,-58.7231835405041
Baixa vazao,85,Q_40800001,34.0688,-6.052528831452264
Baixa vazao,85,Q_40850000,42.7002,-46.86514547603972
Baixa vazao,85,Q_40930000,3.4672,-28.61007985001866
Baixa vazao,86,P_1944059,0.0,0.0
Baixa vazao,86,P_1944063,0.0,-9.251837845818203
Baixa vazao,86,P_1945002,0.0,-8.133107087879157
Baixa vazao,86,P_1945008,0.0,-8.328610098838109
Baixa vazao,86,P_1946000,0.0,0.0
Baixa vazao,86,P_2044008,0.0,0.0
Baixa vazao,86,P_2044016,0.0,0.0
Baixa vazao,86,P_2044024,0.0,0.0
Baixa vazao,86,P_2044042,0.0,0.0
Baixa vazao,86,P_2045002,0.0,0.0
Baixa vazao,86,P_2046013,0.0,0.0
Baixa vazao,86,Q_40032000,7.2226,-9.748065022389746
Baixa vazao,86,Q_40050000,34.5958,0.0
Baixa vazao,86,Q_40060001,4.0561,-36.056975234314486
Baixa vazao,86,Q_40100000,56.392,-186.9554594851694
Baixa vazao,86,Q_40185000,6.6284,0.0
Baixa vazao,86,Q_40330000,23.0998,-68.57311240744666
Baixa vazao,86,Q_40800001,28.1034,-7.106599330849974
Baixa vazao,86,Q_40850000,38.5191,-51.358313387157395
Baixa vazao,86,Q_40930000,2.9201,-29.18225952331636
Baixa vazao,87,P_1944059,0.0,0.0
Baixa vazao,87,P_1944063,0.0,-9.644477193019009
Baixa vazao,87,P_1945002,0.0,-8.63858233662372
Baixa vazao,87,P_1945008,0.0,-8.598276438911821
Baixa vazao,87,P_1946000,0.0,0.0
Baixa vazao,87,P_2044008,0.0,0.0
Baixa vazao,87,P_2044016,0.0,0.0
Baixa vazao,87,P_2044024,0.0,0.0
Baixa vazao,87,P_2044042,0.0,0.0
Baixa vazao,87,P_2045002,0.0,0.0
Baixa vazao,87,P_2046013,0.0,0.0
Baixa vazao,87,Q_40032000,7.2226,-9.140785387592109
Baixa vazao,87,Q_40050000,34.5958,0.0
Baixa vazao,87,Q_40060001,4.138,-34.936201690571224
Baixa vazao,87,Q_40100000,57.5381,-185.30713720262278
Baixa vazao,87,Q_40185000,6.6284,0.0
Baixa vazao,87,Q_40330000,23.0998,-68.82972043541115
Baixa vazao,87,Q_40800001,30.292,-6.682397886871513
Baixa vazao,87,Q_40850000,37.3481,-52.56631628810098
Baixa vazao,87,Q_40930000,2.9201,-29.182826765603767
Baixa vazao,88,P_1944059,0.0,0.0
Baixa vazao,88,P_1944063,0.0,-9.405299429930237
Baixa vazao,88,P_1945002,0.0,-8.708239752512828
Baixa vazao,88,P_1945008,0.0,-8.516366962687764
Baixa vazao,88,P_1946000,0.0,0.0
Baixa vazao,88,P_2044008,0.0,0.0
Baixa vazao,88,P_2044016,0.0,0.0
Baixa vazao,88,P_2044024,0.0,0.0
Baixa vazao,88,P_2044042,0.0,0.0
Baixa vazao,88,P_2045002,0.0,0.0
Baixa vazao,88,P_2046013,0.0,0.0
Baixa vazao,88,Q_40032000,6.7738,-10.030873606288662
Baixa vazao,88,Q_40050000,29.9433,0.0
Baixa vazao,88,Q_40060001,3.7336,-37.51653327656313
Baixa vazao,88,Q_40100000,51.9034,-192.7988583245431
Baixa vazao,88,Q_40185000,8.5372,0.0
Baixa vazao,88,Q_40330000,30.9979,-59.68319811451169
Baixa vazao,88,Q_40800001,23.9068,-7.36705258700232
Baixa vazao,88,Q_40850000,31.6576,-57.46894423608833
Baixa vazao,88,Q_40930000,2.9201,-29.2670883674266
Baixa vazao,89,P_1944059,0.0,0.0
Baixa vazao,89,P_1944063,1.2,0.0
Baixa vazao,89,P_1945002,23.7,40.7558039894268
Baixa vazao,89,P_1945008,0.0,-7.887221503428311
Baixa vazao,89,P_1946000,0.0,0.0
Baixa vazao,89,P_2044008,0.0,-4.641101749396999
Baixa vazao,89,P_2044016,0.0,0.0
Baixa vazao,89,P_2044024,0.4,0.0
Baixa vazao,89,P_2044042,0.2,0.0
Baixa vazao,89,P_2045002,7.0,0.0
Baixa vazao,89,P_2046013,0.0,0.0
Baixa vazao,89,Q_40032000,20.5571,0.0
Baixa vazao,89,Q_40050000,39.6819,-3.5265048847325033
Baixa vazao,89,Q_40060001,3.1903,-43.31169604200234
Baixa vazao,89,Q_40100000,64.4022,-184.29666797610972
Baixa vazao,89,Q_40185000,9.3129,0.0
Baixa vazao,89,Q_40330000,25.7919,-68.74518976640513
Baixa vazao,89,Q_40800001,29.0011,-7.463326865314631
Baixa vazao,89,Q_40850000,41.4926,-51.0522308076437
Baixa vazao,89,Q_40930000,4.727,-26.71891469403788
Baixa vazao,90,P_1944059,1.0,0.0
Baixa vazao,90,P_1944063,0.6,-7.07298754682297
Baixa vazao,90,P_1945002,0.0,-7.868689186427869
Baixa vazao,90,P_1945008,0.0,-8.265966488309518
Baixa vazao,90,P_1946000,1.3,0.0
Baixa vazao,90,P_2044008,3.1,0.0
Baixa vazao,90,P_2044016,2.0,0.0
Baixa vazao,90,P_2044024,0.8,0.0
Baixa vazao,90,P_2044042,0.6,0.0
Baixa vazao,90,P_2045002,0.0,0.0
Baixa vazao,90,P_2046013,0.0,0.0
Baixa vazao,90,Q_40032000,9.8838,-8.54602723106186
Baixa vazao,90,Q_40050000,29.6854,0.0
Baixa vazao,90,Q_40060001,3.4974,-39.20768245854372
Baixa vazao,90,Q_40100000,40.7345,-208.23621355165253
Baixa vazao,90,Q_40185000,3.631,0.0
Baixa vazao,90,Q_40330000,14.1853,-79.80427792668058
Baixa vazao,90,Q_40800001,36.0345,-6.146192406162811
Baixa vazao,90,Q_40850000,51.4322,-39.46915093528396
Baixa vazao,90,Q_40930000,4.4137,-26.250277912936873
Baixa vazao,91,P_1944059,0.0,0.0
Baixa vazao,91,P_1944063,0.249462366,-8.631288067898133
Baixa vazao,91,P_1945002,0.0,-8.730333152272156
Baixa vazao,91,P_1945008,0.0,-8.391928751930058
Baixa vazao,91,P_1946000,0.0,0.0
Baixa vazao,91,P_2044008,0.0,0.0
Baixa vazao,91,P_2044016,0.0,0.0
Baixa vazao,91,P_2044024,0.0,0.0
Baixa vazao,91,P_2044042,0.0,0.0
Baixa vazao,91,P_2045002,0.0,0.0
Baixa vazao,91,P_2046013,0.0,0.0
Baixa vazao,91,Q_40032000,10.6207,-8.130621697189339
Baixa vazao,91,Q_40050000,53.8944,0.0
Baixa vazao,91,Q_40060001,6.442,-24.3169345263011
Baixa vazao,91,Q_40100000,88.506,-146.61831649537984
Baixa vazao,91,Q_40185000,6.6193,0.0
Baixa vazao,91,Q_40330000,27.1774,-64.1039606661344
Baixa vazao,91,Q_40800001,20.2961,-7.839591750559066
Baixa vazao,91,Q_40850000,23.6691,-64.74170746203356
Baixa vazao,91,Q_40930000,5.3641,-24.904523491665547
Baixa vazao,92,P_1944059,0.0,0.0
Baixa vazao,92,P_1944063,0.0,-9.181531216955271
Baixa vazao,92,P_1945002,0.0,-8.49736407380614
Baixa vazao,92,P_1945008,0.0,-8.724081692790719
Baixa vazao,92,P_1946000,0.0,0.0
Baixa vazao,92,P_2044008,0.0,0.0
Baixa vazao,92,P_2044016,0.0,0.0
Baixa vazao,92,P_2044024,0.0,0.0
Baixa vazao,92,P_2044042,0.0,0.0
Baixa vazao,92,P_2045002,0.0,0.0
Baixa vazao,92,P_2046013,0.0,0.0
Baixa vazao,92,Q_40032000,7.441,-9.42148265399819
Baixa vazao,92,Q_40050000,26.7935,0.0
Baixa vazao,92,Q_40060001,3.0402,-41.002281731697856
Baixa vazao,92,Q_40100000,44.0513,-201.57430025993546
Baixa vazao,92,Q_40185000,3.9337,0.0
Baixa vazao,92,Q_40330000,11.0068,-81.69939338321798
Baixa vazao,92,Q_40800001,15.1975,-9.509512460835339
Baixa vazao,92,Q_40850000,17.8004,-70.84453181787892
Baixa vazao,92,Q_40930000,1.4107,-32.57736547263992
Baixa vazao,93,P_1944059,0.0,0.0
Baixa vazao,93,P_1944063,0.0,-9.641079708009537
Baixa vazao,93,P_1945002,0.0,-8.327659142025482
Baixa vazao,93,P_1945008,0.0,-8.431455385162996
Baixa vazao,93,P_1946000,0.0,0.0
Baixa vazao,93,P_2044008,0.0,0.0
Baixa vazao,93,P_2044016,0.0,0.0
Baixa vazao,93,P_2044024,0.0,0.0
Baixa vazao,93,P_2044042,0.0,0.0
Baixa vazao,93,P_2045002,0.0,0.0
Baixa vazao,93,P_2046013,0.0,0.0
Baixa vazao,93,Q_40032000,5.0991,-9.614779715219088
Baixa vazao,93,Q_40050000,23.4924,0.0
Baixa vazao,93,Q_40060001,2.966,-41.29298749831638
Baixa vazao,93,Q_40100000,35.518,-211.46507740748052
Baixa vazao,93,Q_40185000,5.9377,0.0
Baixa vazao,93,Q_40330000,19.6796,-72.1130868818915
Baixa vazao,93,Q_40800001,16.2762,-9.417258091215196
Baixa vazao,93,Q_40850000,18.2703,-70.0301994168024
Baixa vazao,93,Q_40930000,1.6307,-32.11034037505447
Baixa vazao,94,P_1944059,0.0,0.0
Baixa vazao,94,P_1944063,0.0,-9.697637438366142
Baixa vazao,94,P_1945002,0.0,-8.51766340943185
Baixa vazao,94,P_1945008,0.0,-8.304179018716638
Baixa vazao,94,P_1946000,0.0,0.0
Baixa vazao,94,P_2044008,0.0,0.0
Baixa vazao,94,P_2044016,0.0,0.0
Baixa vazao,94,P_2044024,0.0,0.0
Baixa vazao,94,P_2044042,0.0,0.0
Baixa vazao,94,P_2045002,0.0,0.0
Baixa vazao,94,P_2046013,0.0,0.0
Baixa vazao,94,Q_40032000,7.5115,-9.140681561389012
Baixa vazao,94,Q_40050000,32.1416,0.0
Baixa vazao,94,Q_40060001,4.5555,-33.910856473139475
Baixa vazao,94,Q_40100000,56.9282,-185.83266154452264
Baixa vazao,94,Q_40185000,6.9856,0.0
Baixa vazao,94,Q_40330000,12.737,-80.18850343157663
Baixa vazao,94,Q_40800001,14.2439,-9.528887799899751
Baixa vazao,94,Q_40850000,18.7438,-69.78785169031256
Baixa vazao,94,Q_40930000,0.7776,-33.78669879410619
Baixa vazao,95,P_1944059,0.0,0.0
Baixa vazao,95,P_1944063,0.0,-9.191636452409055
Baixa vazao,95,P_1945002,0.0,-8.29556866022692
Baixa vazao,95,P_1945008,0.0,-8.281850431340972
Baixa vazao,95,P_1946000,0.0,0.0
Baixa vazao,95,P_2044008,0.0,0.0
Baixa vazao,95,P_2044016,0.0,0.0
Baixa vazao,95,P_2044024,0.0,0.0
Baixa vazao,95,P_2044042,0.0,0.0
Baixa vazao,95,P_2045002,0.0,0.0
Baixa vazao,95,P_2046013,0.0,0.0
Baixa vazao,95,Q_40032000,7.8831,-9.286105005059989
Baixa vazao,95,Q_40050000,25.7459,0.0
Baixa vazao,95,Q_40060001,4.726,-32.47812287159641
Baixa vazao,95,Q_40100000,76.8273,-161.2483113701131
Baixa vazao,95,Q_40185000,5.9063,0.0
Baixa vazao,95,Q_40330000,35.5075,-54.441301110065794
Baixa vazao,95,Q_40800001,28.4144,-6.645729415178437
Baixa vazao,95,Q_40850000,40.8927,-48.27780499664398
Baixa vazao,95,Q_40930000,2.3568,-30.738804191111363
Baixa vazao,96,P_1944059,0.0,0.0
Baixa vazao,96,P_1944063,0.0,-9.4212257350495
Baixa vazao,96,P_1945002,0.0,-8.422098297610319
Baixa vazao,96,P_1945008,0.0,-8.579036591166822
Baixa vazao,96,P_1946000,0.0,0.0
Baixa vazao,96,P_2044008,0.0,0.0
Baixa vazao,96,P_2044016,0.0,0.0
Baixa vazao,96,P_2044024,0.0,0.0
Baixa vazao,96,P_2044042,0.0,0.0
Baixa vazao,96,P_2045002,0.0,0.0
Baixa vazao,96,P_2046013,0.0,0.0
Baixa vazao,96,Q_40032000,7.441,-9.299357063106209
Baixa vazao,96,Q_40050000,24.0247,0.0
Baixa vazao,96,Q_40060001,2.5334,-42.618769198531616
Baixa vazao,96,Q_40100000,38.5719,-208.57745649133741
Baixa vazao,96,Q_40185000,3.3363,0.0
Baixa vazao,96,Q_40330000,10.013,-83.07386984112688
Baixa vazao,96,Q_40800001,15.5952,-9.338455768597669
Baixa vazao,96,Q_40850000,20.1855,-68.69482773996347
Baixa vazao,96,Q_40930000,1.5219,-32.29372389786157
Baixa vazao,97,P_1944059,0.0,0.0
Baixa vazao,97,P_1944063,0.0,-9.31057657904698
Baixa vazao,97,P_1945002,0.0,-8.28675741360911
Baixa vazao,97,P_1945008,0.0,-8.489699789245382
Baixa vazao,97,P_1946000,0.0,0.0
Baixa vazao,97,P_2044008,0.0,0.0
Baixa vazao,97,P_2044016,0.0,0.0
Baixa vazao,97,P_2044024,0.0,0.0
Baixa vazao,97,P_2044042,0.0,0.0
Baixa vazao,97,P_2045002,0.0,0.0
Baixa vazao,97,P_2046013,0.0,0.0
Baixa vazao,97,Q_40032000,5.7338,-9.917544748620339
Baixa vazao,97,Q_40050000,21.1636,0.0
Baixa vazao,97,Q_40060001,4.138,-35.729767802735985
Baixa vazao,97,Q_40100000,55.7127,-187.48730429727613
Baixa vazao,97,Q_40185000,3.9337,0.0
Baixa vazao,97,Q_40330000,23.9853,-67.36016369514188
Baixa vazao,97,Q_40800001,13.6872,-9.876746951191938
Baixa vazao,97,Q_40850000,19.7014,-69.06195786058151
Baixa vazao,97,Q_40930000,1.1388,-33.219489841394434
Baixa vazao,98,P_1944059,0.0,-4.06997396851807
Baixa vazao,98,P_1944063,0.0,-9.196050613178231
Baixa vazao,98,P_1945002,3.5,0.0
Baixa vazao,98,P_1945008,0.0,-8.565851375660193
Baixa vazao,98,P_1946000,0.0,0.0
Baixa vazao,98,P_2044008,0.0,0.0
Baixa vazao,98,P_2044016,0.0,0.0
Baixa vazao,98,P_2044024,0.0,0.0
Baixa vazao,98,P_2044042,0.0,0.0
Baixa vazao,98,P_2045002,0.0,0.0
Baixa vazao,98,P_2046013,0.0,0.0
Baixa vazao,98,Q_40032000,8.1296,-8.984340834066366
Baixa vazao,98,Q_40050000,32.9781,0.0
Baixa vazao,98,Q_40060001,3.4198,-39.17735147715208
Baixa vazao,98,Q_40100000,54.5059,-189.81075577874904
Baixa vazao,98,Q_40185000,4.8876,0.0
Baixa vazao,98,Q_40330000,14.1853,-79.10651439009477
Baixa vazao,98,Q_40800001,23.8737,-7.841849447637276
Baixa vazao,98,Q_40850000,28.9191,-60.28313639479317
Baixa vazao,98,Q_40930000,2.1446,-30.523963141377312
Baixa vazao,99,P_1944059,0.0,0.0
Baixa vazao,99,P_1944063,0.0,-9.36906516064778
Baixa vazao,99,P_1945002,0.0,-8.494949273348594
Baixa vazao,99,P_1945008,0.0,-8.624502881477952
Baixa vazao,99,P_1946000,0.0,0.0
Baixa vazao,99,P_2044008,0.0,0.0
Baixa vazao,99,P_2044016,0.0,0.0
Baixa vazao,99,P_2044024,0.0,0.0
Baixa vazao,99,P_2044042,0.0,0.0
Baixa vazao,99,P_2045002,0.0,0.0
Baixa vazao,99,P_2046013,0.0,0.0
Baixa vazao,99,Q_40032000,5.4994,-9.615236160113165
Baixa vazao,99,Q_40050000,23.4924,0.0
Baixa vazao,99,Q_40060001,3.115,-40.33370393438482
Baixa vazao,99,Q_40100000,39.3739,-207.16341854304684
Baixa vazao,99,Q_40185000,7.3505,0.0
Baixa vazao,99,Q_40330000,24.8827,-66.03924748924966
Baixa vazao,99,Q_40800001,18.7021,-9.314095642029555
Baixa vazao,99,Q_40850000,21.6584,-67.00285567372498
Baixa vazao,99,Q_40930000,1.3893,-32.93743708947266
Baixa vazao,100,P_1944059,0.0,0.0
Baixa vazao,100,P_1944063,0.0,-9.354593114350243
Baixa vazao,100,P_1945002,0.0,-8.349029991094994
Baixa vazao,100,P_1945008,0.0,-9.18844572398772
Baixa vazao,100,P_1946000,0.0,0.0
Baixa vazao,100,P_2044008,0.0,0.0
Baixa vazao,100,P_2044016,0.0,0.0
Baixa vazao,100,P_2044024,0.0,0.0
Baixa vazao,100,P_2044042,0.0,0.0
Baixa vazao,100,P_2045002,0.0,0.0
Baixa vazao,100,P_2046013,0.0,0.0
Baixa vazao,100,Q_40032000,5.4994,-9.448161088840695
Baixa vazao,100,Q_40050000,23.4924,0.0
Baixa vazao,100,Q_40060001,3.115,-40.65644943947319
Baixa vazao,100,Q_40100000,38.3946,-208.78038269868932
Baixa vazao,100,Q_40185000,7.3505,0.0
Baixa vazao,100,Q_40330000,26.2508,-64.36624351299542
Baixa vazao,100,Q_40800001,18.7021,-8.700921276595674
Baixa vazao,100,Q_40850000,21.6584,-67.23750743137396
Baixa vazao,100,Q_40930000,1.8783,-31.63247208913771
Baixa vazao,101,P_1944059,0.0,0.0
Baixa vazao,101,P_1944063,0.0,-9.184049789614088
Baixa vazao,101,P_1945002,0.0,-8.404438061350564
Baixa vazao,101,P_1945008,0.0,-8.454006889115647
Baixa vazao,101,P_1946000,0.0,0.0
Baixa vazao,101,P_2044008,0.0,0.0
Baixa vazao,101,P_2044016,0.0,0.0
Baixa vazao,101,P_2044024,0.0,0.0
Baixa vazao,101,P_2044042,0.0,0.0
Baixa vazao,101,P_2045002,0.0,0.0
Baixa vazao,101,P_2046013,0.0,0.0
Baixa vazao,101,Q_40032000,5.4994,-9.756749545791559
Baixa vazao,101,Q_40050000,23.4924,0.0
Baixa vazao,101,Q_40060001,3.0402,-40.988968291274645
Baixa vazao,101,Q_40100000,37.4255,-209.92278923289615
Baixa vazao,101,Q_40185000,6.6284,0.0
Baixa vazao,101,Q_40330000,22.2264,-69.24458232358968
Baixa vazao,101,Q_40800001,17.474,-9.264472848424179
Baixa vazao,101,Q_40850000,20.6731,-67.81833874092126
Baixa vazao,101,Q_40930000,1.8783,-31.474097081549488
Baixa vazao,102,P_1944059,0.0,0.0
Baixa vazao,102,P_1944063,0.0,-8.966752384008183
Baixa vazao,102,P_1945002,0.0,-8.270096198797344
Baixa vazao,102,P_1945008,0.0,-8.229959346924375
Baixa vazao,102,P_1946000,0.0,0.0
Baixa vazao,102,P_2044008,4.5,0.0
Baixa vazao,102,P_2044016,0.0,0.0
Baixa vazao,102,P_2044024,0.0,0.0
Baixa vazao,102,P_2044042,0.1,0.0
Baixa vazao,102,P_2045002,0.0,0.0
Baixa vazao,102,P_2046013,0.0,0.0
Baixa vazao,102,Q_40032000,7.441,-8.648555563482555
Baixa vazao,102,Q_40050000,25.5195,0.0
Baixa vazao,102,Q_40060001,3.2663,-39.48483171160095
Baixa vazao,102,Q_40100000,44.0513,-202.74009401387528
Baixa vazao,102,Q_40185000,4.2442,0.0
Baixa vazao,102,Q_40330000,12.3837,-80.87791899112156
Baixa vazao,102,Q_40800001,23.1671,-8.166110984909231
Baixa vazao,102,Q_40850000,23.6691,-65.57648437290204
Baixa vazao,102,Q_40930000,4.727,-25.484031766202666
Baixa vazao,103,P_1944059,0.0,0.0
Baixa vazao,103,P_1944063,0.0,-7.548562104554232
Baixa vazao,103,P_1945002,0.0,-7.386571666946519
Baixa vazao,103,P_1945008,0.0,-7.515789244218965
Baixa vazao,103,P_1946000,0.0,0.0
Baixa vazao,103,P_2044008,0.0,0.0
Baixa vazao,103,P_2044016,0.0,0.0
Baixa vazao,103,P_2044024,14.0,0.0
Baixa vazao,103,P_2044042,1.1,0.0
Baixa vazao,103,P_2045002,0.0,0.0
Baixa vazao,103,P_2046013,0.0,0.0
Baixa vazao,103,Q_40032000,5.912,-7.478561982395605
Baixa vazao,103,Q_40050000,26.757,0.0
Baixa vazao,103,Q_40060001,3.2663,-37.903096173630544
Baixa vazao,103,Q_40100000,43.3919,-199.10590396734787
Baixa vazao,103,Q_40185000,7.7378,0.0
Baixa vazao,103,Q_40330000,27.6451,-61.036327399200616
Baixa vazao,103,Q_40800001,34.0688,-5.883958985135223
Baixa vazao,103,Q_40850000,26.2553,-60.96401899545833
Baixa vazao,103,Q_40930000,1.8783,-30.663434280268238
Baixa vazao,104,P_1944059,0.0,0.0
Baixa vazao,104,P_1944063,0.0,-9.202044857306014
Baixa vazao,104,P_1945002,0.0,-8.490571294677942
Baixa vazao,104,P_1945008,0.0,-8.557197043497581
Baixa vazao,104,P_1946000,0.0,0.0
Baixa vazao,104,P_2044008,0.0,0.0
Baixa vazao,104,P_2044016,0.0,0.0
Baixa vazao,104,P_2044024,0.0,0.0
Baixa vazao,104,P_2044042,0.0,0.0
Baixa vazao,104,P_2045002,0.0,0.0
Baixa vazao,104,P_2046013,0.0,0.0
Baixa vazao,104,Q_40032000,6.9299,-9.584629181715211
Baixa vazao,104,Q_40050000,24.2713,0.0
Baixa vazao,104,Q_40060001,2.747,-42.19440058301431
Baixa vazao,104,Q_40100000,40.7345,-205.90688608288175
Baixa vazao,104,Q_40185000,3.631,0.0
Baixa vazao,104,Q_40330000,12.3837,-79.96254318969808
Baixa vazao,104,Q_40800001,16.7995,-9.056036441901695
Baixa vazao,104,Q_40850000,24.18,-65.10395481394545
Baixa vazao,104,Q_40930000,2.0576,-31.459985694062965
Baixa vazao,105,P_1944059,0.0,0.0
Baixa vazao,105,P_1944063,0.0,-9.911322719044449
Baixa vazao,105,P_1945002,0.0,-8.425018663176784
Baixa vazao,105,P_1945008,0.0,-8.466387577297597
Baixa vazao,105,P_1946000,0.0,0.0
Baixa vazao,105,P_2044008,0.0,0.0
Baixa vazao,105,P_2044016,0.0,0.0
Baixa vazao,105,P_2044024,0.0,0.0
Baixa vazao,105,P_2044042,0.0,0.0
Baixa vazao,105,P_2045002,0.0,0.0
Baixa vazao,105,P_2046013,0.0,0.0
Baixa vazao,105,Q_40032000,6.784,-9.458556547654547
Baixa vazao,105,Q_40050000,23.7837,0.0
Baixa vazao,105,Q_40060001,4.2205,-34.612423321620305
Baixa vazao,105,Q_40100000,65.6775,-175.72034112474552
Baixa vazao,105,Q_40185000,5.5598,0.0
Baixa vazao,105,Q_40330000,29.5441,-61.4059992888991
Baixa vazao,105,Q_40800001,19.6589,-8.082919429037606
Baixa vazao,105,Q_40850000,25.7317,-63.516074911086385
Baixa vazao,105,Q_40930000,1.8525,-31.956349307414154
Baixa vazao,106,P_1944059,0.0,0.0
Baixa vazao,106,P_1944063,0.0,-9.696958428370902
Baixa vazao,106,P_1945002,0.0,-7.853367788138696
Baixa vazao,106,P_1945008,0.0,-8.889158631746227
Baixa vazao,106,P_1946000,0.0,0.0
Baixa vazao,106,P_2044008,0.0,0.0
Baixa vazao,106,P_2044016,0.0,0.0
Baixa vazao,106,P_2044024,0.0,0.0
Baixa vazao,106,P_2044042,0.2,0.0
Baixa vazao,106,P_2045002,0.0,0.0
Baixa vazao,106,P_2046013,0.0,0.0
Baixa vazao,106,Q_40032000,7.7843,-9.050054052180569
Baixa vazao,106,Q_40050000,28.3558,0.0
Baixa vazao,106,Q_40060001,3.0402,-41.230611395098805
Baixa vazao,106,Q_40100000,47.4535,-197.7784355214219
Baixa vazao,106,Q_40185000,4.2442,0.0
Baixa vazao,106,Q_40330000,11.3456,-81.72770763053926
Baixa vazao,106,Q_40800001,17.2046,-9.58865148847636
Baixa vazao,106,Q_40850000,22.6572,-65.87782446699423
Baixa vazao,106,Q_40930000,1.6446,-32.12013462592545
Baixa vazao,107,P_1944059,0.0,0.0
Baixa vazao,107,P_1944063,0.0,-9.166419229505673
Baixa vazao,107,P_1945002,0.0,-8.913393992550766
Baixa vazao,107,P_1945008,0.0,-8.764261259672878
Baixa vazao,107,P_1946000,0.0,0.0
Baixa vazao,107,P_2044008,0.0,0.0
Baixa vazao,107,P_2044016,0.0,0.0
Baixa vazao,107,P_2044024,0.0,0.0
Baixa vazao,107,P_2044042,0.0,0.0
Baixa vazao,107,P_2045002,0.0,0.0
Baixa vazao,107,P_2046013,0.0,0.0
Baixa vazao,107,Q_40032000,5.912,-9.385148910681888
Baixa vazao,107,Q_40050000,24.4073,0.0
Baixa vazao,107,Q_40060001,3.1903,-39.86510681154591
Baixa vazao,107,Q_40100000,42.3723,-203.98477951661278
Baixa vazao,107,Q_40185000,6.6284,0.0
Baixa vazao,107,Q_40330000,22.6616,-69.31265722218352
Baixa vazao,107,Q_40800001,23.9068,-8.187076519696083
Baixa vazao,107,Q_40850000,30.5535,-58.915621541029495
Baixa vazao,107,Q_40930000,1.6307,-31.85563613845061
Baixa vazao,108,P_1944059,0.0,0.0
Baixa vazao,108,P_1944063,0.0,-9.465645948426245
Baixa vazao,108,P_1945002,0.0,-8.134802497310979
Baixa vazao,108,P_1945008,0.0,-8.377639853039724
Baixa vazao,108,P_1946000,0.0,0.0
Baixa vazao,108,P_2044008,0.0,0.0
Baixa vazao,108,P_2044016,0.0,0.0
Baixa vazao,108,P_2044024,0.0,0.0
Baixa vazao,108,P_2044042,0.0,0.0
Baixa vazao,108,P_2045002,0.0,0.0
Baixa vazao,108,P_2046013,0.0,0.0
Baixa vazao,108,Q_40032000,7.0997,-9.69830944641585
Baixa vazao,108,Q_40050000,25.0171,0.0
Baixa vazao,108,Q_40060001,3.3428,-38.77260186139624
Baixa vazao,108,Q_40100000,53.308,-190.71764886204323
Baixa vazao,108,Q_40185000,3.9337,0.0
Baixa vazao,108,Q_40330000,12.034,-81.49497918675756
Baixa vazao,108,Q_40800001,28.2496,-7.443611826824792
Baixa vazao,108,Q_40850000,50.1556,-40.132063528220364
Baixa vazao,108,Q_40930000,2.6178,-30.243420995264053
Baixa vazao,109,P_1944059,0.0,0.0
Baixa vazao,109,P_1944063,0.0,-9.292015763067752
Baixa vazao,109,P_1945002,0.0,-8.64796121276968
Baixa vazao,109,P_1945008,0.0,-8.220695291913907
Baixa vazao,109,P_1946000,0.0,0.0
Baixa vazao,109,P_2044008,0.0,0.0
Baixa vazao,109,P_2044016,0.0,0.0
Baixa vazao,109,P_2044024,0.0,0.0
Baixa vazao,109,P_2044042,0.0,0.0
Baixa vazao,109,P_2045002,0.0,0.0
Baixa vazao,109,P_2046013,0.0,0.0
Baixa vazao,109,Q_40032000,8.8856,-8.866892280170953
Baixa vazao,109,Q_40050000,40.0854,0.0
Baixa vazao,109,Q_40060001,4.726,-32.56933738487755
Baixa vazao,109,Q_40100000,64.612,-176.82779430228814
Baixa vazao,109,Q_40185000,8.9491,0.0
Baixa vazao,109,Q_40330000,32.4766,-57.397313439485906
Baixa vazao,109,Q_40800001,34.0688,-5.612230650625008
Baixa vazao,109,Q_40850000,45.7634,-43.732036655012685
Baixa vazao,109,Q_40930000,3.7464,-27.80257568759691
Baixa vazao,110,P_1944059,5.0,0.0
Baixa vazao,110,P_1944063,23.5,57.881772596323295
Baixa vazao,110,P_1945002,0.0,0.0
Baixa vazao,110,P_1945008,11.0,16.90393912805945
Baixa vazao,110,P_1946000,0.0,0.0
Baixa vazao,110,P_2044008,0.0,0.0
Baixa vazao,110,P_2044016,5.5,0.0
Baixa vazao,110,P_2044024,4.4,0.0
Baixa vazao,110,P_2044042,0.4,0.0
Baixa vazao,110,P_2045002,26.2,16.1792907581836
Baixa vazao,110,P_2046013,0.0,0.0
Baixa vazao,110,Q_40032000,13.5125,-6.6860313816742405
Baixa vazao,110,Q_40050000,43.0667,0.0
Baixa vazao,110,Q_40060001,3.8134,-40.389415164225255
Baixa vazao,110,Q_40100000,58.1525,-190.90431632901888
Baixa vazao,110,Q_40185000,7.3583,0.0
Baixa vazao,110,Q_40330000,14.9303,-80.19393859613194
Baixa vazao,110,Q_40800001,23.1671,-8.164843622059637
Baixa vazao,110,Q_40850000,31.1041,-60.48435197297388
Baixa vazao,110,Q_40930000,22.4758,13.299808517271549
Baixa vazao,111,P_1944059,0.0,0.0
Baixa vazao,111,P_1944063,0.0,-9.474469301207536
Baixa vazao,111,P_1945002,0.0,-8.379862139819714
Baixa vazao,111,P_1945008,0.0,-8.559286511293738
Baixa vazao,111,P_1946000,0.0,0.0
Baixa vazao,111,P_2044008,0.0,0.0
Baixa vazao,111,P_2044016,0.0,0.0
Baixa vazao,111,P_2044024,0.0,0.0
Baixa vazao,111,P_2044042,0.0,0.0
Baixa vazao,111,P_2045002,0.0,0.0
Baixa vazao,111,P_2046013,0.0,0.0
Baixa vazao,111,Q_40032000,6.3369,-9.920931572959915
Baixa vazao,111,Q_40050000,29.4435,0.0
Baixa vazao,111,Q_40060001,3.4974,-38.815998152790854
Baixa vazao,111,Q_40100000,49.7169,-194.78390272778847
Baixa vazao,111,Q_40185000,7.7378,0.0
Baixa vazao,111,Q_40330000,27.1774,-64.05743823488059
Baixa vazao,111,Q_40800001,23.2313,-8.003486092362493
Baixa vazao,111,Q_40850000,29.4609,-59.82446069447018
Baixa vazao,111,Q_40930000,2.6527,-30.06705465478585
Baixa vazao,112,P_1944059,0.0,0.0
Baixa vazao,112,P_1944063,0.0,-9.53648083018502
Baixa vazao,112,P_1945002,0.0,-8.248074024475898
Baixa vazao,112,P_1945008,0.0,-8.410135289972725
Baixa vazao,112,P_1946000,0.0,0.0
Baixa vazao,112,P_2044008,0.0,0.0
Baixa vazao,112,P_2044016,0.0,0.0
Baixa vazao,112,P_2044024,0.0,0.0
Baixa vazao,112,P_2044042,0.0,0.0
Baixa vazao,112,P_2045002,0.0,0.0
Baixa vazao,112,P_2046013,0.0,0.0
Baixa vazao,112,Q_40032000,6.3369,-9.666927431763565
Baixa vazao,112,Q_40050000,28.4544,0.0
Baixa vazao,112,Q_40060001,3.4198,-38.78509334798678
Baixa vazao,112,Q_40100000,46.5101,-199.2930903157609
Baixa vazao,112,Q_40185000,8.1334,0.0
Baixa vazao,112,Q_40330000,28.5889,-62.11692844298376
Baixa vazao,112,Q_40800001,23.2313,-8.054634988093769
Baixa vazao,112,Q_40850000,26.7819,-62.65699179882833
Baixa vazao,112,Q_40930000,2.1314,-31.400989056644434
Baixa vazao,113,P_1944059,0.0,0.0
Baixa vazao,113,P_1944063,0.0,-9.140399169896025
Baixa vazao,113,P_1945002,0.0,-8.302404949006416
Baixa vazao,113,P_1945008,0.0,-8.573022643014463
Baixa vazao,113,P_1946000,0.0,0.0
Baixa vazao,113,P_2044008,0.0,0.0
Baixa vazao,113,P_2044016,0.0,0.0
Baixa vazao,113,P_2044024,0.0,0.0
Baixa vazao,113,P_2044042,0.0,0.0
Baixa vazao,113,P_2045002,0.0,0.0
Baixa vazao,113,P_2046013,0.0,0.0
Baixa vazao,113,Q_40032000,10.2156,-8.408279855428182
Baixa vazao,113,Q_40050000,46.2421,0.0
Baixa vazao,113,Q_40060001,5.6989,-28.15881196820956
Baixa vazao,113,Q_40100000,79.3767,-158.57405441124786
Baixa vazao,113,Q_40185000,5.5598,0.0
Baixa vazao,113,Q_40330000,27.6451,-63.37804175579745
Baixa vazao,113,Q_40800001,17.9692,-8.101494166243134
Baixa vazao,113,Q_40850000,20.6731,-67.97180187031728
Baixa vazao,113,Q_40930000,4.727,-25.66150623411696
Baixa vazao,114,P_1944059,0.0,0.0
Baixa vazao,114,P_1944063,0.249462366,-8.147622175896185
Baixa vazao,114,P_1945002,0.0,-8.360946696900896
Baixa vazao,114,P_1945008,0.0,-8.291957461350556
Baixa vazao,114,P_1946000,0.0,0.0
Baixa vazao,114,P_2044008,0.0,0.0
Baixa vazao,114,P_2044016,0.0,0.0
Baixa vazao,114,P_2044024,0.0,0.0
Baixa vazao,114,P_2044042,0.0,0.0
Baixa vazao,114,P_2045002,0.0,0.0
Baixa vazao,114,P_2046013,0.0,0.0
Baixa vazao,114,Q_40032000,10.6207,-7.930466459358486
Baixa vazao,114,Q_40050000,52.1899,0.0
Baixa vazao,114,Q_40060001,6.2535,-25.58368708196586
Baixa vazao,114,Q_40100000,87.1825,-148.82493560136106
Baixa vazao,114,Q_40185000,6.6193,0.0
Baixa vazao,114,Q_40330000,30.9979,-59.78268436602056
Baixa vazao,114,Q_40800001,19.1146,-7.847177040667589
Baixa vazao,114,Q_40850000,23.1615,-65.81680779491884
Baixa vazao,114,Q_40930000,5.3641,-24.56875573350909
Baixa vazao,115,P_1944059,11.6,0.0
Baixa vazao,115,P_1944063,2.2,0.0
Baixa vazao,115,P_1945002,0.0,-4.989097667712276
Baixa vazao,115,P_1945008,0.0,-4.784346927957586
Baixa vazao,115,P_1946000,12.1,-8.931107516324946
Baixa vazao,115,P_2044008,0.0,0.0
Baixa vazao,115,P_2044016,0.0,0.0
Baixa vazao,115,P_2044024,0.0,0.0
Baixa vazao,115,P_2044042,0.2,0.0
Baixa vazao,115,P_2045002,19.2,0.0
Baixa vazao,115,P_2046013,0.0,0.0
Baixa vazao,115,Q_40032000,10.0616,-5.480297372304416
Baixa vazao,115,Q_40050000,32.6983,0.0
Baixa vazao,115,Q_40060001,4.4709,-29.611242691926453
Baixa vazao,115,Q_40100000,58.1525,-178.6376114371076
Baixa vazao,115,Q_40185000,6.6193,0.0
Baixa vazao,115,Q_40330000,15.6889,-71.9850355862119
Baixa vazao,115,Q_40800001,26.0328,-6.42910312238333
Baixa vazao,115,Q_40850000,39.1085,-47.84908497692797
Baixa vazao,115,Q_40930000,2.0576,-27.259107986139536
Baixa vazao,116,P_1944059,0.0,0.0
Baixa vazao,116,P_1944063,0.0,-9.763690891374425
Baixa vazao,116,P_1945002,0.0,-8.561504074696586
Baixa vazao,116,P_1945008,0.0,-8.413879148966203
Baixa vazao,116,P_1946000,0.0,0.0
Baixa vazao,116,P_2044008,0.0,0.0
Baixa vazao,116,P_2044016,0.0,0.0
Baixa vazao,116,P_2044024,0.0,0.0
Baixa vazao,116,P_2044042,0.0,0.0
Baixa vazao,116,P_2045002,0.0,0.0
Baixa vazao,116,P_2046013,0.0,0.0
Baixa vazao,116,Q_40032000,8.2597,-9.287566206719358
Baixa vazao,116,Q_40050000,37.2924,0.0
Baixa vazao,116,Q_40060001,5.6989,-27.89576491836594
Baixa vazao,116,Q_40100000,66.9,-173.3952654994211
Baixa vazao,116,Q_40185000,4.2442,0.0
Baixa vazao,116,Q_40330000,26.7127,-64.56940243081188
Baixa vazao,116,Q_40800001,14.7491,-9.099678436097934
Baixa vazao,116,Q_40850000,22.1561,-67.1449106679067
Baixa vazao,116,Q_40930000,3.4964,-28.058709863663218
Baixa vazao,117,P_1944059,0.0,0.0
Baixa vazao,117,P_1944063,0.0,-9.309880827597876
Baixa vazao,117,P_1945002,0.0,-8.614585807593505
Baixa vazao,117,P_1945008,0.0,-8.322721369918293
Baixa vazao,117,P_1946000,0.0,0.0
Baixa vazao,117,P_2044008,0.0,0.0
Baixa vazao,117,P_2044016,0.0,0.0
Baixa vazao,117,P_2044024,0.0,0.0
Baixa vazao,117,P_2044042,0.0,0.0
Baixa vazao,117,P_2045002,0.0,0.0
Baixa vazao,117,P_2046013,0.0,0.0
Baixa vazao,117,Q_40032000,8.8259,-8.980139368210805
Baixa vazao,117,Q_40050000,35.83,0.0
Baixa vazao,117,Q_40060001,3.4974,-38.88414006930066
Baixa vazao,117,Q_40100000,56.9282,-185.97509525692297
Baixa vazao,117,Q_40185000,5.2202,0.0
Baixa vazao,117,Q_40330000,13.0938,-80.45521886753536
Baixa vazao,117,Q_40800001,24.5869,-7.98614125535596
Baixa vazao,117,Q_40850000,33.3355,-56.49718614122317
Baixa vazao,117,Q_40930000,2.4097,-30.33929729301714
Baixa vazao,118,P_1944059,0.0,0.0
Baixa vazao,118,P_1944063,0.0,-9.62796383721043
Baixa vazao,118,P_1945002,0.0,-8.472757222943436
Baixa vazao,118,P_1945008,0.0,-8.832202302808215
Baixa vazao,118,P_1946000,0.0,0.0
Baixa vazao,118,P_2044008,0.0,0.0
Baixa vazao,118,P_2044016,0.0,0.0
Baixa vazao,118,P_2044024,0.0,0.0
Baixa vazao,118,P_2044042,0.0,0.0
Baixa vazao,118,P_2045002,0.0,0.0
Baixa vazao,118,P_2046013,0.0,0.0
Baixa vazao,118,Q_40032000,7.6833,-9.400760536652854
Baixa vazao,118,Q_40050000,36.2077,0.0
Baixa vazao,118,Q_40060001,4.3869,-33.78118272093306
Baixa vazao,118,Q_40100000,61.0328,-180.7110733438642
Baixa vazao,118,Q_40185000,9.3692,0.0
Baixa vazao,118,Q_40330000,32.9749,-56.854227252230984
Baixa vazao,118,Q_40800001,31.0345,-5.757028540514966
Baixa vazao,118,Q_40850000,40.8927,-48.72734710223005
Baixa vazao,118,Q_40930000,3.1917,-28.934253656076507
Baixa vazao,119,P_1944059,0.0,0.0
Baixa vazao,119,P_1944063,0.0,-9.586478026006416
Baixa vazao,119,P_1945002,0.0,-8.055752630288033
Baixa vazao,119,P_1945008,0.0,-8.56715495529835
Baixa vazao,119,P_1946000,0.0,0.0
Baixa vazao,119,P_2044008,0.0,0.0
Baixa vazao,119,P_2044016,0.0,0.0
Baixa vazao,119,P_2044024,0.0,0.0
Baixa vazao,119,P_2044042,0.0,0.0
Baixa vazao,119,P_2045002,0.0,0.0
Baixa vazao,119,P_2046013,0.0,0.0
Baixa vazao,119,Q_40032000,9.0278,-8.945226971287582
Baixa vazao,119,Q_40050000,41.514,0.0
Baixa vazao,119,Q_40060001,6.0668,-26.327647656362448
Baixa vazao,119,Q_40100000,71.8088,-168.04990575338536
Baixa vazao,119,Q_40185000,4.8876,0.0
Baixa vazao,119,Q_40330000,23.0998,-68.2246092739426
Baixa vazao,119,Q_40800001,14.7491,-9.167469824488537
Baixa vazao,119,Q_40850000,21.164,-67.63563878836301
Baixa vazao,119,Q_40930000,4.4137,-26.231760841608757
Baixa vazao,120,P_1944059,0.0,0.0
Baixa vazao,120,P_1944063,0.0,-9.971886409548242
Baixa vazao,120,P_1945002,0.0,-8.354629708663367
Baixa vazao,120,P_1945008,0.0,-8.366566892981206
Baixa vazao,120,P_1946000,0.0,0.0
Baixa vazao,120,P_2044008,0.0,0.0
Baixa vazao,120,P_2044016,0.0,0.0
Baixa vazao,120,P_2044024,0.0,0.0
Baixa vazao,120,P_2044042,0.0,0.0
Baixa vazao,120,P_2045002,0.0,0.0
Baixa vazao,120,P_2046013,0.0,0.0
Baixa vazao,120,Q_40032000,7.7843,-8.864845566501575
Baixa vazao,120,Q_40050000,28.0929,0.0
Baixa vazao,120,Q_40060001,3.0402,-40.48025325079071
Baixa vazao,120,Q_40100000,46.3101,-199.07929787763078
Baixa vazao,120,Q_40185000,4.2442,0.0
Baixa vazao,120,Q_40330000,10.6718,-82.72671308108363
Baixa vazao,120,Q_40800001,17.2046,-9.385590176020347
Baixa vazao,120,Q_40850000,20.6731,-68.05625155012385
Baixa vazao,120,Q_40930000,1.4107,-32.528826455246026
Baixa vazao,121,P_1944059,0.0,0.0
Baixa vazao,121,P_1944063,0.0,-9.647507862418633
Baixa vazao,121,P_1945002,0.0,-8.95961987927589
Baixa vazao,121,P_1945008,0.0,-8.298213410214624
Baixa vazao,121,P_1946000,0.0,0.0
Baixa vazao,121,P_2044008,0.0,0.0
Baixa vazao,121,P_2044016,0.0,0.0
Baixa vazao,121,P_2044024,0.0,0.0
Baixa vazao,121,P_2044042,0.0,0.0
Baixa vazao,121,P_2045002,0.0,0.0
Baixa vazao,121,P_2046013,0.0,0.0
Baixa vazao,121,Q_40032000,7.5115,-9.313719786590138
Baixa vazao,121,Q_40050000,26.0283,0.0
Baixa vazao,121,Q_40060001,4.9855,-31.222989996195025
Baixa vazao,121,Q_40100000,75.5625,-162.88841015020978
Baixa vazao,121,Q_40185000,6.2595,0.0
Baixa vazao,121,Q_40330000,37.059,-51.876288937567146
Baixa vazao,121,Q_40800001,23.5685,-7.2963682550373505
Baixa vazao,121,Q_40850000,29.4609,-59.860132086824514
Baixa vazao,121,Q_40930000,2.6162,-29.69103626343637
Baixa vazao,122,P_1944059,14.0,0.0
Baixa vazao,122,P_1944063,0.0,-5.990547118164498
Baixa vazao,122,P_1945002,0.0,-5.738204391646812
Baixa vazao,122,P_1945008,0.0,-6.121290406700421
Baixa vazao,122,P_1946000,0.0,0.0
Baixa vazao,122,P_2044008,0.0,0.0
Baixa vazao,122,P_2044016,0.0,0.0
Baixa vazao,122,P_2044024,8.8,0.0
Baixa vazao,122,P_2044042,0.0,0.0
Baixa vazao,122,P_2045002,0.0,0.0
Baixa vazao,122,P_2046013,0.0,0.0
Baixa vazao,122,Q_40032000,15.3573,-4.083512433008149
Baixa vazao,122,Q_40050000,44.6428,0.0
Baixa vazao,122,Q_40060001,9.2602,-9.53725058972503
Baixa vazao,122,Q_40100000,60.6268,-180.4734283617562
Baixa vazao,122,Q_40185000,6.9856,0.0
Baixa vazao,122,Q_40330000,30.5105,-57.777566154555615
Baixa vazao,122,Q_40800001,38.1247,-2.7578902855427714
Baixa vazao,122,Q_40850000,46.3836,-42.33706478728357
Baixa vazao,122,Q_40930000,6.0141,-21.49593969215977
Baixa vazao,123,P_1944059,0.0,0.0
Baixa vazao,123,P_1944063,0.0,-8.230082846495158
Baixa vazao,123,P_1945002,8.6,0.0
Baixa vazao,123,P_1945008,0.0,-6.7402878319002
Baixa vazao,123,P_1946000,0.0,0.0
Baixa vazao,123,P_2044008,0.0,-3.1059109474505817
Baixa vazao,123,P_2044016,0.0,0.0
Baixa vazao,123,P_2044024,0.0,0.0
Baixa vazao,123,P_2044042,0.0,0.0
Baixa vazao,123,P_2045002,0.0,0.0
Baixa vazao,123,P_2046013,0.0,0.0
Baixa vazao,123,Q_40032000,10.6207,-6.310540398266664
Baixa vazao,123,Q_40050000,47.8645,0.0
Baixa vazao,123,Q_40060001,6.921,-21.496298394719233
Baixa vazao,123,Q_40100000,63.1353,-179.5563868952949
Baixa vazao,123,Q_40185000,6.2595,0.0
Baixa vazao,123,Q_40330000,15.6889,-77.26355303900806
Baixa vazao,123,Q_40800001,36.489,-3.693504261523373
Baixa vazao,123,Q_40850000,43.918,-44.8297140821149
Baixa vazao,123,Q_40930000,8.7258,-15.593373531582252
Baixa vazao,124,P_1944059,0.0,0.0
Baixa vazao,124,P_1944063,0.0,-9.324024067289033
Baixa vazao,124,P_1945002,0.0,-8.454344779065252
Baixa vazao,124,P_1945008,0.0,-8.88638981257168
Baixa vazao,124,P_1946000,0.0,0.0
Baixa vazao,124,P_2044008,0.0,0.0
Baixa vazao,124,P_2044016,0.0,0.0
Baixa vazao,124,P_2044024,0.0,0.0
Baixa vazao,124,P_2044042,0.0,0.0
Baixa vazao,124,P_2045002,0.0,0.0
Baixa vazao,124,P_2046013,0.0,0.0
Baixa vazao,124,Q_40032000,5.0991,-9.926656541400977
Baixa vazao,124,Q_40050000,23.4924,0.0
Baixa vazao,124,Q_40060001,2.8924,-41.373384444747316
Baixa vazao,124,Q_40100000,33.6518,-214.20532671824796
Baixa vazao,124,Q_40185000,7.7378,0.0
Baixa vazao,124,Q_40330000,26.7127,-63.92637464810548
Baixa vazao,124,Q_40800001,16.8713,-9.493789393576867
Baixa vazao,124,Q_40850000,19.7014,-68.49510345669971
Baixa vazao,124,Q_40930000,1.3893,-32.51883096796947
Baixa vazao,125,P_1944059,0.0,0.0
Baixa vazao,125,P_1944063,1.5,0.0
Baixa vazao,125,P_1945002,0.0,-8.076618668513378
Baixa vazao,125,P_1945008,0.0,-8.907144615542064
Baixa vazao,125,P_1946000,3.2,0.0
Baixa vazao,125,P_2044008,4.9,0.0
Baixa vazao,125,P_2044016,3.0,0.0
Baixa vazao,125,P_2044024,2.0,0.0
Baixa vazao,125,P_2044042,8.0,-9.57764536991149
Baixa vazao,125,P_2045002,2.9,0.0
Baixa vazao,125,P_2046013,6.0,0.0
Baixa vazao,125,Q_40032000,9.5294,-8.301187476009135
Baixa vazao,125,Q_40050000,29.1505,0.0
Baixa vazao,125,Q_40060001,3.4198,-40.72098681574229
Baixa vazao,125,Q_40100000,33.3407,-219.40059594973607
Baixa vazao,125,Q_40185000,3.3363,0.0
Baixa vazao,125,Q_40330000,15.6889,-79.28154315978414
Baixa vazao,125,Q_40800001,31.2921,-7.767452847548213
Baixa vazao,125,Q_40850000,31.6576,-59.77747364279271
Baixa vazao,125,Q_40930000,4.727,-26.679646535559133
Baixa vazao,126,P_1944059,0.0,0.0
Baixa vazao,126,P_1944063,0.0,-7.589809657224143
Baixa vazao,126,P_1945002,0.0,-6.306403517892451
Baixa vazao,126,P_1945008,14.9,28.630297215515327
Baixa vazao,126,P_1946000,0.0,0.0
Baixa vazao,126,P_2044008,0.0,0.0
Baixa vazao,126,P_2044016,15.0,0.0
Baixa vazao,126,P_2044024,0.0,0.0
Baixa vazao,126,P_2044042,0.0,0.0
Baixa vazao,126,P_2045002,0.0,0.0
Baixa vazao,126,P_2046013,2.3,0.0
Baixa vazao,126,Q_40032000,6.0782,-6.9644104078487805
Baixa vazao,126,Q_40050000,20.0761,0.0
Baixa vazao,126,Q_40060001,3.8134,-37.97240328709662
Baixa vazao,126,Q_40100000,49.768,-197.8949808077246
Baixa vazao,126,Q_40185000,3.3363,0.0
Baixa vazao,126,Q_40330000,13.0938,-80.27158875531255
Baixa vazao,126,Q_40800001,16.6258,-8.300276277183855
Baixa vazao,126,Q_40850000,22.6572,-67.15080799734953
Baixa vazao,126,Q_40930000,1.3702,-32.36307641446082
Baixa vazao,127,P_1944059,0.0,0.0
Baixa vazao,127,P_1944063,0.0,-9.172485184813226
Baixa vazao,127,P_1945002,0.0,-8.691145043738949
Baixa vazao,127,P_1945008,0.0,-8.534428181129044
Baixa vazao,127,P_1946000,0.0,0.0
Baixa vazao,127,P_2044008,0.0,0.0
Baixa vazao,127,P_2044016,0.0,0.0
Baixa vazao,127,P_2044024,0.0,0.0
Baixa vazao,127,P_2044042,0.0,0.0
Baixa vazao,127,P_2045002,0.0,0.0
Baixa vazao,127,P_2046013,0.0,0.0
Baixa vazao,127,Q_40032000,7.8831,-9.083934259227238
Baixa vazao,127,Q_40050000,30.7671,0.0
Baixa vazao,127,Q_40060001,4.812,-32.25500377529287
Baixa vazao,127,Q_40100000,71.8088,-167.06363682021538
Baixa vazao,127,Q_40185000,3.0498,0.0
Baixa vazao,127,Q_40330000,6.1155,-87.9413799113739
Baixa vazao,127,Q_40800001,11.4007,-9.866341028888874
Baixa vazao,127,Q_40850000,16.8715,-71.69605835641583
Baixa vazao,127,Q_40930000,1.5219,-32.674381207787334
Baixa vazao,128,P_1944059,0.0,0.0
Baixa vazao,128,P_1944063,0.0,-9.77047475833406
Baixa vazao,128,P_1945002,0.0,-8.292009295029686
Baixa vazao,128,P_1945008,0.0,-8.057114948009993
Baixa vazao,128,P_1946000,0.0,0.0
Baixa vazao,128,P_2044008,0.0,0.0
Baixa vazao,128,P_2044016,0.0,0.0
Baixa vazao,128,P_2044024,0.0,0.0
Baixa vazao,128,P_2044042,0.0,0.0
Baixa vazao,128,P_2045002,0.0,0.0
Baixa vazao,128,P_2046013,0.0,0.0
Baixa vazao,128,Q_40032000,7.8831,-9.284334378484827
Baixa vazao,128,Q_40050000,31.3139,0.0
Baixa vazao,128,Q_40060001,4.812,-32.84865912080838
Baixa vazao,128,Q_40100000,74.3045,-164.10839839410733
Baixa vazao,128,Q_40185000,3.0498,0.0
Baixa vazao,128,Q_40330000,7.241,-86.67810690664464
Baixa vazao,128,Q_40800001,10.9581,-9.313661611174455
Baixa vazao,128,Q_40850000,17.8004,-70.9614480431221
Baixa vazao,128,Q_40930000,2.9059,-29.73899579803054
Baixa vazao,129,P_1944059,0.0,0.0
Baixa vazao,129,P_1944063,0.0,-9.156278163900431
Baixa vazao,129,P_1945002,0.0,-8.2606449437271
Baixa vazao,129,P_1945008,0.0,-8.919396121458501
Baixa vazao,129,P_1946000,0.0,0.0
Baixa vazao,129,P_2044008,0.0,0.0
Baixa vazao,129,P_2044016,0.0,0.0
Baixa vazao,129,P_2044024,0.0,0.0
Baixa vazao,129,P_2044042,0.0,0.0
Baixa vazao,129,P_2045002,0.0,0.0
Baixa vazao,129,P_2046013,0.0,0.0
Baixa vazao,129,Q_40032000,7.5115,-9.107146642826876
Baixa vazao,129,Q_40050000,33.2589,0.0
Baixa vazao,129,Q_40060001,5.161,-31.086078086290424
Baixa vazao,129,Q_40100000,61.8768,-179.77459176365375
Baixa vazao,129,Q_40185000,3.631,0.0
Baixa vazao,129,Q_40330000,13.818,-79.23760565965486
Baixa vazao,129,Q_40800001,12.3126,-9.524526131753737
Baixa vazao,129,Q_40850000,19.7014,-68.93771727997147
Baixa vazao,129,Q_40930000,2.3349,-30.85949067730577
Baixa vazao,130,P_1944059,0.0,0.0
Baixa vazao,130,P_1944063,0.0,-9.274501809971246
Baixa vazao,130,P_1945002,0.0,-8.460792976704568
Baixa vazao,130,P_1945008,0.0,-8.874868532180392
Baixa vazao,130,P_1946000,0.0,0.0
Baixa vazao,130,P_2044008,0.0,0.0
Baixa vazao,130,P_2044016,0.0,0.0
Baixa vazao,130,P_2044024,0.0,0.0
Baixa vazao,130,P_2044042,0.0,0.0
Baixa vazao,130,P_2045002,0.0,0.0
Baixa vazao,130,P_2046013,0.0,0.0
Baixa vazao,130,Q_40032000,7.7843,-9.480666236766718
Baixa vazao,130,Q_40050000,28.3558,0.0
Baixa vazao,130,Q_40060001,3.0402,-40.807366907939986
Baixa vazao,130,Q_40100000,46.3101,-199.25600790105338
Baixa vazao,130,Q_40185000,4.2442,0.0
Baixa vazao,130,Q_40330000,15.3079,-77.2354364829323
Baixa vazao,130,Q_40800001,17.2046,-9.381986603036127
Baixa vazao,130,Q_40850000,21.6584,-66.66696451208881
Baixa vazao,130,Q_40930000,1.4107,-32.6622110835529
Baixa vazao,131,P_1944059,0.0,0.0
Baixa vazao,131,P_1944063,0.0,-8.826862886538027
Baixa vazao,131,P_1945002,4.3,0.0
Baixa vazao,131,P_1945008,0.0,-8.473004758465912
Baixa vazao,131,P_1946000,28.4,-19.76531818981504
Baixa vazao,131,P_2044008,0.0,0.0
Baixa vazao,131,P_2044016,0.0,0.0
Baixa vazao,131,P_2044024,3.8,0.0
Baixa vazao,131,P_2044042,0.0,0.0
Baixa vazao,131,P_2045002,0.0,0.0
Baixa vazao,131,P_2046013,1.6,0.0
Baixa vazao,131,Q_40032000,7.8831,-7.9459685929751345
Baixa vazao,131,Q_40050000,23.0893,0.0
Baixa vazao,131,Q_40060001,7.312,-21.063390964917232
Baixa vazao,131,Q_40100000,52.119,-190.01467167621593
Baixa vazao,131,Q_40185000,5.5598,0.0
Baixa vazao,131,Q_40330000,20.5161,-71.57807284216257
Baixa vazao,131,Q_40800001,20.4308,-9.65833526813994
Baixa vazao,131,Q_40850000,32.7733,-57.45041616695601
Baixa vazao,131,Q_40930000,4.1869,-27.014046978361012
Baixa vazao,132,P_1944059,0.0,0.0
Baixa vazao,132,P_1944063,0.249462366,-9.059834488673909
Baixa vazao,132,P_1945002,0.0,-8.6132477739184
Baixa vazao,132,P_1945008,0.0,-8.240930984109761
Baixa vazao,132,P_1946000,0.0,0.0
Baixa vazao,132,P_2044008,0.0,0.0
Baixa vazao,132,P_2044016,0.0,0.0
Baixa vazao,132,P_2044024,0.0,0.0
Baixa vazao,132,P_2044042,0.0,0.0
Baixa vazao,132,P_2045002,0.0,0.0
Baixa vazao,132,P_2046013,0.0,0.0
Baixa vazao,132,Q_40032000,11.0303,-8.10896875792514
Baixa vazao,132,Q_40050000,54.9279,0.0
Baixa vazao,132,Q_40060001,6.442,-24.769005516938677
Baixa vazao,132,Q_40100000,89.8358,-145.08133486527151
Baixa vazao,132,Q_40185000,6.9856,0.0
Baixa vazao,132,Q_40330000,31.488,-58.803325000996026
Baixa vazao,132,Q_40800001,19.7008,-7.710880160425461
Baixa vazao,132,Q_40850000,24.6941,-64.29865032298486
Baixa vazao,132,Q_40930000,5.6875,-23.336751945002323
Baixa vazao,133,P_1944059,0.0,0.0
Baixa vazao,133,P_1944063,0.0,-9.603632733176369
Baixa vazao,133,P_1945002,0.0,-8.648757475230695
Baixa vazao,133,P_1945008,0.0,-8.987801237245662
Baixa vazao,133,P_1946000,0.0,0.0
Baixa vazao,133,P_2044008,0.0,0.0
Baixa vazao,133,P_2044016,0.0,0.0
Baixa vazao,133,P_2044024,0.0,0.0
Baixa vazao,133,P_2044042,0.0,0.0
Baixa vazao,133,P_2045002,0.0,0.0
Baixa vazao,133,P_2046013,0.0,0.0
Baixa vazao,133,Q_40032000,6.7738,-8.986278355412338
Baixa vazao,133,Q_40050000,29.693,0.0
Baixa vazao,133,Q_40060001,3.5756,-37.97062940352882
Baixa vazao,133,Q_40100000,49.7169,-195.1264180338226
Baixa vazao,133,Q_40185000,8.1334,0.0
Baixa vazao,133,Q_40330000,29.0651,-62.11805133027612
Baixa vazao,133,Q_40800001,24.5892,-7.864456507531627
Baixa vazao,133,Q_40850000,30.5535,-58.88808283085784
Baixa vazao,133,Q_40930000,2.6527,-29.957232248519365
Baixa vazao,134,P_1944059,0.0,0.0
Baixa vazao,134,P_1944063,0.0,-9.368274518823203
Baixa vazao,134,P_1945002,0.0,-8.502233123541771
Baixa vazao,134,P_1945008,0.0,-7.90040280825849
Baixa vazao,134,P_1946000,0.0,0.0
Baixa vazao,134,P_2044008,0.0,0.0
Baixa vazao,134,P_2044016,0.0,0.0
Baixa vazao,134,P_2044024,0.0,0.0
Baixa vazao,134,P_2044042,0.0,0.0
Baixa vazao,134,P_2045002,0.0,0.0
Baixa vazao,134,P_2046013,0.0,0.0
Baixa vazao,134,Q_40032000,8.6394,-9.141829450190501
Baixa vazao,134,Q_40050000,44.4186,0.0
Baixa vazao,134,Q_40060001,5.6989,-28.103430142773945
Baixa vazao,134,Q_40100000,74.5629,-164.1235409013713
Baixa vazao,134,Q_40185000,7.3505,0.0
Baixa vazao,134,Q_40330000,26.2508,-64.67784905367412
Baixa vazao,134,Q_40800001,32.5389,-5.939318219256734
Baixa vazao,134,Q_40850000,42.0951,-47.51438428934612
Baixa vazao,134,Q_40930000,4.8967,-25.47227888127537
Baixa vazao,135,P_1944059,0.0,0.0
Baixa vazao,135,P_1944063,0.0,-9.010744837525017
Baixa vazao,135,P_1945002,0.0,-7.8719259871527925
Baixa vazao,135,P_1945008,0.0,-8.326827015180557
Baixa vazao,135,P_1946000,0.0,0.0
Baixa vazao,135,P_2044008,0.0,0.0
Baixa vazao,135,P_2044016,6.0,0.0
Baixa vazao,135,P_2044024,0.0,0.0
Baixa vazao,135,P_2044042,0.0,0.0
Baixa vazao,135,P_2045002,0.0,0.0
Baixa vazao,135,P_2046013,0.0,0.0
Baixa vazao,135,Q_40032000,8.1296,-9.274957076140101
Baixa vazao,135,Q_40050000,32.9781,0.0
Baixa vazao,135,Q_40060001,3.8134,-37.03125555381525
Baixa vazao,135,Q_40100000,54.5059,-189.7228846612203
Baixa vazao,135,Q_40185000,4.8876,0.0
Baixa vazao,135,Q_40330000,13.4541,-80.10637183122607
Baixa vazao,135,Q_40800001,23.8737,-7.548407091444977
Baixa vazao,135,Q_40850000,28.9191,-60.79851464523386
Baixa vazao,135,Q_40930000,2.1446,-30.959558268185994
Baixa vazao,136,P_1944059,0.0,0.0
Baixa vazao,136,P_1944063,0.0,-9.180966606992698
Baixa vazao,136,P_1945002,0.0,-8.889171040367113
Baixa vazao,136,P_1945008,0.0,-8.274790053557922
Baixa vazao,136,P_1946000,0.0,0.0
Baixa vazao,136,P_2044008,0.0,0.0
Baixa vazao,136,P_2044016,0.0,0.0
Baixa vazao,136,P_2044024,0.0,0.0
Baixa vazao,136,P_2044042,0.0,0.0
Baixa vazao,136,P_2045002,0.0,0.0
Baixa vazao,136,P_2046013,0.0,0.0
Baixa vazao,136,Q_40032000,7.441,-9.215406661530674
Baixa vazao,136,Q_40050000,22.8075,0.0
Baixa vazao,136,Q_40060001,2.5334,-43.01606361805182
Baixa vazao,136,Q_40100000,36.449,-210.70709274442157
Baixa vazao,136,Q_40185000,3.0498,0.0
Baixa vazao,136,Q_40330000,6.9532,-85.63625562911504
Baixa vazao,136,Q_40800001,14.4079,-10.140388376489923
Baixa vazao,136,Q_40850000,19.2208,-69.11979938684233
Baixa vazao,136,Q_40930000,1.5219,-32.77336602968751
Baixa vazao,137,P_1944059,0.0,0.0
Baixa vazao,137,P_1944063,0.0,-9.237118944473707
Baixa vazao,137,P_1945002,0.0,-8.5628661300164
Baixa vazao,137,P_1945008,0.0,-8.596865003898044
Baixa vazao,137,P_1946000,0.0,0.0
Baixa vazao,137,P_2044008,0.0,0.0
Baixa vazao,137,P_2044016,0.0,0.0
Baixa vazao,137,P_2044024,0.0,0.0
Baixa vazao,137,P_2044042,0.0,0.0
Baixa vazao,137,P_2045002,0.0,0.0
Baixa vazao,137,P_2046013,0.0,0.0
Baixa vazao,137,Q_40032000,7.441,-9.444855432924365
Baixa vazao,137,Q_40050000,21.8526,0.0
Baixa vazao,137,Q_40060001,2.5334,-43.00029262414122
Baixa vazao,137,Q_40100000,33.3407,-214.7100910937684
Baixa vazao,137,Q_40185000,2.7718,0.0
Baixa vazao,137,Q_40330000,11.3456,-81.15985586383316
Baixa vazao,137,Q_40800001,14.016,-9.628165790839335
Baixa vazao,137,Q_40850000,17.3341,-71.32644051748301
Baixa vazao,137,Q_40930000,1.2649,-32.81353554987821
Baixa vazao,138,P_1944059,0.0,0.0
Baixa vazao,138,P_1944063,0.0,-9.337587333876845
Baixa vazao,138,P_1945002,0.0,-8.126944184895198
Baixa vazao,138,P_1945008,0.0,-7.865428281905167
Baixa vazao,138,P_1946000,0.0,0.0
Baixa vazao,138,P_2044008,0.0,0.0
Baixa vazao,138,P_2044016,0.0,0.0
Baixa vazao,138,P_2044024,0.0,0.0
Baixa vazao,138,P_2044042,0.0,0.0
Baixa vazao,138,P_2045002,0.0,0.0
Baixa vazao,138,P_2046013,0.0,0.0
Baixa vazao,138,Q_40032000,7.5115,-9.52998080301506
Baixa vazao,138,Q_40050000,33.5407,0.0
Baixa vazao,138,Q_40060001,5.2495,-30.383938409801466
Baixa vazao,138,Q_40100000,59.3854,-182.92798146213462
Baixa vazao,138,Q_40185000,3.631,0.0
Baixa vazao,138,Q_40330000,12.3837,-80.59427344674071
Baixa vazao,138,Q_40800001,12.782,-10.073319451730155
Baixa vazao,138,Q_40850000,19.7014,-68.98553924576498
Baixa vazao,138,Q_40930000,2.3349,-31.17800158847165
Baixa vazao,139,P_1944059,0.0,0.0
Baixa vazao,139,P_1944063,0.0,-9.337448892457692
Baixa vazao,139,P_1945002,0.0,-8.570481548456153
Baixa vazao,139,P_1945008,0.0,-8.655281849965847
Baixa vazao,139,P_1946000,0.0,0.0
Baixa vazao,139,P_2044008,0.0,0.0
Baixa vazao,139,P_2044016,0.0,0.0
Baixa vazao,139,P_2044024,0.0,0.0
Baixa vazao,139,P_2044042,0.0,0.0
Baixa vazao,139,P_2045002,0.0,0.0
Baixa vazao,139,P_2046013,0.0,0.0
Baixa vazao,139,Q_40032000,6.7738,-9.528499171693987
Baixa vazao,139,Q_40050000,33.8013,0.0
Baixa vazao,139,Q_40060001,3.9747,-36.04040816031205
Baixa vazao,139,Q_40100000,55.2555,-188.12651992607726
Baixa vazao,139,Q_40185000,6.9836,0.0
Baixa vazao,139,Q_40330000,23.9853,-67.88067843490936
Baixa vazao,139,Q_40800001,28.1034,-6.846235322063649
Baixa vazao,139,Q_40850000,36.7667,-53.013324196449226
Baixa vazao,139,Q_40930000,2.9201,-29.32445972352878
Baixa vazao,140,P_1944059,0.0,0.0
Baixa vazao,140,P_1944063,0.0,-9.630890257857413
Baixa vazao,140,P_1945002,0.0,-7.984147570361641
Baixa vazao,140,P_1945008,0.0,-8.324103300979083
Baixa vazao,140,P_1946000,0.0,0.0
Baixa vazao,140,P_2044008,0.0,0.0
Baixa vazao,140,P_2044016,0.0,0.0
Baixa vazao,140,P_2044024,0.0,0.0
Baixa vazao,140,P_2044042,0.0,0.0
Baixa vazao,140,P_2045002,0.0,0.0
Baixa vazao,140,P_2046013,0.0,0.0
Baixa vazao,140,Q_40032000,8.8259,-8.878097287635521
Baixa vazao,140,Q_40050000,37.2924,0.0
Baixa vazao,140,Q_40060001,3.4974,-37.77768728028152
Baixa vazao,140,Q_40100000,58.1525,-185.34896531528383
Baixa vazao,140,Q_40185000,5.2202,0.0
Baixa vazao,140,Q_40330000,14.9303,-78.66231589487823
Baixa vazao,140,Q_40800001,27.5044,-7.525208353032497
Baixa vazao,140,Q_40850000,32.2141,-57.2738397558535
Baixa vazao,140,Q_40930000,2.4097,-30.757239314243026
Baixa vazao,141,P_1944059,0.0,0.0
Baixa vazao,141,P_1944063,0.249462366,-8.230027006415224
Baixa vazao,141,P_1945002,0.0,-8.56199160467063
Baixa vazao,141,P_1945008,0.0,-8.343518063307192
Baixa vazao,141,P_1946000,0.0,0.0
Baixa vazao,141,P_2044008,0.0,0.0
Baixa vazao,141,P_2044016,0.0,0.0
Baixa vazao,141,P_2044024,0.0,0.0
Baixa vazao,141,P_2044042,0.0,0.0
Baixa vazao,141,P_2045002,0.0,0.0
Baixa vazao,141,P_2046013,0.0,0.0
Baixa vazao,141,Q_40032000,11.4443,-8.005337097407256
Baixa vazao,141,Q_40050000,57.3707,0.0
Baixa vazao,141,Q_40060001,6.7281,-23.315522833676617
Baixa vazao,141,Q_40100000,95.2181,-138.39543282247323
Baixa vazao,141,Q_40185000,7.3583,0.0
Baixa vazao,141,Q_40330000,29.5441,-61.45648699402399
Baixa vazao,141,Q_40800001,20.2961,-7.320452514286842
Baixa vazao,141,Q_40850000,25.7317,-63.385869105457026
Baixa vazao,141,Q_40930000,6.0141,-23.44580703331701
Baixa vazao,142,P_1944059,19.4,0.0
Baixa vazao,142,P_1944063,4.0,0.0
Baixa vazao,142,P_1945002,8.4,0.0
Baixa vazao,142,P_1945008,10.2,0.0
Baixa vazao,142,P_1946000,22.1,-13.951261238208543
Baixa vazao,142,P_2044008,38.0,41.49758521631486
Baixa vazao,142,P_2044016,15.1,0.0
Baixa vazao,142,P_2044024,30.0,0.0
Baixa vazao,142,P_2044042,25.9,-13.166633206777016
Baixa vazao,142,P_2045002,15.1,0.0
Baixa vazao,142,P_2046013,20.0,0.0
Baixa vazao,142,Q_40032000,8.8259,-2.9610097841539034
Baixa vazao,142,Q_40050000,25.7723,0.0
Baixa vazao,142,Q_40060001,3.0402,-37.648466263337085
Baixa vazao,142,Q_40100000,33.3407,-205.00055318495797
Baixa vazao,142,Q_40185000,2.5025,0.0
Baixa vazao,142,Q_40330000,12.034,-74.74666050852255
Baixa vazao,142,Q_40800001,34.4305,-3.829109313180254
Baixa vazao,142,Q_40850000,17.3341,-63.80995419255794
Baixa vazao,142,Q_40930000,4.104,-23.190375641646867
Baixa vazao,143,P_1944059,0.0,0.0
Baixa vazao,143,P_1944063,0.0,-9.559401248967053
Baixa vazao,143,P_1945002,0.0,-8.549125057346327
Baixa vazao,143,P_1945008,0.0,-8.637550683881269
Baixa vazao,143,P_1946000,0.0,0.0
Baixa vazao,143,P_2044008,0.0,0.0
Baixa vazao,143,P_2044016,0.0,0.0
Baixa vazao,143,P_2044024,0.0,0.0
Baixa vazao,143,P_2044042,0.0,0.0
Baixa vazao,143,P_2045002,0.0,0.0
Baixa vazao,143,P_2046013,0.0,0.0
Baixa vazao,143,Q_40032000,8.1296,-8.912848541828506
Baixa vazao,143,Q_40050000,31.5888,0.0
Baixa vazao,143,Q_40060001,3.8134,-37.0379475604725
Baixa vazao,143,Q_40100000,53.308,-190.66485873272217
Baixa vazao,143,Q_40185000,4.8876,0.0
Baixa vazao,143,Q_40330000,13.0938,-80.02650503148467
Baixa vazao,143,Q_40800001,21.7742,-8.32155434116811
Baixa vazao,143,Q_40850000,27.8445,-61.49580515881911
Baixa vazao,143,Q_40930000,2.1446,-31.328647851646146
Baixa vazao,144,P_1944059,0.0,0.0
Baixa vazao,144,P_1944063,0.249462366,-8.688287735559737
Baixa vazao,144,P_1945002,0.0,-8.680034577341097
Baixa vazao,144,P_1945008,0.0,-8.356487752109445
Baixa vazao,144,P_1946000,0.0,0.0
Baixa vazao,144,P_2044008,0.0,0.0
Baixa vazao,144,P_2044016,0.0,0.0
Baixa vazao,144,P_2044024,0.0,0.0
Baixa vazao,144,P_2044042,0.0,0.0
Baixa vazao,144,P_2045002,0.0,0.0
Baixa vazao,144,P_2046013,0.0,0.0
Baixa vazao,144,Q_40032000,10.6207,-8.441500769318989
Baixa vazao,144,Q_40050000,53.5517,0.0
Baixa vazao,144,Q_40060001,6.442,-24.476500967365045
Baixa vazao,144,Q_40100000,88.506,-146.7783358314488
Baixa vazao,144,Q_40185000,6.6193,0.0
Baixa vazao,144,Q_40330000,27.1774,-63.8198672683992
Baixa vazao,144,Q_40800001,20.2961,-7.733863403399382
Baixa vazao,144,Q_40850000,23.6691,-65.03995233309298
Baixa vazao,144,Q_40930000,5.3641,-24.39912090672697
Baixa vazao,145,P_1944059,0.0,0.0
Baixa vazao,145,P_1944063,0.0,-9.338929508796584
Baixa vazao,145,P_1945002,0.0,-8.248899394454812
Baixa vazao,145,P_1945008,0.0,-8.386697537712905
Baixa vazao,145,P_1946000,0.0,0.0
Baixa vazao,145,P_2044008,0.0,0.0
Baixa vazao,145,P_2044016,0.0,0.0
Baixa vazao,145,P_2044024,0.0,0.0
Baixa vazao,145,P_2044042,0.0,0.0
Baixa vazao,145,P_2045002,0.0,0.0
Baixa vazao,145,P_2046013,0.0,0.0
Baixa vazao,145,Q_40032000,8.2597,-9.339116919067603
Baixa vazao,145,Q_40050000,34.3919,0.0
Baixa vazao,145,Q_40060001,5.7902,-27.185784175269298
Baixa vazao,145,Q_40100000,74.3045,-164.81877943134523
Baixa vazao,145,Q_40185000,6.9856,0.0
Baixa vazao,145,Q_40330000,14.5561,-78.98714676221182
Baixa vazao,145,Q_40800001,19.1146,-8.526792754257135
Baixa vazao,145,Q_40850000,31.6576,-57.29541049321547
Baixa vazao,145,Q_40930000,1.0163,-33.56461569880182
Baixa vazao,146,P_1944059,0.0,0.0
Baixa vazao,146,P_1944063,0.0,-9.44314402882453
Baixa vazao,146,P_1945002,0.0,-8.227788989498539
Baixa vazao,146,P_1945008,0.0,-8.25134109153848
Baixa vazao,146,P_1946000,0.0,0.0
Baixa vazao,146,P_2044008,0.0,0.0
Baixa vazao,146,P_2044016,0.0,0.0
Baixa vazao,146,P_2044024,0.0,0.0
Baixa vazao,146,P_2044042,0.0,0.0
Baixa vazao,146,P_2045002,0.0,0.0
Baixa vazao,146,P_2046013,0.0,0.0
Baixa vazao,146,Q_40032000,9.815,-8.622973870248376
Baixa vazao,146,Q_40050000,43.6943,0.0
Baixa vazao,146,Q_40060001,5.9741,-26.980915847096682
Baixa vazao,146,Q_40100000,71.8088,-167.92576033945033
Baixa vazao,146,Q_40185000,5.2202,0.0
Baixa vazao,146,Q_40330000,25.7919,-65.19636667920635
Baixa vazao,146,Q_40800001,16.8599,-8.83019183460408
Baixa vazao,146,Q_40850000,22.6572,-66.01874003738524
Baixa vazao,146,Q_40930000,4.727,-25.78129181519022
Baixa vazao,147,P_1944059,0.0,0.0
Baixa vazao,147,P_1944063,0.0,-9.074048538139811
Baixa vazao,147,P_1945002,0.0,-8.539658076919011
Baixa vazao,147,P_1945008,0.0,-8.847008155047607
Baixa vazao,147,P_1946000,0.0,0.0
Baixa vazao,147,P_2044008,0.0,0.0
Baixa vazao,147,P_2044016,0.0,0.0
Baixa vazao,147,P_2044024,0.0,0.0
Baixa vazao,147,P_2044042,0.0,0.0
Baixa vazao,147,P_2045002,0.0,0.0
Baixa vazao,147,P_2046013,0.0,0.0
Baixa vazao,147,Q_40032000,7.441,-9.346151962042285
Baixa vazao,147,Q_40050000,26.5367,0.0
Baixa vazao,147,Q_40060001,2.8924,-41.76811417573681
Baixa vazao,147,Q_40100000,44.0513,-201.2555694333091
Baixa vazao,147,Q_40185000,3.9337,0.0
Baixa vazao,147,Q_40330000,10.6718,-82.47784945660752
Baixa vazao,147,Q_40800001,15.5952,-9.368168305029704
Baixa vazao,147,Q_40850000,17.3341,-71.219913933053
Baixa vazao,147,Q_40930000,1.4107,-32.45732317708962
Baixa vazao,148,P_1944059,0.0,0.0
Baixa vazao,148,P_1944063,4.3,0.0
Baixa vazao,148,P_1945002,0.0,-5.9345246911292655
Baixa vazao,148,P_1945008,0.0,-5.563431068724435
Baixa vazao,148,P_1946000,0.0,0.0
Baixa vazao,148,P_2044008,32.1,30.70430766609687
Baixa vazao,148,P_2044016,6.0,0.0
Baixa vazao,148,P_2044024,64.7,119.07098530407548
Baixa vazao,148,P_2044042,1.3,0.0
Baixa vazao,148,P_2045002,6.5,-3.888473663849311
Baixa vazao,148,P_2046013,0.0,0.0
Baixa vazao,148,Q_40032000,9.1768,0.0
Baixa vazao,148,Q_40050000,29.6854,0.0
Baixa vazao,148,Q_40060001,3.4974,-37.04459334324891
Baixa vazao,148,Q_40100000,50.939,-179.9390833001694
Baixa vazao,148,Q_40185000,3.631,0.0
Baixa vazao,148,Q_40330000,15.6889,-68.80849099728324
Baixa vazao,148,Q_40800001,59.7782,0.0
Baixa vazao,148,Q_40850000,48.8886,-38.53543818066298
Baixa vazao,148,Q_40930000,3.4964,-24.532353434905513
Baixa vazao,149,P_1944059,0.0,0.0
Baixa vazao,149,P_1944063,0.0,-9.73846687406595
Baixa vazao,149,P_1945002,0.0,-8.752917147585515
Baixa vazao,149,P_1945008,0.0,-8.780667470390304
Baixa vazao,149,P_1946000,0.0,0.0
Baixa vazao,149,P_2044008,0.0,0.0
Baixa vazao,149,P_2044016,0.0,0.0
Baixa vazao,149,P_2044024,0.0,0.0
Baixa vazao,149,P_2044042,0.0,0.0
Baixa vazao,149,P_2045002,0.0,0.0
Baixa vazao,149,P_2046013,0.0,0.0
Baixa vazao,149,Q_40032000,12.2852,-7.516494451168859
Baixa vazao,149,Q_40050000,65.3304,0.0
Baixa vazao,149,Q_40060001,7.0181,-22.13450756620074
Baixa vazao,149,Q_40100000,104.874,-126.41807019713175
Baixa vazao,149,Q_40185000,7.7372,0.0
Baixa vazao,149,Q_40330000,33.9799,-56.53933324634313
Baixa vazao,149,Q_40800001,23.4079,-6.383575870929462
Baixa vazao,149,Q_40850000,28.9191,-60.29008946029207
Baixa vazao,149,Q_40930000,6.676,-21.874386145419486
Baixa vazao,150,P_1944059,0.0,0.0
Baixa vazao,150,P_1944063,0.0,-8.861823176809448
Baixa vazao,150,P_1945002,0.0,-8.24437964481279
Baixa vazao,150,P_1945008,0.0,-8.075101314084783
Baixa vazao,150,P_1946000,0.0,0.0
Baixa vazao,150,P_2044008,0.0,0.0
Baixa vazao,150,P_2044016,6.6,0.0
Baixa vazao,150,P_2044024,0.0,0.0
Baixa vazao,150,P_2044042,0.0,0.0
Baixa vazao,150,P_2045002,0.0,0.0
Baixa vazao,150,P_2046013,0.0,0.0
Baixa vazao,150,Q_40032000,8.8259,-8.567025202118352
Baixa vazao,150,Q_40050000,33.8234,0.0
Baixa vazao,150,Q_40060001,3.4974,-38.83865295626905
Baixa vazao,150,Q_40100000,55.7127,-188.35895497830327
Baixa vazao,150,Q_40185000,5.2202,0.0
Baixa vazao,150,Q_40330000,12.737,-80.72564514690184
Baixa vazao,150,Q_40800001,23.8737,-7.8753200359504945
Baixa vazao,150,Q_40850000,31.1041,-58.392735951560994
Baixa vazao,150,Q_40930000,2.4097,-30.53713357252089
Baixa vazao,151,P_1944059,0.0,0.0
Baixa vazao,151,P_1944063,0.0,-9.26590639370944
Baixa vazao,151,P_1945002,0.0,-8.384439364449424
Baixa vazao,151,P_1945008,0.0,-8.376365257643466
Baixa vazao,151,P_1946000,0.0,0.0
Baixa vazao,151,P_2044008,0.0,0.0
Baixa vazao,151,P_2044016,0.0,0.0
Baixa vazao,151,P_2044024,0.0,0.0
Baixa vazao,151,P_2044042,0.0,0.0
Baixa vazao,151,P_2045002,0.0,0.0
Baixa vazao,151,P_2046013,0.0,0.0
Baixa vazao,151,Q_40032000,6.7738,-9.794074955578754
Baixa vazao,151,Q_40050000,29.9433,0.0
Baixa vazao,151,Q_40060001,3.6543,-37.92323746681393
Baixa vazao,151,Q_40100000,51.9034,-192.76229647048456
Baixa vazao,151,Q_40185000,8.1334,0.0
Baixa vazao,151,Q_40330000,28.1156,-63.00075638939734
Baixa vazao,151,Q_40800001,23.9068,-7.602679152908593
Baixa vazao,151,Q_40850000,29.4609,-60.15584460797916
Baixa vazao,151,Q_40930000,2.9201,-29.41952305562123
Baixa vazao,152,P_1944059,0.0,0.0
Baixa vazao,152,P_1944063,0.0,-9.553440836606395
Baixa vazao,152,P_1945002,0.0,-8.242147208268648
Baixa vazao,152,P_1945008,0.0,-8.058737834481427
Baixa vazao,152,P_1946000,0.0,0.0
Baixa vazao,152,P_2044008,0.0,0.0
Baixa vazao,152,P_2044016,0.0,0.0
Baixa vazao,152,P_2044024,1.0,0.0
Baixa vazao,152,P_2044042,0.0,0.0
Baixa vazao,152,P_2045002,0.0,0.0
Baixa vazao,152,P_2046013,0.0,0.0
Baixa vazao,152,Q_40032000,5.7338,-9.468374996511217
Baixa vazao,152,Q_40050000,20.6187,0.0
Baixa vazao,152,Q_40060001,3.9747,-36.68119638525374
Baixa vazao,152,Q_40100000,52.119,-191.81321682394372
Baixa vazao,152,Q_40185000,3.631,0.0
Baixa vazao,152,Q_40330000,16.8519,-75.87521002092173
Baixa vazao,152,Q_40800001,15.8818,-9.684390454027106
Baixa vazao,152,Q_40850000,19.7014,-68.60812227949147
Baixa vazao,152,Q_40930000,1.3702,-32.87548769109611
Baixa vazao,153,P_1944059,0.0,0.0
Baixa vazao,153,P_1944063,0.0,-9.185223467897812
Baixa vazao,153,P_1945002,0.0,-8.452499523374803
Baixa vazao,153,P_1945008,0.0,-8.130161069008086
Baixa vazao,153,P_1946000,0.0,0.0
Baixa vazao,153,P_2044008,0.0,0.0
Baixa vazao,153,P_2044016,0.0,0.0
Baixa vazao,153,P_2044024,0.0,0.0
Baixa vazao,153,P_2044042,0.0,0.0
Baixa vazao,153,P_2045002,0.0,0.0
Baixa vazao,153,P_2046013,0.0,0.0
Baixa vazao,153,Q_40032000,6.7738,-9.718248906342014
Baixa vazao,153,Q_40050000,31.2079,0.0
Baixa vazao,153,Q_40060001,3.8134,-37.24418581082729
Baixa vazao,153,Q_40100000,54.1286,-190.05149201895128
Baixa vazao,153,Q_40185000,7.3505,0.0
Baixa vazao,153,Q_40330000,25.7919,-65.4466371509595
Baixa vazao,153,Q_40800001,27.3871,-6.965484249575297
Baixa vazao,153,Q_40850000,33.3355,-56.27000146376528
Baixa vazao,153,Q_40930000,2.6527,-30.354818299099417
Baixa vazao,154,P_1944059,0.0,0.0
Baixa vazao,154,P_1944063,0.0,-9.315380950605665
Baixa vazao,154,P_1945002,0.0,-8.402163509718946
Baixa vazao,154,P_1945008,0.0,-8.322558344690737
Baixa vazao,154,P_1946000,0.0,0.0
Baixa vazao,154,P_2044008,0.0,0.0
Baixa vazao,154,P_2044016,0.0,0.0
Baixa vazao,154,P_2044024,0.0,0.0
Baixa vazao,154,P_2044042,0.0,0.0
Baixa vazao,154,P_2045002,0.0,0.0
Baixa vazao,154,P_2046013,0.0,0.0
Baixa vazao,154,Q_40032000,8.2597,-9.491433312749242
Baixa vazao,154,Q_40050000,37.5877,0.0
Baixa vazao,154,Q_40060001,5.8819,-27.331635952375656
Baixa vazao,154,Q_40100000,69.3405,-170.62898138242429
Baixa vazao,154,Q_40185000,4.5622,0.0
Baixa vazao,154,Q_40330000,25.7919,-65.14237206467024
Baixa vazao,154,Q_40800001,14.7491,-9.145546322429912
Baixa vazao,154,Q_40850000,18.7438,-70.22972619506763
Baixa vazao,154,Q_40930000,3.4964,-28.536622687275386
Baixa vazao,155,P_1944059,0.0,0.0
Baixa vazao,155,P_1944063,0.0,-9.430103245093077
Baixa vazao,155,P_1945002,0.0,-8.410927946186291
Baixa vazao,155,P_1945008,0.0,-8.706652102842751
Baixa vazao,155,P_1946000,0.0,0.0
Baixa vazao,155,P_2044008,0.0,0.0
Baixa vazao,155,P_2044016,0.0,0.0
Baixa vazao,155,P_2044024,0.0,0.0
Baixa vazao,155,P_2044042,0.0,0.0
Baixa vazao,155,P_2045002,0.0,0.0
Baixa vazao,155,P_2046013,0.0,0.0
Baixa vazao,155,Q_40032000,6.0782,-9.4557037861301
Baixa vazao,155,Q_40050000,21.3002,0.0
Baixa vazao,155,Q_40060001,4.2205,-35.45959599823499
Baixa vazao,155,Q_40100000,60.6268,-181.8441141941064
Baixa vazao,155,Q_40185000,4.2442,0.0
Baixa vazao,155,Q_40330000,23.9853,-67.62508212786963
Baixa vazao,155,Q_40800001,15.8818,-8.637618125117145
Baixa vazao,155,Q_40850000,19.7014,-69.23387720378754
Baixa vazao,155,Q_40930000,1.3702,-32.803239461878135
Baixa vazao,156,P_1944059,0.0,-4.463431422409201
Baixa vazao,156,P_1944063,0.0,-8.706424265047607
Baixa vazao,156,P_1945002,0.0,-7.776091225196094
Baixa vazao,156,P_1945008,3.0,0.0
Baixa vazao,156,P_1946000,0.0,0.0
Baixa vazao,156,P_2044008,0.0,0.0
Baixa vazao,156,P_2044016,0.0,0.0
Baixa vazao,156,P_2044024,0.0,0.0
Baixa vazao,156,P_2044042,0.0,0.0
Baixa vazao,156,P_2045002,0.0,0.0
Baixa vazao,156,P_2046013,0.0,0.0
Baixa vazao,156,Q_40032000,8.4768,-8.509235632506439
Baixa vazao,156,Q_40050000,31.8647,0.0
Baixa vazao,156,Q_40060001,2.604,-42.47271997288563
Baixa vazao,156,Q_40100000,50.939,-194.13410602706074
Baixa vazao,156,Q_40185000,6.2595,0.0
Baixa vazao,156,Q_40330000,15.3079,-77.91649562604557
Baixa vazao,156,Q_40800001,29.7587,-6.800273917352267
Baixa vazao,156,Q_40850000,48.2587,-41.92528537990772
Baixa vazao,156,Q_40930000,1.2649,-32.52608833269806
Baixa vazao,157,P_1944059,0.0,0.0
Baixa vazao,157,P_1944063,0.0,-9.404683969084425
Baixa vazao,157,P_1945002,0.0,-8.180589312731627
Baixa vazao,157,P_1945008,0.0,-8.415512486128678
Baixa vazao,157,P_1946000,0.0,0.0
Baixa vazao,157,P_2044008,0.0,0.0
Baixa vazao,157,P_2044016,0.0,0.0
Baixa vazao,157,P_2044024,0.0,0.0
Baixa vazao,157,P_2044042,0.0,0.0
Baixa vazao,157,P_2045002,0.0,0.0
Baixa vazao,157,P_2046013,0.0,0.0
Baixa vazao,157,Q_40032000,5.4994,-9.409137670092292
Baixa vazao,157,Q_40050000,23.4924,0.0
Baixa vazao,157,Q_40060001,3.115,-40.61450552573969
Baixa vazao,157,Q_40100000,39.3739,-207.80454132568718
Baixa vazao,157,Q_40185000,7.7378,0.0
Baixa vazao,157,Q_40330000,27.6451,-63.073000543457695
Baixa vazao,157,Q_40800001,19.3274,-9.113623542392256
Baixa vazao,157,Q_40850000,21.6584,-67.37123130252368
Baixa vazao,157,Q_40930000,1.3893,-32.45334199241236
Baixa vazao,158,P_1944059,0.0,0.0
Baixa vazao,158,P_1944063,0.0,-9.381577526826407
Baixa vazao,158,P_1945002,0.0,-8.204630795539856
Baixa vazao,158,P_1945008,0.0,-8.448889500977652
Baixa vazao,158,P_1946000,0.0,0.0
Baixa vazao,158,P_2044008,0.0,0.0
Baixa vazao,158,P_2044016,0.0,0.0
Baixa vazao,158,P_2044024,0.0,0.0
Baixa vazao,158,P_2044042,0.0,0.0
Baixa vazao,158,P_2045002,0.0,0.0
Baixa vazao,158,P_2046013,0.0,0.0
Baixa vazao,158,Q_40032000,6.3369,-9.743027035795095
Baixa vazao,158,Q_40050000,29.195,0.0
Baixa vazao,158,Q_40060001,3.4198,-38.885683130283475
Baixa vazao,158,Q_40100000,47.5692,-197.95257567970185
Baixa vazao,158,Q_40185000,6.6284,0.0
Baixa vazao,158,Q_40330000,23.0998,-68.54447581925581
Baixa vazao,158,Q_40800001,24.5892,-8.457177038460884
Baixa vazao,158,Q_40850000,29.4609,-59.77349593946298
Baixa vazao,158,Q_40930000,2.6527,-29.914638621914637
Baixa vazao,159,P_1944059,0.0,0.0
Baixa vazao,159,P_1944063,0.0,-9.154377716639628
Baixa vazao,159,P_1945002,0.0,-8.377371900233804
Baixa vazao,159,P_1945008,0.0,-8.821761143073102
Baixa vazao,159,P_1946000,0.0,0.0
Baixa vazao,159,P_2044008,0.0,0.0
Baixa vazao,159,P_2044016,0.0,0.0
Baixa vazao,159,P_2044024,0.0,0.0
Baixa vazao,159,P_2044042,0.0,0.0
Baixa vazao,159,P_2045002,0.0,0.0
Baixa vazao,159,P_2046013,0.0,0.0
Baixa vazao,159,Q_40032000,8.1556,-8.947153050523077
Baixa vazao,159,Q_40050000,39.803,0.0
Baixa vazao,159,Q_40060001,5.073,-30.52529618762953
Baixa vazao,159,Q_40100000,67.0446,-173.51999629879398
Baixa vazao,159,Q_40185000,8.5372,0.0
Baixa vazao,159,Q_40330000,30.9979,-59.43907725838389
Baixa vazao,159,Q_40800001,32.5389,-5.723793237194457
Baixa vazao,159,Q_40850000,40.8927,-48.789058509715986
Baixa vazao,159,Q_40930000,4.6044,-26.142479206441408
Baixa vazao,160,P_1944059,0.0,0.0
Baixa vazao,160,P_1944063,0.0,-9.071575634642759
Baixa vazao,160,P_1945002,0.0,-8.606529266690519
Baixa vazao,160,P_1945008,0.0,-8.664749929342403
Baixa vazao,160,P_1946000,0.0,0.0
Baixa vazao,160,P_2044008,0.0,0.0
Baixa vazao,160,P_2044016,0.0,0.0
Baixa vazao,160,P_2044024,0.0,0.0
Baixa vazao,160,P_2044042,0.0,0.0
Baixa vazao,160,P_2045002,0.0,0.0
Baixa vazao,160,P_2046013,0.0,0.0
Baixa vazao,160,Q_40032000,9.0011,-8.695432298752399
Baixa vazao,160,Q_40050000,38.4795,0.0
Baixa vazao,160,Q_40060001,3.4974,-38.426829962188606
Baixa vazao,160,Q_40100000,59.3854,-183.79373995992196
Baixa vazao,160,Q_40185000,5.5598,0.0
Baixa vazao,160,Q_40330000,17.6437,-74.94634259926502
Baixa vazao,160,Q_40800001,27.5044,-7.322022792276243
Baixa vazao,160,Q_40850000,30.0057,-59.542686483550135
Baixa vazao,160,Q_40930000,2.4097,-30.437891800260456
Baixa vazao,161,P_1944059,0.0,0.0
Baixa vazao,161,P_1944063,0.0,-9.410585011383183
Baixa vazao,161,P_1945002,0.0,-8.609741561447493
Baixa vazao,161,P_1945008,0.0,-8.566235558088025
Baixa vazao,161,P_1946000,0.0,0.0
Baixa vazao,161,P_2044008,0.0,0.0
Baixa vazao,161,P_2044016,0.0,0.0
Baixa vazao,161,P_2044024,0.0,0.0
Baixa vazao,161,P_2044042,0.0,0.0
Baixa vazao,161,P_2045002,0.0,0.0
Baixa vazao,161,P_2046013,0.0,0.0
Baixa vazao,161,Q_40032000,7.8831,-9.072775085195646
Baixa vazao,161,Q_40050000,31.5888,0.0
Baixa vazao,161,Q_40060001,4.138,-35.44642504526178
Baixa vazao,161,Q_40100000,64.4022,-176.58275237621973
Baixa vazao,161,Q_40185000,4.2442,0.0
Baixa vazao,161,Q_40330000,9.6892,-84.12596516741267
Baixa vazao,161,Q_40800001,12.782,-9.59418390281282
Baixa vazao,161,Q_40850000,18.2703,-70.2725587932408
Baixa vazao,161,Q_40930000,2.6178,-30.151407327390867
Baixa vazao,162,P_1944059,0.0,0.0
Baixa vazao,162,P_1944063,0.0,-9.25986229483654
Baixa vazao,162,P_1945002,0.0,-8.107907276845175
Baixa vazao,162,P_1945008,0.0,-8.604367923929715
Baixa vazao,162,P_1946000,0.0,0.0
Baixa vazao,162,P_2044008,0.4,0.0
Baixa vazao,162,P_2044016,1.4,0.0
Baixa vazao,162,P_2044024,0.0,0.0
Baixa vazao,162,P_2044042,0.8,0.0
Baixa vazao,162,P_2045002,3.0,0.0
Baixa vazao,162,P_2046013,4.6,0.0
Baixa vazao,162,Q_40032000,7.7843,-8.856986655238126
Baixa vazao,162,Q_40050000,25.7723,0.0
Baixa vazao,162,Q_40060001,2.747,-42.90044720258891
Baixa vazao,162,Q_40100000,47.4535,-198.5484349065439
Baixa vazao,162,Q_40185000,3.3363,0.0
Baixa vazao,162,Q_40330000,7.5329,-86.36255999502248
Baixa vazao,162,Q_40800001,15.1975,-9.925799792676097
Baixa vazao,162,Q_40850000,15.0589,-73.60306386164459
Baixa vazao,162,Q_40930000,1.1884,-33.12477065887354
Baixa vazao,163,P_1944059,0.0,0.0
Baixa vazao,163,P_1944063,0.0,-9.126256124402572
Baixa vazao,163,P_1945002,0.0,-8.361274921990255
Baixa vazao,163,P_1945008,0.0,-8.118520488503691
Baixa vazao,163,P_1946000,0.0,0.0
Baixa vazao,163,P_2044008,0.0,0.0
Baixa vazao,163,P_2044016,0.0,0.0
Baixa vazao,163,P_2044024,0.0,0.0
Baixa vazao,163,P_2044042,0.0,0.0
Baixa vazao,163,P_2045002,0.0,0.0
Baixa vazao,163,P_2046013,3.0,0.0
Baixa vazao,163,Q_40032000,7.2701,-9.855632507158749
Baixa vazao,163,Q_40050000,27.3102,0.0
Baixa vazao,163,Q_40060001,2.747,-42.457049335133696
Baixa vazao,163,Q_40100000,40.7345,-206.04915931015745
Baixa vazao,163,Q_40185000,3.9337,0.0
Baixa vazao,163,Q_40330000,12.3837,-80.77903851271647
Baixa vazao,163,Q_40800001,15.9948,-9.812282372100517
Baixa vazao,163,Q_40850000,22.1561,-67.13331686621099
Baixa vazao,163,Q_40930000,1.7864,-31.675038202334516
Baixa vazao,164,P_1944059,0.0,0.0
Baixa vazao,164,P_1944063,0.249462366,-8.58913795404947
Baixa vazao,164,P_1945002,0.0,-8.610230509665918
Baixa vazao,164,P_1945008,0.0,-8.283754409349456
Baixa vazao,164,P_1946000,0.0,0.0
Baixa vazao,164,P_2044008,0.0,0.0
Baixa vazao,164,P_2044016,0.0,0.0
Baixa vazao,164,P_2044024,0.0,0.0
Baixa vazao,164,P_2044042,0.0,0.0
Baixa vazao,164,P_2045002,0.0,0.0
Baixa vazao,164,P_2046013,0.0,0.0
Baixa vazao,164,Q_40032000,10.6207,-8.220478224951203
Baixa vazao,164,Q_40050000,50.5081,0.0
Baixa vazao,164,Q_40060001,5.9741,-26.78349659893008
Baixa vazao,164,Q_40100000,83.2504,-153.9476280496015
Baixa vazao,164,Q_40185000,6.2595,0.0
Baixa vazao,164,Q_40330000,27.1774,-63.76502319126908
Baixa vazao,164,Q_40800001,18.5374,-7.546908511327689
Baixa vazao,164,Q_40850000,22.1561,-66.7834970186618
Baixa vazao,164,Q_40930000,5.3641,-24.443397907033624
Baixa vazao,165,P_1944059,0.0,0.0
Baixa vazao,165,P_1944063,0.0,-9.165272616342719
Baixa vazao,165,P_1945002,0.0,-8.39155471031202
Baixa vazao,165,P_1945008,0.0,-7.986635954231872
Baixa vazao,165,P_1946000,0.0,0.0
Baixa vazao,165,P_2044008,0.0,0.0
Baixa vazao,165,P_2044016,0.0,0.0
Baixa vazao,165,P_2044024,0.0,0.0
Baixa vazao,165,P_2044042,0.0,0.0
Baixa vazao,165,P_2045002,0.0,0.0
Baixa vazao,165,P_2046013,0.0,0.0
Baixa vazao,165,Q_40032000,6.7738,-9.483083647317914
Baixa vazao,165,Q_40050000,30.1945,0.0
Baixa vazao,165,Q_40060001,3.7336,-37.53591388100203
Baixa vazao,165,Q_40100000,51.9034,-192.69165879762488
Baixa vazao,165,Q_40185000,8.9491,0.0
Baixa vazao,165,Q_40330000,31.488,-58.779371165642004
Baixa vazao,165,Q_40800001,25.2785,-7.691278766122491
Baixa vazao,165,Q_40850000,31.6576,-58.32195947197125
Baixa vazao,165,Q_40930000,2.6527,-30.375447021499077
Baixa vazao,166,P_1944059,0.0,0.0
Baixa vazao,166,P_1944063,0.0,-9.11641136431061
Baixa vazao,166,P_1945002,0.0,-8.513310820355175
Baixa vazao,166,P_1945008,0.0,-8.069890834202344
Baixa vazao,166,P_1946000,0.0,0.0
Baixa vazao,166,P_2044008,0.0,0.0
Baixa vazao,166,P_2044016,0.0,0.0
Baixa vazao,166,P_2044024,0.0,0.0
Baixa vazao,166,P_2044042,0.0,0.0
Baixa vazao,166,P_2045002,0.0,0.0
Baixa vazao,166,P_2046013,0.0,0.0
Baixa vazao,166,Q_40032000,6.784,-9.495549726965908
Baixa vazao,166,Q_40050000,24.0624,0.0
Baixa vazao,166,Q_40060001,4.5555,-33.40763288246692
Baixa vazao,166,Q_40100000,65.6775,-175.31886668572216
Baixa vazao,166,Q_40185000,4.5622,0.0
Baixa vazao,166,Q_40330000,26.7127,-64.38602382649802
Baixa vazao,166,Q_40800001,25.9716,-7.449727066076321
Baixa vazao,166,Q_40850000,35.0386,-54.87720745118874
Baixa vazao,166,Q_40930000,1.3702,-32.746081985608186
Baixa vazao,167,P_1944059,0.0,0.0
Baixa vazao,167,P_1944063,0.0,-9.230288550209421
Baixa vazao,167,P_1945002,0.0,-8.459234848846691
Baixa vazao,167,P_1945008,0.0,-8.478653058900022
Baixa vazao,167,P_1946000,0.0,0.0
Baixa vazao,167,P_2044008,0.0,0.0
Baixa vazao,167,P_2044016,0.0,0.0
Baixa vazao,167,P_2044024,0.0,0.0
Baixa vazao,167,P_2044042,0.0,0.0
Baixa vazao,167,P_2045002,0.0,0.0
Baixa vazao,167,P_2046013,0.0,0.0
Baixa vazao,167,Q_40032000,7.8831,-9.034029786582238
Baixa vazao,167,Q_40050000,31.04,0.0
Baixa vazao,167,Q_40060001,4.812,-32.6186033177077
Baixa vazao,167,Q_40100000,73.0533,-165.9931312482916
Baixa vazao,167,Q_40185000,3.0498,0.0
Baixa vazao,167,Q_40330000,6.6697,-87.56379127132064
Baixa vazao,167,Q_40800001,11.4007,-9.308241555488113
Baixa vazao,167,Q_40850000,17.8004,-71.30097719805364
Baixa vazao,167,Q_40930000,1.5219,-31.959051795787378
Baixa vazao,168,P_1944059,0.0,0.0
Baixa vazao,168,P_1944063,0.0,-9.231215177738722
Baixa vazao,168,P_1945002,0.0,-8.643801929995286
Baixa vazao,168,P_1945008,0.0,-8.348745745345203
Baixa vazao,168,P_1946000,0.0,0.0
Baixa vazao,168,P_2044008,0.0,0.0
Baixa vazao,168,P_2044016,0.0,0.0
Baixa vazao,168,P_2044024,0.0,0.0
Baixa vazao,168,P_2044042,0.0,0.0
Baixa vazao,168,P_2045002,0.0,0.0
Baixa vazao,168,P_2046013,0.0,0.0
Baixa vazao,168,Q_40032000,8.1556,-9.351111779359615
Baixa vazao,168,Q_40050000,39.803,0.0
Baixa vazao,168,Q_40060001,4.726,-32.37047087645759
Baixa vazao,168,Q_40100000,64.612,-176.90143971780213
Baixa vazao,168,Q_40185000,8.9491,0.0
Baixa vazao,168,Q_40330000,31.9809,-57.95738149175685
Baixa vazao,168,Q_40800001,34.8431,-5.210502570681456
Baixa vazao,168,Q_40850000,43.918,-45.71261038983318
Baixa vazao,168,Q_40930000,3.7464,-27.6412006743854
Baixa vazao,169,P_1944059,0.0,0.0
Baixa vazao,169,P_1944063,0.0,-9.237561334739326
Baixa vazao,169,P_1945002,0.0,-8.627190568268759
Baixa vazao,169,P_1945008,0.0,-8.742270471830132
Baixa vazao,169,P_1946000,0.0,0.0
Baixa vazao,169,P_2044008,0.0,0.0
Baixa vazao,169,P_2044016,0.0,0.0
Baixa vazao,169,P_2044024,0.0,0.0
Baixa vazao,169,P_2044042,0.0,0.0
Baixa vazao,169,P_2045002,0.0,0.0
Baixa vazao,169,P_2046013,0.0,0.0
Baixa vazao,169,Q_40032000,7.2701,-8.97397392479963
Baixa vazao,169,Q_40050000,27.0513,0.0
Baixa vazao,169,Q_40060001,2.6752,-42.802316558419605
Baixa vazao,169,Q_40100000,39.6483,-207.0359958794781
Baixa vazao,169,Q_40185000,3.631,0.0
Baixa vazao,169,Q_40330000,8.129,-85.13292622581834
Baixa vazao,169,Q_40800001,15.5952,-9.382345064230645
Baixa vazao,169,Q_40850000,21.6584,-66.55887657347198
Baixa vazao,169,Q_40930000,1.7864,-31.907902628031337
Baixa vazao,170,P_1944059,0.0,0.0
Baixa vazao,170,P_1944063,0.0,-9.02723638523636
Baixa vazao,170,P_1945002,0.0,-8.654781905523983
Baixa vazao,170,P_1945008,0.0,-9.01447866265869
Baixa vazao,170,P_1946000,0.0,0.0
Baixa vazao,170,P_2044008,0.0,0.0
Baixa vazao,170,P_2044016,0.0,0.0
Baixa vazao,170,P_2044024,0.0,0.0
Baixa vazao,170,P_2044042,0.0,0.0
Baixa vazao,170,P_2045002,0.0,0.0
Baixa vazao,170,P_2046013,0.0,0.0
Baixa vazao,170,Q_40032000,8.1296,-8.961842859955949
Baixa vazao,170,Q_40050000,31.04,0.0
Baixa vazao,170,Q_40060001,3.8134,-37.01389128680095
Baixa vazao,170,Q_40100000,53.308,-190.6072849019004
Baixa vazao,170,Q_40185000,4.8876,0.0
Baixa vazao,170,Q_40330000,12.737,-80.75939523443935
Baixa vazao,170,Q_40800001,22.4673,-8.15130380406958
Baixa vazao,170,Q_40850000,27.8445,-61.21273474567905
Baixa vazao,170,Q_40930000,2.1446,-31.43009202949341
Baixa vazao,171,P_1944059,1.0,0.0
Baixa vazao,171,P_1944063,0.0,-9.413011049686286
Baixa vazao,171,P_1945002,0.0,0.0
Baixa vazao,171,P_1945008,0.0,-9.249945797657114
Baixa vazao,171,P_1946000,36.4,-9.606183209044318
Baixa vazao,171,P_2044008,2.2,0.0
Baixa vazao,171,P_2044016,0.0,0.0
Baixa vazao,171,P_2044024,0.0,0.0
Baixa vazao,171,P_2044042,5.9,0.0
Baixa vazao,171,P_2045002,0.0,0.0
Baixa vazao,171,P_2046013,0.0,0.0
Baixa vazao,171,Q_40032000,7.5115,-8.521073999364035
Baixa vazao,171,Q_40050000,33.8234,0.0
Baixa vazao,171,Q_40060001,6.442,-24.381665608288884
Baixa vazao,171,Q_40100000,61.8768,-173.65762174991752
Baixa vazao,171,Q_40185000,3.631,0.0
Baixa vazao,171,Q_40330000,12.3837,-79.07694644501038
Baixa vazao,171,Q_40800001,19.1146,-10.588909309000492
Baixa vazao,171,Q_40850000,25.7317,-62.9591155212137
Baixa vazao,171,Q_40930000,2.9059,-28.25147867247341
Baixa vazao,172,P_1944059,1.0,0.0
Baixa vazao,172,P_1944063,0.0,-8.613103479240895
Baixa vazao,172,P_1945002,4.6,0.0
Baixa vazao,172,P_1945008,11.3,20.352118088401824
Baixa vazao,172,P_1946000,0.0,0.0
Baixa vazao,172,P_2044008,0.0,-4.145692209576552
Baixa vazao,172,P_2044016,0.0,0.0
Baixa vazao,172,P_2044024,0.0,0.0
Baixa vazao,172,P_2044042,0.0,0.0
Baixa vazao,172,P_2045002,0.0,0.0
Baixa vazao,172,P_2046013,0.0,0.0
Baixa vazao,172,Q_40032000,8.8259,-8.152906858450734
Baixa vazao,172,Q_40050000,23.0489,0.0
Baixa vazao,172,Q_40060001,2.6752,-43.1854948018588
Baixa vazao,172,Q_40100000,33.3407,-217.46657718985904
Baixa vazao,172,Q_40185000,2.2424,0.0
Baixa vazao,172,Q_40330000,12.034,-80.65490388660513
Baixa vazao,172,Q_40800001,13.2384,-9.242406887229674
Baixa vazao,172,Q_40850000,16.8715,-72.26211343088472
Baixa vazao,172,Q_40930000,2.9059,-29.265992532524294
Baixa vazao,173,P_1944059,0.0,0.0
Baixa vazao,173,P_1944063,0.0,-8.943239957875353
Baixa vazao,173,P_1945002,0.0,-8.260898737669308
Baixa vazao,173,P_1945008,0.0,-8.52009217861818
Baixa vazao,173,P_1946000,0.0,0.0
Baixa vazao,173,P_2044008,0.0,0.0
Baixa vazao,173,P_2044016,0.0,0.0
Baixa vazao,173,P_2044024,0.0,0.0
Baixa vazao,173,P_2044042,0.0,0.0
Baixa vazao,173,P_2045002,0.0,0.0
Baixa vazao,173,P_2046013,0.0,0.0
Baixa vazao,173,Q_40032000,7.5115,-9.01409206502707
Baixa vazao,173,Q_40050000,25.1826,0.0
Baixa vazao,173,Q_40060001,4.6405,-32.81666557159812
Baixa vazao,173,Q_40100000,73.0533,-166.20198366619488
Baixa vazao,173,Q_40185000,5.9063,0.0
Baixa vazao,173,Q_40330000,36.022,-53.5622029281463
Baixa vazao,173,Q_40800001,25.166,-7.311489310214313
Baixa vazao,173,Q_40850000,32.7733,-56.74697960994581
Baixa vazao,173,Q_40930000,2.1021,-31.329993432558258
Baixa vazao,174,P_1944059,0.0,0.0
Baixa vazao,174,P_1944063,0.0,-9.217221639342053
Baixa vazao,174,P_1945002,0.0,-8.547130103227408
Baixa vazao,174,P_1945008,0.0,-8.633066274127913
Baixa vazao,174,P_1946000,0.0,0.0
Baixa vazao,174,P_2044008,0.0,0.0
Baixa vazao,174,P_2044016,0.0,0.0
Baixa vazao,174,P_2044024,0.0,0.0
Baixa vazao,174,P_2044042,0.0,0.0
Baixa vazao,174,P_2045002,0.0,0.0
Baixa vazao,174,P_2046013,0.0,0.0
Baixa vazao,174,Q_40032000,8.8259,-9.276455218174368
Baixa vazao,174,Q_40050000,34.6776,0.0
Baixa vazao,174,Q_40060001,3.4974,-38.7866757213533
Baixa vazao,174,Q_40100000,56.9282,-186.09885680468716
Baixa vazao,174,Q_40185000,5.2202,0.0
Baixa vazao,174,Q_40330000,14.1853,-79.20837402956825
Baixa vazao,174,Q_40800001,24.5869,-7.5799463736794905
Baixa vazao,174,Q_40850000,31.1041,-58.721794293443175
Baixa vazao,174,Q_40930000,2.4097,-30.296129390381243
Baixa vazao,175,P_1944059,0.0,0.0
Baixa vazao,175,P_1944063,0.0,-9.168381330806632
Baixa vazao,175,P_1945002,0.0,-8.151289071994256
Baixa vazao,175,P_1945008,0.0,-8.549545244470659
Baixa vazao,175,P_1946000,0.0,0.0
Baixa vazao,175,P_2044008,0.0,0.0
Baixa vazao,175,P_2044016,0.0,0.0
Baixa vazao,175,P_2044024,0.0,0.0
Baixa vazao,175,P_2044042,0.0,0.0
Baixa vazao,175,P_2045002,0.0,0.0
Baixa vazao,175,P_2046013,0.0,0.0
Baixa vazao,175,Q_40032000,6.4284,-9.279269235901598
Baixa vazao,175,Q_40050000,22.8125,0.0
Baixa vazao,175,Q_40060001,4.3869,-34.73868100465557
Baixa vazao,175,Q_40100000,65.6775,-175.43905099236875
Baixa vazao,175,Q_40185000,4.2442,0.0
Baixa vazao,175,Q_40330000,24.8827,-66.86295521585427
Baixa vazao,175,Q_40800001,18.1312,-8.519522972750822
Baixa vazao,175,Q_40850000,23.6691,-65.91772765565702
Baixa vazao,175,Q_40930000,1.3702,-32.78986341502853
Baixa vazao,176,P_1944059,0.0,0.0
Baixa vazao,176,P_1944063,0.0,-8.496321697995855
Baixa vazao,176,P_1945002,0.0,-7.025479598964353
Baixa vazao,176,P_1945008,0.0,-7.64297116639906
Baixa vazao,176,P_1946000,0.0,0.0
Baixa vazao,176,P_2044008,9.4,0.0
Baixa vazao,176,P_2044016,0.0,0.0
Baixa vazao,176,P_2044024,0.0,0.0
Baixa vazao,176,P_2044042,0.0,0.0
Baixa vazao,176,P_2045002,2.4,0.0
Baixa vazao,176,P_2046013,0.0,0.0
Baixa vazao,176,Q_40032000,5.912,-8.030817290816378
Baixa vazao,176,Q_40050000,26.757,0.0
Baixa vazao,176,Q_40060001,3.2663,-38.8213447498645
Baixa vazao,176,Q_40100000,42.3723,-203.29236426856488
Baixa vazao,176,Q_40185000,8.1334,0.0
Baixa vazao,176,Q_40330000,28.5889,-61.43235633944516
Baixa vazao,176,Q_40800001,24.5892,-6.9624942315573195
Baixa vazao,176,Q_40850000,42.7002,-46.96284249943999
Baixa vazao,176,Q_40930000,1.8783,-31.017520919975773
Baixa vazao,177,P_1944059,0.0,0.0
Baixa vazao,177,P_1944063,0.0,-9.546778299900643
Baixa vazao,177,P_1945002,0.0,-8.582720621794307
Baixa vazao,177,P_1945008,0.0,-8.358409751432077
Baixa vazao,177,P_1946000,0.0,0.0
Baixa vazao,177,P_2044008,0.0,0.0
Baixa vazao,177,P_2044016,0.0,0.0
Baixa vazao,177,P_2044024,0.0,0.0
Baixa vazao,177,P_2044042,0.0,0.0
Baixa vazao,177,P_2045002,0.0,0.0
Baixa vazao,177,P_2046013,0.0,0.0
Baixa vazao,177,Q_40032000,5.0991,-9.48844758461028
Baixa vazao,177,Q_40050000,21.4869,0.0
Baixa vazao,177,Q_40060001,2.8924,-41.853700016151826
Baixa vazao,177,Q_40100000,32.7344,-215.36565535046986
Baixa vazao,177,Q_40185000,7.3505,0.0
Baixa vazao,177,Q_40330000,26.2508,-64.11785981800878
Baixa vazao,177,Q_40800001,15.6888,-9.410456770341828
Baixa vazao,177,Q_40850000,17.3341,-71.22337690779321
Baixa vazao,177,Q_40930000,1.1547,-33.07366693817476
Baixa vazao,178,P_1944059,0.0,0.0
Baixa vazao,178,P_1944063,0.0,-8.8377509762851
Baixa vazao,178,P_1945002,0.0,-8.429351271168228
Baixa vazao,178,P_1945008,0.0,-8.444076888000048
Baixa vazao,178,P_1946000,0.0,0.0
Baixa vazao,178,P_2044008,0.0,0.0
Baixa vazao,178,P_2044016,0.0,0.0
Baixa vazao,178,P_2044024,0.0,0.0
Baixa vazao,178,P_2044042,0.0,0.0
Baixa vazao,178,P_2045002,0.0,0.0
Baixa vazao,178,P_2046013,0.0,0.0
Baixa vazao,178,Q_40032000,7.1451,-9.609192394874999
Baixa vazao,178,Q_40050000,24.6215,0.0
Baixa vazao,178,Q_40060001,4.5555,-33.293748034976154
Baixa vazao,178,Q_40100000,70.5712,-169.10966126717304
Baixa vazao,178,Q_40185000,5.9063,0.0
Baixa vazao,178,Q_40330000,37.5815,-51.58664231961797
Baixa vazao,178,Q_40800001,21.9898,-7.83438289545569
Baixa vazao,178,Q_40850000,29.4609,-59.82271164618264
Baixa vazao,178,Q_40930000,2.1021,-31.446311780715277
Baixa vazao,179,P_1944059,0.0,0.0
Baixa vazao,179,P_1944063,0.0,-9.369400072855292
Baixa vazao,179,P_1945002,0.0,-8.197257727277444
Baixa vazao,179,P_1945008,0.0,-8.867097182688067
Baixa vazao,179,P_1946000,0.0,0.0
Baixa vazao,179,P_2044008,0.0,0.0
Baixa vazao,179,P_2044016,0.0,0.0
Baixa vazao,179,P_2044024,0.0,0.0
Baixa vazao,179,P_2044042,0.0,0.0
Baixa vazao,179,P_2045002,0.0,0.0
Baixa vazao,179,P_2046013,0.0,0.0
Baixa vazao,179,Q_40032000,5.4994,-10.10942543052333
Baixa vazao,179,Q_40050000,23.4924,0.0
Baixa vazao,179,Q_40060001,3.115,-40.003036029512316
Baixa vazao,179,Q_40100000,38.3946,-208.96559680078286
Baixa vazao,179,Q_40185000,7.7378,0.0
Baixa vazao,179,Q_40330000,26.7127,-64.09266220748091
Baixa vazao,179,Q_40800001,18.7021,-8.604065894879227
Baixa vazao,179,Q_40850000,22.6572,-66.10132272270178
Baixa vazao,179,Q_40930000,1.6307,-32.4654995244003
Baixa vazao,180,P_1944059,0.0,0.0
Baixa vazao,180,P_1944063,0.0,-8.492780636311181
Baixa vazao,180,P_1945002,34.8,67.34018846984782
Baixa vazao,180,P_1945008,0.0,-8.231159452578662
Baixa vazao,180,P_1946000,0.0,0.0
Baixa vazao,180,P_2044008,0.0,0.0
Baixa vazao,180,P_2044016,0.0,0.0
Baixa vazao,180,P_2044024,3.6,0.0
Baixa vazao,180,P_2044042,1.7,0.0
Baixa vazao,180,P_2045002,1.2,0.0
Baixa vazao,180,P_2046013,2.6,0.0
Baixa vazao,180,Q_40032000,7.5115,-8.195714984693558
Baixa vazao,180,Q_40050000,36.998,0.0
Baixa vazao,180,Q_40060001,4.4709,-36.57961428505305
Baixa vazao,180,Q_40100000,49.768,-199.71751333593616
Baixa vazao,180,Q_40185000,5.5598,0.0
Baixa vazao,180,Q_40330000,11.688,-81.40230040532849
Baixa vazao,180,Q_40800001,13.7476,-10.077190520939098
Baixa vazao,180,Q_40850000,16.8715,-73.1753509763672
Baixa vazao,180,Q_40930000,7.349,-20.15140579826148
Baixa vazao,181,P_1944059,0.0,0.0
Baixa vazao,181,P_1944063,0.249462366,-8.400667150093264
Baixa vazao,181,P_1945002,0.0,-8.76579228214598
Baixa vazao,181,P_1945008,0.0,-8.431643465143823
Baixa vazao,181,P_1946000,0.0,0.0
Baixa vazao,181,P_2044008,0.0,0.0
Baixa vazao,181,P_2044016,0.0,0.0
Baixa vazao,181,P_2044024,0.0,0.0
Baixa vazao,181,P_2044042,0.0,0.0
Baixa vazao,181,P_2045002,0.0,0.0
Baixa vazao,181,P_2046013,0.0,0.0
Baixa vazao,181,Q_40032000,10.6207,-8.294596882260945
Baixa vazao,181,Q_40050000,51.8518,0.0
Baixa vazao,181,Q_40060001,6.2535,-25.798218128083615
Baixa vazao,181,Q_40100000,87.1825,-148.58979520642507
Baixa vazao,181,Q_40185000,6.6193,0.0
Baixa vazao,181,Q_40330000,27.1774,-63.504195464463955
Baixa vazao,181,Q_40800001,18.5374,-7.840871156581954
Baixa vazao,181,Q_40850000,22.6572,-66.02096220885045
Baixa vazao,181,Q_40930000,5.3641,-24.578092169071958
Baixa vazao,182,P_1944059,0.0,0.0
Baixa vazao,182,P_1944063,0.0,-9.813552337962971
Baixa vazao,182,P_1945002,0.0,-8.096811324720973
Baixa vazao,182,P_1945008,0.0,-8.192356817808786
Baixa vazao,182,P_1946000,0.0,0.0
Baixa vazao,182,P_2044008,0.0,0.0
Baixa vazao,182,P_2044016,0.0,0.0
Baixa vazao,182,P_2044024,0.0,0.0
Baixa vazao,182,P_2044042,0.0,0.0
Baixa vazao,182,P_2045002,0.0,0.0
Baixa vazao,182,P_2046013,0.0,0.0
Baixa vazao,182,Q_40032000,7.441,-9.78761761259745
Baixa vazao,182,Q_40050000,25.7723,0.0
Baixa vazao,182,Q_40060001,2.8924,-41.010000533128384
Baixa vazao,182,Q_40100000,44.0513,-201.29059872877022
Baixa vazao,182,Q_40185000,3.3363,0.0
Baixa vazao,182,Q_40330000,7.5329,-85.53840893982176
Baixa vazao,182,Q_40800001,15.1975,-9.518984261571637
Baixa vazao,182,Q_40850000,14.1757,-74.26075642154113
Baixa vazao,182,Q_40930000,1.1884,-33.3811714821215
Baixa vazao,183,P_1944059,0.0,0.0
Baixa vazao,183,P_1944063,0.0,-9.315598022351711
Baixa vazao,183,P_1945002,0.0,-8.260643080786565
Baixa vazao,183,P_1945008,0.0,-8.493833357726892
Baixa vazao,183,P_1946000,0.0,0.0
Baixa vazao,183,P_2044008,0.0,0.0
Baixa vazao,183,P_2044016,0.0,0.0
Baixa vazao,183,P_2044024,0.0,0.0
Baixa vazao,183,P_2044042,0.0,0.0
Baixa vazao,183,P_2045002,0.0,0.0
Baixa vazao,183,P_2046013,0.0,0.0
Baixa vazao,183,Q_40032000,6.4284,-9.758528235222
Baixa vazao,183,Q_40050000,23.5055,0.0
Baixa vazao,183,Q_40060001,3.9747,-36.407065517410736
Baixa vazao,183,Q_40100000,60.6268,-182.08469986850722
Baixa vazao,183,Q_40185000,5.2202,0.0
Baixa vazao,183,Q_40330000,23.9853,-67.44096571866784
Baixa vazao,183,Q_40800001,15.8818,-8.96623847539384
Baixa vazao,183,Q_40850000,19.7014,-69.19404302074672
Baixa vazao,183,Q_40930000,1.8525,-31.834690068748948
Baixa vazao,184,P_1944059,0.0,0.0
Baixa vazao,184,P_1944063,0.0,-9.28447428097021
Baixa vazao,184,P_1945002,0.0,-8.793929838826978
Baixa vazao,184,P_1945008,0.0,-7.717380318215169
Baixa vazao,184,P_1946000,0.0,0.0
Baixa vazao,184,P_2044008,0.0,0.0
Baixa vazao,184,P_2044016,0.0,0.0
Baixa vazao,184,P_2044024,0.0,0.0
Baixa vazao,184,P_2044042,0.0,0.0
Baixa vazao,184,P_2045002,0.0,0.0
Baixa vazao,184,P_2046013,0.0,0.0
Baixa vazao,184,Q_40032000,8.6394,-8.841336229867975
Baixa vazao,184,Q_40050000,37.5739,0.0
Baixa vazao,184,Q_40060001,4.9855,-31.510016213918558
Baixa vazao,184,Q_40100000,67.0446,-173.81266254063456
Baixa vazao,184,Q_40185000,8.1334,0.0
Baixa vazao,184,Q_40330000,29.0651,-61.922265311357116
Baixa vazao,184,Q_40800001,31.0345,-5.892381539589508
Baixa vazao,184,Q_40850000,41.4926,-48.02122167972117
Baixa vazao,184,Q_40930000,4.6044,-26.049435935410457
Baixa vazao,185,P_1944059,0.0,0.0
Baixa vazao,185,P_1944063,0.0,-9.309053010987942
Baixa vazao,185,P_1945002,0.0,-8.562959366335017
Baixa vazao,185,P_1945008,0.0,-8.231321918540305
Baixa vazao,185,P_1946000,0.0,0.0
Baixa vazao,185,P_2044008,0.0,0.0
Baixa vazao,185,P_2044016,0.0,0.0
Baixa vazao,185,P_2044024,0.0,0.0
Baixa vazao,185,P_2044042,0.0,0.0
Baixa vazao,185,P_2045002,0.0,0.0
Baixa vazao,185,P_2046013,0.0,0.0
Baixa vazao,185,Q_40032000,5.912,-9.49997881247966
Baixa vazao,185,Q_40050000,27.965,0.0
Baixa vazao,185,Q_40060001,3.3428,-39.642367042995346
Baixa vazao,185,Q_40100000,46.5101,-198.9694977194058
Baixa vazao,185,Q_40185000,7.3505,0.0
Baixa vazao,185,Q_40330000,25.7919,-65.71615959654098
Baixa vazao,185,Q_40800001,23.2313,-8.202996494639365
Baixa vazao,185,Q_40850000,28.3803,-60.88651199353767
Baixa vazao,185,Q_40930000,2.1314,-31.006791197209683
Baixa vazao,186,P_1944059,0.0,0.0
Baixa vazao,186,P_1944063,0.0,-9.610043718140473
Baixa vazao,186,P_1945002,0.0,-8.420812839677145
Baixa vazao,186,P_1945008,0.0,-8.195699862712843
Baixa vazao,186,P_1946000,0.0,0.0
Baixa vazao,186,P_2044008,0.0,0.0
Baixa vazao,186,P_2044016,0.0,0.0
Baixa vazao,186,P_2044024,0.0,0.0
Baixa vazao,186,P_2044042,0.0,0.0
Baixa vazao,186,P_2045002,0.0,0.0
Baixa vazao,186,P_2046013,0.0,0.0
Baixa vazao,186,Q_40032000,4.9037,-9.481522491592155
Baixa vazao,186,Q_40050000,21.4869,0.0
Baixa vazao,186,Q_40060001,2.8194,-41.52707673603493
Baixa vazao,186,Q_40100000,31.8273,-215.76321813747302
Baixa vazao,186,Q_40185000,6.6284,0.0
Baixa vazao,186,Q_40330000,22.2264,-68.9698423177054
Baixa vazao,186,Q_40800001,13.9739,-10.08242370583821
Baixa vazao,186,Q_40850000,16.4127,-72.50951888895332
Baixa vazao,186,Q_40930000,1.1547,-32.99472302241541
Baixa vazao,187,P_1944059,0.0,0.0
Baixa vazao,187,P_1944063,0.0,-8.874556141852432
Baixa vazao,187,P_1945002,0.0,-8.817621467119961
Baixa vazao,187,P_1945008,0.0,-7.9173574945868435
Baixa vazao,187,P_1946000,0.0,0.0
Baixa vazao,187,P_2044008,0.0,0.0
Baixa vazao,187,P_2044016,0.0,0.0
Baixa vazao,187,P_2044024,0.0,0.0
Baixa vazao,187,P_2044042,0.0,0.0
Baixa vazao,187,P_2045002,0.0,0.0
Baixa vazao,187,P_2046013,0.0,0.0
Baixa vazao,187,Q_40032000,8.1556,-9.217263251675123
Baixa vazao,187,Q_40050000,37.8496,0.0
Baixa vazao,187,Q_40060001,4.5555,-33.283058627021916
Baixa vazao,187,Q_40100000,62.2166,-179.62441375062926
Baixa vazao,187,Q_40185000,8.9491,0.0
Baixa vazao,187,Q_40330000,31.488,-58.867060940293
Baixa vazao,187,Q_40800001,33.3007,-6.082922085153712
Baixa vazao,187,Q_40850000,43.918,-46.26213343933735
Baixa vazao,187,Q_40930000,3.4672,-27.741093399826365
Baixa vazao,188,P_1944059,0.0,-3.326146862021801
Baixa vazao,188,P_1944063,0.0,-7.972232547831079
Baixa vazao,188,P_1945002,8.4,0.0
Baixa vazao,188,P_1945008,0.0,-6.609423511922144
Baixa vazao,188,P_1946000,0.0,0.0
Baixa vazao,188,P_2044008,0.0,0.0
Baixa vazao,188,P_2044016,0.0,0.0
Baixa vazao,188,P_2044024,0.0,0.0
Baixa vazao,188,P_2044042,0.0,0.0
Baixa vazao,188,P_2045002,0.0,0.0
Baixa vazao,188,P_2046013,0.0,0.0
Baixa vazao,188,Q_40032000,9.0011,-7.50883838133189
Baixa vazao,188,Q_40050000,38.4795,0.0
Baixa vazao,188,Q_40060001,3.4974,-38.1165746538959
Baixa vazao,188,Q_40100000,60.6268,-182.55289007492303
Baixa vazao,188,Q_40185000,5.5598,0.0
Baixa vazao,188,Q_40330000,17.2461,-75.07706530443693
Baixa vazao,188,Q_40800001,29.7587,-5.534556394630381
Baixa vazao,188,Q_40850000,30.5535,-58.4881589293923
Baixa vazao,188,Q_40930000,2.4097,-29.28932892246214
Baixa vazao,189,P_1944059,0.0,0.0
Baixa vazao,189,P_1944063,0.0,-9.529459785456037
Baixa vazao,189,P_1945002,0.0,-8.439790347943728
Baixa vazao,189,P_1945008,0.0,-8.364905728927681
Baixa vazao,189,P_1946000,0.0,0.0
Baixa vazao,189,P_2044008,0.0,0.0
Baixa vazao,189,P_2044016,0.0,0.0
Baixa vazao,189,P_2044024,0.0,0.0
Baixa vazao,189,P_2044042,0.0,0.0
Baixa vazao,189,P_2045002,0.0,0.0
Baixa vazao,189,P_2046013,0.0,0.0
Baixa vazao,189,Q_40032000,8.6413,-8.748776601437449
Baixa vazao,189,Q_40050000,40.8996,0.0
Baixa vazao,189,Q_40060001,6.0668,-26.35705512602361
Baixa vazao,189,Q_40100000,70.5712,-169.29326949652653
Baixa vazao,189,Q_40185000,4.8876,0.0
Baixa vazao,189,Q_40330000,25.3358,-66.37089276719574
Baixa vazao,189,Q_40800001,15.2633,-8.733636135939548
Baixa vazao,189,Q_40850000,20.6731,-67.88760350948678
Baixa vazao,189,Q_40930000,4.104,-27.18094028068781
Baixa vazao,190,P_1944059,48.2,128.00899111435263
Baixa vazao,190,P_1944063,6.0,0.0
Baixa vazao,190,P_1945002,0.0,-5.13440049016782
Baixa vazao,190,P_1945008,0.0,-5.630326120784733
Baixa vazao,190,P_1946000,0.0,0.0
Baixa vazao,190,P_2044008,0.0,0.0
Baixa vazao,190,P_2044016,0.0,0.0
Baixa vazao,190,P_2044024,0.0,0.0
Baixa vazao,190,P_2044042,0.1,0.0
Baixa vazao,190,P_2045002,0.8,0.0
Baixa vazao,190,P_2046013,13.7,0.0
Baixa vazao,190,Q_40032000,6.0782,-5.916801096608051
Baixa vazao,190,Q_40050000,20.4828,0.0
Baixa vazao,190,Q_40060001,3.8938,-32.58497506142115
Baixa vazao,190,Q_40100000,52.119,-180.32545625886132
Baixa vazao,190,Q_40185000,3.631,0.0
Baixa vazao,190,Q_40330000,14.9303,-71.86690470233351
Baixa vazao,190,Q_40800001,15.1439,-8.530685208738962
Baixa vazao,190,Q_40850000,19.7014,-62.45878596981035
Baixa vazao,190,Q_40930000,1.3702,-29.12927083632586
Baixa vazao,191,P_1944059,0.0,0.0
Baixa vazao,191,P_1944063,0.0,-9.056564510293724
Baixa vazao,191,P_1945002,0.0,-8.090952269415002
Baixa vazao,191,P_1945008,0.0,-8.873353700885586
Baixa vazao,191,P_1946000,0.0,0.0
Baixa vazao,191,P_2044008,0.0,0.0
Baixa vazao,191,P_2044016,0.0,0.0
Baixa vazao,191,P_2044024,0.0,0.0
Baixa vazao,191,P_2044042,0.0,0.0
Baixa vazao,191,P_2045002,0.0,0.0
Baixa vazao,191,P_2046013,0.0,0.0
Baixa vazao,191,Q_40032000,5.4994,-9.280207481183428
Baixa vazao,191,Q_40050000,27.2376,0.0
Baixa vazao,191,Q_40060001,3.3428,-39.95346580463977
Baixa vazao,191,Q_40100000,44.4214,-201.4873971834433
Baixa vazao,191,Q_40185000,8.1334,0.0
Baixa vazao,191,Q_40330000,28.1156,-62.92610274295396
Baixa vazao,191,Q_40800001,22.5628,-8.473057068111359
Baixa vazao,191,Q_40850000,27.3117,-61.672872698264314
Baixa vazao,191,Q_40930000,1.8783,-31.552019711547743
Baixa vazao,192,P_1944059,0.0,0.0
Baixa vazao,192,P_1944063,0.0,-10.328703948187252
Baixa vazao,192,P_1945002,0.0,-8.740578091289592
Baixa vazao,192,P_1945008,0.0,-9.31056654634273
Baixa vazao,192,P_1946000,4.3,0.0
Baixa vazao,192,P_2044008,0.0,0.0
Baixa vazao,192,P_2044016,0.0,0.0
Baixa vazao,192,P_2044024,0.0,0.0
Baixa vazao,192,P_2044042,0.0,0.0
Baixa vazao,192,P_2045002,0.0,0.0
Baixa vazao,192,P_2046013,3.2,0.0
Baixa vazao,192,Q_40032000,7.5115,-9.443443108103123
Baixa vazao,192,Q_40050000,32.1416,0.0
Baixa vazao,192,Q_40060001,4.4709,-35.57208380836276
Baixa vazao,192,Q_40100000,47.4535,-198.49763064881643
Baixa vazao,192,Q_40185000,7.7372,0.0
Baixa vazao,192,Q_40330000,12.034,-81.9176642059454
Baixa vazao,192,Q_40800001,14.2439,-10.839347623243366
Baixa vazao,192,Q_40850000,17.8004,-71.54866928996952
Baixa vazao,192,Q_40930000,0.7776,-34.70838256063426
Baixa vazao,193,P_1944059,0.0,0.0
Baixa vazao,193,P_1944063,0.0,-9.657961061250678
Baixa vazao,193,P_1945002,0.0,-8.541655406447958
Baixa vazao,193,P_1945008,0.0,-9.068851967711112
Baixa vazao,193,P_1946000,0.0,0.0
Baixa vazao,193,P_2044008,0.0,0.0
Baixa vazao,193,P_2044016,0.0,0.0
Baixa vazao,193,P_2044024,0.0,0.0
Baixa vazao,193,P_2044042,0.0,0.0
Baixa vazao,193,P_2045002,0.0,0.0
Baixa vazao,193,P_2046013,0.0,0.0
Baixa vazao,193,Q_40032000,7.7843,-9.188240171230396
Baixa vazao,193,Q_40050000,21.3815,0.0
Baixa vazao,193,Q_40060001,2.5334,-42.64195908900418
Baixa vazao,193,Q_40100000,33.3407,-214.37026833471586
Baixa vazao,193,Q_40185000,2.5025,0.0
Baixa vazao,193,Q_40330000,8.7413,-84.40137866387363
Baixa vazao,193,Q_40800001,12.8527,-9.817431270614437
Baixa vazao,193,Q_40850000,17.3341,-70.58952887268178
Baixa vazao,193,Q_40930000,1.2649,-33.02742759224135
Baixa vazao,194,P_1944059,0.0,0.0
Baixa vazao,194,P_1944063,1.2,-5.870547265539585
Baixa vazao,194,P_1945002,0.0,-8.278876938880769
Baixa vazao,194,P_1945008,0.0,-8.652825865255387
Baixa vazao,194,P_1946000,0.0,0.0
Baixa vazao,194,P_2044008,1.2,0.0
Baixa vazao,194,P_2044016,0.0,0.0
Baixa vazao,194,P_2044024,0.0,0.0
Baixa vazao,194,P_2044042,0.6,0.0
Baixa vazao,194,P_2045002,0.0,0.0
Baixa vazao,194,P_2046013,0.0,0.0
Baixa vazao,194,Q_40032000,5.0991,-9.877430893358166
Baixa vazao,194,Q_40050000,20.8349,0.0
Baixa vazao,194,Q_40060001,2.747,-42.423677466554615
Baixa vazao,194,Q_40100000,30.9308,-218.23581527171183
Baixa vazao,194,Q_40185000,5.274,0.0
Baixa vazao,194,Q_40330000,16.4609,-75.45690885872094
Baixa vazao,194,Q_40800001,13.9739,-10.206445279366418
Baixa vazao,194,Q_40850000,14.6153,-74.373619352411
Baixa vazao,194,Q_40930000,5.7909,-23.236126649105444
Baixa vazao,195,P_1944059,0.0,0.0
Baixa vazao,195,P_1944063,0.0,-9.5217592204734
Baixa vazao,195,P_1945002,0.0,-8.887336006026874
Baixa vazao,195,P_1945008,0.0,-8.577320612002763
Baixa vazao,195,P_1946000,0.0,0.0
Baixa vazao,195,P_2044008,0.0,0.0
Baixa vazao,195,P_2044016,0.0,0.0
Baixa vazao,195,P_2044024,0.0,0.0
Baixa vazao,195,P_2044042,0.0,0.0
Baixa vazao,195,P_2045002,0.0,0.0
Baixa vazao,195,P_2046013,0.0,0.0
Baixa vazao,195,Q_40032000,8.2597,-9.054087696002288
Baixa vazao,195,Q_40050000,33.5407,0.0
Baixa vazao,195,Q_40060001,5.608,-28.27210677663378
Baixa vazao,195,Q_40100000,74.3045,-164.42014575795645
Baixa vazao,195,Q_40185000,6.9856,0.0
Baixa vazao,195,Q_40330000,14.1853,-78.75103093054784
Baixa vazao,195,Q_40800001,17.4101,-8.463216316183946
Baixa vazao,195,Q_40850000,28.9191,-60.539556891355964
Baixa vazao,195,Q_40930000,0.7776,-34.18083219451191
Baixa vazao,196,P_1944059,0.0,0.0
Baixa vazao,196,P_1944063,0.0,-9.66867626025181
Baixa vazao,196,P_1945002,0.0,-8.292584373006285
Baixa vazao,196,P_1945008,0.0,-8.382799111828378
Baixa vazao,196,P_1946000,0.0,0.0
Baixa vazao,196,P_2044008,0.0,0.0
Baixa vazao,196,P_2044016,0.0,0.0
Baixa vazao,196,P_2044024,0.0,0.0
Baixa vazao,196,P_2044042,0.0,0.0
Baixa vazao,196,P_2045002,0.0,0.0
Baixa vazao,196,P_2046013,0.0,0.0
Baixa vazao,196,Q_40032000,5.4994,-9.518318569084103
Baixa vazao,196,Q_40050000,27.4792,0.0
Baixa vazao,196,Q_40060001,3.3428,-39.626297500974616
Baixa vazao,196,Q_40100000,44.4214,-201.78002167779755
Baixa vazao,196,Q_40185000,7.3505,0.0
Baixa vazao,196,Q_40330000,25.7919,-65.54987973047461
Baixa vazao,196,Q_40800001,22.5628,-8.462036510539974
Baixa vazao,196,Q_40850000,27.3117,-61.64130889584862
Baixa vazao,196,Q_40930000,2.1314,-30.566217147377582
Baixa vazao,197,P_1944059,0.0,0.0
Baixa vazao,197,P_1944063,0.0,-9.416240385459997
Baixa vazao,197,P_1945002,0.0,-8.842162173901563
Baixa vazao,197,P_1945008,0.0,-7.920132961210243
Baixa vazao,197,P_1946000,0.0,0.0
Baixa vazao,197,P_2044008,0.0,0.0
Baixa vazao,197,P_2044016,0.0,0.0
Baixa vazao,197,P_2044024,0.0,0.0
Baixa vazao,197,P_2044042,0.0,0.0
Baixa vazao,197,P_2045002,0.0,0.0
Baixa vazao,197,P_2046013,0.0,0.0
Baixa vazao,197,Q_40032000,9.0278,-9.0275063819637
Baixa vazao,197,Q_40050000,41.2063,0.0
Baixa vazao,197,Q_40060001,6.0668,-26.54811874639791
Baixa vazao,197,Q_40100000,71.8088,-167.73651901979264
Baixa vazao,197,Q_40185000,4.8876,0.0
Baixa vazao,197,Q_40330000,24.8827,-66.68753190938251
Baixa vazao,197,Q_40800001,15.2633,-8.858184982050552
Baixa vazao,197,Q_40850000,21.164,-67.38536285927964
Baixa vazao,197,Q_40930000,4.4137,-26.150769090654947
Baixa vazao,198,P_1944059,0.0,0.0
Baixa vazao,198,P_1944063,0.0,-9.426021145084189
Baixa vazao,198,P_1945002,0.0,-8.516759571868114
Baixa vazao,198,P_1945008,0.0,-8.533142298658618
Baixa vazao,198,P_1946000,0.0,0.0
Baixa vazao,198,P_2044008,0.0,0.0
Baixa vazao,198,P_2044016,0.0,0.0
Baixa vazao,198,P_2044024,0.0,0.0
Baixa vazao,198,P_2044042,0.0,0.0
Baixa vazao,198,P_2045002,0.0,0.0
Baixa vazao,198,P_2046013,0.0,0.0
Baixa vazao,198,Q_40032000,8.6413,-9.330876473830884
Baixa vazao,198,Q_40050000,40.5937,0.0
Baixa vazao,198,Q_40060001,6.0668,-26.55985353554727
Baixa vazao,198,Q_40100000,66.9,-173.77465354244603
Baixa vazao,198,Q_40185000,4.8876,0.0
Baixa vazao,198,Q_40330000,26.2508,-64.6884725384465
Baixa vazao,198,Q_40800001,14.7491,-8.646852319661848
Baixa vazao,198,Q_40850000,20.6731,-68.0341185780263
Baixa vazao,198,Q_40930000,4.104,-27.264644107109866
Baixa vazao,199,P_1944059,0.0,0.0
Baixa vazao,199,P_1944063,0.0,-9.421504865732357
Baixa vazao,199,P_1945002,0.0,-8.694376828139275
Baixa vazao,199,P_1945008,0.0,-8.576754863601764
Baixa vazao,199,P_1946000,0.0,0.0
Baixa vazao,199,P_2044008,0.0,0.0
Baixa vazao,199,P_2044016,0.0,0.0
Baixa vazao,199,P_2044024,0.0,0.0
Baixa vazao,199,P_2044042,0.0,0.0
Baixa vazao,199,P_2045002,0.0,0.0
Baixa vazao,199,P_2046013,0.0,0.0
Baixa vazao,199,Q_40032000,4.9037,-9.432703018711678
Baixa vazao,199,Q_40050000,21.4869,0.0
Baixa vazao,199,Q_40060001,2.8194,-41.72053923317616
Baixa vazao,199,Q_40100000,30.9308,-217.12876930885142
Baixa vazao,199,Q_40185000,6.6284,0.0
Baixa vazao,199,Q_40330000,22.2264,-68.98680728037608
Baixa vazao,199,Q_40800001,13.9739,-9.974835753246996
Baixa vazao,199,Q_40850000,14.6153,-73.08478607381178
Baixa vazao,199,Q_40930000,1.1547,-33.10659654811799
Baixa vazao,200,P_1944059,0.0,0.0
Baixa vazao,200,P_1944063,2.1,0.0
Baixa vazao,200,P_1945002,27.2,33.37302692581571
Baixa vazao,200,P_1945008,0.0,-7.402710260147806
Baixa vazao,200,P_1946000,0.0,0.0
Baixa vazao,200,P_2044008,0.0,0.0
Baixa vazao,200,P_2044016,0.0,0.0
Baixa vazao,200,P_2044024,0.0,0.0
Baixa vazao,200,P_2044042,3.4,0.0
Baixa vazao,200,P_2045002,12.7,0.0
Baixa vazao,200,P_2046013,30.0,16.77727207818822
Baixa vazao,200,Q_40032000,4.9037,-7.529685329467732
Baixa vazao,200,Q_40050000,20.4048,0.0
Baixa vazao,200,Q_40060001,2.747,-43.6329633535702
Baixa vazao,200,Q_40100000,30.9308,-222.16410094583173
Baixa vazao,200,Q_40185000,5.6024,0.0
Baixa vazao,200,Q_40330000,17.6437,-74.65273072354876
Baixa vazao,200,Q_40800001,13.9739,-10.266206219000528
Baixa vazao,200,Q_40850000,14.1757,-74.94196089056898
Baixa vazao,200,Q_40930000,8.2852,-19.13057770211814
Baixa vazao,201,P_1944059,0.0,0.0
Baixa vazao,201,P_1944063,0.0,-9.567859360442114
Baixa vazao,201,P_1945002,0.0,-8.66788816666732
Baixa vazao,201,P_1945008,0.0,-8.693027081472485
Baixa vazao,201,P_1946000,0.0,0.0
Baixa vazao,201,P_2044008,0.0,0.0
Baixa vazao,201,P_2044016,0.0,0.0
Baixa vazao,201,P_2044024,0.0,0.0
Baixa vazao,201,P_2044042,0.0,0.0
Baixa vazao,201,P_2045002,0.0,0.0
Baixa vazao,201,P_2046013,0.0,0.0
Baixa vazao,201,Q_40032000,8.6394,-9.133586873334934
Baixa vazao,201,Q_40050000,45.0101,0.0
Baixa vazao,201,Q_40060001,5.9741,-26.525971324427644
Baixa vazao,201,Q_40100000,78.4446,-159.06219460786593
Baixa vazao,201,Q_40185000,7.7378,0.0
Baixa vazao,201,Q_40330000,26.7127,-63.84146844315399
Baixa vazao,201,Q_40800001,34.0688,-5.5827095850473825
Baixa vazao,201,Q_40850000,45.1458,-44.48492259928871
Baixa vazao,201,Q_40930000,4.6044,-26.090010758920467
Baixa vazao,202,P_1944059,0.0,0.0
Baixa vazao,202,P_1944063,0.0,-9.579965771042025
Baixa vazao,202,P_1945002,0.0,-8.406383789619042
Baixa vazao,202,P_1945008,0.0,-8.374778747073059
Baixa vazao,202,P_1946000,0.0,0.0
Baixa vazao,202,P_2044008,0.0,0.0
Baixa vazao,202,P_2044016,0.0,0.0
Baixa vazao,202,P_2044024,0.0,0.0
Baixa vazao,202,P_2044042,0.0,0.0
Baixa vazao,202,P_2045002,0.0,0.0
Baixa vazao,202,P_2046013,0.0,0.0
Baixa vazao,202,Q_40032000,8.1296,-8.800655718770013
Baixa vazao,202,Q_40050000,28.8846,0.0
Baixa vazao,202,Q_40060001,3.0402,-40.58177663449303
Baixa vazao,202,Q_40100000,49.768,-194.89852986899587
Baixa vazao,202,Q_40185000,4.5622,0.0
Baixa vazao,202,Q_40330000,11.688,-81.96454562072289
Baixa vazao,202,Q_40800001,18.4132,-8.800157811874303
Baixa vazao,202,Q_40850000,24.6941,-64.5026546981163
Baixa vazao,202,Q_40930000,1.6446,-32.39635621657459
Baixa vazao,203,P_1944059,0.0,0.0
Baixa vazao,203,P_1944063,0.0,-9.258225289417501
Baixa vazao,203,P_1945002,0.0,-8.402162899601251
Baixa vazao,203,P_1945008,0.0,-8.161829044879278
Baixa vazao,203,P_1946000,0.0,0.0
Baixa vazao,203,P_2044008,0.0,0.0
Baixa vazao,203,P_2044016,0.0,0.0
Baixa vazao,203,P_2044024,0.0,0.0
Baixa vazao,203,P_2044042,0.0,0.0
Baixa vazao,203,P_2045002,0.0,0.0
Baixa vazao,203,P_2046013,0.0,0.0
Baixa vazao,203,Q_40032000,6.0782,-9.917501140351757
Baixa vazao,203,Q_40050000,21.1636,0.0
Baixa vazao,203,Q_40060001,4.2205,-35.389081211111176
Baixa vazao,203,Q_40100000,56.9282,-186.0474762689407
Baixa vazao,203,Q_40185000,3.9337,0.0
Baixa vazao,203,Q_40330000,24.8827,-66.55146135725242
Baixa vazao,203,Q_40800001,15.8818,-9.944700786431394
Baixa vazao,203,Q_40850000,18.7438,-70.1599537208709
Baixa vazao,203,Q_40930000,1.1388,-32.74866645432325
Baixa vazao,204,P_1944059,0.0,0.0
Baixa vazao,204,P_1944063,0.0,-9.515310440518034
Baixa vazao,204,P_1945002,0.0,-8.49142585103366
Baixa vazao,204,P_1945008,0.0,-8.348523724654614
Baixa vazao,204,P_1946000,0.0,0.0
Baixa vazao,204,P_2044008,0.0,0.0
Baixa vazao,204,P_2044016,0.0,0.0
Baixa vazao,204,P_2044024,0.0,0.0
Baixa vazao,204,P_2044042,0.0,0.0
Baixa vazao,204,P_2045002,0.0,0.0
Baixa vazao,204,P_2046013,0.0,0.0
Baixa vazao,204,Q_40032000,15.3573,-5.896358640412302
Baixa vazao,204,Q_40050000,54.9279,0.0
Baixa vazao,204,Q_40060001,6.7281,-23.836684124466803
Baixa vazao,204,Q_40100000,97.9464,-134.8096856986638
Baixa vazao,204,Q_40185000,7.7372,0.0
Baixa vazao,204,Q_40330000,13.818,-79.16748790831387
Baixa vazao,204,Q_40800001,28.1449,-6.568837665275082
Baixa vazao,204,Q_40850000,16.8715,-71.6527697190209
Baixa vazao,204,Q_40930000,1.2649,-33.811773778261994
Baixa vazao,205,P_1944059,0.0,0.0
Baixa vazao,205,P_1944063,0.0,-9.36623959122012
Baixa vazao,205,P_1945002,0.0,-8.331665430214315
Baixa vazao,205,P_1945008,0.0,-8.741851095937363
Baixa vazao,205,P_1946000,0.0,0.0
Baixa vazao,205,P_2044008,0.0,0.0
Baixa vazao,205,P_2044016,0.0,0.0
Baixa vazao,205,P_2044024,0.0,0.0
Baixa vazao,205,P_2044042,0.0,0.0
Baixa vazao,205,P_2045002,0.0,0.0
Baixa vazao,205,P_2046013,0.0,0.0
Baixa vazao,205,Q_40032000,7.2226,-9.490541371272464
Baixa vazao,205,Q_40050000,33.8013,0.0
Baixa vazao,205,Q_40060001,3.9747,-36.167382594403996
Baixa vazao,205,Q_40100000,56.392,-187.4291970467034
Baixa vazao,205,Q_40185000,6.6284,0.0
Baixa vazao,205,Q_40330000,22.6616,-68.83287485489451
Baixa vazao,205,Q_40800001,28.8264,-6.981654434648625
Baixa vazao,205,Q_40850000,36.7667,-52.54493429513653
Baixa vazao,205,Q_40930000,2.9201,-29.410064748787384
Baixa vazao,206,P_1944059,0.0,0.0
Baixa vazao,206,P_1944063,0.0,-9.13723917165074
Baixa vazao,206,P_1945002,0.0,-8.8226055780944
Baixa vazao,206,P_1945008,0.0,-8.087174061292258
Baixa vazao,206,P_1946000,0.0,0.0
Baixa vazao,206,P_2044008,0.0,0.0
Baixa vazao,206,P_2044016,0.0,0.0
Baixa vazao,206,P_2044024,0.0,0.0
Baixa vazao,206,P_2044042,0.0,0.0
Baixa vazao,206,P_2045002,0.0,0.0
Baixa vazao,206,P_2046013,0.0,0.0
Baixa vazao,206,Q_40032000,8.1556,-9.2784390912345
Baixa vazao,206,Q_40050000,43.2452,0.0
Baixa vazao,206,Q_40060001,5.3384,-29.25366527322954
Baixa vazao,206,Q_40100000,70.7626,-168.88128070928678
Baixa vazao,206,Q_40185000,7.7378,0.0
Baixa vazao,206,Q_40330000,26.7127,-64.6549843227626
Baixa vazao,206,Q_40800001,34.0688,-5.572474343125066
Baixa vazao,206,Q_40850000,43.918,-45.72440726135943
Baixa vazao,206,Q_40930000,4.8967,-25.273074554991958
Baixa vazao,207,P_1944059,0.0,0.0
Baixa vazao,207,P_1944063,0.0,-9.373496494401893
Baixa vazao,207,P_1945002,0.0,-8.221672879554978
Baixa vazao,207,P_1945008,0.0,-8.484330474729916
Baixa vazao,207,P_1946000,0.0,0.0
Baixa vazao,207,P_2044008,0.0,0.0
Baixa vazao,207,P_2044016,0.0,0.0
Baixa vazao,207,P_2044024,0.0,0.0
Baixa vazao,207,P_2044042,0.0,0.0
Baixa vazao,207,P_2045002,0.0,0.0
Baixa vazao,207,P_2046013,0.0,0.0
Baixa vazao,207,Q_40032000,8.2597,-9.438695349838705
Baixa vazao,207,Q_40050000,38.4795,0.0
Baixa vazao,207,Q_40060001,5.8819,-27.18522655472132
Baixa vazao,207,Q_40100000,66.9,-173.9215108183073
Baixa vazao,207,Q_40185000,4.5622,0.0
Baixa vazao,207,Q_40330000,22.6616,-68.9081282653002
Baixa vazao,207,Q_40800001,14.7491,-9.097712427243055
Baixa vazao,207,Q_40850000,19.2208,-69.85375383593792
Baixa vazao,207,Q_40930000,3.7981,-27.868152777245808
Baixa vazao,208,P_1944059,0.0,0.0
Baixa vazao,208,P_1944063,0.0,-9.2657457154081
Baixa vazao,208,P_1945002,0.0,-8.477102369405879
Baixa vazao,208,P_1945008,0.0,-8.520237294161674
Baixa vazao,208,P_1946000,0.0,0.0
Baixa vazao,208,P_2044008,0.0,0.0
Baixa vazao,208,P_2044016,0.0,0.0
Baixa vazao,208,P_2044024,0.0,0.0
Baixa vazao,208,P_2044042,0.0,0.0
Baixa vazao,208,P_2045002,0.0,0.0
Baixa vazao,208,P_2046013,0.0,0.0
Baixa vazao,208,Q_40032000,8.1296,-8.694784123832612
Baixa vazao,208,Q_40050000,30.4952,0.0
Baixa vazao,208,Q_40060001,3.8134,-37.37696342604948
Baixa vazao,208,Q_40100000,52.119,-192.00284803008134
Baixa vazao,208,Q_40185000,4.8876,0.0
Baixa vazao,208,Q_40330000,12.3837,-81.38848177219111
Baixa vazao,208,Q_40800001,21.0879,-8.295089103521605
Baixa vazao,208,Q_40850000,26.7819,-62.791801495323675
Baixa vazao,208,Q_40930000,1.8894,-31.544585653750925
Baixa vazao,209,P_1944059,0.0,0.0
Baixa vazao,209,P_1944063,0.0,-9.201076555502361
Baixa vazao,209,P_1945002,0.0,-8.562749579918082
Baixa vazao,209,P_1945008,0.0,-8.031327972319957
Baixa vazao,209,P_1946000,0.0,0.0
Baixa vazao,209,P_2044008,0.0,0.0
Baixa vazao,209,P_2044016,0.0,0.0
Baixa vazao,209,P_2044024,0.0,0.0
Baixa vazao,209,P_2044042,0.0,0.0
Baixa vazao,209,P_2045002,0.0,0.0
Baixa vazao,209,P_2046013,0.0,0.0
Baixa vazao,209,Q_40032000,7.7843,-9.241514337524052
Baixa vazao,209,Q_40050000,28.3558,0.0
Baixa vazao,209,Q_40060001,3.0402,-40.493372731217384
Baixa vazao,209,Q_40100000,47.4535,-198.48642241465916
Baixa vazao,209,Q_40185000,4.2442,0.0
Baixa vazao,209,Q_40330000,15.3079,-77.21693269683568
Baixa vazao,209,Q_40800001,17.2046,-9.104422479386788
Baixa vazao,209,Q_40850000,22.1561,-67.12475101838051
Baixa vazao,209,Q_40930000,1.6446,-32.345340804427806
Baixa vazao,210,P_1944059,0.0,0.0
Baixa vazao,210,P_1944063,0.0,-9.181888350764803
Baixa vazao,210,P_1945002,0.0,-8.113959850960816
Baixa vazao,210,P_1945008,0.0,-8.973957632297209
Baixa vazao,210,P_1946000,0.0,0.0
Baixa vazao,210,P_2044008,0.0,0.0
Baixa vazao,210,P_2044016,0.3,0.0
Baixa vazao,210,P_2044024,0.0,0.0
Baixa vazao,210,P_2044042,1.2,0.0
Baixa vazao,210,P_2045002,0.0,0.0
Baixa vazao,210,P_2046013,1.5,0.0
Baixa vazao,210,Q_40032000,6.784,-9.761854316371366
Baixa vazao,210,Q_40050000,23.923,0.0
Baixa vazao,210,Q_40060001,4.5555,-33.86378844271244
Baixa vazao,210,Q_40100000,63.1353,-179.3654946692075
Baixa vazao,210,Q_40185000,4.5622,0.0
Baixa vazao,210,Q_40330000,26.7127,-65.06242124162327
Baixa vazao,210,Q_40800001,23.5685,-7.8796797144632365
Baixa vazao,210,Q_40850000,22.6572,-66.8103158519288
Baixa vazao,210,Q_40930000,1.3702,-33.30562840070169
Baixa vazao,211,P_1944059,0.0,0.0
Baixa vazao,211,P_1944063,0.0,-8.210965701385165
Baixa vazao,211,P_1945002,18.9,33.07056732854244
Baixa vazao,211,P_1945008,0.0,-8.017901036389372
Baixa vazao,211,P_1946000,0.0,0.0
Baixa vazao,211,P_2044008,0.0,0.0
Baixa vazao,211,P_2044016,0.0,0.0
Baixa vazao,211,P_2044024,0.0,0.0
Baixa vazao,211,P_2044042,0.0,0.0
Baixa vazao,211,P_2045002,0.0,0.0
Baixa vazao,211,P_2046013,0.0,0.0
Baixa vazao,211,Q_40032000,7.5115,-8.985761250823463
Baixa vazao,211,Q_40050000,48.5199,0.0
Baixa vazao,211,Q_40060001,4.3034,-36.97560675287383
Baixa vazao,211,Q_40100000,76.8273,-165.13805783539323
Baixa vazao,211,Q_40185000,6.9856,0.0
Baixa vazao,211,Q_40330000,16.4609,-77.58849061035721
Baixa vazao,211,Q_40800001,20.9004,-8.246945382258208
Baixa vazao,211,Q_40850000,15.9576,-75.4359845740985
Baixa vazao,211,Q_40930000,8.7258,-17.296350529529718
Baixa vazao,212,P_1944059,0.0,0.0
Baixa vazao,212,P_1944063,0.0,-9.452143579525565
Baixa vazao,212,P_1945002,0.0,-8.057991999831188
Baixa vazao,212,P_1945008,0.0,-8.2644625741732
Baixa vazao,212,P_1946000,0.0,0.0
Baixa vazao,212,P_2044008,0.0,0.0
Baixa vazao,212,P_2044016,0.0,0.0
Baixa vazao,212,P_2044024,0.0,0.0
Baixa vazao,212,P_2044042,0.0,0.0
Baixa vazao,212,P_2045002,0.0,0.0
Baixa vazao,212,P_2046013,0.0,0.0
Baixa vazao,212,Q_40032000,5.912,-9.751903012126142
Baixa vazao,212,Q_40050000,23.4924,0.0
Baixa vazao,212,Q_40060001,3.1903,-40.30456618257327
Baixa vazao,212,Q_40100000,40.3633,-206.2925536439474
Baixa vazao,212,Q_40185000,7.3505,0.0
Baixa vazao,212,Q_40330000,25.3358,-65.54516670017709
Baixa vazao,212,Q_40800001,20.5999,-9.013155928201224
Baixa vazao,212,Q_40850000,23.6691,-65.70441964513387
Baixa vazao,212,Q_40930000,1.3893,-32.66613045436559
Baixa vazao,213,P_1944059,0.0,0.0
Baixa vazao,213,P_1944063,0.0,-9.005701592009391
Baixa vazao,213,P_1945002,0.0,-8.50290199301727
Baixa vazao,213,P_1945008,0.0,-8.481406869892698
Baixa vazao,213,P_1946000,0.0,0.0
Baixa vazao,213,P_2044008,0.0,0.0
Baixa vazao,213,P_2044016,0.0,0.0
Baixa vazao,213,P_2044024,0.0,0.0
Baixa vazao,213,P_2044042,0.0,0.0
Baixa vazao,213,P_2045002,0.0,0.0
Baixa vazao,213,P_2046013,0.0,0.0
Baixa vazao,213,Q_40032000,8.6394,-9.299432724689618
Baixa vazao,213,Q_40050000,38.1262,0.0
Baixa vazao,213,Q_40060001,5.073,-30.63589571821351
Baixa vazao,213,Q_40100000,67.0446,-173.76084231216547
Baixa vazao,213,Q_40185000,8.9491,0.0
Baixa vazao,213,Q_40330000,31.488,-58.60932679077791
Baixa vazao,213,Q_40800001,32.5389,-5.753754260876065
Baixa vazao,213,Q_40850000,41.4926,-48.35139573663568
Baixa vazao,213,Q_40930000,4.6044,-25.805484098241813
Baixa vazao,214,P_1944059,0.0,0.0
Baixa vazao,214,P_1944063,0.0,-9.517031063449553
Baixa vazao,214,P_1945002,0.0,-8.692886440531877
Baixa vazao,214,P_1945008,0.0,-8.481212312911985
Baixa vazao,214,P_1946000,0.0,0.0
Baixa vazao,214,P_2044008,0.0,0.0
Baixa vazao,214,P_2044016,0.0,0.0
Baixa vazao,214,P_2044024,0.0,0.0
Baixa vazao,214,P_2044042,0.0,0.0
Baixa vazao,214,P_2045002,0.0,0.0
Baixa vazao,214,P_2046013,0.0,0.0
Baixa vazao,214,Q_40032000,8.6394,-9.271483162746089
Baixa vazao,214,Q_40050000,41.223,0.0
Baixa vazao,214,Q_40060001,5.161,-30.535793538544755
Baixa vazao,214,Q_40100000,68.2748,-171.90777353367383
Baixa vazao,214,Q_40185000,7.3505,0.0
Baixa vazao,214,Q_40330000,24.8827,-66.08596737217998
Baixa vazao,214,Q_40800001,31.7835,-5.764659160153144
Baixa vazao,214,Q_40850000,40.8927,-48.97988069005653
Baixa vazao,214,Q_40930000,4.6044,-25.641741809576374
Baixa vazao,215,P_1944059,0.0,0.0
Baixa vazao,215,P_1944063,0.0,-9.396165685665359
Baixa vazao,215,P_1945002,0.0,-8.350380040429023
Baixa vazao,215,P_1945008,0.0,-8.806839118682149
Baixa vazao,215,P_1946000,0.0,0.0
Baixa vazao,215,P_2044008,0.0,0.0
Baixa vazao,215,P_2044016,0.0,0.0
Baixa vazao,215,P_2044024,0.0,0.0
Baixa vazao,215,P_2044042,0.0,0.0
Baixa vazao,215,P_2045002,0.0,0.0
Baixa vazao,215,P_2046013,0.0,0.0
Baixa vazao,215,Q_40032000,5.912,-9.406336325622473
Baixa vazao,215,Q_40050000,23.4924,0.0
Baixa vazao,215,Q_40060001,3.1903,-39.91701154741264
Baixa vazao,215,Q_40100000,40.3633,-206.3929290995893
Baixa vazao,215,Q_40185000,7.3505,0.0
Baixa vazao,215,Q_40330000,25.3358,-65.61397958066742
Baixa vazao,215,Q_40800001,18.0843,-9.057248401673963
Baixa vazao,215,Q_40850000,21.6584,-67.34105500692539
Baixa vazao,215,Q_40930000,1.3893,-32.91826162090638
Baixa vazao,216,P_1944059,0.0,0.0
Baixa vazao,216,P_1944063,0.0,-9.110728034988083
Baixa vazao,216,P_1945002,3.2,0.0
Baixa vazao,216,P_1945008,0.0,-7.968672003059927
Baixa vazao,216,P_1946000,0.0,0.0
Baixa vazao,216,P_2044008,0.0,-4.293780000738934
Baixa vazao,216,P_2044016,0.0,0.0
Baixa vazao,216,P_2044024,0.0,0.0
Baixa vazao,216,P_2044042,0.0,0.0
Baixa vazao,216,P_2045002,0.0,0.0
Baixa vazao,216,P_2046013,0.0,0.0
Baixa vazao,216,Q_40032000,10.6207,-7.784394203370508
Baixa vazao,216,Q_40050000,45.9204,0.0
Baixa vazao,216,Q_40060001,5.8819,-27.385784621083204
Baixa vazao,216,Q_40100000,79.3767,-158.8243702144857
Baixa vazao,216,Q_40185000,5.5598,0.0
Baixa vazao,216,Q_40330000,24.4325,-67.23499425920537
Baixa vazao,216,Q_40800001,16.8599,-7.713775373882819
Baixa vazao,216,Q_40850000,21.6584,-67.81248220385235
Baixa vazao,216,Q_40930000,5.0439,-24.637845385954172
Baixa vazao,217,P_1944059,0.0,0.0
Baixa vazao,217,P_1944063,0.0,-9.156104510628126
Baixa vazao,217,P_1945002,0.0,-8.432208527850852
Baixa vazao,217,P_1945008,0.0,-8.076342867462106
Baixa vazao,217,P_1946000,1.0,0.0
Baixa vazao,217,P_2044008,0.0,-4.593762452880242
Baixa vazao,217,P_2044016,0.7,0.0
Baixa vazao,217,P_2044024,0.0,0.0
Baixa vazao,217,P_2044042,0.3,0.0
Baixa vazao,217,P_2045002,8.6,0.0
Baixa vazao,217,P_2046013,1.1,0.0
Baixa vazao,217,Q_40032000,8.1296,-8.756011790605445
Baixa vazao,217,Q_40050000,31.3139,0.0
Baixa vazao,217,Q_40060001,3.1903,-39.53575567942337
Baixa vazao,217,Q_40100000,54.5059,-189.2114468096814
Baixa vazao,217,Q_40185000,6.2595,0.0
Baixa vazao,217,Q_40330000,18.4484,-74.17250037323682
Baixa vazao,217,Q_40800001,39.3104,0.0
Baixa vazao,217,Q_40850000,47.6312,-42.479166013580425
Baixa vazao,217,Q_40930000,0.9784,-33.49927159900269
Baixa vazao,218,P_1944059,0.0,0.0
Baixa vazao,218,P_1944063,0.0,-9.696898983082537
Baixa vazao,218,P_1945002,0.0,-9.046830710101972
Baixa vazao,218,P_1945008,0.0,-10.386052641470007
Baixa vazao,218,P_1946000,18.0,-15.66816573099042
Baixa vazao,218,P_2044008,0.0,0.0
Baixa vazao,218,P_2044016,1.6,0.0
Baixa vazao,218,P_2044024,0.0,0.0
Baixa vazao,218,P_2044042,0.5,0.0
Baixa vazao,218,P_2045002,0.0,0.0
Baixa vazao,218,P_2046013,0.0,0.0
Baixa vazao,218,Q_40032000,5.4994,0.0
Baixa vazao,218,Q_40050000,21.4869,0.0
Baixa vazao,218,Q_40060001,3.1903,-38.817668814854294
Baixa vazao,218,Q_40100000,30.0449,-215.81763998481335
Baixa vazao,218,Q_40185000,5.274,0.0
Baixa vazao,218,Q_40330000,16.0732,-75.74773483379433
Baixa vazao,218,Q_40800001,17.474,-11.116179658861599
Baixa vazao,218,Q_40850000,24.6941,-64.95059340645263
Baixa vazao,218,Q_40930000,4.8967,-25.749457806951778
Baixa vazao,219,P_1944059,0.0,0.0
Baixa vazao,219,P_1944063,0.0,-9.332734627604891
Baixa vazao,219,P_1945002,0.0,-8.247367088519198
Baixa vazao,219,P_1945008,0.0,-8.612086772942291
Baixa vazao,219,P_1946000,0.0,0.0
Baixa vazao,219,P_2044008,0.0,0.0
Baixa vazao,219,P_2044016,0.0,0.0
Baixa vazao,219,P_2044024,0.0,0.0
Baixa vazao,219,P_2044042,0.0,0.0
Baixa vazao,219,P_2045002,0.0,0.0
Baixa vazao,219,P_2046013,0.0,0.0
Baixa vazao,219,Q_40032000,10.2156,-8.326064667042715
Baixa vazao,219,Q_40050000,46.5647,0.0
Baixa vazao,219,Q_40060001,5.608,-28.673607288236436
Baixa vazao,219,Q_40100000,81.9526,-154.68945732475748
Baixa vazao,219,Q_40185000,5.9063,0.0
Baixa vazao,219,Q_40330000,27.6451,-63.48745353306931
Baixa vazao,219,Q_40800001,17.4101,-7.930417485221838
Baixa vazao,219,Q_40850000,21.6584,-67.48052807351496
Baixa vazao,219,Q_40930000,5.0439,-25.16607977662594
Baixa vazao,220,P_1944059,0.0,0.0
Baixa vazao,220,P_1944063,0.0,-9.402201266440839
Baixa vazao,220,P_1945002,0.0,-8.299912306495736
Baixa vazao,220,P_1945008,0.0,-8.014686080950355
Baixa vazao,220,P_1946000,0.0,0.0
Baixa vazao,220,P_2044008,0.0,0.0
Baixa vazao,220,P_2044016,0.0,0.0
Baixa vazao,220,P_2044024,0.0,0.0
Baixa vazao,220,P_2044042,0.0,0.0
Baixa vazao,220,P_2045002,0.0,0.0
Baixa vazao,220,P_2046013,0.0,0.0
Baixa vazao,220,Q_40032000,9.815,-8.63148479445602
Baixa vazao,220,Q_40050000,43.0667,0.0
Baixa vazao,220,Q_40060001,6.0668,-26.627215474447546
Baixa vazao,220,Q_40100000,74.3045,-164.69919988712283
Baixa vazao,220,Q_40185000,5.2202,0.0
Baixa vazao,220,Q_40330000,24.8827,-66.89112457066021
Baixa vazao,220,Q_40800001,16.3187,-8.243137106352483
Baixa vazao,220,Q_40850000,22.1561,-66.85247641197294
Baixa vazao,220,Q_40930000,4.4137,-26.32607626793295
Baixa vazao,221,P_1944059,0.0,0.0
Baixa vazao,221,P_1944063,0.0,-9.40344584373721
Baixa vazao,221,P_1945002,0.0,-8.88368113483807
Baixa vazao,221,P_1945008,0.0,-8.692273995811858
Baixa vazao,221,P_1946000,0.0,0.0
Baixa vazao,221,P_2044008,0.0,0.0
Baixa vazao,221,P_2044016,0.0,0.0
Baixa vazao,221,P_2044024,0.0,0.0
Baixa vazao,221,P_2044042,0.0,0.0
Baixa vazao,221,P_2045002,0.0,0.0
Baixa vazao,221,P_2046013,0.0,0.0
Baixa vazao,221,Q_40032000,8.2597,-9.017718217662807
Baixa vazao,221,Q_40050000,37.2924,0.0
Baixa vazao,221,Q_40060001,5.6989,-28.091818794928482
Baixa vazao,221,Q_40100000,71.8088,-167.54207503329022
Baixa vazao,221,Q_40185000,4.2442,0.0
Baixa vazao,221,Q_40330000,27.1774,-63.90510408969739
Baixa vazao,221,Q_40800001,14.7491,-8.438515013524889
Baixa vazao,221,Q_40850000,22.1561,-66.88434565273636
Baixa vazao,221,Q_40930000,3.1988,-28.82548158103442
Baixa vazao,222,P_1944059,16.2,0.0
Baixa vazao,222,P_1944063,2.6,0.0
Baixa vazao,222,P_1945002,0.0,0.0
Baixa vazao,222,P_1945008,0.0,-3.9357224434571094
Baixa vazao,222,P_1946000,0.0,0.0
Baixa vazao,222,P_2044008,35.8,31.885112080535958
Baixa vazao,222,P_2044016,33.2,30.596378611795693
Baixa vazao,222,P_2044024,32.0,0.0
Baixa vazao,222,P_2044042,28.5,-12.910734252366376
Baixa vazao,222,P_2045002,18.8,0.0
Baixa vazao,222,P_2046013,20.0,0.0
Baixa vazao,222,Q_40032000,15.8119,0.0
Baixa vazao,222,Q_40050000,48.1917,0.0
Baixa vazao,222,Q_40060001,7.2136,-19.629209355723876
Baixa vazao,222,Q_40100000,92.5145,-139.62779494342058
Baixa vazao,222,Q_40185000,5.9063,0.0
Baixa vazao,222,Q_40330000,10.3405,-80.19452576502303
Baixa vazao,222,Q_40800001,22.7675,-5.454442706669816
Baixa vazao,222,Q_40850000,15.9576,-69.39282662293324
Baixa vazao,222,Q_40930000,1.2649,-30.676486196327378
Baixa vazao,223,P_1944059,0.0,0.0
Baixa vazao,223,P_1944063,0.0,-9.08998227610527
Baixa vazao,223,P_1945002,0.0,-8.208656284920982
Baixa vazao,223,P_1945008,0.0,-8.71052202548691
Baixa vazao,223,P_1946000,0.0,0.0
Baixa vazao,223,P_2044008,0.0,0.0
Baixa vazao,223,P_2044016,0.0,0.0
Baixa vazao,223,P_2044024,0.0,0.0
Baixa vazao,223,P_2044042,0.0,0.0
Baixa vazao,223,P_2045002,0.0,0.0
Baixa vazao,223,P_2046013,0.0,0.0
Baixa vazao,223,Q_40032000,7.2701,-9.134552893043846
Baixa vazao,223,Q_40050000,27.3102,0.0
Baixa vazao,223,Q_40060001,2.747,-42.478538613447355
Baixa vazao,223,Q_40100000,40.7345,-206.19658688520826
Baixa vazao,223,Q_40185000,3.9337,0.0
Baixa vazao,223,Q_40330000,18.4484,-73.77257915415906
Baixa vazao,223,Q_40800001,17.2046,-9.328964885318353
Baixa vazao,223,Q_40850000,23.1615,-65.95016354352539
Baixa vazao,223,Q_40930000,2.0576,-31.228860305811768
Baixa vazao,224,P_1944059,0.0,0.0
Baixa vazao,224,P_1944063,0.249462366,-8.342729474430707
Baixa vazao,224,P_1945002,0.0,-8.585385254357465
Baixa vazao,224,P_1945008,0.0,-8.154701693624602
Baixa vazao,224,P_1946000,0.0,0.0
Baixa vazao,224,P_2044008,0.0,0.0
Baixa vazao,224,P_2044016,0.0,0.0
Baixa vazao,224,P_2044024,0.0,0.0
Baixa vazao,224,P_2044042,0.0,0.0
Baixa vazao,224,P_2045002,0.0,0.0
Baixa vazao,224,P_2046013,0.0,0.0
Baixa vazao,224,Q_40032000,10.2156,-8.291901485915105
Baixa vazao,224,Q_40050000,47.5382,0.0
Baixa vazao,224,Q_40060001,5.6989,-28.24462590883778
Baixa vazao,224,Q_40100000,80.6614,-156.97549973070488
Baixa vazao,224,Q_40185000,5.9063,0.0
Baixa vazao,224,Q_40330000,32.4766,-58.02580996065795
Baixa vazao,224,Q_40800001,17.4101,-8.156089350201773
Baixa vazao,224,Q_40850000,22.1561,-66.75127050325233
Baixa vazao,224,Q_40930000,5.0439,-24.778592601724306
Baixa vazao,225,P_1944059,0.0,0.0
Baixa vazao,225,P_1944063,0.249462366,-8.649446312927527
Baixa vazao,225,P_1945002,0.0,-8.808619661019431
Baixa vazao,225,P_1945008,0.0,-8.730170996804208
Baixa vazao,225,P_1946000,0.0,0.0
Baixa vazao,225,P_2044008,0.0,0.0
Baixa vazao,225,P_2044016,0.0,0.0
Baixa vazao,225,P_2044024,0.0,0.0
Baixa vazao,225,P_2044042,0.0,0.0
Baixa vazao,225,P_2045002,0.0,0.0
Baixa vazao,225,P_2046013,0.0,0.0
Baixa vazao,225,Q_40032000,10.6207,-8.317995923966645
Baixa vazao,225,Q_40050000,53.5517,0.0
Baixa vazao,225,Q_40060001,6.442,-24.67954719188132
Baixa vazao,225,Q_40100000,88.506,-146.62427415528077
Baixa vazao,225,Q_40185000,6.6193,0.0
Baixa vazao,225,Q_40330000,26.2508,-64.9726502515243
Baixa vazao,225,Q_40800001,19.7008,-7.192845423796939
Baixa vazao,225,Q_40850000,23.1615,-65.56457586208467
Baixa vazao,225,Q_40930000,5.3641,-24.540726400241432
Baixa vazao,226,P_1944059,0.0,0.0
Baixa vazao,226,P_1944063,0.0,-9.298232493788486
Baixa vazao,226,P_1945002,0.0,-8.022639017243534
Baixa vazao,226,P_1945008,0.0,-8.575234605342866
Baixa vazao,226,P_1946000,0.0,0.0
Baixa vazao,226,P_2044008,0.0,0.0
Baixa vazao,226,P_2044016,0.0,0.0
Baixa vazao,226,P_2044024,0.0,0.0
Baixa vazao,226,P_2044042,0.0,0.0
Baixa vazao,226,P_2045002,0.0,0.0
Baixa vazao,226,P_2046013,0.0,0.0
Baixa vazao,226,Q_40032000,5.4994,-9.879721701787503
Baixa vazao,226,Q_40050000,26.9969,0.0
Baixa vazao,226,Q_40060001,3.2663,-39.71499689294672
Baixa vazao,226,Q_40100000,44.4214,-201.85083304626755
Baixa vazao,226,Q_40185000,12.0563,0.0
Baixa vazao,226,Q_40330000,43.4998,-44.42641906482237
Baixa vazao,226,Q_40800001,22.5628,-8.261528873238706
Baixa vazao,226,Q_40850000,27.3117,-61.82155415266535
Baixa vazao,226,Q_40930000,1.8783,-31.511003366580447
Baixa vazao,227,P_1944059,0.0,0.0
Baixa vazao,227,P_1944063,0.0,-8.992336598127629
Baixa vazao,227,P_1945002,0.0,-8.66936592667188
Baixa vazao,227,P_1945008,0.0,-8.089902545878317
Baixa vazao,227,P_1946000,0.0,0.0
Baixa vazao,227,P_2044008,0.0,0.0
Baixa vazao,227,P_2044016,0.0,0.0
Baixa vazao,227,P_2044024,0.0,0.0
Baixa vazao,227,P_2044042,0.0,0.0
Baixa vazao,227,P_2045002,0.0,0.0
Baixa vazao,227,P_2046013,0.0,0.0
Baixa vazao,227,Q_40032000,9.815,-8.509243460455773
Baixa vazao,227,Q_40050000,45.5996,0.0
Baixa vazao,227,Q_40060001,5.5177,-29.12757535423237
Baixa vazao,227,Q_40100000,76.8273,-161.29097837961015
Baixa vazao,227,Q_40185000,5.2202,0.0
Baixa vazao,227,Q_40330000,23.5411,-68.27996453021754
Baixa vazao,227,Q_40800001,17.9692,-7.792056865977826
Baixa vazao,227,Q_40850000,20.6731,-68.33907285139043
Baixa vazao,227,Q_40930000,4.727,-26.199996169895037
Baixa vazao,228,P_1944059,0.0,0.0
Baixa vazao,228,P_1944063,0.0,-7.970228963215373
Baixa vazao,228,P_1945002,0.0,-7.248927556525571
Baixa vazao,228,P_1945008,0.0,-8.049737826505908
Baixa vazao,228,P_1946000,0.0,0.0
Baixa vazao,228,P_2044008,0.0,-3.6362010258322357
Baixa vazao,228,P_2044016,0.0,0.0
Baixa vazao,228,P_2044024,0.8,0.0
Baixa vazao,228,P_2044042,0.0,0.0
Baixa vazao,228,P_2045002,5.6,0.0
Baixa vazao,228,P_2046013,6.7,0.0
Baixa vazao,228,Q_40032000,9.1347,-8.256062130848884
Baixa vazao,228,Q_40050000,40.0854,0.0
Baixa vazao,228,Q_40060001,4.8985,-30.40536085657446
Baixa vazao,228,Q_40100000,65.8237,-175.3302525907832
Baixa vazao,228,Q_40185000,10.2333,0.0
Baixa vazao,228,Q_40330000,37.059,-51.83205533723586
Baixa vazao,228,Q_40800001,59.8765,0.0
Baixa vazao,228,Q_40850000,53.3647,-36.364019077577325
Baixa vazao,228,Q_40930000,4.3152,-26.470947488256495
Baixa vazao,229,P_1944059,0.0,0.0
Baixa vazao,229,P_1944063,0.0,-8.940355803987075
Baixa vazao,229,P_1945002,0.0,-7.9907050385473894
Baixa vazao,229,P_1945008,0.0,-7.881448312915935
Baixa vazao,229,P_1946000,0.0,0.0
Baixa vazao,229,P_2044008,6.9,0.0
Baixa vazao,229,P_2044016,0.0,0.0
Baixa vazao,229,P_2044024,0.0,0.0
Baixa vazao,229,P_2044042,0.0,0.0
Baixa vazao,229,P_2045002,1.4,0.0
Baixa vazao,229,P_2046013,0.0,0.0
Baixa vazao,229,Q_40032000,5.7338,-9.09849217882675
Baixa vazao,229,Q_40050000,20.8908,0.0
Baixa vazao,229,Q_40060001,4.138,-35.02359511164783
Baixa vazao,229,Q_40100000,54.5059,-189.49223742434356
Baixa vazao,229,Q_40185000,3.631,0.0
Baixa vazao,229,Q_40330000,24.4325,-66.60495510453866
Baixa vazao,229,Q_40800001,15.8818,-8.599039811799452
Baixa vazao,229,Q_40850000,14.6153,-74.40749479919316
Baixa vazao,229,Q_40930000,1.1388,-32.50230642575872
Baixa vazao,230,P_1944059,0.0,0.0
Baixa vazao,230,P_1944063,0.0,-9.426891151302852
Baixa vazao,230,P_1945002,0.0,-8.520442335007887
Baixa vazao,230,P_1945008,0.0,-8.570507511776016
Baixa vazao,230,P_1946000,0.0,0.0
Baixa vazao,230,P_2044008,0.0,0.0
Baixa vazao,230,P_2044016,0.0,0.0
Baixa vazao,230,P_2044024,0.0,0.0
Baixa vazao,230,P_2044042,0.0,0.0
Baixa vazao,230,P_2045002,0.0,0.0
Baixa vazao,230,P_2046013,0.0,0.0
Baixa vazao,230,Q_40032000,8.1556,-9.194733953406827
Baixa vazao,230,Q_40050000,39.5215,0.0
Baixa vazao,230,Q_40060001,4.6405,-32.79423879942355
Baixa vazao,230,Q_40100000,63.4096,-177.53458799762876
Baixa vazao,230,Q_40185000,9.3692,0.0
Baixa vazao,230,Q_40330000,32.9749,-57.04318268410632
Baixa vazao,230,Q_40800001,34.0688,-5.726567619399873
Baixa vazao,230,Q_40850000,45.1458,-44.72635138098324
Baixa vazao,230,Q_40930000,3.4672,-28.06989903946059
Baixa vazao,231,P_1944059,0.0,0.0
Baixa vazao,231,P_1944063,0.0,-9.441698480147686
Baixa vazao,231,P_1945002,0.0,-8.227876622829598
Baixa vazao,231,P_1945008,0.0,-8.472279187269333
Baixa vazao,231,P_1946000,0.0,0.0
Baixa vazao,231,P_2044008,0.0,0.0
Baixa vazao,231,P_2044016,0.0,0.0
Baixa vazao,231,P_2044024,0.0,0.0
Baixa vazao,231,P_2044042,0.0,0.0
Baixa vazao,231,P_2045002,0.0,0.0
Baixa vazao,231,P_2046013,0.0,0.0
Baixa vazao,231,Q_40032000,6.784,-10.108661588730422
Baixa vazao,231,Q_40050000,24.0624,0.0
Baixa vazao,231,Q_40060001,4.5555,-33.3443497488064
Baixa vazao,231,Q_40100000,64.4022,-176.96722477400453
Baixa vazao,231,Q_40185000,4.5622,0.0
Baixa vazao,231,Q_40330000,26.2508,-64.91171425871255
Baixa vazao,231,Q_40800001,28.4144,-6.707571929799428
Baixa vazao,231,Q_40850000,28.9191,-60.56396684481564
Baixa vazao,231,Q_40930000,1.3702,-32.78917543142339
Baixa vazao,232,P_1944059,0.0,0.0
Baixa vazao,232,P_1944063,14.2,36.80534959833583
Baixa vazao,232,P_1945002,0.0,-6.602217407937387
Baixa vazao,232,P_1945008,4.8,0.0
Baixa vazao,232,P_1946000,0.0,0.0
Baixa vazao,232,P_2044008,0.0,0.0
Baixa vazao,232,P_2044016,0.0,0.0
Baixa vazao,232,P_2044024,0.0,0.0
Baixa vazao,232,P_2044042,0.0,0.0
Baixa vazao,232,P_2045002,0.0,0.0
Baixa vazao,232,P_2046013,0.0,-2.120352515495597
Baixa vazao,232,Q_40032000,6.784,-8.868587085832917
Baixa vazao,232,Q_40050000,23.0893,0.0
Baixa vazao,232,Q_40060001,4.8985,-33.93982757494594
Baixa vazao,232,Q_40100000,54.5059,-194.0425246229963
Baixa vazao,232,Q_40185000,3.9337,0.0
Baixa vazao,232,Q_40330000,15.3079,-79.46623377420876
Baixa vazao,232,Q_40800001,18.8923,-7.766942008049459
Baixa vazao,232,Q_40850000,26.2553,-64.70333038209343
Baixa vazao,232,Q_40930000,2.88,-30.15119556157678
Baixa vazao,233,P_1944059,0.0,0.0
Baixa vazao,233,P_1944063,0.0,-8.953497558484129
Baixa vazao,233,P_1945002,0.0,-8.206871061738925
Baixa vazao,233,P_1945008,0.0,-8.585773197299218
Baixa vazao,233,P_1946000,0.0,0.0
Baixa vazao,233,P_2044008,0.0,0.0
Baixa vazao,233,P_2044016,0.0,0.0
Baixa vazao,233,P_2044024,0.0,0.0
Baixa vazao,233,P_2044042,0.0,0.0
Baixa vazao,233,P_2045002,0.0,0.0
Baixa vazao,233,P_2046013,0.0,0.0
Baixa vazao,233,Q_40032000,7.6833,-9.560451744061577
Baixa vazao,233,Q_40050000,35.1297,0.0
Baixa vazao,233,Q_40060001,4.3034,-34.47541098767581
Baixa vazao,233,Q_40100000,59.8585,-182.7436780549801
Baixa vazao,233,Q_40185000,8.1334,0.0
Baixa vazao,233,Q_40330000,28.1156,-62.96497903809784
Baixa vazao,233,Q_40800001,31.0345,-6.095327664512013
Baixa vazao,233,Q_40850000,39.7006,-49.90638411875694
Baixa vazao,233,Q_40930000,3.1917,-28.862938592787934
Baixa vazao,234,P_1944059,0.0,0.0
Baixa vazao,234,P_1944063,0.0,-9.16061343712763
Baixa vazao,234,P_1945002,0.0,-8.200803714294409
Baixa vazao,234,P_1945008,0.0,-8.228749829841506
Baixa vazao,234,P_1946000,0.0,0.0
Baixa vazao,234,P_2044008,0.0,0.0
Baixa vazao,234,P_2044016,4.6,0.0
Baixa vazao,234,P_2044024,0.5,0.0
Baixa vazao,234,P_2044042,0.0,0.0
Baixa vazao,234,P_2045002,0.6,0.0
Baixa vazao,234,P_2046013,0.0,0.0
Baixa vazao,234,Q_40032000,6.4284,-9.563897778224309
Baixa vazao,234,Q_40050000,23.7837,0.0
Baixa vazao,234,Q_40060001,4.6405,-33.437804357425065
Baixa vazao,234,Q_40100000,60.6268,-182.10430351799994
Baixa vazao,234,Q_40185000,4.8876,0.0
Baixa vazao,234,Q_40330000,24.4325,-67.26799142641431
Baixa vazao,234,Q_40800001,15.1439,-9.015053089619899
Baixa vazao,234,Q_40850000,18.7438,-70.3053172198293
Baixa vazao,234,Q_40930000,1.6083,-32.169532530430565
Baixa vazao,235,P_1944059,0.0,0.0
Baixa vazao,235,P_1944063,0.0,-9.17457864075919
Baixa vazao,235,P_1945002,0.0,-8.669158387941659
Baixa vazao,235,P_1945008,0.0,-8.375175826608293
Baixa vazao,235,P_1946000,0.0,0.0
Baixa vazao,235,P_2044008,0.0,0.0
Baixa vazao,235,P_2044016,0.0,0.0
Baixa vazao,235,P_2044024,0.0,0.0
Baixa vazao,235,P_2044042,0.0,0.0
Baixa vazao,235,P_2045002,0.0,0.0
Baixa vazao,235,P_2046013,0.0,0.0
Baixa vazao,235,Q_40032000,7.1451,-9.380030794861703
Baixa vazao,235,Q_40050000,24.9018,0.0
Baixa vazao,235,Q_40060001,4.5555,-33.38845928514223
Baixa vazao,235,Q_40100000,71.8088,-167.56232667467094
Baixa vazao,235,Q_40185000,5.9063,0.0
Baixa vazao,235,Q_40330000,39.6976,-48.83250017065419
Baixa vazao,235,Q_40800001,23.5685,-7.665237747230037
Baixa vazao,235,Q_40850000,29.4609,-59.66122733402929
Baixa vazao,235,Q_40930000,2.1021,-31.238215667239132
Baixa vazao,236,P_1944059,0.0,0.0
Baixa vazao,236,P_1944063,0.0,-9.606819565646019
Baixa vazao,236,P_1945002,0.0,-8.59032667138996
Baixa vazao,236,P_1945008,0.0,-8.621705511811731
Baixa vazao,236,P_1946000,0.0,0.0
Baixa vazao,236,P_2044008,0.0,0.0
Baixa vazao,236,P_2044016,0.0,0.0
Baixa vazao,236,P_2044024,0.0,0.0
Baixa vazao,236,P_2044042,0.0,0.0
Baixa vazao,236,P_2045002,0.0,0.0
Baixa vazao,236,P_2046013,0.0,0.0
Baixa vazao,236,Q_40032000,8.6413,-9.058968863794206
Baixa vazao,236,Q_40050000,40.8996,0.0
Baixa vazao,236,Q_40060001,6.0668,-26.109515284903527
Baixa vazao,236,Q_40100000,71.8088,-167.60836016501594
Baixa vazao,236,Q_40185000,4.8876,0.0
Baixa vazao,236,Q_40330000,24.4325,-67.01670321601665
Baixa vazao,236,Q_40800001,15.2633,-8.700035998544859
Baixa vazao,236,Q_40850000,20.6731,-68.11318372256883
Baixa vazao,236,Q_40930000,4.4137,-26.25878695180815
Baixa vazao,237,P_1944059,0.0,0.0
Baixa vazao,237,P_1944063,0.0,-9.181809726413995
Baixa vazao,237,P_1945002,0.0,-8.263070331734127
Baixa vazao,237,P_1945008,0.0,-8.777354027950826
Baixa vazao,237,P_1946000,0.0,0.0
Baixa vazao,237,P_2044008,0.0,0.0
Baixa vazao,237,P_2044016,0.0,0.0
Baixa vazao,237,P_2044024,0.0,0.0
Baixa vazao,237,P_2044042,0.0,0.0
Baixa vazao,237,P_2045002,0.0,0.0
Baixa vazao,237,P_2046013,0.0,0.0
Baixa vazao,237,Q_40032000,7.9567,-9.058387160131193
Baixa vazao,237,Q_40050000,28.6197,0.0
Baixa vazao,237,Q_40060001,3.0402,-40.838712281924494
Baixa vazao,237,Q_40100000,48.6062,-196.17048469832983
Baixa vazao,237,Q_40185000,4.5622,0.0
Baixa vazao,237,Q_40330000,11.688,-81.52207837262823
Baixa vazao,237,Q_40800001,17.7625,-9.274454994854368
Baixa vazao,237,Q_40850000,23.6691,-65.54625661258504
Baixa vazao,237,Q_40930000,1.6446,-32.093442794996726
Baixa vazao,238,P_1944059,0.0,0.0
Baixa vazao,238,P_1944063,0.0,-9.821972560388085
Baixa vazao,238,P_1945002,0.0,-8.523610001893074
Baixa vazao,238,P_1945008,0.0,-7.875888306475925
Baixa vazao,238,P_1946000,0.0,0.0
Baixa vazao,238,P_2044008,0.0,0.0
Baixa vazao,238,P_2044016,0.0,0.0
Baixa vazao,238,P_2044024,0.0,0.0
Baixa vazao,238,P_2044042,0.0,0.0
Baixa vazao,238,P_2045002,0.0,0.0
Baixa vazao,238,P_2046013,0.0,0.0
Baixa vazao,238,Q_40032000,7.6833,-9.243456083480918
Baixa vazao,238,Q_40050000,34.8624,0.0
Baixa vazao,238,Q_40060001,4.3034,-34.06943749301902
Baixa vazao,238,Q_40100000,59.8585,-182.81472065690647
Baixa vazao,238,Q_40185000,6.9836,0.0
Baixa vazao,238,Q_40330000,24.4325,-67.05046247177573
Baixa vazao,238,Q_40800001,30.292,-6.48791000885717
Baixa vazao,238,Q_40850000,39.7006,-50.401435038312975
Baixa vazao,238,Q_40930000,2.9201,-29.379491601874946
Baixa vazao,239,P_1944059,0.0,0.0
Baixa vazao,239,P_1944063,0.0,-10.408810118026572
Baixa vazao,239,P_1945002,0.0,-8.45593115873418
Baixa vazao,239,P_1945008,0.0,-8.756629677079388
Baixa vazao,239,P_1946000,0.0,0.0
Baixa vazao,239,P_2044008,0.3,0.0
Baixa vazao,239,P_2044016,0.0,0.0
Baixa vazao,239,P_2044024,0.0,0.0
Baixa vazao,239,P_2044042,2.7,0.0
Baixa vazao,239,P_2045002,0.0,0.0
Baixa vazao,239,P_2046013,0.0,0.0
Baixa vazao,239,Q_40032000,5.7338,-9.39963373392552
Baixa vazao,239,Q_40050000,20.6187,0.0
Baixa vazao,239,Q_40060001,3.9747,-37.08654928603027
Baixa vazao,239,Q_40100000,52.119,-192.28568862189778
Baixa vazao,239,Q_40185000,3.631,0.0
Baixa vazao,239,Q_40330000,14.1853,-79.03633820968001
Baixa vazao,239,Q_40800001,15.8818,-9.920180407719114
Baixa vazao,239,Q_40850000,19.7014,-69.43404723919531
Baixa vazao,239,Q_40930000,1.1388,-33.404465602239135
Baixa vazao,240,P_1944059,0.0,0.0
Baixa vazao,240,P_1944063,0.0,-9.145830622639531
Baixa vazao,240,P_1945002,0.0,-8.658518964298423
Baixa vazao,240,P_1945008,0.0,-8.498785537330807
Baixa vazao,240,P_1946000,0.0,0.0
Baixa vazao,240,P_2044008,0.0,0.0
Baixa vazao,240,P_2044016,0.0,0.0
Baixa vazao,240,P_2044024,0.0,0.0
Baixa vazao,240,P_2044042,0.0,0.0
Baixa vazao,240,P_2045002,0.0,0.0
Baixa vazao,240,P_2046013,0.0,0.0
Baixa vazao,240,Q_40032000,5.7338,-9.648498332371018
Baixa vazao,240,Q_40050000,21.0272,0.0
Baixa vazao,240,Q_40060001,4.138,-36.4160711842065
Baixa vazao,240,Q_40100000,54.5059,-188.8203933565273
Baixa vazao,240,Q_40185000,3.631,0.0
Baixa vazao,240,Q_40330000,24.8827,-66.00157752159824
Baixa vazao,240,Q_40800001,11.5528,-10.089618517598627
Baixa vazao,240,Q_40850000,17.3341,-71.60055683602668
Baixa vazao,240,Q_40930000,1.1388,-32.82555117265284
Baixa vazao,241,P_1944059,0.0,0.0
Baixa vazao,241,P_1944063,0.0,-8.863721619636863
Baixa vazao,241,P_1945002,0.0,-8.660792205278394
Baixa vazao,241,P_1945008,0.0,-8.497713927281795
Baixa vazao,241,P_1946000,0.0,0.0
Baixa vazao,241,P_2044008,0.0,0.0
Baixa vazao,241,P_2044016,0.0,0.0
Baixa vazao,241,P_2044024,0.0,0.0
Baixa vazao,241,P_2044042,0.0,0.0
Baixa vazao,241,P_2045002,0.0,0.0
Baixa vazao,241,P_2046013,0.0,0.0
Baixa vazao,241,Q_40032000,7.8831,-9.346418373794004
Baixa vazao,241,Q_40050000,26.5946,0.0
Baixa vazao,241,Q_40060001,4.8985,-31.892110914636838
Baixa vazao,241,Q_40100000,75.5625,-162.9671238700229
Baixa vazao,241,Q_40185000,5.9063,0.0
Baixa vazao,241,Q_40330000,34.9956,-54.47898656507035
Baixa vazao,241,Q_40800001,32.5681,-5.590657256218947
Baixa vazao,241,Q_40850000,35.0386,-54.41963536650744
Baixa vazao,241,Q_40930000,2.3568,-30.603316104517276
Baixa vazao,242,P_1944059,0.0,0.0
Baixa vazao,242,P_1944063,0.0,-9.298099446696687
Baixa vazao,242,P_1945002,0.0,-8.678618281424127
Baixa vazao,242,P_1945008,0.0,-7.9875739355443605
Baixa vazao,242,P_1946000,0.0,0.0
Baixa vazao,242,P_2044008,0.0,0.0
Baixa vazao,242,P_2044016,0.5,0.0
Baixa vazao,242,P_2044024,0.0,0.0
Baixa vazao,242,P_2044042,0.0,0.0
Baixa vazao,242,P_2045002,0.0,0.0
Baixa vazao,242,P_2046013,0.0,0.0
Baixa vazao,242,Q_40032000,8.1296,-9.267898367534118
Baixa vazao,242,Q_40050000,31.5888,0.0
Baixa vazao,242,Q_40060001,3.0402,-39.927535586014784
Baixa vazao,242,Q_40100000,54.5059,-189.51691482248017
Baixa vazao,242,Q_40185000,6.9856,0.0
Baixa vazao,242,Q_40330000,17.6437,-75.41181276595968
Baixa vazao,242,Q_40800001,32.8495,-6.594850590094154
Baixa vazao,242,Q_40850000,50.1556,-40.139032783997166
Baixa vazao,242,Q_40930000,0.9784,-33.431100133473414
Baixa vazao,243,P_1944059,0.0,0.0
Baixa vazao,243,P_1944063,0.0,-9.477530551386419
Baixa vazao,243,P_1945002,0.0,-8.223278206254172
Baixa vazao,243,P_1945008,0.0,-8.291116305722017
Baixa vazao,243,P_1946000,0.0,0.0
Baixa vazao,243,P_2044008,0.0,0.0
Baixa vazao,243,P_2044016,0.0,0.0
Baixa vazao,243,P_2044024,0.0,0.0
Baixa vazao,243,P_2044042,0.0,0.0
Baixa vazao,243,P_2045002,0.0,0.0
Baixa vazao,243,P_2046013,0.0,0.0
Baixa vazao,243,Q_40032000,5.912,-9.386887087648542
Baixa vazao,243,Q_40050000,23.4924,0.0
Baixa vazao,243,Q_40060001,3.1903,-40.025709543531306
Baixa vazao,243,Q_40100000,41.3628,-205.35192758256272
Baixa vazao,243,Q_40185000,6.6284,0.0
Baixa vazao,243,Q_40330000,21.7942,-70.23425172573015
Baixa vazao,243,Q_40800001,21.2471,-8.351809944246327
Baixa vazao,243,Q_40850000,25.7317,-63.60897790879073
Baixa vazao,243,Q_40930000,1.3893,-32.728080059494715
Baixa vazao,244,P_1944059,18.2,14.583835746706598
Baixa vazao,244,P_1944063,26.2,63.97912297577916
Baixa vazao,244,P_1945002,13.8,14.903300260249862
Baixa vazao,244,P_1945008,33.2,66.74785662658914
Baixa vazao,244,P_1946000,0.0,0.0
Baixa vazao,244,P_2044008,21.1,16.036169710318166
Baixa vazao,244,P_2044016,5.0,0.0
Baixa vazao,244,P_2044024,11.8,0.0
Baixa vazao,244,P_2044042,8.0,0.0
Baixa vazao,244,P_2045002,0.0,0.0
Baixa vazao,244,P_2046013,2.6,0.0
Baixa vazao,244,Q_40032000,23.0583,0.0
Baixa vazao,244,Q_40050000,33.8234,0.0
Baixa vazao,244,Q_40060001,3.1903,-47.14876540754215
Baixa vazao,244,Q_40100000,59.3854,-195.4701548282051
Baixa vazao,244,Q_40185000,10.5553,0.0
Baixa vazao,244,Q_40330000,16.8519,-79.45263396750606
Baixa vazao,244,Q_40800001,32.8495,0.0
Baixa vazao,244,Q_40850000,28.3803,-65.8513892939259
Baixa vazao,244,Q_40930000,6.0141,-25.971533235389366
Baixa vazao,245,P_1944059,0.0,0.0
Baixa vazao,245,P_1944063,0.0,-8.949051952057134
Baixa vazao,245,P_1945002,0.0,-7.965912415954506
Baixa vazao,245,P_1945008,0.0,0.0
Baixa vazao,245,P_1946000,0.0,0.0
Baixa vazao,245,P_2044008,4.5,0.0
Baixa vazao,245,P_2044016,3.1,0.0
Baixa vazao,245,P_2044024,3.5,0.0
Baixa vazao,245,P_2044042,7.5,-8.792709813535764
Baixa vazao,245,P_2045002,0.0,0.0
Baixa vazao,245,P_2046013,0.0,0.0
Baixa vazao,245,Q_40032000,5.0991,-10.218339995823676
Baixa vazao,245,Q_40050000,23.266,0.0
Baixa vazao,245,Q_40060001,2.747,-43.006564467471854
Baixa vazao,245,Q_40100000,30.0449,-219.2700881854276
Baixa vazao,245,Q_40185000,4.9527,0.0
Baixa vazao,245,Q_40330000,15.3079,-77.12103769537187
Baixa vazao,245,Q_40800001,21.2471,-9.172124865550597
Baixa vazao,245,Q_40850000,14.6153,-74.18863222995016
Baixa vazao,245,Q_40930000,5.192,-25.571038843296343
Baixa vazao,246,P_1944059,0.0,0.0
Baixa vazao,246,P_1944063,0.0,-7.01584164900245
Baixa vazao,246,P_1945002,0.0,0.0
Baixa vazao,246,P_1945008,0.0,-6.524014825434028
Baixa vazao,246,P_1946000,0.0,0.0
Baixa vazao,246,P_2044008,10.5,0.0
Baixa vazao,246,P_2044016,0.0,0.0
Baixa vazao,246,P_2044024,15.9,0.0
Baixa vazao,246,P_2044042,20.5,-7.034413759542517
Baixa vazao,246,P_2045002,12.5,0.0
Baixa vazao,246,P_2046013,7.2,0.0
Baixa vazao,246,Q_40032000,13.126,-5.785452604586908
Baixa vazao,246,Q_40050000,38.6818,0.0
Baixa vazao,246,Q_40060001,4.9855,-31.359300471274707
Baixa vazao,246,Q_40100000,65.8237,-174.69002771515375
Baixa vazao,246,Q_40185000,8.9491,0.0
Baixa vazao,246,Q_40330000,32.4766,-57.357823431087816
Baixa vazao,246,Q_40800001,34.8431,-5.812709579763723
Baixa vazao,246,Q_40850000,39.7006,-49.69004289637769
Baixa vazao,246,Q_40930000,4.3152,-24.959708523670834
Baixa vazao,247,P_1944059,0.0,0.0
Baixa vazao,247,P_1944063,0.0,-9.37084080465303
Baixa vazao,247,P_1945002,0.0,-8.22939852141332
Baixa vazao,247,P_1945008,0.0,-8.092203787844312
Baixa vazao,247,P_1946000,0.0,0.0
Baixa vazao,247,P_2044008,0.0,0.0
Baixa vazao,247,P_2044016,0.0,0.0
Baixa vazao,247,P_2044024,0.0,0.0
Baixa vazao,247,P_2044042,0.0,0.0
Baixa vazao,247,P_2045002,0.0,0.0
Baixa vazao,247,P_2046013,0.0,0.0
Baixa vazao,247,Q_40032000,8.6413,-9.219559085659386
Baixa vazao,247,Q_40050000,40.2889,0.0
Baixa vazao,247,Q_40060001,6.0668,-26.41855039638055
Baixa vazao,247,Q_40100000,66.9,-173.98942482761623
Baixa vazao,247,Q_40185000,4.8876,0.0
Baixa vazao,247,Q_40330000,26.2508,-65.21051307488977
Baixa vazao,247,Q_40800001,15.7865,-8.828428576295217
Baixa vazao,247,Q_40850000,20.1855,-68.74893994093412
Baixa vazao,247,Q_40930000,4.104,-26.974381713645982
Baixa vazao,248,P_1944059,0.0,0.0
Baixa vazao,248,P_1944063,0.0,-9.201247398719389
Baixa vazao,248,P_1945002,0.0,-8.58279022508678
Baixa vazao,248,P_1945008,0.0,-8.44453784151476
Baixa vazao,248,P_1946000,0.0,0.0
Baixa vazao,248,P_2044008,0.0,0.0
Baixa vazao,248,P_2044016,0.0,0.0
Baixa vazao,248,P_2044024,0.0,0.0
Baixa vazao,248,P_2044042,0.0,0.0
Baixa vazao,248,P_2045002,0.0,0.0
Baixa vazao,248,P_2046013,0.0,0.0
Baixa vazao,248,Q_40032000,9.815,-8.439547398585546
Baixa vazao,248,Q_40050000,42.4428,0.0
Baixa vazao,248,Q_40060001,6.0668,-26.460835151869077
Baixa vazao,248,Q_40100000,74.3045,-164.98614946409154
Baixa vazao,248,Q_40185000,5.2202,0.0
Baixa vazao,248,Q_40330000,23.0998,-68.85233286625439
Baixa vazao,248,Q_40800001,15.7865,-8.611239541751624
Baixa vazao,248,Q_40850000,21.6584,-67.02062098247733
Baixa vazao,248,Q_40930000,4.4137,-26.087729592868264
Baixa vazao,249,P_1944059,0.0,0.0
Baixa vazao,249,P_1944063,0.0,-9.645014526400397
Baixa vazao,249,P_1945002,0.0,-9.326520173923837
Baixa vazao,249,P_1945008,0.0,-8.62748564077974
Baixa vazao,249,P_1946000,0.0,0.0
Baixa vazao,249,P_2044008,0.0,0.0
Baixa vazao,249,P_2044016,0.0,0.0
Baixa vazao,249,P_2044024,0.0,0.0
Baixa vazao,249,P_2044042,0.0,0.0
Baixa vazao,249,P_2045002,0.0,0.0
Baixa vazao,249,P_2046013,0.0,0.0
Baixa vazao,249,Q_40032000,12.2852,-7.354012977131845
Baixa vazao,249,Q_40050000,66.0751,0.0
Baixa vazao,249,Q_40060001,7.0181,-22.107813720826012
Baixa vazao,249,Q_40100000,106.277,-125.07520203679583
Baixa vazao,249,Q_40185000,8.1222,0.0
Baixa vazao,249,Q_40330000,30.9979,-59.37731687760712
Baixa vazao,249,Q_40800001,22.7675,-7.059245132659658
Baixa vazao,249,Q_40850000,28.9191,-60.26817599168917
Baixa vazao,249,Q_40930000,6.676,-21.410871986479272
Baixa vazao,250,P_1944059,0.0,0.0
Baixa vazao,250,P_1944063,0.0,-9.733336998756672
Baixa vazao,250,P_1945002,0.0,-8.79887694063434
Baixa vazao,250,P_1945008,0.0,-8.047249873577357
Baixa vazao,250,P_1946000,0.0,0.0
Baixa vazao,250,P_2044008,0.0,0.0
Baixa vazao,250,P_2044016,0.0,0.0
Baixa vazao,250,P_2044024,2.0,0.0
Baixa vazao,250,P_2044042,0.9,0.0
Baixa vazao,250,P_2045002,0.0,0.0
Baixa vazao,250,P_2046013,0.0,0.0
Baixa vazao,250,Q_40032000,9.815,-8.807220407398745
Baixa vazao,250,Q_40050000,45.9204,0.0
Baixa vazao,250,Q_40060001,5.5177,-29.0186206083136
Baixa vazao,250,Q_40100000,81.9526,-155.58167215622277
Baixa vazao,250,Q_40185000,5.5598,0.0
Baixa vazao,250,Q_40330000,23.9853,-68.0545366757551
Baixa vazao,250,Q_40800001,17.4101,-8.684255932978411
Baixa vazao,250,Q_40850000,22.6572,-66.48117753323386
Baixa vazao,250,Q_40930000,5.0439,-25.071918358320428
Baixa vazao,251,P_1944059,0.0,0.0
Baixa vazao,251,P_1944063,0.0,-9.565281910723446
Baixa vazao,251,P_1945002,0.0,-8.476658564609625
Baixa vazao,251,P_1945008,0.0,-8.254439688853832
Baixa vazao,251,P_1946000,0.0,0.0
Baixa vazao,251,P_2044008,0.0,0.0
Baixa vazao,251,P_2044016,0.0,0.0
Baixa vazao,251,P_2044024,0.0,0.0
Baixa vazao,251,P_2044042,0.0,0.0
Baixa vazao,251,P_2045002,0.0,0.0
Baixa vazao,251,P_2046013,0.0,0.0
Baixa vazao,251,Q_40032000,8.1556,-9.599820911526693
Baixa vazao,251,Q_40050000,40.3685,0.0
Baixa vazao,251,Q_40060001,4.812,-31.846820739760094
Baixa vazao,251,Q_40100000,64.612,-176.48899164791598
Baixa vazao,251,Q_40185000,9.3692,0.0
Baixa vazao,251,Q_40330000,32.9749,-56.85106915698828
Baixa vazao,251,Q_40800001,36.4106,-4.737581635029301
Baixa vazao,251,Q_40850000,49.5209,-40.60725612745065
Baixa vazao,251,Q_40930000,4.0291,-27.052406894325543
Baixa vazao,252,P_1944059,0.0,0.0
Baixa vazao,252,P_1944063,0.0,-8.931555599334732
Baixa vazao,252,P_1945002,0.0,-8.008485132283747
Baixa vazao,252,P_1945008,0.0,-8.251073481995629
Baixa vazao,252,P_1946000,0.0,0.0
Baixa vazao,252,P_2044008,0.0,0.0
Baixa vazao,252,P_2044016,0.0,0.0
Baixa vazao,252,P_2044024,0.0,0.0
Baixa vazao,252,P_2044042,0.0,0.0
Baixa vazao,252,P_2045002,0.0,0.0
Baixa vazao,252,P_2046013,2.2,0.0
Baixa vazao,252,Q_40032000,15.9442,-4.8536679813432295
Baixa vazao,252,Q_40050000,35.2519,0.0
Baixa vazao,252,Q_40060001,3.1903,-40.322368131770716
Baixa vazao,252,Q_40100000,66.9,-175.25502374594686
Baixa vazao,252,Q_40185000,6.9856,0.0
Baixa vazao,252,Q_40330000,14.1853,-79.91370774296627
Baixa vazao,252,Q_40800001,21.0879,-7.929064589082549
Baixa vazao,252,Q_40850000,28.3803,-61.73542474699824
Baixa vazao,252,Q_40930000,14.5737,-4.555629038059237
Baixa vazao,253,P_1944059,0.0,0.0
Baixa vazao,253,P_1944063,0.0,-9.543036977236817
Baixa vazao,253,P_1945002,0.0,-8.333688598781038
Baixa vazao,253,P_1945008,0.0,-8.240760211682812
Baixa vazao,253,P_1946000,0.0,0.0
Baixa vazao,253,P_2044008,0.0,0.0
Baixa vazao,253,P_2044016,0.0,0.0
Baixa vazao,253,P_2044024,0.0,0.0
Baixa vazao,253,P_2044042,0.0,0.0
Baixa vazao,253,P_2045002,0.0,0.0
Baixa vazao,253,P_2046013,0.0,0.0
Baixa vazao,253,Q_40032000,6.4284,-9.885191495929327
Baixa vazao,253,Q_40050000,23.3666,0.0
Baixa vazao,253,Q_40060001,4.4709,-33.80972494515838
Baixa vazao,253,Q_40100000,66.9,-173.60968214453436
Baixa vazao,253,Q_40185000,4.2442,0.0
Baixa vazao,253,Q_40330000,25.7919,-65.75757835037562
Baixa vazao,253,Q_40800001,18.8923,-8.40425856734987
Baixa vazao,253,Q_40850000,27.3117,-62.484789489452524
Baixa vazao,253,Q_40930000,1.3702,-32.63179319346003
Baixa vazao,254,P_1944059,0.0,0.0
Baixa vazao,254,P_1944063,0.0,-9.374770121690148
Baixa vazao,254,P_1945002,0.0,-8.08370394392294
Baixa vazao,254,P_1945008,0.0,-8.59137243184807
Baixa vazao,254,P_1946000,0.0,0.0
Baixa vazao,254,P_2044008,0.0,0.0
Baixa vazao,254,P_2044016,0.0,0.0
Baixa vazao,254,P_2044024,0.0,0.0
Baixa vazao,254,P_2044042,0.0,0.0
Baixa vazao,254,P_2045002,0.0,0.0
Baixa vazao,254,P_2046013,0.0,0.0
Baixa vazao,254,Q_40032000,7.2226,-9.668364243102758
Baixa vazao,254,Q_40050000,34.5958,0.0
Baixa vazao,254,Q_40060001,4.2205,-34.98285380643818
Baixa vazao,254,Q_40100000,58.6936,-184.06887337129345
Baixa vazao,254,Q_40185000,6.9836,0.0
Baixa vazao,254,Q_40330000,23.9853,-67.62070321600955
Baixa vazao,254,Q_40800001,29.5559,-6.959533125878238
Baixa vazao,254,Q_40850000,37.3481,-51.94281749379354
Baixa vazao,254,Q_40930000,2.9201,-29.37911561353866
Baixa vazao,255,P_1944059,0.0,0.0
Baixa vazao,255,P_1944063,0.0,-8.92202466488358
Baixa vazao,255,P_1945002,0.0,-8.463560315371433
Baixa vazao,255,P_1945008,0.0,-8.38978126553104
Baixa vazao,255,P_1946000,0.0,0.0
Baixa vazao,255,P_2044008,0.0,0.0
Baixa vazao,255,P_2044016,0.0,0.0
Baixa vazao,255,P_2044024,0.0,0.0
Baixa vazao,255,P_2044042,0.0,0.0
Baixa vazao,255,P_2045002,0.0,0.0
Baixa vazao,255,P_2046013,0.0,0.0
Baixa vazao,255,Q_40032000,7.2226,-9.715576236839915
Baixa vazao,255,Q_40050000,34.8624,0.0
Baixa vazao,255,Q_40060001,4.2205,-34.59596304544719
Baixa vazao,255,Q_40100000,58.6936,-184.04878409932653
Baixa vazao,255,Q_40185000,6.9836,0.0
Baixa vazao,255,Q_40330000,23.9853,-68.1768724823191
Baixa vazao,255,Q_40800001,29.5559,-6.96469917716496
Baixa vazao,255,Q_40850000,38.5191,-50.87773944442424
Baixa vazao,255,Q_40930000,2.9201,-29.287110908668485
Baixa vazao,256,P_1944059,0.0,0.0
Baixa vazao,256,P_1944063,0.0,-9.635085962333632
Baixa vazao,256,P_1945002,0.0,-8.386719847870893
Baixa vazao,256,P_1945008,0.0,-8.441890011003505
Baixa vazao,256,P_1946000,0.0,0.0
Baixa vazao,256,P_2044008,0.0,0.0
Baixa vazao,256,P_2044016,0.0,0.0
Baixa vazao,256,P_2044024,0.0,0.0
Baixa vazao,256,P_2044042,0.0,0.0
Baixa vazao,256,P_2045002,0.0,0.0
Baixa vazao,256,P_2046013,0.0,0.0
Baixa vazao,256,Q_40032000,7.7843,-9.11697322627088
Baixa vazao,256,Q_40050000,28.0929,0.0
Baixa vazao,256,Q_40060001,3.0402,-41.06024597238937
Baixa vazao,256,Q_40100000,46.3101,-199.70386810795563
Baixa vazao,256,Q_40185000,4.2442,0.0
Baixa vazao,256,Q_40330000,14.5561,-77.81354599165427
Baixa vazao,256,Q_40800001,17.7625,-9.206668339096241
Baixa vazao,256,Q_40850000,21.6584,-67.18747925602334
Baixa vazao,256,Q_40930000,1.4107,-32.26105292464634
Baixa vazao,257,P_1944059,0.0,0.0
Baixa vazao,257,P_1944063,0.0,-9.302487132443673
Baixa vazao,257,P_1945002,0.0,-8.55493767939413
Baixa vazao,257,P_1945008,0.0,-8.655354752659138
Baixa vazao,257,P_1946000,0.0,0.0
Baixa vazao,257,P_2044008,0.0,0.0
Baixa vazao,257,P_2044016,0.0,0.0
Baixa vazao,257,P_2044024,0.0,0.0
Baixa vazao,257,P_2044042,0.0,0.0
Baixa vazao,257,P_2045002,0.0,0.0
Baixa vazao,257,P_2046013,0.0,0.0
Baixa vazao,257,Q_40032000,7.441,-9.142746927946119
Baixa vazao,257,Q_40050000,26.2808,0.0
Baixa vazao,257,Q_40060001,2.8924,-41.412255285485934
Baixa vazao,257,Q_40100000,42.9361,-202.80626964373369
Baixa vazao,257,Q_40185000,3.631,0.0
Baixa vazao,257,Q_40330000,11.3456,-81.4464739753446
Baixa vazao,257,Q_40800001,15.1975,-9.994305014628127
Baixa vazao,257,Q_40850000,16.4127,-72.23970401605325
Baixa vazao,257,Q_40930000,1.1884,-32.77375046057887
Baixa vazao,258,P_1944059,0.0,0.0
Baixa vazao,258,P_1944063,0.0,-9.253181963626576
Baixa vazao,258,P_1945002,0.0,-8.722789878197384
Baixa vazao,258,P_1945008,0.0,-8.376749700585606
Baixa vazao,258,P_1946000,0.0,0.0
Baixa vazao,258,P_2044008,0.0,0.0
Baixa vazao,258,P_2044016,0.0,0.0
Baixa vazao,258,P_2044024,0.0,0.0
Baixa vazao,258,P_2044042,0.0,0.0
Baixa vazao,258,P_2045002,0.0,0.0
Baixa vazao,258,P_2046013,0.0,0.0
Baixa vazao,258,Q_40032000,7.441,-8.999253055663942
Baixa vazao,258,Q_40050000,26.5367,0.0
Baixa vazao,258,Q_40060001,2.8924,-41.236579650837534
Baixa vazao,258,Q_40100000,42.9361,-203.29094195162372
Baixa vazao,258,Q_40185000,3.631,0.0
Baixa vazao,258,Q_40330000,14.1853,-78.70485093178051
Baixa vazao,258,Q_40800001,15.5952,-9.633160995783301
Baixa vazao,258,Q_40850000,16.8715,-71.72043094171468
Baixa vazao,258,Q_40930000,1.4107,-32.549754387790145
Baixa vazao,259,P_1944059,0.0,0.0
Baixa vazao,259,P_1944063,0.249462366,-8.829038378564
Baixa vazao,259,P_1945002,0.0,-8.473513072604746
Baixa vazao,259,P_1945008,0.0,-8.257405849536436
Baixa vazao,259,P_1946000,0.0,0.0
Baixa vazao,259,P_2044008,0.0,0.0
Baixa vazao,259,P_2044016,0.0,0.0
Baixa vazao,259,P_2044024,0.0,0.0
Baixa vazao,259,P_2044042,0.0,0.0
Baixa vazao,259,P_2045002,0.0,0.0
Baixa vazao,259,P_2046013,0.0,0.0
Baixa vazao,259,Q_40032000,10.6207,-8.138867945144831
Baixa vazao,259,Q_40050000,50.1744,0.0
Baixa vazao,259,Q_40060001,5.7902,-27.383195336603727
Baixa vazao,259,Q_40100000,81.9526,-155.25989527432856
Baixa vazao,259,Q_40185000,6.2595,0.0
Baixa vazao,259,Q_40330000,37.059,-52.44563209287563
Baixa vazao,259,Q_40800001,18.5374,-8.254499481136406
Baixa vazao,259,Q_40850000,22.1561,-66.74499914342638
Baixa vazao,259,Q_40930000,5.0439,-24.65649176253309
Baixa vazao,260,P_1944059,0.0,0.0
Baixa vazao,260,P_1944063,0.0,-8.970265974369486
Baixa vazao,260,P_1945002,0.0,-8.141366544075368
Baixa vazao,260,P_1945008,0.0,-8.445303406795697
Baixa vazao,260,P_1946000,0.0,0.0
Baixa vazao,260,P_2044008,0.0,0.0
Baixa vazao,260,P_2044016,0.0,0.0
Baixa vazao,260,P_2044024,0.0,0.0
Baixa vazao,260,P_2044042,0.0,0.0
Baixa vazao,260,P_2045002,0.0,0.0
Baixa vazao,260,P_2046013,0.0,0.0
Baixa vazao,260,Q_40032000,5.912,-9.496470661118632
Baixa vazao,260,Q_40050000,26.9969,0.0
Baixa vazao,260,Q_40060001,3.2663,-39.5401012705238
Baixa vazao,260,Q_40100000,43.3919,-203.39328360274618
Baixa vazao,260,Q_40185000,7.7378,0.0
Baixa vazao,260,Q_40330000,27.1774,-63.74987483430189
Baixa vazao,260,Q_40800001,21.2471,-8.544840610554152
Baixa vazao,260,Q_40850000,26.7819,-63.067218864727906
Baixa vazao,260,Q_40930000,1.8783,-31.567171271153963
Baixa vazao,261,P_1944059,0.0,0.0
Baixa vazao,261,P_1944063,0.0,-9.365229457460655
Baixa vazao,261,P_1945002,0.0,-8.853832788356891
Baixa vazao,261,P_1945008,0.0,-8.123154396859833
Baixa vazao,261,P_1946000,0.0,0.0
Baixa vazao,261,P_2044008,0.0,0.0
Baixa vazao,261,P_2044016,0.0,0.0
Baixa vazao,261,P_2044024,0.0,0.0
Baixa vazao,261,P_2044042,0.0,0.0
Baixa vazao,261,P_2045002,0.0,0.0
Baixa vazao,261,P_2046013,0.0,0.0
Baixa vazao,261,Q_40032000,7.1451,-9.520011077974107
Baixa vazao,261,Q_40050000,24.0624,0.0
Baixa vazao,261,Q_40060001,4.4709,-34.00745032329539
Baixa vazao,261,Q_40100000,69.3405,-170.9644845972636
Baixa vazao,261,Q_40185000,5.5598,0.0
Baixa vazao,261,Q_40330000,30.9979,-59.10294341218508
Baixa vazao,261,Q_40800001,21.2078,-8.081159489501715
Baixa vazao,261,Q_40850000,26.7819,-62.428993843625676
Baixa vazao,261,Q_40930000,2.1021,-31.260393330113605
Baixa vazao,262,P_1944059,0.0,0.0
Baixa vazao,262,P_1944063,0.0,-9.094496945169423
Baixa vazao,262,P_1945002,0.0,-8.843421821259739
Baixa vazao,262,P_1945008,0.0,-8.913446358063494
Baixa vazao,262,P_1946000,0.0,0.0
Baixa vazao,262,P_2044008,0.0,0.0
Baixa vazao,262,P_2044016,0.6,0.0
Baixa vazao,262,P_2044024,0.0,0.0
Baixa vazao,262,P_2044042,0.0,0.0
Baixa vazao,262,P_2045002,0.0,0.0
Baixa vazao,262,P_2046013,0.0,0.0
Baixa vazao,262,Q_40032000,8.1296,-8.797954478750798
Baixa vazao,262,Q_40050000,32.9781,0.0
Baixa vazao,262,Q_40060001,3.8134,-37.03500513817371
Baixa vazao,262,Q_40100000,54.5059,-189.3914379287358
Baixa vazao,262,Q_40185000,4.8876,0.0
Baixa vazao,262,Q_40330000,13.818,-79.63648312481153
Baixa vazao,262,Q_40800001,24.5869,-7.727675735343212
Baixa vazao,262,Q_40850000,28.9191,-60.301713902062595
Baixa vazao,262,Q_40930000,2.1446,-31.129293956629617
Baixa vazao,263,P_1944059,0.0,0.0
Baixa vazao,263,P_1944063,0.249462366,-9.130422437094953
Baixa vazao,263,P_1945002,0.0,-8.266267863657728
Baixa vazao,263,P_1945008,0.0,-8.318982853456689
Baixa vazao,263,P_1946000,0.0,0.0
Baixa vazao,263,P_2044008,0.0,0.0
Baixa vazao,263,P_2044016,0.0,0.0
Baixa vazao,263,P_2044024,0.0,0.0
Baixa vazao,263,P_2044042,0.0,0.0
Baixa vazao,263,P_2045002,0.0,0.0
Baixa vazao,263,P_2046013,0.0,0.0
Baixa vazao,263,Q_40032000,10.6207,-8.655334163109695
Baixa vazao,263,Q_40050000,51.1781,0.0
Baixa vazao,263,Q_40060001,6.2535,-25.475650130250354
Baixa vazao,263,Q_40100000,85.8653,-150.34438460782408
Baixa vazao,263,Q_40185000,6.2595,0.0
Baixa vazao,263,Q_40330000,28.1156,-62.32876676042373
Baixa vazao,263,Q_40800001,19.1146,-7.822571748196879
Baixa vazao,263,Q_40850000,22.6572,-66.12907111529
Baixa vazao,263,Q_40930000,5.3641,-24.23293565647312
Baixa vazao,264,P_1944059,0.0,0.0
Baixa vazao,264,P_1944063,0.6,-7.50646863955842
Baixa vazao,264,P_1945002,0.0,-8.521905629077526
Baixa vazao,264,P_1945008,0.0,-7.899516090899228
Baixa vazao,264,P_1946000,0.0,0.0
Baixa vazao,264,P_2044008,0.0,0.0
Baixa vazao,264,P_2044016,0.0,0.0
Baixa vazao,264,P_2044024,0.0,0.0
Baixa vazao,264,P_2044042,0.0,0.0
Baixa vazao,264,P_2045002,0.0,0.0
Baixa vazao,264,P_2046013,0.0,0.0
Baixa vazao,264,Q_40032000,8.6413,-9.283164293842782
Baixa vazao,264,Q_40050000,39.3799,0.0
Baixa vazao,264,Q_40060001,5.9741,-26.768575161762673
Baixa vazao,264,Q_40100000,71.8088,-167.96309370610751
Baixa vazao,264,Q_40185000,4.5622,0.0
Baixa vazao,264,Q_40330000,21.7942,-70.16384736769643
Baixa vazao,264,Q_40800001,17.4101,-8.007288602534677
Baixa vazao,264,Q_40850000,19.7014,-69.46793756616377
Baixa vazao,264,Q_40930000,4.104,-27.516297553524875
Baixa vazao,265,P_1944059,9.2,0.0
Baixa vazao,265,P_1944063,0.0,-6.92552537912708
Baixa vazao,265,P_1945002,0.0,-6.137977638734583
Baixa vazao,265,P_1945008,0.0,-6.682301568570003
Baixa vazao,265,P_1946000,3.2,0.0
Baixa vazao,265,P_2044008,6.9,0.0
Baixa vazao,265,P_2044016,0.7,0.0
Baixa vazao,265,P_2044024,0.0,0.0
Baixa vazao,265,P_2044042,0.0,0.0
Baixa vazao,265,P_2045002,1.1,0.0
Baixa vazao,265,P_2046013,8.3,0.0
Baixa vazao,265,Q_40032000,7.441,-7.022393490565606
Baixa vazao,265,Q_40050000,25.7723,0.0
Baixa vazao,265,Q_40060001,3.0402,-39.10009848680473
Baixa vazao,265,Q_40100000,45.176,-201.3204937451958
Baixa vazao,265,Q_40185000,4.2442,0.0
Baixa vazao,265,Q_40330000,12.034,-80.43756460587232
Baixa vazao,265,Q_40800001,19.7364,-7.660420102696288
Baixa vazao,265,Q_40850000,23.6691,-64.79725214816726
Baixa vazao,265,Q_40930000,6.0141,-21.1301486832272
Baixa vazao,266,P_1944059,0.0,0.0
Baixa vazao,266,P_1944063,0.0,-9.383687413158004
Baixa vazao,266,P_1945002,0.0,-8.35291477624997
Baixa vazao,266,P_1945008,0.0,-8.79860922898905
Baixa vazao,266,P_1946000,0.0,0.0
Baixa vazao,266,P_2044008,0.0,0.0
Baixa vazao,266,P_2044016,0.0,0.0
Baixa vazao,266,P_2044024,0.0,0.0
Baixa vazao,266,P_2044042,0.0,0.0
Baixa vazao,266,P_2045002,0.0,0.0
Baixa vazao,266,P_2046013,0.0,0.0
Baixa vazao,266,Q_40032000,8.1296,-9.059687628964483
Baixa vazao,266,Q_40050000,29.6854,0.0
Baixa vazao,266,Q_40060001,3.0402,-39.98038516607638
Baixa vazao,266,Q_40100000,50.939,-193.7804214747957
Baixa vazao,266,Q_40185000,4.5622,0.0
Baixa vazao,266,Q_40330000,12.034,-81.48804714355647
Baixa vazao,266,Q_40800001,19.0712,-8.899552449242622
Baixa vazao,266,Q_40850000,24.6941,-64.64692360896213
Baixa vazao,266,Q_40930000,1.6446,-31.964709288067628
Baixa vazao,267,P_1944059,0.0,0.0
Baixa vazao,267,P_1944063,0.0,-8.80063033333092
Baixa vazao,267,P_1945002,0.0,-8.513386683288063
Baixa vazao,267,P_1945008,0.0,-8.316436195466725
Baixa vazao,267,P_1946000,0.0,0.0
Baixa vazao,267,P_2044008,0.0,0.0
Baixa vazao,267,P_2044016,0.0,0.0
Baixa vazao,267,P_2044024,0.0,0.0
Baixa vazao,267,P_2044042,0.0,0.0
Baixa vazao,267,P_2045002,0.0,0.0
Baixa vazao,267,P_2046013,0.0,0.0
Baixa vazao,267,Q_40032000,6.7738,-9.821048731775194
Baixa vazao,267,Q_40050000,30.1945,0.0
Baixa vazao,267,Q_40060001,3.8134,-36.978470819989404
Baixa vazao,267,Q_40100000,51.9034,-192.52108610394333
Baixa vazao,267,Q_40185000,8.5372,0.0
Baixa vazao,267,Q_40330000,30.9979,-59.76097366721884
Baixa vazao,267,Q_40800001,25.2785,-7.834223203344493
Baixa vazao,267,Q_40850000,33.3355,-56.21973351630082
Baixa vazao,267,Q_40930000,2.6527,-30.168828684146842
Baixa vazao,268,P_1944059,0.0,0.0
Baixa vazao,268,P_1944063,0.0,-7.856118825791613
Baixa vazao,268,P_1945002,9.3,0.0
Baixa vazao,268,P_1945008,0.0,-7.218975043341116
Baixa vazao,268,P_1946000,0.0,0.0
Baixa vazao,268,P_2044008,0.4,-3.0268966173791796
Baixa vazao,268,P_2044016,0.0,0.0
Baixa vazao,268,P_2044024,0.0,0.0
Baixa vazao,268,P_2044042,0.0,0.0
Baixa vazao,268,P_2045002,0.0,0.0
Baixa vazao,268,P_2046013,0.0,0.0
Baixa vazao,268,Q_40032000,9.0278,-7.654807008546144
Baixa vazao,268,Q_40050000,34.1072,0.0
Baixa vazao,268,Q_40060001,4.4709,-33.64431883192887
Baixa vazao,268,Q_40100000,55.7127,-188.60883705815743
Baixa vazao,268,Q_40185000,3.9337,0.0
Baixa vazao,268,Q_40330000,8.7413,-84.29303803706726
Baixa vazao,268,Q_40800001,19.7008,-7.469005765069631
Baixa vazao,268,Q_40850000,17.3341,-70.64621840831391
Baixa vazao,268,Q_40930000,3.4964,-26.18354875434227
Baixa vazao,269,P_1944059,0.0,0.0
Baixa vazao,269,P_1944063,0.0,-9.837492783975296
Baixa vazao,269,P_1945002,0.0,-8.441538272555476
Baixa vazao,269,P_1945008,0.0,-8.162875182961798
Baixa vazao,269,P_1946000,0.0,0.0
Baixa vazao,269,P_2044008,0.0,0.0
Baixa vazao,269,P_2044016,0.0,0.0
Baixa vazao,269,P_2044024,0.0,0.0
Baixa vazao,269,P_2044042,0.0,0.0
Baixa vazao,269,P_2045002,0.0,0.0
Baixa vazao,269,P_2046013,0.0,0.0
Baixa vazao,269,Q_40032000,7.8831,-9.370066369200401
Baixa vazao,269,Q_40050000,31.8647,0.0
Baixa vazao,269,Q_40060001,4.9855,-31.443429304094415
Baixa vazao,269,Q_40100000,68.1168,-172.36462614598895
Baixa vazao,269,Q_40185000,3.3363,0.0
Baixa vazao,269,Q_40330000,11.688,-81.52575936953785
Baixa vazao,269,Q_40800001,12.3126,-9.585017647626424
Baixa vazao,269,Q_40850000,19.2208,-69.70093948673606
Baixa vazao,269,Q_40930000,1.7864,-31.470251720854474
Baixa vazao,270,P_1944059,0.0,0.0
Baixa vazao,270,P_1944063,0.0,-9.398384985263808
Baixa vazao,270,P_1945002,0.0,-8.054438790240756
Baixa vazao,270,P_1945008,0.0,-8.384217995072794
Baixa vazao,270,P_1946000,0.0,0.0
Baixa vazao,270,P_2044008,0.0,0.0
Baixa vazao,270,P_2044016,0.0,0.0
Baixa vazao,270,P_2044024,0.0,0.0
Baixa vazao,270,P_2044042,0.0,0.0
Baixa vazao,270,P_2045002,0.0,0.0
Baixa vazao,270,P_2046013,0.0,0.0
Baixa vazao,270,Q_40032000,7.5115,-9.403936410469612
Baixa vazao,270,Q_40050000,26.7537,0.0
Baixa vazao,270,Q_40060001,5.073,-30.796844089148593
Baixa vazao,270,Q_40100000,78.0987,-159.55182146309187
Baixa vazao,270,Q_40185000,6.2595,0.0
Baixa vazao,270,Q_40330000,38.1066,-50.7362203232336
Baixa vazao,270,Q_40800001,25.166,-7.5328506327862215
Baixa vazao,270,Q_40850000,32.2141,-57.209620315149756
Baixa vazao,270,Q_40930000,2.6162,-30.07867928444527
Baixa vazao,271,P_1944059,0.0,0.0
Baixa vazao,271,P_1944063,0.0,-9.275430373883088
Baixa vazao,271,P_1945002,0.0,-8.378375276819952
Baixa vazao,271,P_1945008,0.0,-7.911539943611403
Baixa vazao,271,P_1946000,0.0,0.0
Baixa vazao,271,P_2044008,0.0,0.0
Baixa vazao,271,P_2044016,0.0,0.0
Baixa vazao,271,P_2044024,0.0,0.0
Baixa vazao,271,P_2044042,0.0,0.0
Baixa vazao,271,P_2045002,0.0,0.0
Baixa vazao,271,P_2046013,0.0,0.0
Baixa vazao,271,Q_40032000,7.8831,-9.272787983659434
Baixa vazao,271,Q_40050000,32.4194,0.0
Baixa vazao,271,Q_40060001,5.073,-31.571813391462385
Baixa vazao,271,Q_40100000,71.8088,-167.72223299813007
Baixa vazao,271,Q_40185000,3.631,0.0
Baixa vazao,271,Q_40330000,9.6892,-84.2597476591745
Baixa vazao,271,Q_40800001,12.3126,-9.439779523010968
Baixa vazao,271,Q_40850000,18.7438,-70.02258072628487
Baixa vazao,271,Q_40930000,2.0576,-31.05512417897888
Baixa vazao,272,P_1944059,0.0,0.0
Baixa vazao,272,P_1944063,0.0,-9.01473367410415
Baixa vazao,272,P_1945002,0.0,-7.60745652510583
Baixa vazao,272,P_1945008,26.8,62.08976554228733
Baixa vazao,272,P_1946000,0.0,0.0
Baixa vazao,272,P_2044008,0.0,0.0
Baixa vazao,272,P_2044016,0.0,0.0
Baixa vazao,272,P_2044024,0.0,0.0
Baixa vazao,272,P_2044042,0.0,0.0
Baixa vazao,272,P_2045002,0.0,0.0
Baixa vazao,272,P_2046013,0.0,0.0
Baixa vazao,272,Q_40032000,6.784,-8.769334047878331
Baixa vazao,272,Q_40050000,21.1636,0.0
Baixa vazao,272,Q_40060001,8.7334,-14.802723388576792
Baixa vazao,272,Q_40100000,52.119,-196.18292720613064
Baixa vazao,272,Q_40185000,3.9337,0.0
Baixa vazao,272,Q_40330000,15.3079,-79.3652651421429
Baixa vazao,272,Q_40800001,23.5685,-8.089411314098468
Baixa vazao,272,Q_40850000,34.4681,-57.13675858811244
Baixa vazao,272,Q_40930000,1.6083,-32.333599632540036
Baixa vazao,273,P_1944059,0.0,0.0
Baixa vazao,273,P_1944063,0.0,-6.274830910049002
Baixa vazao,273,P_1945002,0.0,-4.976526602453077
Baixa vazao,273,P_1945008,23.8,46.39239492649181
Baixa vazao,273,P_1946000,58.2,0.0
Baixa vazao,273,P_2044008,0.0,0.0
Baixa vazao,273,P_2044016,0.0,0.0
Baixa vazao,273,P_2044024,0.0,0.0
Baixa vazao,273,P_2044042,0.0,0.0
Baixa vazao,273,P_2045002,0.0,0.0
Baixa vazao,273,P_2046013,0.0,0.0
Baixa vazao,273,Q_40032000,7.8831,-5.68199604124979
Baixa vazao,273,Q_40050000,30.0812,0.0
Baixa vazao,273,Q_40060001,5.8819,-24.955158448964433
Baixa vazao,273,Q_40100000,54.5059,-178.33740336619888
Baixa vazao,273,Q_40185000,5.2202,0.0
Baixa vazao,273,Q_40330000,18.8556,-69.14834090086157
Baixa vazao,273,Q_40800001,20.4308,-8.17914465654918
Baixa vazao,273,Q_40850000,25.7317,-59.720100850900735
Baixa vazao,273,Q_40930000,3.4196,-25.427162320979914
Baixa vazao,274,P_1944059,3.8,0.0
Baixa vazao,274,P_1944063,7.4,0.0
Baixa vazao,274,P_1945002,0.0,0.0
Baixa vazao,274,P_1945008,0.0,-4.908326880945414
Baixa vazao,274,P_1946000,0.0,0.0
Baixa vazao,274,P_2044008,5.0,0.0
Baixa vazao,274,P_2044016,0.8,0.0
Baixa vazao,274,P_2044024,0.0,0.0
Baixa vazao,274,P_2044042,16.0,-5.136222087722896
Baixa vazao,274,P_2045002,32.9,52.213946412423674
Baixa vazao,274,P_2046013,24.9,0.0
Baixa vazao,274,Q_40032000,6.7606,-4.621003322082686
Baixa vazao,274,Q_40050000,25.2678,0.0
Baixa vazao,274,Q_40060001,2.604,-37.64792685929147
Baixa vazao,274,Q_40100000,39.6483,-198.21287320289105
Baixa vazao,274,Q_40185000,5.5598,0.0
Baixa vazao,274,Q_40330000,13.4541,-72.34059807926629
Baixa vazao,274,Q_40800001,22.4673,-5.370334368362062
Baixa vazao,274,Q_40850000,21.6584,-61.71443592710963
Baixa vazao,274,Q_40930000,1.5219,-30.389022078146617
Baixa vazao,275,P_1944059,0.0,0.0
Baixa vazao,275,P_1944063,0.0,-9.330906259556167
Baixa vazao,275,P_1945002,0.0,-8.268207691459635
Baixa vazao,275,P_1945008,0.0,-8.318053407293123
Baixa vazao,275,P_1946000,0.0,0.0
Baixa vazao,275,P_2044008,0.0,0.0
Baixa vazao,275,P_2044016,0.0,0.0
Baixa vazao,275,P_2044024,0.0,0.0
Baixa vazao,275,P_2044042,0.0,0.0
Baixa vazao,275,P_2045002,0.0,0.0
Baixa vazao,275,P_2046013,1.7,0.0
Baixa vazao,275,Q_40032000,8.6394,-8.763149857251792
Baixa vazao,275,Q_40050000,44.124,0.0
Baixa vazao,275,Q_40060001,5.608,-27.97800079048067
Baixa vazao,275,Q_40100000,72.0203,-167.21381215871128
Baixa vazao,275,Q_40185000,7.7378,0.0
Baixa vazao,275,Q_40330000,27.1774,-63.93453026868511
Baixa vazao,275,Q_40800001,33.3007,-5.596935102792997
Baixa vazao,275,Q_40850000,41.4926,-48.18659363013982
Baixa vazao,275,Q_40930000,5.192,-24.737245044406677
Baixa vazao,276,P_1944059,0.0,0.0
Baixa vazao,276,P_1944063,0.0,-9.396739047349834
Baixa vazao,276,P_1945002,0.0,-8.586390124399145
Baixa vazao,276,P_1945008,0.0,-8.583087897716334
Baixa vazao,276,P_1946000,0.0,0.0
Baixa vazao,276,P_2044008,0.0,0.0
Baixa vazao,276,P_2044016,0.0,0.0
Baixa vazao,276,P_2044024,0.0,0.0
Baixa vazao,276,P_2044042,0.0,0.0
Baixa vazao,276,P_2045002,0.0,0.0
Baixa vazao,276,P_2046013,0.0,0.0
Baixa vazao,276,Q_40032000,5.912,-9.29848709224193
Baixa vazao,276,Q_40050000,23.4924,0.0
Baixa vazao,276,Q_40060001,3.1903,-40.43502416688737
Baixa vazao,276,Q_40100000,41.3628,-205.5324669116496
Baixa vazao,276,Q_40185000,6.2797,0.0
Baixa vazao,276,Q_40330000,20.9391,-70.60378577915122
Baixa vazao,276,Q_40800001,19.96,-8.61016519666643
Baixa vazao,276,Q_40850000,25.7317,-63.57537061967022
Baixa vazao,276,Q_40930000,1.3893,-32.17339326615842
Baixa vazao,277,P_1944059,0.0,0.0
Baixa vazao,277,P_1944063,0.0,-9.152375622057676
Baixa vazao,277,P_1945002,0.0,-8.750998270553175
Baixa vazao,277,P_1945008,0.0,-8.194045581214912
Baixa vazao,277,P_1946000,0.0,0.0
Baixa vazao,277,P_2044008,0.0,0.0
Baixa vazao,277,P_2044016,0.0,0.0
Baixa vazao,277,P_2044024,0.0,0.0
Baixa vazao,277,P_2044042,0.0,0.0
Baixa vazao,277,P_2045002,0.0,0.0
Baixa vazao,277,P_2046013,0.0,0.0
Baixa vazao,277,Q_40032000,8.2597,-9.60856256903755
Baixa vazao,277,Q_40050000,27.2957,0.0
Baixa vazao,277,Q_40060001,5.161,-30.380357768652914
Baixa vazao,277,Q_40100000,80.6614,-156.23516966915955
Baixa vazao,277,Q_40185000,6.6193,0.0
Baixa vazao,277,Q_40330000,38.1066,-50.859110044829336
Baixa vazao,277,Q_40800001,26.7816,-6.827525959871309
Baixa vazao,277,Q_40850000,33.3355,-56.051610483791194
Baixa vazao,277,Q_40930000,2.88,-29.3280877875081
Baixa vazao,278,P_1944059,0.0,0.0
Baixa vazao,278,P_1944063,0.0,-9.676952326795929
Baixa vazao,278,P_1945002,0.0,-8.038058484108948
Baixa vazao,278,P_1945008,0.0,-8.026678048003825
Baixa vazao,278,P_1946000,0.0,0.0
Baixa vazao,278,P_2044008,0.0,0.0
Baixa vazao,278,P_2044016,0.0,0.0
Baixa vazao,278,P_2044024,0.0,0.0
Baixa vazao,278,P_2044042,0.0,0.0
Baixa vazao,278,P_2045002,0.0,0.0
Baixa vazao,278,P_2046013,0.0,0.0
Baixa vazao,278,Q_40032000,8.2597,-9.689483901342562
Baixa vazao,278,Q_40050000,27.1145,0.0
Baixa vazao,278,Q_40060001,5.161,-30.471402756635808
Baixa vazao,278,Q_40100000,80.6614,-156.39133165516117
Baixa vazao,278,Q_40185000,6.6193,0.0
Baixa vazao,278,Q_40330000,37.5815,-51.724904042906395
Baixa vazao,278,Q_40800001,25.9716,-6.968879722214865
Baixa vazao,278,Q_40850000,33.3355,-55.75730137741302
Baixa vazao,278,Q_40930000,2.88,-29.43313464521817
Baixa vazao,279,P_1944059,0.0,0.0
Baixa vazao,279,P_1944063,0.0,-9.206075575098371
Baixa vazao,279,P_1945002,0.0,-8.792293562906464
Baixa vazao,279,P_1945008,0.0,-8.637773377066441
Baixa vazao,279,P_1946000,0.0,0.0
Baixa vazao,279,P_2044008,0.0,0.0
Baixa vazao,279,P_2044016,0.0,0.0
Baixa vazao,279,P_2044024,0.0,0.0
Baixa vazao,279,P_2044042,0.0,0.0
Baixa vazao,279,P_2045002,0.0,0.0
Baixa vazao,279,P_2046013,0.0,0.0
Baixa vazao,279,Q_40032000,6.784,-9.501817308123625
Baixa vazao,279,Q_40050000,23.923,0.0
Baixa vazao,279,Q_40060001,4.3869,-34.207457734966965
Baixa vazao,279,Q_40100000,68.1168,-172.1285788903923
Baixa vazao,279,Q_40185000,5.5598,0.0
Baixa vazao,279,Q_40330000,29.0651,-61.861573824851725
Baixa vazao,279,Q_40800001,21.2078,-8.428067182376253
Baixa vazao,279,Q_40850000,26.2553,-63.06656804892426
Baixa vazao,279,Q_40930000,2.1021,-30.904340827652863
Baixa vazao,280,P_1944059,8.0,0.0
Baixa vazao,280,P_1944063,11.3,18.508209513063775
Baixa vazao,280,P_1945002,9.6,0.0
Baixa vazao,280,P_1945008,0.0,-4.834425448256291
Baixa vazao,280,P_1946000,18.2,-19.008700834227376
Baixa vazao,280,P_2044008,3.0,0.0
Baixa vazao,280,P_2044016,15.0,0.0
Baixa vazao,280,P_2044024,16.5,0.0
Baixa vazao,280,P_2044042,2.3,0.0
Baixa vazao,280,P_2045002,21.4,0.0
Baixa vazao,280,P_2046013,26.0,0.0
Baixa vazao,280,Q_40032000,7.1451,-3.714579382482248
Baixa vazao,280,Q_40050000,23.0893,0.0
Baixa vazao,280,Q_40060001,6.7281,-21.592231802032714
Baixa vazao,280,Q_40100000,54.5059,-188.51245579811342
Baixa vazao,280,Q_40185000,4.2442,0.0
Baixa vazao,280,Q_40330000,16.4609,-72.82235208315049
Baixa vazao,280,Q_40800001,26.7816,-4.120383976726916
Baixa vazao,280,Q_40850000,22.6572,-63.52240161716065
Baixa vazao,280,Q_40930000,3.1479,-26.375745838331465
Baixa vazao,281,P_1944059,0.0,0.0
Baixa vazao,281,P_1944063,0.0,-9.17150499513203
Baixa vazao,281,P_1945002,0.0,-8.162966721757028
Baixa vazao,281,P_1945008,0.0,-8.090291810378687
Baixa vazao,281,P_1946000,0.0,0.0
Baixa vazao,281,P_2044008,0.0,0.0
Baixa vazao,281,P_2044016,0.0,0.0
Baixa vazao,281,P_2044024,0.0,0.0
Baixa vazao,281,P_2044042,0.0,0.0
Baixa vazao,281,P_2045002,0.0,0.0
Baixa vazao,281,P_2046013,3.3,0.0
Baixa vazao,281,Q_40032000,7.8831,-9.036609973165586
Baixa vazao,281,Q_40050000,35.5405,0.0
Baixa vazao,281,Q_40060001,5.5177,-29.129368768113196
Baixa vazao,281,Q_40100000,74.3045,-165.01261200292592
Baixa vazao,281,Q_40185000,5.9063,0.0
Baixa vazao,281,Q_40330000,14.1853,-79.05544044224476
Baixa vazao,281,Q_40800001,22.136,-7.4215829645145694
Baixa vazao,281,Q_40850000,32.7733,-56.611500141555574
Baixa vazao,281,Q_40930000,8.0325,-18.5632297308337
Baixa vazao,282,P_1944059,0.0,0.0
Baixa vazao,282,P_1944063,0.0,-9.59206560006927
Baixa vazao,282,P_1945002,0.0,-8.203741712044435
Baixa vazao,282,P_1945008,0.0,-8.39882219867287
Baixa vazao,282,P_1946000,0.0,0.0
Baixa vazao,282,P_2044008,0.0,0.0
Baixa vazao,282,P_2044016,0.0,0.0
Baixa vazao,282,P_2044024,0.0,0.0
Baixa vazao,282,P_2044042,0.0,0.0
Baixa vazao,282,P_2045002,0.0,0.0
Baixa vazao,282,P_2046013,0.0,0.0
Baixa vazao,282,Q_40032000,7.6833,-9.319750250996325
Baixa vazao,282,Q_40050000,34.8624,0.0
Baixa vazao,282,Q_40060001,4.3034,-34.18341771250308
Baixa vazao,282,Q_40100000,59.8585,-182.66528245661968
Baixa vazao,282,Q_40185000,6.9836,0.0
Baixa vazao,282,Q_40330000,23.9853,-67.63190304999414
Baixa vazao,282,Q_40800001,30.292,-6.613440580327904
Baixa vazao,282,Q_40850000,38.5191,-51.341159917395906
Baixa vazao,282,Q_40930000,2.9201,-29.48038216525919
Baixa vazao,283,P_1944059,0.0,0.0
Baixa vazao,283,P_1944063,0.0,-9.317043397209574
Baixa vazao,283,P_1945002,0.0,-8.118580559721934
Baixa vazao,283,P_1945008,0.0,-8.657891925421945
Baixa vazao,283,P_1946000,0.0,0.0
Baixa vazao,283,P_2044008,0.0,0.0
Baixa vazao,283,P_2044016,0.0,0.0
Baixa vazao,283,P_2044024,0.0,0.0
Baixa vazao,283,P_2044042,0.0,0.0
Baixa vazao,283,P_2045002,0.0,0.0
Baixa vazao,283,P_2046013,0.0,0.0
Baixa vazao,283,Q_40032000,6.3369,-9.403892402564829
Baixa vazao,283,Q_40050000,28.9472,0.0
Baixa vazao,283,Q_40060001,3.4198,-38.83470948403234
Baixa vazao,283,Q_40100000,47.5692,-198.10961126254296
Baixa vazao,283,Q_40185000,6.6284,0.0
Baixa vazao,283,Q_40330000,23.0998,-68.9656842683774
Baixa vazao,283,Q_40800001,23.2313,-8.069190801854745
Baixa vazao,283,Q_40850000,30.5535,-59.19491257393201
Baixa vazao,283,Q_40930000,2.6527,-29.863017449670295
Baixa vazao,284,P_1944059,0.0,0.0
Baixa vazao,284,P_1944063,0.249462366,-8.540234746140822
Baixa vazao,284,P_1945002,0.0,-8.255261621752174
Baixa vazao,284,P_1945008,0.0,-7.940237209105248
Baixa vazao,284,P_1946000,0.0,0.0
Baixa vazao,284,P_2044008,0.0,0.0
Baixa vazao,284,P_2044016,0.0,0.0
Baixa vazao,284,P_2044024,0.0,0.0
Baixa vazao,284,P_2044042,0.0,0.0
Baixa vazao,284,P_2045002,0.0,0.0
Baixa vazao,284,P_2046013,0.0,0.0
Baixa vazao,284,Q_40032000,10.2156,-8.304115440466038
Baixa vazao,284,Q_40050000,47.2128,0.0
Baixa vazao,284,Q_40060001,5.6989,-28.45037580320783
Baixa vazao,284,Q_40100000,79.3767,-158.5620801697181
Baixa vazao,284,Q_40185000,5.9063,0.0
Baixa vazao,284,Q_40330000,31.9809,-58.52528213217449
Baixa vazao,284,Q_40800001,17.4101,-8.408850111799948
Baixa vazao,284,Q_40850000,22.1561,-66.50817833480279
Baixa vazao,284,Q_40930000,5.0439,-25.011712684578576
Baixa vazao,285,P_1944059,0.0,0.0
Baixa vazao,285,P_1944063,0.0,-9.355044087900579
Baixa vazao,285,P_1945002,0.0,-8.36486830360813
Baixa vazao,285,P_1945008,0.0,-8.473367113432744
Baixa vazao,285,P_1946000,0.0,0.0
Baixa vazao,285,P_2044008,0.0,0.0
Baixa vazao,285,P_2044016,0.0,0.0
Baixa vazao,285,P_2044024,0.0,0.0
Baixa vazao,285,P_2044042,0.0,0.0
Baixa vazao,285,P_2045002,0.0,0.0
Baixa vazao,285,P_2046013,0.0,0.0
Baixa vazao,285,Q_40032000,7.5115,-9.546694854382851
Baixa vazao,285,Q_40050000,34.1072,0.0
Baixa vazao,285,Q_40060001,5.2495,-30.18331837100503
Baixa vazao,285,Q_40100000,69.3405,-170.60708507356827
Baixa vazao,285,Q_40185000,3.9337,0.0
Baixa vazao,285,Q_40330000,19.6796,-72.89197726571
Baixa vazao,285,Q_40800001,12.782,-9.324872408004751
Baixa vazao,285,Q_40850000,20.1855,-68.43375949891447
Baixa vazao,285,Q_40930000,2.3349,-31.108857207394898
Baixa vazao,286,P_1944059,0.0,0.0
Baixa vazao,286,P_1944063,0.0,-8.852211934589686
Baixa vazao,286,P_1945002,0.0,-8.373932030259539
Baixa vazao,286,P_1945008,0.0,-8.698292574286958
Baixa vazao,286,P_1946000,0.0,0.0
Baixa vazao,286,P_2044008,0.0,0.0
Baixa vazao,286,P_2044016,0.0,0.0
Baixa vazao,286,P_2044024,0.0,0.0
Baixa vazao,286,P_2044042,0.0,0.0
Baixa vazao,286,P_2045002,0.0,0.0
Baixa vazao,286,P_2046013,0.0,0.0
Baixa vazao,286,Q_40032000,7.1451,-9.681538262474488
Baixa vazao,286,Q_40050000,24.202,0.0
Baixa vazao,286,Q_40060001,4.5555,-33.50228974385814
Baixa vazao,286,Q_40100000,69.3405,-170.8187975974745
Baixa vazao,286,Q_40185000,5.9063,0.0
Baixa vazao,286,Q_40330000,32.4766,-57.817840151796986
Baixa vazao,286,Q_40800001,21.2078,-8.143014723247665
Baixa vazao,286,Q_40850000,27.8445,-61.512966913760955
Baixa vazao,286,Q_40930000,2.1021,-30.872587571508937
Baixa vazao,287,P_1944059,0.0,0.0
Baixa vazao,287,P_1944063,0.0,-9.47600158897959
Baixa vazao,287,P_1945002,0.0,-8.082200502287565
Baixa vazao,287,P_1945008,0.0,-8.395195428378202
Baixa vazao,287,P_1946000,0.0,0.0
Baixa vazao,287,P_2044008,0.0,0.0
Baixa vazao,287,P_2044016,0.0,0.0
Baixa vazao,287,P_2044024,0.0,0.0
Baixa vazao,287,P_2044042,0.0,0.0
Baixa vazao,287,P_2045002,0.0,0.0
Baixa vazao,287,P_2046013,0.0,0.0
Baixa vazao,287,Q_40032000,8.1296,-9.389076334396286
Baixa vazao,287,Q_40050000,28.8846,0.0
Baixa vazao,287,Q_40060001,3.0402,-40.621796345469214
Baixa vazao,287,Q_40100000,48.6062,-196.21674553372995
Baixa vazao,287,Q_40185000,4.5622,0.0
Baixa vazao,287,Q_40330000,11.688,-81.90257418567398
Baixa vazao,287,Q_40800001,17.7625,-9.241845712987695
Baixa vazao,287,Q_40850000,23.6691,-65.25562379361847
Baixa vazao,287,Q_40930000,1.6446,-32.18681210215077
Baixa vazao,288,P_1944059,0.0,0.0
Baixa vazao,288,P_1944063,0.0,-9.049541879653546
Baixa vazao,288,P_1945002,0.0,-8.825672748882495
Baixa vazao,288,P_1945008,0.0,-8.03071521736905
Baixa vazao,288,P_1946000,0.0,0.0
Baixa vazao,288,P_2044008,0.0,0.0
Baixa vazao,288,P_2044016,0.0,0.0
Baixa vazao,288,P_2044024,0.0,0.0
Baixa vazao,288,P_2044042,0.0,0.0
Baixa vazao,288,P_2045002,0.0,0.0
Baixa vazao,288,P_2046013,0.0,0.0
Baixa vazao,288,Q_40032000,9.815,-8.776683806451421
Baixa vazao,288,Q_40050000,41.514,0.0
Baixa vazao,288,Q_40060001,6.0668,-26.64743985084088
Baixa vazao,288,Q_40100000,71.8088,-168.11141660836867
Baixa vazao,288,Q_40185000,4.8876,0.0
Baixa vazao,288,Q_40330000,23.9853,-67.2729587285128
Baixa vazao,288,Q_40800001,15.2633,-8.714094431302025
Baixa vazao,288,Q_40850000,21.164,-67.85527776853334
Baixa vazao,288,Q_40930000,4.4137,-26.164795585413728
Baixa vazao,289,P_1944059,0.0,0.0
Baixa vazao,289,P_1944063,0.0,-9.36507861568666
Baixa vazao,289,P_1945002,0.0,-8.520688369634456
Baixa vazao,289,P_1945008,0.0,-8.379643552336242
Baixa vazao,289,P_1946000,0.0,0.0
Baixa vazao,289,P_2044008,0.0,0.0
Baixa vazao,289,P_2044016,0.0,0.0
Baixa vazao,289,P_2044024,0.0,0.0
Baixa vazao,289,P_2044042,0.0,0.0
Baixa vazao,289,P_2045002,0.0,0.0
Baixa vazao,289,P_2046013,0.0,0.0
Baixa vazao,289,Q_40032000,6.3369,-9.372646230058663
Baixa vazao,289,Q_40050000,29.4435,0.0
Baixa vazao,289,Q_40060001,3.4974,-38.567838970283056
Baixa vazao,289,Q_40100000,48.6382,-196.94139046916698
Baixa vazao,289,Q_40185000,7.3505,0.0
Baixa vazao,289,Q_40330000,25.7919,-65.8369399043566
Baixa vazao,289,Q_40800001,23.2313,-8.088158726555136
Baixa vazao,289,Q_40850000,28.3803,-60.704492969835194
Baixa vazao,289,Q_40930000,2.6527,-30.007000189485407
Baixa vazao,290,P_1944059,0.0,-1.47010178575988
Baixa vazao,290,P_1944063,8.5,0.0
Baixa vazao,290,P_1945002,0.0,-6.103008991724157
Baixa vazao,290,P_1945008,0.0,-5.454213867811283
Baixa vazao,290,P_1946000,0.0,0.0
Baixa vazao,290,P_2044008,2.0,0.0
Baixa vazao,290,P_2044016,0.0,0.0
Baixa vazao,290,P_2044024,4.5,0.0
Baixa vazao,290,P_2044042,0.7,0.0
Baixa vazao,290,P_2045002,0.0,0.0
Baixa vazao,290,P_2046013,0.0,0.0
Baixa vazao,290,Q_40032000,7.5115,-6.098383702522022
Baixa vazao,290,Q_40050000,26.3112,0.0
Baixa vazao,290,Q_40060001,4.8985,-30.957503058787353
Baixa vazao,290,Q_40100000,75.5625,-164.29382805073348
Baixa vazao,290,Q_40185000,6.2595,0.0
Baixa vazao,290,Q_40330000,36.022,-52.556070881506
Baixa vazao,290,Q_40800001,27.5959,-5.314373671708375
Baixa vazao,290,Q_40850000,39.7006,-49.28151669344538
Baixa vazao,290,Q_40930000,2.3568,-29.239931309513683
Baixa vazao,291,P_1944059,0.0,0.0
Baixa vazao,291,P_1944063,0.0,-9.350298428735842
Baixa vazao,291,P_1945002,0.0,-8.314611924548323
Baixa vazao,291,P_1945008,0.0,-8.573864345291101
Baixa vazao,291,P_1946000,0.0,0.0
Baixa vazao,291,P_2044008,0.0,0.0
Baixa vazao,291,P_2044016,0.0,0.0
Baixa vazao,291,P_2044024,0.0,0.0
Baixa vazao,291,P_2044042,0.0,0.0
Baixa vazao,291,P_2045002,0.0,0.0
Baixa vazao,291,P_2046013,0.0,0.0
Baixa vazao,291,Q_40032000,7.6833,-9.44961646779275
Baixa vazao,291,Q_40050000,35.1297,0.0
Baixa vazao,291,Q_40060001,4.3869,-34.04652320574763
Baixa vazao,291,Q_40100000,59.8585,-182.44281331677632
Baixa vazao,291,Q_40185000,8.9491,0.0
Baixa vazao,291,Q_40330000,31.488,-58.30736934078122
Baixa vazao,291,Q_40800001,31.0345,-6.417722353865599
Baixa vazao,291,Q_40850000,40.8927,-48.606716996411365
Baixa vazao,291,Q_40930000,3.1917,-28.992336307389593
Baixa vazao,292,P_1944059,0.0,0.0
Baixa vazao,292,P_1944063,0.0,-9.094891119239756
Baixa vazao,292,P_1945002,0.0,-8.424500095617661
Baixa vazao,292,P_1945008,0.0,-8.546147236414308
Baixa vazao,292,P_1946000,0.0,0.0
Baixa vazao,292,P_2044008,0.0,0.0
Baixa vazao,292,P_2044016,0.0,0.0
Baixa vazao,292,P_2044024,0.0,0.0
Baixa vazao,292,P_2044042,0.0,0.0
Baixa vazao,292,P_2045002,0.0,0.0
Baixa vazao,292,P_2046013,0.0,0.0
Baixa vazao,292,Q_40032000,7.5115,-9.492406636662272
Baixa vazao,292,Q_40050000,27.1145,0.0
Baixa vazao,292,Q_40060001,5.073,-30.841983195841557
Baixa vazao,292,Q_40100000,79.3767,-157.7960084964522
Baixa vazao,292,Q_40185000,6.2595,0.0
Baixa vazao,292,Q_40330000,38.1066,-51.148657893321555
Baixa vazao,292,Q_40800001,25.9716,-6.9105734920131
Baixa vazao,292,Q_40850000,32.2141,-56.98530362706802
Baixa vazao,292,Q_40930000,2.88,-29.567888931818686
Baixa vazao,293,P_1944059,0.0,0.0
Baixa vazao,293,P_1944063,0.0,-9.018966320144417
Baixa vazao,293,P_1945002,0.0,-7.929925023608616
Baixa vazao,293,P_1945008,0.0,-8.18668134625625
Baixa vazao,293,P_1946000,0.0,0.0
Baixa vazao,293,P_2044008,3.4,0.0
Baixa vazao,293,P_2044016,0.0,0.0
Baixa vazao,293,P_2044024,0.0,0.0
Baixa vazao,293,P_2044042,0.0,0.0
Baixa vazao,293,P_2045002,0.0,0.0
Baixa vazao,293,P_2046013,0.0,0.0
Baixa vazao,293,Q_40032000,7.8831,-8.729728253016319
Baixa vazao,293,Q_40050000,34.3919,0.0
Baixa vazao,293,Q_40060001,4.3034,-34.844012744780066
Baixa vazao,293,Q_40100000,64.4022,-176.84785575734094
Baixa vazao,293,Q_40185000,3.631,0.0
Baixa vazao,293,Q_40330000,12.034,-81.65343022024439
Baixa vazao,293,Q_40800001,23.4079,-7.3581656803931725
Baixa vazao,293,Q_40850000,23.6691,-65.61392928952291
Baixa vazao,293,Q_40930000,2.9059,-29.58571857937635
Baixa vazao,294,P_1944059,0.0,0.0
Baixa vazao,294,P_1944063,0.249462366,-8.48293748665595
Baixa vazao,294,P_1945002,0.0,-9.059663257646985
Baixa vazao,294,P_1945008,0.0,-8.191520643512433
Baixa vazao,294,P_1946000,0.0,0.0
Baixa vazao,294,P_2044008,0.0,0.0
Baixa vazao,294,P_2044016,0.0,0.0
Baixa vazao,294,P_2044024,0.0,0.0
Baixa vazao,294,P_2044042,0.0,0.0
Baixa vazao,294,P_2045002,0.0,0.0
Baixa vazao,294,P_2046013,0.0,0.0
Baixa vazao,294,Q_40032000,10.6207,-8.300286663975482
Baixa vazao,294,Q_40050000,54.238,0.0
Baixa vazao,294,Q_40060001,6.442,-24.630968573772485
Baixa vazao,294,Q_40100000,89.8358,-145.5114481015235
Baixa vazao,294,Q_40185000,6.6193,0.0
Baixa vazao,294,Q_40330000,24.8827,-66.47711222159678
Baixa vazao,294,Q_40800001,19.7008,-7.1349285411744745
Baixa vazao,294,Q_40850000,23.6691,-65.06037219626134
Baixa vazao,294,Q_40930000,5.6875,-23.982438468017172
Baixa vazao,295,P_1944059,0.0,0.0
Baixa vazao,295,P_1944063,0.0,-9.114761395182368
Baixa vazao,295,P_1945002,0.0,-8.462126883526025
Baixa vazao,295,P_1945008,0.0,-8.728710883348624
Baixa vazao,295,P_1946000,0.0,0.0
Baixa vazao,295,P_2044008,0.0,0.0
Baixa vazao,295,P_2044016,0.0,0.0
Baixa vazao,295,P_2044024,0.0,0.0
Baixa vazao,295,P_2044042,0.0,0.0
Baixa vazao,295,P_2045002,0.0,0.0
Baixa vazao,295,P_2046013,0.0,0.0
Baixa vazao,295,Q_40032000,7.5115,-9.879640497129191
Baixa vazao,295,Q_40050000,35.2519,0.0
Baixa vazao,295,Q_40060001,5.3384,-29.64006281559162
Baixa vazao,295,Q_40100000,68.1168,-172.33596275719376
Baixa vazao,295,Q_40185000,3.9337,0.0
Baixa vazao,295,Q_40330000,23.5411,-67.89194934098857
Baixa vazao,295,Q_40800001,13.2603,-9.023295984667488
Baixa vazao,295,Q_40850000,20.6731,-68.45660688117356
Baixa vazao,295,Q_40930000,2.3349,-30.958020690433166
Baixa vazao,296,P_1944059,0.0,0.0
Baixa vazao,296,P_1944063,0.0,-9.60542959155281
Baixa vazao,296,P_1945002,0.0,-8.236393434329706
Baixa vazao,296,P_1945008,0.0,-8.407587010562022
Baixa vazao,296,P_1946000,0.0,0.0
Baixa vazao,296,P_2044008,0.0,0.0
Baixa vazao,296,P_2044016,0.0,0.0
Baixa vazao,296,P_2044024,0.0,0.0
Baixa vazao,296,P_2044042,0.0,0.0
Baixa vazao,296,P_2045002,0.0,0.0
Baixa vazao,296,P_2046013,0.0,0.0
Baixa vazao,296,Q_40032000,9.815,-8.341862402320373
Baixa vazao,296,Q_40050000,44.9608,0.0
Baixa vazao,296,Q_40060001,5.5177,-29.25837323592458
Baixa vazao,296,Q_40100000,76.8273,-161.6454516422002
Baixa vazao,296,Q_40185000,5.2202,0.0
Baixa vazao,296,Q_40330000,25.7919,-65.5903236289757
Baixa vazao,296,Q_40800001,17.9692,-8.409060239749705
Baixa vazao,296,Q_40850000,20.1855,-68.15498661765508
Baixa vazao,296,Q_40930000,4.727,-25.479632667272693
Baixa vazao,297,P_1944059,0.0,0.0
Baixa vazao,297,P_1944063,0.0,-8.994457456084822
Baixa vazao,297,P_1945002,0.0,-8.547407699057677
Baixa vazao,297,P_1945008,0.0,-8.327108655222519
Baixa vazao,297,P_1946000,0.0,0.0
Baixa vazao,297,P_2044008,0.0,0.0
Baixa vazao,297,P_2044016,0.0,0.0
Baixa vazao,297,P_2044024,0.0,0.0
Baixa vazao,297,P_2044042,0.0,0.0
Baixa vazao,297,P_2045002,0.0,0.0
Baixa vazao,297,P_2046013,0.0,0.0
Baixa vazao,297,Q_40032000,8.1296,-9.485041192245218
Baixa vazao,297,Q_40050000,30.4952,0.0
Baixa vazao,297,Q_40060001,3.1903,-39.189937107929325
Baixa vazao,297,Q_40100000,54.5059,-189.61092256919673
Baixa vazao,297,Q_40185000,5.5598,0.0
Baixa vazao,297,Q_40330000,74.7554,-7.766047013056407
Baixa vazao,297,Q_40800001,26.0328,-6.377612666597145
Baixa vazao,297,Q_40850000,42.7002,-46.76370426219476
Baixa vazao,297,Q_40930000,0.9784,-33.53048489583336
Baixa vazao,298,P_1944059,0.0,0.0
Baixa vazao,298,P_1944063,0.0,-9.797359272761458
Baixa vazao,298,P_1945002,0.0,-8.522944735723499
Baixa vazao,298,P_1945008,0.0,-8.93968586382566
Baixa vazao,298,P_1946000,0.0,0.0
Baixa vazao,298,P_2044008,0.0,0.0
Baixa vazao,298,P_2044016,0.0,0.0
Baixa vazao,298,P_2044024,0.0,0.0
Baixa vazao,298,P_2044042,0.0,0.0
Baixa vazao,298,P_2045002,0.0,0.0
Baixa vazao,298,P_2046013,0.0,0.0
Baixa vazao,298,Q_40032000,8.1296,-8.805836625387787
Baixa vazao,298,Q_40050000,32.9781,0.0
Baixa vazao,298,Q_40060001,3.4974,-38.226468545106734
Baixa vazao,298,Q_40100000,55.7127,-187.84744024667938
Baixa vazao,298,Q_40185000,5.2202,0.0
Baixa vazao,298,Q_40330000,12.737,-80.67217302325723
Baixa vazao,298,Q_40800001,23.8737,-7.6961977547857146
Baixa vazao,298,Q_40850000,29.4609,-60.050833214703935
Baixa vazao,298,Q_40930000,2.1446,-30.928010309405224
Baixa vazao,299,P_1944059,0.0,0.0
Baixa vazao,299,P_1944063,0.0,-8.796009651798375
Baixa vazao,299,P_1945002,0.0,-8.613038819358565
Baixa vazao,299,P_1945008,0.0,-8.86466729575127
Baixa vazao,299,P_1946000,0.0,0.0
Baixa vazao,299,P_2044008,0.0,0.0
Baixa vazao,299,P_2044016,0.0,0.0
Baixa vazao,299,P_2044024,0.0,0.0
Baixa vazao,299,P_2044042,0.0,0.0
Baixa vazao,299,P_2045002,0.0,0.0
Baixa vazao,299,P_2046013,0.0,0.0
Baixa vazao,299,Q_40032000,4.9037,-9.265457028999917
Baixa vazao,299,Q_40050000,21.2687,0.0
Baixa vazao,299,Q_40060001,2.8194,-41.68977350748243
Baixa vazao,299,Q_40100000,30.9308,-217.01173613346654
Baixa vazao,299,Q_40185000,6.6284,0.0
Baixa vazao,299,Q_40330000,22.2264,-69.01132289722257
Baixa vazao,299,Q_40800001,13.9739,-9.759653541732659
Baixa vazao,299,Q_40850000,12.8812,-75.33756324121869
Baixa vazao,299,Q_40930000,1.1547,-33.264661526119355
Baixa vazao,300,P_1944059,23.4,19.280549051158523
Baixa vazao,300,P_1944063,8.6,0.0
Baixa vazao,300,P_1945002,0.0,0.0
Baixa vazao,300,P_1945008,27.0,47.27915575254547
Baixa vazao,300,P_1946000,2.0,0.0
Baixa vazao,300,P_2044008,19.8,0.0
Baixa vazao,300,P_2044016,14.8,0.0
Baixa vazao,300,P_2044024,5.6,0.0
Baixa vazao,300,P_2044042,15.8,-12.695548344211204
Baixa vazao,300,P_2045002,27.0,25.255405375519565
Baixa vazao,300,P_2046013,36.8,21.499404879538915
Baixa vazao,300,Q_40032000,8.1296,0.0
Baixa vazao,300,Q_40050000,30.2243,0.0
Baixa vazao,300,Q_40060001,4.6405,-33.10016412042872
Baixa vazao,300,Q_40100000,50.939,-193.81987497346057
Baixa vazao,300,Q_40185000,3.3363,0.0
Baixa vazao,300,Q_40330000,16.4609,-76.13739114866472
Baixa vazao,300,Q_40800001,28.2496,0.0
Baixa vazao,300,Q_40850000,19.7014,-68.81310359231037
Baixa vazao,300,Q_40930000,1.1884,-33.16203347230012
Baixa vazao,301,P_1944059,0.0,0.0
Baixa vazao,301,P_1944063,0.0,-9.54730259868611
Baixa vazao,301,P_1945002,0.0,-8.388235891836473
Baixa vazao,301,P_1945008,0.0,-8.548485720637578
Baixa vazao,301,P_1946000,0.0,0.0
Baixa vazao,301,P_2044008,0.0,0.0
Baixa vazao,301,P_2044016,0.0,0.0
Baixa vazao,301,P_2044024,0.0,0.0
Baixa vazao,301,P_2044042,0.0,0.0
Baixa vazao,301,P_2045002,0.0,0.0
Baixa vazao,301,P_2046013,0.0,0.0
Baixa vazao,301,Q_40032000,7.2701,-9.262039993557753
Baixa vazao,301,Q_40050000,22.5672,0.0
Baixa vazao,301,Q_40060001,2.6752,-42.36308315385697
Baixa vazao,301,Q_40100000,35.4027,-212.48065756334898
Baixa vazao,301,Q_40185000,2.7718,0.0
Baixa vazao,301,Q_40330000,11.3456,-81.24982010884062
Baixa vazao,301,Q_40800001,14.016,-10.238765754150172
Baixa vazao,301,Q_40850000,18.7438,-69.73417591128408
Baixa vazao,301,Q_40930000,1.2649,-32.41208049675626
Baixa vazao,302,P_1944059,0.0,0.0
Baixa vazao,302,P_1944063,0.0,-9.596333310057956
Baixa vazao,302,P_1945002,0.0,-8.268835081974903
Baixa vazao,302,P_1945008,0.0,-8.874116133162158
Baixa vazao,302,P_1946000,0.0,0.0
Baixa vazao,302,P_2044008,0.0,0.0
Baixa vazao,302,P_2044016,0.0,0.0
Baixa vazao,302,P_2044024,0.0,0.0
Baixa vazao,302,P_2044042,0.0,0.0
Baixa vazao,302,P_2045002,0.0,0.0
Baixa vazao,302,P_2046013,0.0,0.0
Baixa vazao,302,Q_40032000,8.1296,-9.074366125464316
Baixa vazao,302,Q_40050000,30.2243,0.0
Baixa vazao,302,Q_40060001,3.1903,-40.092193987317216
Baixa vazao,302,Q_40100000,52.119,-192.06619565708172
Baixa vazao,302,Q_40185000,4.5622,0.0
Baixa vazao,302,Q_40330000,12.034,-81.19903198765142
Baixa vazao,302,Q_40800001,20.4087,-7.989874690654176
Baixa vazao,302,Q_40850000,25.7317,-63.50998433203498
Baixa vazao,302,Q_40930000,1.8894,-31.89299887705807
Baixa vazao,303,P_1944059,0.0,0.0
Baixa vazao,303,P_1944063,0.0,-9.417324601976576
Baixa vazao,303,P_1945002,0.0,-8.93389553873925
Baixa vazao,303,P_1945008,0.0,-8.442678528172625
Baixa vazao,303,P_1946000,0.0,0.0
Baixa vazao,303,P_2044008,0.0,0.0
Baixa vazao,303,P_2044016,0.0,0.0
Baixa vazao,303,P_2044024,0.0,0.0
Baixa vazao,303,P_2044042,0.0,0.0
Baixa vazao,303,P_2045002,0.0,0.0
Baixa vazao,303,P_2046013,0.0,0.0
Baixa vazao,303,Q_40032000,5.0991,-9.498536326307125
Baixa vazao,303,Q_40050000,23.4924,0.0
Baixa vazao,303,Q_40060001,2.966,-40.96631792204696
Baixa vazao,303,Q_40100000,33.6518,-214.1029549228254
Baixa vazao,303,Q_40185000,5.9377,0.0
Baixa vazao,303,Q_40330000,19.6796,-71.56260438295257
Baixa vazao,303,Q_40800001,16.8713,-9.179393563199495
Baixa vazao,303,Q_40850000,17.8004,-70.86113906795875
Baixa vazao,303,Q_40930000,1.3893,-32.49441003530943
Baixa vazao,304,P_1944059,0.0,0.0
Baixa vazao,304,P_1944063,0.0,-9.388941218542271
Baixa vazao,304,P_1945002,0.0,-8.746501014846581
Baixa vazao,304,P_1945008,0.0,-8.150293143890261
Baixa vazao,304,P_1946000,0.0,0.0
Baixa vazao,304,P_2044008,0.0,0.0
Baixa vazao,304,P_2044016,0.0,0.0
Baixa vazao,304,P_2044024,0.0,0.0
Baixa vazao,304,P_2044042,0.0,0.0
Baixa vazao,304,P_2045002,0.0,0.0
Baixa vazao,304,P_2046013,0.0,0.0
Baixa vazao,304,Q_40032000,7.8831,-9.058399090975554
Baixa vazao,304,Q_40050000,32.4194,0.0
Baixa vazao,304,Q_40060001,4.8985,-32.23130903543193
Baixa vazao,304,Q_40100000,61.8768,-179.44737314259393
Baixa vazao,304,Q_40185000,6.9856,0.0
Baixa vazao,304,Q_40330000,12.034,-81.18770379883823
Baixa vazao,304,Q_40800001,14.2439,-9.07075383401741
Baixa vazao,304,Q_40850000,20.6731,-68.7216314035278
Baixa vazao,304,Q_40930000,0.7776,-34.06400759305472
Baixa vazao,305,P_1944059,0.0,0.0
Baixa vazao,305,P_1944063,0.249462366,-8.23346671219537
Baixa vazao,305,P_1945002,0.0,-7.617565911763677
Baixa vazao,305,P_1945008,0.0,-8.08676268951352
Baixa vazao,305,P_1946000,0.0,0.0
Baixa vazao,305,P_2044008,0.0,0.0
Baixa vazao,305,P_2044016,6.0,0.0
Baixa vazao,305,P_2044024,0.0,0.0
Baixa vazao,305,P_2044042,0.0,0.0
Baixa vazao,305,P_2045002,0.0,0.0
Baixa vazao,305,P_2046013,0.0,0.0
Baixa vazao,305,Q_40032000,10.2156,-8.557914679220692
Baixa vazao,305,Q_40050000,48.849,0.0
Baixa vazao,305,Q_40060001,5.6989,-28.470483143786677
Baixa vazao,305,Q_40100000,80.6614,-157.25649346522786
Baixa vazao,305,Q_40185000,5.9063,0.0
Baixa vazao,305,Q_40330000,33.476,-56.7136532798209
Baixa vazao,305,Q_40800001,17.4101,-8.145295981007951
Baixa vazao,305,Q_40850000,22.1561,-66.85546360244389
Baixa vazao,305,Q_40930000,5.0439,-25.171035429390425
Baixa vazao,306,P_1944059,0.0,0.0
Baixa vazao,306,P_1944063,0.0,-9.498092385176431
Baixa vazao,306,P_1945002,0.0,-8.029033612297255
Baixa vazao,306,P_1945008,0.0,-8.311902907782786
Baixa vazao,306,P_1946000,0.0,0.0
Baixa vazao,306,P_2044008,0.0,0.0
Baixa vazao,306,P_2044016,0.0,0.0
Baixa vazao,306,P_2044024,0.0,0.0
Baixa vazao,306,P_2044042,0.0,0.0
Baixa vazao,306,P_2045002,0.0,0.0
Baixa vazao,306,P_2046013,0.0,0.0
Baixa vazao,306,Q_40032000,9.815,-8.694908425271558
Baixa vazao,306,Q_40050000,46.2421,0.0
Baixa vazao,306,Q_40060001,5.5177,-29.579392017403602
Baixa vazao,306,Q_40100000,84.5546,-151.85018294357232
Baixa vazao,306,Q_40185000,5.5598,0.0
Baixa vazao,306,Q_40330000,25.7919,-65.32343411634757
Baixa vazao,306,Q_40800001,16.8599,-8.367166320568742
Baixa vazao,306,Q_40850000,21.6584,-66.86112375448596
Baixa vazao,306,Q_40930000,5.0439,-24.87481979818354
Baixa vazao,307,P_1944059,0.0,0.0
Baixa vazao,307,P_1944063,0.0,-9.586298993036332
Baixa vazao,307,P_1945002,0.0,0.0
Baixa vazao,307,P_1945008,0.0,-8.426887699052543
Baixa vazao,307,P_1946000,0.0,0.0
Baixa vazao,307,P_2044008,7.3,0.0
Baixa vazao,307,P_2044016,0.0,0.0
Baixa vazao,307,P_2044024,0.0,0.0
Baixa vazao,307,P_2044042,8.8,-10.035099170864012
Baixa vazao,307,P_2045002,0.0,0.0
Baixa vazao,307,P_2046013,3.4,0.0
Baixa vazao,307,Q_40032000,8.6413,-8.864370931519222
Baixa vazao,307,Q_40050000,30.4952,0.0
Baixa vazao,307,Q_40060001,4.138,-36.97537377914677
Baixa vazao,307,Q_40100000,58.1525,-186.58485129229075
Baixa vazao,307,Q_40185000,3.9337,0.0
Baixa vazao,307,Q_40330000,8.7413,-86.28045212170889
Baixa vazao,307,Q_40800001,12.3126,-9.691780101227565
Baixa vazao,307,Q_40850000,15.9576,-73.93058832245505
Baixa vazao,307,Q_40930000,2.6178,-30.84089958512073
Baixa vazao,308,P_1944059,0.0,0.0
Baixa vazao,308,P_1944063,0.0,-9.512159864703394
Baixa vazao,308,P_1945002,0.0,-8.467646635760957
Baixa vazao,308,P_1945008,0.0,-8.70901741650642
Baixa vazao,308,P_1946000,0.0,0.0
Baixa vazao,308,P_2044008,0.0,0.0
Baixa vazao,308,P_2044016,0.0,0.0
Baixa vazao,308,P_2044024,0.0,0.0
Baixa vazao,308,P_2044042,0.0,0.0
Baixa vazao,308,P_2045002,0.0,0.0
Baixa vazao,308,P_2046013,0.0,0.0
Baixa vazao,308,Q_40032000,5.912,-9.371108778020618
Baixa vazao,308,Q_40050000,26.9969,0.0
Baixa vazao,308,Q_40060001,3.2663,-39.71131441251698
Baixa vazao,308,Q_40100000,44.4214,-201.64961533867435
Baixa vazao,308,Q_40185000,7.7378,0.0
Baixa vazao,308,Q_40330000,27.1774,-63.79106396959376
Baixa vazao,308,Q_40800001,23.2313,-8.119297503855073
Baixa vazao,308,Q_40850000,27.3117,-61.92719972699466
Baixa vazao,308,Q_40930000,1.8783,-31.630266972842428
Baixa vazao,309,P_1944059,0.0,0.0
Baixa vazao,309,P_1944063,0.0,-9.023258261697316
Baixa vazao,309,P_1945002,0.0,-8.33905800275063
Baixa vazao,309,P_1945008,0.0,-7.948876359862652
Baixa vazao,309,P_1946000,0.0,0.0
Baixa vazao,309,P_2044008,0.0,0.0
Baixa vazao,309,P_2044016,0.0,0.0
Baixa vazao,309,P_2044024,0.0,0.0
Baixa vazao,309,P_2044042,0.0,0.0
Baixa vazao,309,P_2045002,0.0,0.0
Baixa vazao,309,P_2046013,0.0,0.0
Baixa vazao,309,Q_40032000,7.8831,-9.345907376313605
Baixa vazao,309,Q_40050000,36.4121,0.0
Baixa vazao,309,Q_40060001,5.5177,-29.140616281164494
Baixa vazao,309,Q_40100000,69.3405,-170.75715705817043
Baixa vazao,309,Q_40185000,3.9337,0.0
Baixa vazao,309,Q_40330000,27.1774,-64.37896851144046
Baixa vazao,309,Q_40800001,13.7476,-9.407327312856983
Baixa vazao,309,Q_40850000,21.6584,-67.11533077894572
Baixa vazao,309,Q_40930000,2.6178,-30.495972414547555
Baixa vazao,310,P_1944059,0.0,0.0
Baixa vazao,310,P_1944063,0.0,-9.593242197493229
Baixa vazao,310,P_1945002,0.0,-8.08782026701681
Baixa vazao,310,P_1945008,0.0,-8.584005407192825
Baixa vazao,310,P_1946000,0.0,0.0
Baixa vazao,310,P_2044008,0.0,0.0
Baixa vazao,310,P_2044016,0.0,0.0
Baixa vazao,310,P_2044024,0.0,0.0
Baixa vazao,310,P_2044042,0.0,0.0
Baixa vazao,310,P_2045002,0.0,0.0
Baixa vazao,310,P_2046013,0.0,0.0
Baixa vazao,310,Q_40032000,6.0782,-9.329035562457976
Baixa vazao,310,Q_40050000,21.711,0.0
Baixa vazao,310,Q_40060001,4.3034,-34.82110805469057
Baixa vazao,310,Q_40100000,61.8768,-180.08068097024022
Baixa vazao,310,Q_40185000,4.2442,0.0
Baixa vazao,310,Q_40330000,23.9853,-67.36341592789655
Baixa vazao,310,Q_40800001,15.8818,-9.28470887790741
Baixa vazao,310,Q_40850000,20.6731,-68.53999298715658
Baixa vazao,310,Q_40930000,1.3702,-33.06986133665478
Baixa vazao,311,P_1944059,0.0,0.0
Baixa vazao,311,P_1944063,3.4,0.0
Baixa vazao,311,P_1945002,0.0,-6.969751773209396
Baixa vazao,311,P_1945008,42.9,101.72888829602373
Baixa vazao,311,P_1946000,0.0,0.0
Baixa vazao,311,P_2044008,5.5,0.0
Baixa vazao,311,P_2044016,3.1,0.0
Baixa vazao,311,P_2044024,1.0,0.0
Baixa vazao,311,P_2044042,4.0,-4.560081718163642
Baixa vazao,311,P_2045002,0.0,0.0
Baixa vazao,311,P_2046013,0.0,0.0
Baixa vazao,311,Q_40032000,7.8831,-8.789858280307948
Baixa vazao,311,Q_40050000,35.83,0.0
Baixa vazao,311,Q_40060001,5.5177,-31.25373209791194
Baixa vazao,311,Q_40100000,76.8273,-166.4548811217102
Baixa vazao,311,Q_40185000,5.5598,0.0
Baixa vazao,311,Q_40330000,12.3837,-82.47777621510559
Baixa vazao,311,Q_40800001,22.7675,-7.68763722061679
Baixa vazao,311,Q_40850000,27.8445,-63.54587412031696
Baixa vazao,311,Q_40930000,7.349,-20.46983664891159
Baixa vazao,312,P_1944059,0.0,0.0
Baixa vazao,312,P_1944063,0.0,-9.653850841041615
Baixa vazao,312,P_1945002,0.0,-8.474029699005428
Baixa vazao,312,P_1945008,0.0,-8.347904849512139
Baixa vazao,312,P_1946000,0.0,0.0
Baixa vazao,312,P_2044008,0.0,0.0
Baixa vazao,312,P_2044016,0.0,0.0
Baixa vazao,312,P_2044024,0.0,0.0
Baixa vazao,312,P_2044042,0.0,0.0
Baixa vazao,312,P_2045002,0.0,0.0
Baixa vazao,312,P_2046013,0.0,0.0
Baixa vazao,312,Q_40032000,6.4284,-9.641006981585356
Baixa vazao,312,Q_40050000,23.5055,0.0
Baixa vazao,312,Q_40060001,4.0561,-36.02039214997336
Baixa vazao,312,Q_40100000,61.8768,-180.76853508001236
Baixa vazao,312,Q_40185000,5.2202,0.0
Baixa vazao,312,Q_40330000,23.9853,-67.74949187762046
Baixa vazao,312,Q_40800001,15.8818,-8.898297362155429
Baixa vazao,312,Q_40850000,21.6584,-67.2086246422654
Baixa vazao,312,Q_40930000,1.8525,-31.2507865674495
Baixa vazao,313,P_1944059,12.8,0.0
Baixa vazao,313,P_1944063,35.3,89.70535316016549
Baixa vazao,313,P_1945002,5.8,0.0
Baixa vazao,313,P_1945008,0.0,0.0
Baixa vazao,313,P_1946000,0.0,0.0
Baixa vazao,313,P_2044008,0.0,0.0
Baixa vazao,313,P_2044016,0.0,0.0
Baixa vazao,313,P_2044024,9.6,0.0
Baixa vazao,313,P_2044042,5.9,-7.548650140630853
Baixa vazao,313,P_2045002,1.0,0.0
Baixa vazao,313,P_2046013,23.1,0.0
Baixa vazao,313,Q_40032000,6.784,-8.386275025712758
Baixa vazao,313,Q_40050000,21.437,-4.942685289771134
Baixa vazao,313,Q_40060001,7.0181,-23.409915539752955
Baixa vazao,313,Q_40100000,54.5059,-197.742806414776
Baixa vazao,313,Q_40185000,3.9337,0.0
Baixa vazao,313,Q_40330000,14.5561,-80.5084805369896
Baixa vazao,313,Q_40800001,28.4144,-7.1674829698164535
Baixa vazao,313,Q_40850000,30.0057,-61.11834020383612
Baixa vazao,313,Q_40930000,1.6083,-32.48370972133665
Baixa vazao,314,P_1944059,0.0,0.0
Baixa vazao,314,P_1944063,0.249462366,-8.695909377583922
Baixa vazao,314,P_1945002,0.0,-8.589176610240594
Baixa vazao,314,P_1945008,0.0,-8.475296130139517
Baixa vazao,314,P_1946000,0.0,0.0
Baixa vazao,314,P_2044008,0.0,0.0
Baixa vazao,314,P_2044016,0.0,0.0
Baixa vazao,314,P_2044024,0.0,0.0
Baixa vazao,314,P_2044042,0.0,0.0
Baixa vazao,314,P_2045002,0.0,0.0
Baixa vazao,314,P_2046013,0.0,0.0
Baixa vazao,314,Q_40032000,11.0303,-7.57175243860155
Baixa vazao,314,Q_40050000,55.2742,0.0
Baixa vazao,314,Q_40060001,6.442,-24.9329342747678
Baixa vazao,314,Q_40100000,91.172,-143.4259887905376
Baixa vazao,314,Q_40185000,6.9856,0.0
Baixa vazao,314,Q_40330000,29.5441,-61.12408082090335
Baixa vazao,314,Q_40800001,19.7008,-7.79336716272911
Baixa vazao,314,Q_40850000,24.6941,-64.38351648657382
Baixa vazao,314,Q_40930000,5.6875,-23.62987623002816
Baixa vazao,315,P_1944059,0.0,0.0
Baixa vazao,315,P_1944063,0.0,-8.9832316211095
Baixa vazao,315,P_1945002,0.0,-8.206586717712197
Baixa vazao,315,P_1945008,0.0,-8.288885020305099
Baixa vazao,315,P_1946000,0.0,0.0
Baixa vazao,315,P_2044008,0.0,0.0
Baixa vazao,315,P_2044016,0.0,0.0
Baixa vazao,315,P_2044024,0.0,0.0
Baixa vazao,315,P_2044042,0.0,0.0
Baixa vazao,315,P_2045002,0.0,0.0
Baixa vazao,315,P_2046013,0.0,0.0
Baixa vazao,315,Q_40032000,7.0997,-9.401439521394542
Baixa vazao,315,Q_40050000,25.5195,0.0
Baixa vazao,315,Q_40060001,3.3428,-39.25121536903664
Baixa vazao,315,Q_40100000,52.119,-192.4748547677732
Baixa vazao,315,Q_40185000,3.9337,0.0
Baixa vazao,315,Q_40330000,14.1853,-79.344839233312
Baixa vazao,315,Q_40800001,38.483,-5.086202740608826
Baixa vazao,315,Q_40850000,51.4322,-39.29862360958643
Baixa vazao,315,Q_40930000,2.9059,-29.12121716999753
Baixa vazao,316,P_1944059,0.0,0.0
Baixa vazao,316,P_1944063,0.0,-9.645213858669168
Baixa vazao,316,P_1945002,0.0,-8.255380733360369
Baixa vazao,316,P_1945008,0.0,-8.574034793516113
Baixa vazao,316,P_1946000,0.0,0.0
Baixa vazao,316,P_2044008,0.0,0.0
Baixa vazao,316,P_2044016,0.0,0.0
Baixa vazao,316,P_2044024,0.0,0.0
Baixa vazao,316,P_2044042,0.0,0.0
Baixa vazao,316,P_2045002,0.0,0.0
Baixa vazao,316,P_2046013,0.0,0.0
Baixa vazao,316,Q_40032000,6.3369,-9.353387626805311
Baixa vazao,316,Q_40050000,29.4435,0.0
Baixa vazao,316,Q_40060001,3.4974,-38.58658725183492
Baixa vazao,316,Q_40100000,49.7169,-195.3880894981812
Baixa vazao,316,Q_40185000,7.3505,0.0
Baixa vazao,316,Q_40330000,24.8827,-66.80144398599232
Baixa vazao,316,Q_40800001,23.2313,-8.169094271216043
Baixa vazao,316,Q_40850000,28.3803,-61.13240902180448
Baixa vazao,316,Q_40930000,2.6527,-29.543581194299662
Baixa vazao,317,P_1944059,0.0,0.0
Baixa vazao,317,P_1944063,0.0,-9.455335851581982
Baixa vazao,317,P_1945002,0.0,-8.617605031957252
Baixa vazao,317,P_1945008,0.0,-8.685239378104585
Baixa vazao,317,P_1946000,0.0,0.0
Baixa vazao,317,P_2044008,0.0,0.0
Baixa vazao,317,P_2044016,0.0,0.0
Baixa vazao,317,P_2044024,0.0,0.0
Baixa vazao,317,P_2044042,0.0,0.0
Baixa vazao,317,P_2045002,0.0,0.0
Baixa vazao,317,P_2046013,0.0,0.0
Baixa vazao,317,Q_40032000,8.1556,-8.847822773506829
Baixa vazao,317,Q_40050000,37.5739,0.0
Baixa vazao,317,Q_40060001,4.4709,-33.49720372337162
Baixa vazao,317,Q_40100000,62.2166,-179.43943950501549
Baixa vazao,317,Q_40185000,8.9491,0.0
Baixa vazao,317,Q_40330000,31.488,-58.43141837614165
Baixa vazao,317,Q_40800001,31.7835,-5.926290597763057
Baixa vazao,317,Q_40850000,42.7002,-46.91892396900289
Baixa vazao,317,Q_40930000,3.4672,-28.730200902769397
Baixa vazao,318,P_1944059,0.0,0.0
Baixa vazao,318,P_1944063,0.0,-8.919161419645551
Baixa vazao,318,P_1945002,0.0,-8.406346348224663
Baixa vazao,318,P_1945008,0.0,-8.046524391444482
Baixa vazao,318,P_1946000,0.0,0.0
Baixa vazao,318,P_2044008,0.0,0.0
Baixa vazao,318,P_2044016,0.0,0.0
Baixa vazao,318,P_2044024,0.0,0.0
Baixa vazao,318,P_2044042,0.0,0.0
Baixa vazao,318,P_2045002,0.0,0.0
Baixa vazao,318,P_2046013,0.0,0.0
Baixa vazao,318,Q_40032000,7.1451,-9.634577307779661
Baixa vazao,318,Q_40050000,26.4528,0.0
Baixa vazao,318,Q_40060001,4.9855,-31.312979036801256
Baixa vazao,318,Q_40100000,76.8273,-161.29048179663607
Baixa vazao,318,Q_40185000,6.2595,0.0
Baixa vazao,318,Q_40330000,37.059,-51.95167966182548
Baixa vazao,318,Q_40800001,24.365,-7.415848757187007
Baixa vazao,318,Q_40850000,31.6576,-57.58491007290759
Baixa vazao,318,Q_40930000,2.6162,-30.58169787926301
Baixa vazao,319,P_1944059,0.0,0.0
Baixa vazao,319,P_1944063,0.0,-9.14887538163869
Baixa vazao,319,P_1945002,0.0,-8.433706773247641
Baixa vazao,319,P_1945008,0.0,-8.551271867631272
Baixa vazao,319,P_1946000,0.0,0.0
Baixa vazao,319,P_2044008,0.0,0.0
Baixa vazao,319,P_2044016,0.0,0.0
Baixa vazao,319,P_2044024,0.0,0.0
Baixa vazao,319,P_2044042,0.0,0.0
Baixa vazao,319,P_2045002,0.0,0.0
Baixa vazao,319,P_2046013,0.0,0.0
Baixa vazao,319,Q_40032000,5.912,-10.047769488876385
Baixa vazao,319,Q_40050000,23.4924,0.0
Baixa vazao,319,Q_40060001,3.1903,-39.87332483251451
Baixa vazao,319,Q_40100000,40.3633,-206.9057223825101
Baixa vazao,319,Q_40185000,7.3505,0.0
Baixa vazao,319,Q_40330000,25.7919,-65.14354628597951
Baixa vazao,319,Q_40800001,19.96,-8.821566460451516
Baixa vazao,319,Q_40850000,24.6941,-64.22700690643812
Baixa vazao,319,Q_40930000,1.3893,-32.58007748627468
Baixa vazao,320,P_1944059,0.0,0.0
Baixa vazao,320,P_1944063,0.0,-9.290506611774806
Baixa vazao,320,P_1945002,0.0,-8.60175387134588
Baixa vazao,320,P_1945008,0.0,-8.561628188815975
Baixa vazao,320,P_1946000,0.0,0.0
Baixa vazao,320,P_2044008,0.0,0.0
Baixa vazao,320,P_2044016,0.0,0.0
Baixa vazao,320,P_2044024,0.0,0.0
Baixa vazao,320,P_2044042,0.0,0.0
Baixa vazao,320,P_2045002,0.0,0.0
Baixa vazao,320,P_2046013,0.0,0.0
Baixa vazao,320,Q_40032000,6.7738,-9.36817380508627
Baixa vazao,320,Q_40050000,29.9433,0.0
Baixa vazao,320,Q_40060001,3.6543,-38.10264528339053
Baixa vazao,320,Q_40100000,50.8053,-194.06903467592787
Baixa vazao,320,Q_40185000,8.1334,0.0
Baixa vazao,320,Q_40330000,28.1156,-62.90080734321016
Baixa vazao,320,Q_40800001,25.9746,-7.494642176115008
Baixa vazao,320,Q_40850000,29.4609,-60.18996888037225
Baixa vazao,320,Q_40930000,2.9201,-29.14563513010966
Baixa vazao,321,P_1944059,0.0,0.0
Baixa vazao,321,P_1944063,0.0,-9.213502528416079
Baixa vazao,321,P_1945002,0.0,-8.208684208040893
Baixa vazao,321,P_1945008,0.0,-8.363734731657585
Baixa vazao,321,P_1946000,0.0,0.0
Baixa vazao,321,P_2044008,0.0,0.0
Baixa vazao,321,P_2044016,0.0,0.0
Baixa vazao,321,P_2044024,3.7,0.0
Baixa vazao,321,P_2044042,0.0,0.0
Baixa vazao,321,P_2045002,0.0,0.0
Baixa vazao,321,P_2046013,0.0,0.0
Baixa vazao,321,Q_40032000,6.4284,-9.890097606869041
Baixa vazao,321,Q_40050000,23.6445,0.0
Baixa vazao,321,Q_40060001,4.6405,-33.15582884689134
Baixa vazao,321,Q_40100000,59.3854,-182.93659642321873
Baixa vazao,321,Q_40185000,4.8876,0.0
Baixa vazao,321,Q_40330000,23.5411,-68.1937119155858
Baixa vazao,321,Q_40800001,15.1439,-9.295961070819825
Baixa vazao,321,Q_40850000,19.7014,-69.37025677864213
Baixa vazao,321,Q_40930000,1.6083,-32.27326359184677
Baixa vazao,322,P_1944059,0.0,0.0
Baixa vazao,322,P_1944063,0.0,-7.421624995718786
Baixa vazao,322,P_1945002,6.8,0.0
Baixa vazao,322,P_1945008,0.0,-6.508255080810803
Baixa vazao,322,P_1946000,3.0,0.0
Baixa vazao,322,P_2044008,15.3,0.0
Baixa vazao,322,P_2044016,5.2,0.0
Baixa vazao,322,P_2044024,2.8,0.0
Baixa vazao,322,P_2044042,14.1,-11.419988424178808
Baixa vazao,322,P_2045002,0.0,0.0
Baixa vazao,322,P_2046013,4.2,0.0
Baixa vazao,322,Q_40032000,10.6207,-6.3996782377061745
Baixa vazao,322,Q_40050000,34.3919,0.0
Baixa vazao,322,Q_40060001,5.5177,-29.44212233746854
Baixa vazao,322,Q_40100000,59.3854,-186.71013838186343
Baixa vazao,322,Q_40185000,4.2442,0.0
Baixa vazao,322,Q_40330000,22.6616,-69.05691666804132
Baixa vazao,322,Q_40800001,28.858,-5.40562540756207
Baixa vazao,322,Q_40850000,22.6572,-67.2623069410347
Baixa vazao,322,Q_40930000,5.3641,-23.88904830524032
Baixa vazao,323,P_1944059,11.8,0.0
Baixa vazao,323,P_1944063,0.0,-6.407188488368036
Baixa vazao,323,P_1945002,3.6,0.0
Baixa vazao,323,P_1945008,0.0,-6.186984181373847
Baixa vazao,323,P_1946000,5.1,-2.623208049275263
Baixa vazao,323,P_2044008,0.0,0.0
Baixa vazao,323,P_2044016,10.2,0.0
Baixa vazao,323,P_2044024,5.6,0.0
Baixa vazao,323,P_2044042,0.6,0.0
Baixa vazao,323,P_2045002,12.5,0.0
Baixa vazao,323,P_2046013,0.0,0.0
Baixa vazao,323,Q_40032000,9.5294,-6.337596354193114
Baixa vazao,323,Q_40050000,28.0929,0.0
Baixa vazao,323,Q_40060001,3.2663,-36.76784257305438
Baixa vazao,323,Q_40100000,33.3407,-213.56827530631014
Baixa vazao,323,Q_40185000,3.0498,0.0
Baixa vazao,323,Q_40330000,17.6437,-73.51959003126233
Baixa vazao,323,Q_40800001,23.8737,-6.468126226194441
Baixa vazao,323,Q_40850000,42.7002,-45.23677845568072
Baixa vazao,323,Q_40930000,4.104,-25.180129151998543
Baixa vazao,324,P_1944059,0.0,0.0
Baixa vazao,324,P_1944063,0.0,-9.447599061379824
Baixa vazao,324,P_1945002,0.0,-8.696720439664702
Baixa vazao,324,P_1945008,0.0,-8.531802715041977
Baixa vazao,324,P_1946000,0.0,0.0
Baixa vazao,324,P_2044008,0.0,0.0
Baixa vazao,324,P_2044016,0.0,0.0
Baixa vazao,324,P_2044024,0.0,0.0
Baixa vazao,324,P_2044042,0.0,0.0
Baixa vazao,324,P_2045002,0.0,0.0
Baixa vazao,324,P_2046013,0.0,0.0
Baixa vazao,324,Q_40032000,7.2701,-9.750054887023026
Baixa vazao,324,Q_40050000,27.0513,0.0
Baixa vazao,324,Q_40060001,2.6752,-41.99748373793994
Baixa vazao,324,Q_40100000,39.6483,-207.03488059911305
Baixa vazao,324,Q_40185000,3.9337,0.0
Baixa vazao,324,Q_40330000,8.7413,-84.38745310061388
Baixa vazao,324,Q_40800001,16.7995,-9.067542055982525
Baixa vazao,324,Q_40850000,20.6731,-67.86718290133743
Baixa vazao,324,Q_40930000,1.7864,-31.64886086136241
Baixa vazao,325,P_1944059,0.0,0.0
Baixa vazao,325,P_1944063,0.0,-9.710487208208951
Baixa vazao,325,P_1945002,0.0,-8.514466232840645
Baixa vazao,325,P_1945008,0.0,-8.622551252936313
Baixa vazao,325,P_1946000,0.0,0.0
Baixa vazao,325,P_2044008,0.0,0.0
Baixa vazao,325,P_2044016,0.0,0.0
Baixa vazao,325,P_2044024,0.0,0.0
Baixa vazao,325,P_2044042,0.0,0.0
Baixa vazao,325,P_2045002,0.0,0.0
Baixa vazao,325,P_2046013,0.0,0.0
Baixa vazao,325,Q_40032000,7.2226,-9.520861543245074
Baixa vazao,325,Q_40050000,34.5958,0.0
Baixa vazao,325,Q_40060001,4.0561,-35.635940404831096
Baixa vazao,325,Q_40100000,56.392,-187.11463980459976
Baixa vazao,325,Q_40185000,6.6284,0.0
Baixa vazao,325,Q_40330000,22.6616,-69.20016717901383
Baixa vazao,325,Q_40800001,29.5559,-5.999582593523144
Baixa vazao,325,Q_40850000,35.6119,-54.131240861120396
Baixa vazao,325,Q_40930000,2.9201,-29.42630236727447
Baixa vazao,326,P_1944059,0.0,0.0
Baixa vazao,326,P_1944063,0.0,-9.08142926431894
Baixa vazao,326,P_1945002,0.0,-8.259879271699118
Baixa vazao,326,P_1945008,0.0,-8.191804585529036
Baixa vazao,326,P_1946000,0.0,0.0
Baixa vazao,326,P_2044008,0.0,0.0
Baixa vazao,326,P_2044016,0.0,0.0
Baixa vazao,326,P_2044024,0.0,0.0
Baixa vazao,326,P_2044042,0.0,0.0
Baixa vazao,326,P_2045002,0.0,0.0
Baixa vazao,326,P_2046013,0.0,0.0
Baixa vazao,326,Q_40032000,8.1296,-9.524564137233007
Baixa vazao,326,Q_40050000,31.04,0.0
Baixa vazao,326,Q_40060001,3.2663,-39.01607765081452
Baixa vazao,326,Q_40100000,55.7127,-188.29474843200342
Baixa vazao,326,Q_40185000,5.9063,0.0
Baixa vazao,326,Q_40330000,37.5815,-51.81212556369333
Baixa vazao,326,Q_40800001,31.2921,-6.2382337815499795
Baixa vazao,326,Q_40850000,45.1458,-44.96787616903498
Baixa vazao,326,Q_40930000,0.9784,-33.354681560955605
Baixa vazao,327,P_1944059,4.0,0.0
Baixa vazao,327,P_1944063,1.9,0.0
Baixa vazao,327,P_1945002,0.0,-6.227203644081446
Baixa vazao,327,P_1945008,0.0,-7.170009191080347
Baixa vazao,327,P_1946000,0.0,0.0
Baixa vazao,327,P_2044008,0.0,-3.6300898586458175
Baixa vazao,327,P_2044016,5.0,0.0
Baixa vazao,327,P_2044024,0.0,0.0
Baixa vazao,327,P_2044042,6.4,-6.213170107881024
Baixa vazao,327,P_2045002,9.9,0.0
Baixa vazao,327,P_2046013,0.0,0.0
Baixa vazao,327,Q_40032000,24.5977,0.0
Baixa vazao,327,Q_40050000,32.1416,0.0
Baixa vazao,327,Q_40060001,3.1903,-40.21090869704458
Baixa vazao,327,Q_40100000,60.6268,-184.05888676355977
Baixa vazao,327,Q_40185000,5.5598,0.0
Baixa vazao,327,Q_40330000,15.6889,-77.27708332334231
Baixa vazao,327,Q_40800001,21.0879,-6.7871560038262295
Baixa vazao,327,Q_40850000,26.7819,-61.9896203037439
Baixa vazao,327,Q_40930000,8.7258,-17.14531010175153
Baixa vazao,328,P_1944059,0.0,0.0
Baixa vazao,328,P_1944063,0.249462366,-8.608069177647387
Baixa vazao,328,P_1945002,0.0,-8.76084971755602
Baixa vazao,328,P_1945008,0.0,-8.430119557115873
Baixa vazao,328,P_1946000,0.0,0.0
Baixa vazao,328,P_2044008,0.0,0.0
Baixa vazao,328,P_2044016,0.0,0.0
Baixa vazao,328,P_2044024,0.0,0.0
Baixa vazao,328,P_2044042,0.0,0.0
Baixa vazao,328,P_2045002,0.0,0.0
Baixa vazao,328,P_2046013,0.0,0.0
Baixa vazao,328,Q_40032000,11.4443,-8.288078201945186
Baixa vazao,328,Q_40050000,57.0191,0.0
Baixa vazao,328,Q_40060001,6.6323,-23.431850262380465
Baixa vazao,328,Q_40100000,93.8632,-140.29535712405053
Baixa vazao,328,Q_40185000,6.9856,0.0
Baixa vazao,328,Q_40330000,28.1156,-62.71765314456757
Baixa vazao,328,Q_40800001,20.2961,-7.461365022252323
Baixa vazao,328,Q_40850000,25.7317,-63.23531276220526
Baixa vazao,328,Q_40930000,6.0141,-22.979608098478458
Baixa vazao,329,P_1944059,0.0,0.0
Baixa vazao,329,P_1944063,0.0,-6.108100041187985
Baixa vazao,329,P_1945002,0.0,-4.557007151998562
Baixa vazao,329,P_1945008,0.0,-6.485929322030609
Baixa vazao,329,P_1946000,0.0,0.0
Baixa vazao,329,P_2044008,0.0,0.0
Baixa vazao,329,P_2044016,0.0,0.0
Baixa vazao,329,P_2044024,0.0,0.0
Baixa vazao,329,P_2044042,0.0,0.0
Baixa vazao,329,P_2045002,18.5,0.0
Baixa vazao,329,P_2046013,6.6,0.0
Baixa vazao,329,Q_40032000,6.7606,-6.484419184732363
Baixa vazao,329,Q_40050000,24.2713,0.0
Baixa vazao,329,Q_40060001,2.747,-37.80606605481498
Baixa vazao,329,Q_40100000,38.5719,-201.06078114121348
Baixa vazao,329,Q_40185000,3.3363,0.0
Baixa vazao,329,Q_40330000,12.034,-75.72177495332195
Baixa vazao,329,Q_40800001,15.9948,-6.802734367350292
Baixa vazao,329,Q_40850000,21.6584,-63.43149949992116
Baixa vazao,329,Q_40930000,1.7864,-28.485432613834778
Baixa vazao,330,P_1944059,0.0,0.0
Baixa vazao,330,P_1944063,0.0,-8.869061052713729
Baixa vazao,330,P_1945002,0.0,-8.362744323537356
Baixa vazao,330,P_1945008,0.0,-8.854913174904217
Baixa vazao,330,P_1946000,0.0,0.0
Baixa vazao,330,P_2044008,0.0,0.0
Baixa vazao,330,P_2044016,0.0,0.0
Baixa vazao,330,P_2044024,0.0,0.0
Baixa vazao,330,P_2044042,0.0,0.0
Baixa vazao,330,P_2045002,0.0,0.0
Baixa vazao,330,P_2046013,0.0,0.0
Baixa vazao,330,Q_40032000,7.5115,-9.213412894694986
Baixa vazao,330,Q_40050000,34.1072,0.0
Baixa vazao,330,Q_40060001,4.2205,-34.927694305449954
Baixa vazao,330,Q_40100000,81.9526,-154.59143294456385
Baixa vazao,330,Q_40185000,5.5598,0.0
Baixa vazao,330,Q_40330000,11.3456,-82.61253628629066
Baixa vazao,330,Q_40800001,15.2633,-8.777854869284107
Baixa vazao,330,Q_40850000,20.6731,-68.54896499163101
Baixa vazao,330,Q_40930000,2.9059,-29.51433786135969
Baixa vazao,331,P_1944059,0.0,0.0
Baixa vazao,331,P_1944063,0.0,-9.413659640412
Baixa vazao,331,P_1945002,0.0,-8.446569078999632
Baixa vazao,331,P_1945008,0.0,-8.846831036962381
Baixa vazao,331,P_1946000,0.0,0.0
Baixa vazao,331,P_2044008,0.0,0.0
Baixa vazao,331,P_2044016,0.0,0.0
Baixa vazao,331,P_2044024,0.0,0.0
Baixa vazao,331,P_2044042,0.0,0.0
Baixa vazao,331,P_2045002,0.0,0.0
Baixa vazao,331,P_2046013,0.0,0.0
Baixa vazao,331,Q_40032000,5.912,-9.739310776402512
Baixa vazao,331,Q_40050000,27.7217,0.0
Baixa vazao,331,Q_40060001,3.3428,-39.46631094104697
Baixa vazao,331,Q_40100000,46.5101,-199.01701314327588
Baixa vazao,331,Q_40185000,7.3505,0.0
Baixa vazao,331,Q_40330000,25.3358,-65.92186433880619
Baixa vazao,331,Q_40800001,23.2313,-7.736974629922599
Baixa vazao,331,Q_40850000,28.3803,-61.28591292897562
Baixa vazao,331,Q_40930000,2.1314,-30.66735079411803
Baixa vazao,332,P_1944059,0.0,0.0
Baixa vazao,332,P_1944063,0.0,-9.36977989806844
Baixa vazao,332,P_1945002,0.0,-8.63145312633936
Baixa vazao,332,P_1945008,0.0,-7.819974898919384
Baixa vazao,332,P_1946000,0.0,0.0
Baixa vazao,332,P_2044008,0.0,0.0
Baixa vazao,332,P_2044016,0.0,0.0
Baixa vazao,332,P_2044024,0.0,0.0
Baixa vazao,332,P_2044042,0.0,0.0
Baixa vazao,332,P_2045002,0.0,0.0
Baixa vazao,332,P_2046013,0.0,0.0
Baixa vazao,332,Q_40032000,9.815,-8.882460455118663
Baixa vazao,332,Q_40050000,46.2421,0.0
Baixa vazao,332,Q_40060001,5.608,-28.190889673615125
Baixa vazao,332,Q_40100000,81.9526,-154.69146551632195
Baixa vazao,332,Q_40185000,5.5598,0.0
Baixa vazao,332,Q_40330000,22.6616,-69.11896101304129
Baixa vazao,332,Q_40800001,17.4101,-8.660056061123282
Baixa vazao,332,Q_40850000,21.6584,-67.39476156103832
Baixa vazao,332,Q_40930000,5.0439,-25.062627124378928
Baixa vazao,333,P_1944059,0.0,0.0
Baixa vazao,333,P_1944063,0.0,-6.443109685364518
Baixa vazao,333,P_1945002,0.0,0.0
Baixa vazao,333,P_1945008,0.0,-5.8035504226006465
Baixa vazao,333,P_1946000,0.0,0.0
Baixa vazao,333,P_2044008,10.2,0.0
Baixa vazao,333,P_2044016,56.9,101.49476900721912
Baixa vazao,333,P_2044024,5.3,0.0
Baixa vazao,333,P_2044042,21.1,-4.020670916734161
Baixa vazao,333,P_2045002,16.9,0.0
Baixa vazao,333,P_2046013,0.0,0.0
Baixa vazao,333,Q_40032000,21.0508,0.0
Baixa vazao,333,Q_40050000,24.2713,0.0
Baixa vazao,333,Q_40060001,3.3428,-38.78981939171188
Baixa vazao,333,Q_40100000,68.1168,-166.5878217162076
Baixa vazao,333,Q_40185000,5.9063,0.0
Baixa vazao,333,Q_40330000,17.6437,-71.6803147931233
Baixa vazao,333,Q_40800001,21.7742,-6.756319470376457
Baixa vazao,333,Q_40850000,26.2553,-57.93607203341188
Baixa vazao,333,Q_40930000,11.2229,-10.685704598036239
Baixa vazao,334,P_1944059,0.0,0.0
Baixa vazao,334,P_1944063,0.0,-6.142017600197562
Baixa vazao,334,P_1945002,0.0,-6.082178949046413
Baixa vazao,334,P_1945008,0.0,-5.1646413358639585
Baixa vazao,334,P_1946000,0.0,0.0
Baixa vazao,334,P_2044008,0.0,0.0
Baixa vazao,334,P_2044016,7.2,0.0
Baixa vazao,334,P_2044024,17.6,0.0
Baixa vazao,334,P_2044042,0.0,0.0
Baixa vazao,334,P_2045002,0.0,0.0
Baixa vazao,334,P_2046013,0.0,0.0
Baixa vazao,334,Q_40032000,7.0997,-6.511106384596293
Baixa vazao,334,Q_40050000,39.3799,0.0
Baixa vazao,334,Q_40060001,2.604,-38.79999785299262
Baixa vazao,334,Q_40100000,35.4027,-204.17732586871355
Baixa vazao,334,Q_40185000,6.2595,0.0
Baixa vazao,334,Q_40330000,13.0938,-74.17814162240167
Baixa vazao,334,Q_40800001,22.4673,-5.921571103895627
Baixa vazao,334,Q_40850000,27.3117,-57.692852008661696
Baixa vazao,334,Q_40930000,1.5219,-28.598145612825824
Baixa vazao,335,P_1944059,0.0,0.0
Baixa vazao,335,P_1944063,0.0,-9.589945945233156
Baixa vazao,335,P_1945002,0.0,-8.500602919929579
Baixa vazao,335,P_1945008,0.0,-8.52359596280661
Baixa vazao,335,P_1946000,0.0,0.0
Baixa vazao,335,P_2044008,0.0,0.0
Baixa vazao,335,P_2044016,0.0,0.0
Baixa vazao,335,P_2044024,0.0,0.0
Baixa vazao,335,P_2044042,0.0,0.0
Baixa vazao,335,P_2045002,0.0,0.0
Baixa vazao,335,P_2046013,0.0,0.0
Baixa vazao,335,Q_40032000,7.2701,-8.940041217309632
Baixa vazao,335,Q_40050000,26.7935,0.0
Baixa vazao,335,Q_40060001,2.6752,-42.56453930748374
Baixa vazao,335,Q_40100000,39.6483,-207.223128973908
Baixa vazao,335,Q_40185000,3.631,0.0
Baixa vazao,335,Q_40330000,9.3694,-83.32410617179545
Baixa vazao,335,Q_40800001,15.5952,-9.514111117952183
Baixa vazao,335,Q_40850000,20.1855,-68.3442968716819
Baixa vazao,335,Q_40930000,1.7864,-31.93200630495245
Baixa vazao,336,P_1944059,0.0,0.0
Baixa vazao,336,P_1944063,0.0,-9.02023250308317
Baixa vazao,336,P_1945002,0.0,-7.790062701232418
Baixa vazao,336,P_1945008,0.0,-8.68587408024564
Baixa vazao,336,P_1946000,0.0,0.0
Baixa vazao,336,P_2044008,0.0,0.0
Baixa vazao,336,P_2044016,0.0,0.0
Baixa vazao,336,P_2044024,0.0,0.0
Baixa vazao,336,P_2044042,0.0,0.0
Baixa vazao,336,P_2045002,0.0,0.0
Baixa vazao,336,P_2046013,0.0,0.0
Baixa vazao,336,Q_40032000,7.8831,-9.17673329615848
Baixa vazao,336,Q_40050000,35.83,0.0
Baixa vazao,336,Q_40060001,5.5177,-28.59600783885474
Baixa vazao,336,Q_40100000,66.9,-173.87056248666988
Baixa vazao,336,Q_40185000,3.9337,0.0
Baixa vazao,336,Q_40330000,34.9956,-54.96257944867456
Baixa vazao,336,Q_40800001,13.7476,-9.418616013674193
Baixa vazao,336,Q_40850000,21.164,-68.3344332257728
Baixa vazao,336,Q_40930000,2.6178,-30.216999669634028
Baixa vazao,337,P_1944059,0.0,0.0
Baixa vazao,337,P_1944063,0.249462366,-8.70246956841745
Baixa vazao,337,P_1945002,0.0,-8.684879149884642
Baixa vazao,337,P_1945008,0.0,-8.162751310577422
Baixa vazao,337,P_1946000,0.0,0.0
Baixa vazao,337,P_2044008,0.0,0.0
Baixa vazao,337,P_2044016,0.0,0.0
Baixa vazao,337,P_2044024,0.0,0.0
Baixa vazao,337,P_2044042,0.0,0.0
Baixa vazao,337,P_2045002,0.0,0.0
Baixa vazao,337,P_2046013,0.0,0.0
Baixa vazao,337,Q_40032000,11.4443,-7.961965822027666
Baixa vazao,337,Q_40050000,57.7232,0.0
Baixa vazao,337,Q_40060001,6.7281,-23.457894107185062
Baixa vazao,337,Q_40100000,96.5792,-136.92247467526224
Baixa vazao,337,Q_40185000,7.3583,0.0
Baixa vazao,337,Q_40330000,29.0651,-61.74058916598766
Baixa vazao,337,Q_40800001,20.2961,-7.348349349585533
Baixa vazao,337,Q_40850000,25.7317,-63.27465199374795
Baixa vazao,337,Q_40930000,6.0141,-23.054181895250103
Baixa vazao,338,P_1944059,0.0,0.0
Baixa vazao,338,P_1944063,0.0,-9.034196401004406
Baixa vazao,338,P_1945002,0.0,-7.661377238297916
Baixa vazao,338,P_1945008,0.0,-8.603556730093327
Baixa vazao,338,P_1946000,0.0,0.0
Baixa vazao,338,P_2044008,0.0,0.0
Baixa vazao,338,P_2044016,0.0,0.0
Baixa vazao,338,P_2044024,0.0,0.0
Baixa vazao,338,P_2044042,18.2,0.0
Baixa vazao,338,P_2045002,0.0,0.0
Baixa vazao,338,P_2046013,0.0,0.0
Baixa vazao,338,Q_40032000,5.0991,-10.26986704045489
Baixa vazao,338,Q_40050000,23.4924,0.0
Baixa vazao,338,Q_40060001,2.966,-40.24095158218328
Baixa vazao,338,Q_40100000,34.5798,-207.47976465491047
Baixa vazao,338,Q_40185000,5.9377,0.0
Baixa vazao,338,Q_40330000,19.6796,-69.67915981455138
Baixa vazao,338,Q_40800001,16.2762,-9.246038327683095
Baixa vazao,338,Q_40850000,17.8004,-67.50047935933348
Baixa vazao,338,Q_40930000,1.3893,-32.02773062330017
Baixa vazao,339,P_1944059,0.0,0.0
Baixa vazao,339,P_1944063,0.0,-9.165819411599726
Baixa vazao,339,P_1945002,0.0,-8.411450114070108
Baixa vazao,339,P_1945008,0.0,-8.307752122277469
Baixa vazao,339,P_1946000,0.0,0.0
Baixa vazao,339,P_2044008,0.0,0.0
Baixa vazao,339,P_2044016,0.0,0.0
Baixa vazao,339,P_2044024,0.0,0.0
Baixa vazao,339,P_2044042,0.0,0.0
Baixa vazao,339,P_2045002,0.0,0.0
Baixa vazao,339,P_2046013,0.0,0.0
Baixa vazao,339,Q_40032000,7.2226,-9.336273292354763
Baixa vazao,339,Q_40050000,34.5958,0.0
Baixa vazao,339,Q_40060001,4.138,-35.466846756902406
Baixa vazao,339,Q_40100000,56.392,-186.95863786785958
Baixa vazao,339,Q_40185000,6.9836,0.0
Baixa vazao,339,Q_40330000,23.5411,-68.35122433593159
Baixa vazao,339,Q_40800001,30.292,-6.821879532834828
Baixa vazao,339,Q_40850000,38.5191,-50.98128097819512
Baixa vazao,339,Q_40930000,2.9201,-29.50023067521655
Baixa vazao,340,P_1944059,0.0,0.0
Baixa vazao,340,P_1944063,0.249462366,-8.8999697333507
Baixa vazao,340,P_1945002,0.0,-8.56197004477055
Baixa vazao,340,P_1945008,0.0,-8.387962858720721
Baixa vazao,340,P_1946000,0.0,0.0
Baixa vazao,340,P_2044008,0.0,0.0
Baixa vazao,340,P_2044016,0.0,0.0
Baixa vazao,340,P_2044024,0.0,0.0
Baixa vazao,340,P_2044042,0.0,0.0
Baixa vazao,340,P_2045002,0.0,0.0
Baixa vazao,340,P_2046013,0.0,0.0
Baixa vazao,340,Q_40032000,10.6207,-7.955880273896745
Baixa vazao,340,Q_40050000,54.9279,0.0
Baixa vazao,340,Q_40060001,6.442,-24.692437610517693
Baixa vazao,340,Q_40100000,89.8358,-145.24708819501916
Baixa vazao,340,Q_40185000,6.9856,0.0
Baixa vazao,340,Q_40330000,26.2508,-65.04436481516929
Baixa vazao,340,Q_40800001,19.7008,-7.577479447081544
Baixa vazao,340,Q_40850000,24.18,-65.04632769090999
Baixa vazao,340,Q_40930000,5.6875,-23.34034514290341
Baixa vazao,341,P_1944059,0.0,0.0
Baixa vazao,341,P_1944063,0.0,-9.730420981371616
Baixa vazao,341,P_1945002,0.0,-8.578675201858688
Baixa vazao,341,P_1945008,0.0,-8.288179713058923
Baixa vazao,341,P_1946000,0.0,0.0
Baixa vazao,341,P_2044008,0.0,0.0
Baixa vazao,341,P_2044016,0.0,0.0
Baixa vazao,341,P_2044024,0.0,0.0
Baixa vazao,341,P_2044042,0.0,0.0
Baixa vazao,341,P_2045002,0.0,0.0
Baixa vazao,341,P_2046013,0.0,0.0
Baixa vazao,341,Q_40032000,7.441,-9.446818924380123
Baixa vazao,341,Q_40050000,25.7723,0.0
Baixa vazao,341,Q_40060001,2.8924,-41.46574234587364
Baixa vazao,341,Q_40100000,42.9361,-203.25108079107252
Baixa vazao,341,Q_40185000,3.631,0.0
Baixa vazao,341,Q_40330000,10.6718,-81.90953571854574
Baixa vazao,341,Q_40800001,15.5952,-9.253355964075011
Baixa vazao,341,Q_40850000,15.0589,-73.46540853599255
Baixa vazao,341,Q_40930000,1.1884,-32.79576379455825
Baixa vazao,342,P_1944059,0.0,0.0
Baixa vazao,342,P_1944063,0.0,-9.185791993459455
Baixa vazao,342,P_1945002,0.0,-8.42370281863289
Baixa vazao,342,P_1945008,0.0,-8.641044028994425
Baixa vazao,342,P_1946000,0.0,0.0
Baixa vazao,342,P_2044008,0.0,0.0
Baixa vazao,342,P_2044016,0.0,0.0
Baixa vazao,342,P_2044024,0.0,0.0
Baixa vazao,342,P_2044042,0.0,0.0
Baixa vazao,342,P_2045002,0.0,0.0
Baixa vazao,342,P_2046013,0.0,0.0
Baixa vazao,342,Q_40032000,8.1296,-9.2193443940435
Baixa vazao,342,Q_40050000,30.4952,0.0
Baixa vazao,342,Q_40060001,3.4974,-38.87735345943896
Baixa vazao,342,Q_40100000,52.119,-192.0669138459378
Baixa vazao,342,Q_40185000,4.5622,0.0
Baixa vazao,342,Q_40330000,12.034,-81.33203302223902
Baixa vazao,342,Q_40800001,21.0879,-8.449614168414314
Baixa vazao,342,Q_40850000,26.7819,-62.55110086337406
Baixa vazao,342,Q_40930000,1.8894,-31.38372012552014
Baixa vazao,343,P_1944059,0.0,0.0
Baixa vazao,343,P_1944063,0.0,-9.73227837231219
Baixa vazao,343,P_1945002,0.0,-8.29872616174049
Baixa vazao,343,P_1945008,0.0,-8.489882706957346
Baixa vazao,343,P_1946000,0.0,0.0
Baixa vazao,343,P_2044008,0.0,0.0
Baixa vazao,343,P_2044016,0.0,0.0
Baixa vazao,343,P_2044024,0.0,0.0
Baixa vazao,343,P_2044042,0.0,0.0
Baixa vazao,343,P_2045002,0.0,0.0
Baixa vazao,343,P_2046013,0.0,0.0
Baixa vazao,343,Q_40032000,7.441,-9.11775822718692
Baixa vazao,343,Q_40050000,21.3815,0.0
Baixa vazao,343,Q_40060001,2.5334,-42.67500424398033
Baixa vazao,343,Q_40100000,32.3253,-216.33130440896193
Baixa vazao,343,Q_40185000,2.5025,0.0
Baixa vazao,343,Q_40330000,8.7413,-83.86751699661743
Baixa vazao,343,Q_40800001,13.2384,-9.86905589144634
Baixa vazao,343,Q_40850000,18.2703,-70.25142628289527
Baixa vazao,343,Q_40930000,1.2649,-32.896629356179005
Baixa vazao,344,P_1944059,0.0,0.0
Baixa vazao,344,P_1944063,0.0,-9.150097683649928
Baixa vazao,344,P_1945002,0.0,-8.392324822269643
Baixa vazao,344,P_1945008,0.0,-9.0539827752355
Baixa vazao,344,P_1946000,0.0,0.0
Baixa vazao,344,P_2044008,1.5,0.0
Baixa vazao,344,P_2044016,0.0,0.0
Baixa vazao,344,P_2044024,0.0,0.0
Baixa vazao,344,P_2044042,0.0,0.0
Baixa vazao,344,P_2045002,0.0,0.0
Baixa vazao,344,P_2046013,0.0,0.0
Baixa vazao,344,Q_40032000,7.441,-8.908297461134966
Baixa vazao,344,Q_40050000,22.5672,0.0
Baixa vazao,344,Q_40060001,2.5334,-43.19922665309471
Baixa vazao,344,Q_40100000,36.449,-211.06638308612784
Baixa vazao,344,Q_40185000,3.0498,0.0
Baixa vazao,344,Q_40330000,8.4331,-84.46032723811201
Baixa vazao,344,Q_40800001,14.4079,-9.990060683037054
Baixa vazao,344,Q_40850000,18.7438,-69.86788834494364
Baixa vazao,344,Q_40930000,1.2649,-32.29588663138489
Baixa vazao,345,P_1944059,0.0,0.0
Baixa vazao,345,P_1944063,0.0,-9.573319190991436
Baixa vazao,345,P_1945002,0.0,-8.6668554054407
Baixa vazao,345,P_1945008,0.0,-7.958569793670767
Baixa vazao,345,P_1946000,0.0,0.0
Baixa vazao,345,P_2044008,0.0,0.0
Baixa vazao,345,P_2044016,0.0,0.0
Baixa vazao,345,P_2044024,0.0,0.0
Baixa vazao,345,P_2044042,0.0,0.0
Baixa vazao,345,P_2045002,0.0,0.0
Baixa vazao,345,P_2046013,0.0,0.0
Baixa vazao,345,Q_40032000,7.8831,-9.121452988810177
Baixa vazao,345,Q_40050000,32.1416,0.0
Baixa vazao,345,Q_40060001,4.9855,-32.047049353387806
Baixa vazao,345,Q_40100000,71.8088,-167.14415479988102
Baixa vazao,345,Q_40185000,2.7718,0.0
Baixa vazao,345,Q_40330000,5.845,-88.20180121741777
Baixa vazao,345,Q_40800001,11.4007,-9.91735581337605
Baixa vazao,345,Q_40850000,15.9576,-72.1640718635965
Baixa vazao,345,Q_40930000,1.2649,-32.90921522219333
Baixa vazao,346,P_1944059,0.0,0.0
Baixa vazao,346,P_1944063,0.0,0.0
Baixa vazao,346,P_1945002,0.0,0.0
Baixa vazao,346,P_1945008,25.8,46.517540713274876
Baixa vazao,346,P_1946000,0.0,0.0
Baixa vazao,346,P_2044008,0.0,0.0
Baixa vazao,346,P_2044016,12.6,0.0
Baixa vazao,346,P_2044024,8.2,0.0
Baixa vazao,346,P_2044042,42.4,29.697722776967463
Baixa vazao,346,P_2045002,24.0,23.633229064033745
Baixa vazao,346,P_2046013,13.1,0.0
Baixa vazao,346,Q_40032000,7.5115,-6.9581555994210476
Baixa vazao,346,Q_40050000,46.2421,0.0
Baixa vazao,346,Q_40060001,4.3869,-32.938334697196865
Baixa vazao,346,Q_40100000,59.3854,-175.1388426867738
Baixa vazao,346,Q_40185000,4.5622,0.0
Baixa vazao,346,Q_40330000,14.9303,-74.47712266796384
Baixa vazao,346,Q_40800001,24.716,-7.482474095960774
Baixa vazao,346,Q_40850000,15.9576,-67.98753915253093
Baixa vazao,346,Q_40930000,4.727,-25.08325889059671
Baixa vazao,347,P_1944059,0.0,0.0
Baixa vazao,347,P_1944063,0.0,-9.949415999512901
Baixa vazao,347,P_1945002,0.0,-8.550823234968336
Baixa vazao,347,P_1945008,0.0,-8.391163265090618
Baixa vazao,347,P_1946000,0.0,0.0
Baixa vazao,347,P_2044008,0.0,0.0
Baixa vazao,347,P_2044016,0.0,0.0
Baixa vazao,347,P_2044024,0.0,0.0
Baixa vazao,347,P_2044042,0.0,0.0
Baixa vazao,347,P_2045002,0.0,0.0
Baixa vazao,347,P_2046013,0.0,0.0
Baixa vazao,347,Q_40032000,11.8626,-7.764142931783603
Baixa vazao,347,Q_40050000,60.2159,0.0
Baixa vazao,347,Q_40060001,6.8243,-22.550474874237523
Baixa vazao,347,Q_40100000,103.476,-128.4925268237045
Baixa vazao,347,Q_40185000,7.7372,0.0
Baixa vazao,347,Q_40330000,30.9979,-59.520256629449406
Baixa vazao,347,Q_40800001,22.136,-7.413557971974683
Baixa vazao,347,Q_40850000,27.3117,-61.92481292489971
Baixa vazao,347,Q_40930000,6.676,-21.244777377421617
Baixa vazao,348,P_1944059,0.0,0.0
Baixa vazao,348,P_1944063,0.0,-6.362338987765992
Baixa vazao,348,P_1945002,12.9,0.0
Baixa vazao,348,P_1945008,0.0,-5.674521592206867
Baixa vazao,348,P_1946000,0.0,0.0
Baixa vazao,348,P_2044008,0.0,-1.5041062264903076
Baixa vazao,348,P_2044016,0.0,0.0
Baixa vazao,348,P_2044024,0.0,0.0
Baixa vazao,348,P_2044042,0.0,0.0
Baixa vazao,348,P_2045002,0.0,0.0
Baixa vazao,348,P_2046013,0.0,0.0
Baixa vazao,348,Q_40032000,7.1451,-6.897075116526734
Baixa vazao,348,Q_40050000,26.0283,0.0
Baixa vazao,348,Q_40060001,4.9855,-30.627021231108053
Baixa vazao,348,Q_40100000,76.8273,-161.7499660665408
Baixa vazao,348,Q_40185000,6.2595,0.0
Baixa vazao,348,Q_40330000,37.5815,-49.8132851139001
Baixa vazao,348,Q_40800001,23.5685,-5.671019743633845
Baixa vazao,348,Q_40850000,30.5535,-59.14225787407579
Baixa vazao,348,Q_40930000,2.6162,-28.81961911399748
Baixa vazao,349,P_1944059,0.0,0.0
Baixa vazao,349,P_1944063,0.0,-9.571010290850117
Baixa vazao,349,P_1945002,0.0,-8.997123736405753
Baixa vazao,349,P_1945008,0.0,-8.387689106694111
Baixa vazao,349,P_1946000,0.0,0.0
Baixa vazao,349,P_2044008,0.0,0.0
Baixa vazao,349,P_2044016,0.0,0.0
Baixa vazao,349,P_2044024,0.0,0.0
Baixa vazao,349,P_2044042,0.0,0.0
Baixa vazao,349,P_2045002,0.0,0.0
Baixa vazao,349,P_2046013,0.0,0.0
Baixa vazao,349,Q_40032000,6.7738,-9.464297052237944
Baixa vazao,349,Q_40050000,29.693,0.0
Baixa vazao,349,Q_40060001,3.5756,-38.03135640634314
Baixa vazao,349,Q_40100000,49.7169,-195.4571786037336
Baixa vazao,349,Q_40185000,7.3505,0.0
Baixa vazao,349,Q_40330000,25.7919,-65.24722823074083
Baixa vazao,349,Q_40800001,24.5892,-7.896720857563935
Baixa vazao,349,Q_40850000,28.3803,-60.96044803302206
Baixa vazao,349,Q_40930000,2.6527,-29.96661120226782
Baixa vazao,350,P_1944059,0.0,0.0
Baixa vazao,350,P_1944063,0.0,-9.091019787226868
Baixa vazao,350,P_1945002,0.0,-8.230626198033008
Baixa vazao,350,P_1945008,0.0,-8.607314402809974
Baixa vazao,350,P_1946000,0.0,0.0
Baixa vazao,350,P_2044008,0.0,0.0
Baixa vazao,350,P_2044016,0.0,0.0
Baixa vazao,350,P_2044024,0.0,0.0
Baixa vazao,350,P_2044042,0.0,0.0
Baixa vazao,350,P_2045002,0.0,0.0
Baixa vazao,350,P_2046013,0.0,0.0
Baixa vazao,350,Q_40032000,6.784,-9.584800922475518
Baixa vazao,350,Q_40050000,23.7837,0.0
Baixa vazao,350,Q_40060001,4.3869,-34.624260516559005
Baixa vazao,350,Q_40100000,68.1168,-172.0557191775187
Baixa vazao,350,Q_40185000,5.5598,0.0
Baixa vazao,350,Q_40330000,29.5441,-61.42847474521679
Baixa vazao,350,Q_40800001,20.4308,-8.162031262538367
Baixa vazao,350,Q_40850000,26.2553,-62.88985300100024
Baixa vazao,350,Q_40930000,2.1021,-31.62832504212545
Baixa vazao,351,P_1944059,0.0,0.0
Baixa vazao,351,P_1944063,0.0,-9.373631286183453
Baixa vazao,351,P_1945002,0.0,-7.9932453604013745
Baixa vazao,351,P_1945008,0.0,-8.242976999702124
Baixa vazao,351,P_1946000,0.0,0.0
Baixa vazao,351,P_2044008,0.0,0.0
Baixa vazao,351,P_2044016,0.0,0.0
Baixa vazao,351,P_2044024,0.0,0.0
Baixa vazao,351,P_2044042,0.0,0.0
Baixa vazao,351,P_2045002,0.0,0.0
Baixa vazao,351,P_2046013,0.0,0.0
Baixa vazao,351,Q_40032000,6.4284,-9.500804589691626
Baixa vazao,351,Q_40050000,23.5055,0.0
Baixa vazao,351,Q_40060001,4.0561,-35.954808651269765
Baixa vazao,351,Q_40100000,60.6268,-181.71996717493693
Baixa vazao,351,Q_40185000,5.2202,0.0
Baixa vazao,351,Q_40330000,23.9853,-67.98145209155108
Baixa vazao,351,Q_40800001,15.8818,-8.790307543882017
Baixa vazao,351,Q_40850000,20.1855,-68.9422967144813
Baixa vazao,351,Q_40930000,1.8525,-32.43096351303304
Baixa vazao,352,P_1944059,0.0,0.0
Baixa vazao,352,P_1944063,0.0,-9.197507665245727
Baixa vazao,352,P_1945002,0.0,-8.43687150983461
Baixa vazao,352,P_1945008,0.0,-8.337307651629823
Baixa vazao,352,P_1946000,0.0,0.0
Baixa vazao,352,P_2044008,0.0,0.0
Baixa vazao,352,P_2044016,0.0,0.0
Baixa vazao,352,P_2044024,0.0,0.0
Baixa vazao,352,P_2044042,0.0,0.0
Baixa vazao,352,P_2045002,0.0,0.0
Baixa vazao,352,P_2046013,0.0,0.0
Baixa vazao,352,Q_40032000,8.6394,-9.29083867701115
Baixa vazao,352,Q_40050000,44.714,0.0
Baixa vazao,352,Q_40060001,5.8819,-26.976609150874292
Baixa vazao,352,Q_40100000,77.1417,-161.3590978921326
Baixa vazao,352,Q_40185000,7.7378,0.0
Baixa vazao,352,Q_40330000,26.7127,-64.27579020759742
Baixa vazao,352,Q_40800001,33.3007,-5.294701116712815
Baixa vazao,352,Q_40850000,43.918,-45.521082315822404
Baixa vazao,352,Q_40930000,4.8967,-25.663781588369524
Baixa vazao,353,P_1944059,0.0,0.0
Baixa vazao,353,P_1944063,0.0,-9.50684982999168
Baixa vazao,353,P_1945002,0.0,-8.105219790942721
Baixa vazao,353,P_1945008,0.0,-8.47676592543371
Baixa vazao,353,P_1946000,0.0,0.0
Baixa vazao,353,P_2044008,0.0,0.0
Baixa vazao,353,P_2044016,0.0,0.0
Baixa vazao,353,P_2044024,0.0,0.0
Baixa vazao,353,P_2044042,0.0,0.0
Baixa vazao,353,P_2045002,0.0,0.0
Baixa vazao,353,P_2046013,0.0,0.0
Baixa vazao,353,Q_40032000,9.815,-8.826898904392701
Baixa vazao,353,Q_40050000,41.8227,0.0
Baixa vazao,353,Q_40060001,6.0668,-26.259565261432865
Baixa vazao,353,Q_40100000,71.8088,-167.9283421058643
Baixa vazao,353,Q_40185000,4.8876,0.0
Baixa vazao,353,Q_40330000,23.0998,-68.61715893899861
Baixa vazao,353,Q_40800001,15.2633,-8.966051059826123
Baixa vazao,353,Q_40850000,21.164,-67.51385603451737
Baixa vazao,353,Q_40930000,4.4137,-26.27778837109601
Baixa vazao,354,P_1944059,0.0,-4.205179790299553
Baixa vazao,354,P_1944063,0.0,-8.51966699161365
Baixa vazao,354,P_1945002,0.0,-7.872097648736501
Baixa vazao,354,P_1945008,3.4,0.0
Baixa vazao,354,P_1946000,0.0,0.0
Baixa vazao,354,P_2044008,0.0,0.0
Baixa vazao,354,P_2044016,0.0,0.0
Baixa vazao,354,P_2044024,0.0,0.0
Baixa vazao,354,P_2044042,0.0,0.0
Baixa vazao,354,P_2045002,0.0,0.0
Baixa vazao,354,P_2046013,5.4,0.0
Baixa vazao,354,Q_40032000,7.441,-8.577998834059697
Baixa vazao,354,Q_40050000,35.83,0.0
Baixa vazao,354,Q_40060001,2.604,-43.14851648178731
Baixa vazao,354,Q_40100000,38.5719,-210.0590570580475
Baixa vazao,354,Q_40185000,6.2595,0.0
Baixa vazao,354,Q_40330000,13.4541,-79.84771324950856
Baixa vazao,354,Q_40800001,38.483,-5.197440853695144
Baixa vazao,354,Q_40850000,28.9191,-60.126841122043096
Baixa vazao,354,Q_40930000,1.2649,-32.54516949543938
Baixa vazao,355,P_1944059,0.0,0.0
Baixa vazao,355,P_1944063,1.5,0.0
Baixa vazao,355,P_1945002,0.0,-8.13116442521815
Baixa vazao,355,P_1945008,0.0,-8.461144986667808
Baixa vazao,355,P_1946000,0.0,0.0
Baixa vazao,355,P_2044008,0.0,-4.731870637025963
Baixa vazao,355,P_2044016,0.0,0.0
Baixa vazao,355,P_2044024,0.0,0.0
Baixa vazao,355,P_2044042,0.1,0.0
Baixa vazao,355,P_2045002,0.0,0.0
Baixa vazao,355,P_2046013,0.0,0.0
Baixa vazao,355,Q_40032000,8.6413,-9.069582650026073
Baixa vazao,355,Q_40050000,39.9849,0.0
Baixa vazao,355,Q_40060001,6.0668,-26.387839858485663
Baixa vazao,355,Q_40100000,71.8088,-167.78708347868886
Baixa vazao,355,Q_40185000,4.5622,0.0
Baixa vazao,355,Q_40330000,23.5411,-68.63369852930602
Baixa vazao,355,Q_40800001,16.8599,-8.831207140663594
Baixa vazao,355,Q_40850000,20.1855,-68.58100264990927
Baixa vazao,355,Q_40930000,4.104,-27.266596568652965
Baixa vazao,356,P_1944059,0.0,0.0
Baixa vazao,356,P_1944063,0.0,-9.552238144554167
Baixa vazao,356,P_1945002,0.0,-8.204456785157396
Baixa vazao,356,P_1945008,0.0,-8.07232735832112
Baixa vazao,356,P_1946000,0.0,0.0
Baixa vazao,356,P_2044008,0.0,0.0
Baixa vazao,356,P_2044016,0.0,0.0
Baixa vazao,356,P_2044024,0.0,0.0
Baixa vazao,356,P_2044042,0.0,0.0
Baixa vazao,356,P_2045002,0.0,0.0
Baixa vazao,356,P_2046013,0.0,0.0
Baixa vazao,356,Q_40032000,6.784,-9.743278364555039
Baixa vazao,356,Q_40050000,23.7837,0.0
Baixa vazao,356,Q_40060001,4.2205,-35.24486924472834
Baixa vazao,356,Q_40100000,65.6775,-175.51568822648787
Baixa vazao,356,Q_40185000,5.5598,0.0
Baixa vazao,356,Q_40330000,29.5441,-60.940308786663884
Baixa vazao,356,Q_40800001,20.4308,-8.429441283417304
Baixa vazao,356,Q_40850000,25.7317,-63.888555065956275
Baixa vazao,356,Q_40930000,2.1021,-31.306789444588173
Baixa vazao,357,P_1944059,0.0,0.0
Baixa vazao,357,P_1944063,0.0,-9.621149017853305
Baixa vazao,357,P_1945002,0.0,-8.342858946683396
Baixa vazao,357,P_1945008,0.0,-8.54690172219216
Baixa vazao,357,P_1946000,0.0,0.0
Baixa vazao,357,P_2044008,0.0,0.0
Baixa vazao,357,P_2044016,0.0,0.0
Baixa vazao,357,P_2044024,0.0,0.0
Baixa vazao,357,P_2044042,0.0,0.0
Baixa vazao,357,P_2045002,0.0,0.0
Baixa vazao,357,P_2046013,0.0,0.0
Baixa vazao,357,Q_40032000,6.3369,-9.645876375444336
Baixa vazao,357,Q_40050000,28.4544,0.0
Baixa vazao,357,Q_40060001,3.4198,-38.98111278783898
Baixa vazao,357,Q_40100000,47.5692,-198.01734760740533
Baixa vazao,357,Q_40185000,6.6284,0.0
Baixa vazao,357,Q_40330000,21.7942,-69.98817424263524
Baixa vazao,357,Q_40800001,21.9014,-8.080657759741769
Baixa vazao,357,Q_40850000,27.3117,-62.14982179385029
Baixa vazao,357,Q_40930000,2.1314,-30.78886110556987
Baixa vazao,358,P_1944059,0.0,0.0
Baixa vazao,358,P_1944063,0.0,-6.754816742690118
Baixa vazao,358,P_1945002,0.0,-3.8243511690748733
Baixa vazao,358,P_1945008,0.0,-6.1384309666645684
Baixa vazao,358,P_1946000,0.0,0.0
Baixa vazao,358,P_2044008,2.0,0.0
Baixa vazao,358,P_2044016,0.0,0.0
Baixa vazao,358,P_2044024,5.0,0.0
Baixa vazao,358,P_2044042,6.9,0.0
Baixa vazao,358,P_2045002,7.2,0.0
Baixa vazao,358,P_2046013,28.5,0.0
Baixa vazao,358,Q_40032000,7.8831,-5.186207515184994
Baixa vazao,358,Q_40050000,44.3257,0.0
Baixa vazao,358,Q_40060001,5.3384,-27.585314125131056
Baixa vazao,358,Q_40100000,68.1168,-172.13126958846553
Baixa vazao,358,Q_40185000,6.2595,0.0
Baixa vazao,358,Q_40330000,12.034,-79.58966781218115
Baixa vazao,358,Q_40800001,19.1146,-7.485631618129905
Baixa vazao,358,Q_40850000,25.7317,-62.356827221001545
Baixa vazao,358,Q_40930000,7.0112,-19.91429123155043
Baixa vazao,359,P_1944059,0.0,0.0
Baixa vazao,359,P_1944063,0.0,-9.07413263096591
Baixa vazao,359,P_1945002,0.0,-8.420259481803242
Baixa vazao,359,P_1945008,0.0,-8.607131006488569
Baixa vazao,359,P_1946000,0.0,0.0
Baixa vazao,359,P_2044008,0.0,0.0
Baixa vazao,359,P_2044016,0.0,0.0
Baixa vazao,359,P_2044024,0.0,0.0
Baixa vazao,359,P_2044042,0.0,0.0
Baixa vazao,359,P_2045002,0.0,0.0
Baixa vazao,359,P_2046013,0.0,0.0
Baixa vazao,359,Q_40032000,6.3369,-9.941310062848446
Baixa vazao,359,Q_40050000,29.4435,0.0
Baixa vazao,359,Q_40060001,3.5756,-38.221567871100426
Baixa vazao,359,Q_40100000,49.7169,-195.23520443961914
Baixa vazao,359,Q_40185000,7.7378,0.0
Baixa vazao,359,Q_40330000,27.6451,-63.31706138226691
Baixa vazao,359,Q_40800001,23.9068,-8.001469082938002
Baixa vazao,359,Q_40850000,30.5535,-59.02508465645076
Baixa vazao,359,Q_40930000,2.6527,-29.99613833994822
Baixa vazao,360,P_1944059,0.0,0.0
Baixa vazao,360,P_1944063,0.0,-8.3156783709249
Baixa vazao,360,P_1945002,0.0,-6.93060855339796
Baixa vazao,360,P_1945008,25.7,56.980819076001495
Baixa vazao,360,P_1946000,0.0,0.0
Baixa vazao,360,P_2044008,0.0,0.0
Baixa vazao,360,P_2044016,0.0,0.0
Baixa vazao,360,P_2044024,0.0,0.0
Baixa vazao,360,P_2044042,0.0,0.0
Baixa vazao,360,P_2045002,0.0,0.0
Baixa vazao,360,P_2046013,11.4,0.0
Baixa vazao,360,Q_40032000,7.8831,-7.852849400923173
Baixa vazao,360,Q_40050000,33.2589,0.0
Baixa vazao,360,Q_40060001,4.4709,-36.090311197453175
Baixa vazao,360,Q_40100000,74.3045,-168.1175887404755
Baixa vazao,360,Q_40185000,2.7718,0.0
Baixa vazao,360,Q_40330000,6.1155,-90.22434762468698
Baixa vazao,360,Q_40800001,10.9581,-10.189292508707375
Baixa vazao,360,Q_40850000,15.9576,-74.64080937426071
Baixa vazao,360,Q_40930000,1.2649,-33.13997430305837
Baixa vazao,361,P_1944059,0.0,0.0
Baixa vazao,361,P_1944063,0.0,-9.519525819359345
Baixa vazao,361,P_1945002,0.0,-8.287710773985111
Baixa vazao,361,P_1945008,0.0,-8.268106932320668
Baixa vazao,361,P_1946000,0.0,0.0
Baixa vazao,361,P_2044008,0.0,0.0
Baixa vazao,361,P_2044016,0.0,0.0
Baixa vazao,361,P_2044024,0.0,0.0
Baixa vazao,361,P_2044042,0.0,0.0
Baixa vazao,361,P_2045002,0.0,0.0
Baixa vazao,361,P_2046013,0.0,0.0
Baixa vazao,361,Q_40032000,7.8831,-9.13377235930348
Baixa vazao,361,Q_40050000,32.9781,0.0
Baixa vazao,361,Q_40060001,5.2495,-30.588380348092546
Baixa vazao,361,Q_40100000,70.5712,-169.1774003765576
Baixa vazao,361,Q_40185000,6.9856,0.0
Baixa vazao,361,Q_40330000,14.9303,-77.8926557417833
Baixa vazao,361,Q_40800001,15.7865,-9.222568514481011
Baixa vazao,361,Q_40850000,24.6941,-64.52035895466996
Baixa vazao,361,Q_40930000,0.7776,-34.0107394854391
Baixa vazao,362,P_1944059,0.0,0.0
Baixa vazao,362,P_1944063,0.0,-9.65838504950472
Baixa vazao,362,P_1945002,0.0,-8.273590797672828
Baixa vazao,362,P_1945008,0.0,-8.345504246250012
Baixa vazao,362,P_1946000,0.0,0.0
Baixa vazao,362,P_2044008,0.0,0.0
Baixa vazao,362,P_2044016,0.0,0.0
Baixa vazao,362,P_2044024,0.0,0.0
Baixa vazao,362,P_2044042,0.0,0.0
Baixa vazao,362,P_2045002,0.0,0.0
Baixa vazao,362,P_2046013,0.0,0.0
Baixa vazao,362,Q_40032000,8.6413,-9.208629259820478
Baixa vazao,362,Q_40050000,41.8227,0.0
Baixa vazao,362,Q_40060001,6.442,-24.878977605268332
Baixa vazao,362,Q_40100000,92.5145,-140.96425080309484
Baixa vazao,362,Q_40185000,6.6193,0.0
Baixa vazao,362,Q_40330000,14.1853,-78.82179909941112
Baixa vazao,362,Q_40800001,34.8899,-5.162772266786476
Baixa vazao,362,Q_40850000,34.4681,-54.91120270480869
Baixa vazao,362,Q_40930000,1.0163,-33.61544493675342
Baixa vazao,363,P_1944059,0.0,0.0
Baixa vazao,363,P_1944063,0.0,-9.217533869526664
Baixa vazao,363,P_1945002,0.0,-7.937664608798539
Baixa vazao,363,P_1945008,0.0,-8.158757609824002
Baixa vazao,363,P_1946000,0.0,0.0
Baixa vazao,363,P_2044008,0.0,0.0
Baixa vazao,363,P_2044016,0.0,0.0
Baixa vazao,363,P_2044024,0.0,0.0
Baixa vazao,363,P_2044042,0.0,0.0
Baixa vazao,363,P_2045002,0.0,0.0
Baixa vazao,363,P_2046013,0.0,0.0
Baixa vazao,363,Q_40032000,7.5115,-10.10402313040638
Baixa vazao,363,Q_40050000,25.3232,0.0
Baixa vazao,363,Q_40060001,4.726,-32.19677063206474
Baixa vazao,363,Q_40100000,75.5625,-163.10646814464755
Baixa vazao,363,Q_40185000,5.9063,0.0
Baixa vazao,363,Q_40330000,36.022,-53.62211317523219
Baixa vazao,363,Q_40800001,26.7816,-6.621288255655486
Baixa vazao,363,Q_40850000,33.3355,-55.798891582152955
Baixa vazao,363,Q_40930000,2.3568,-30.92778428645309
Baixa vazao,364,P_1944059,0.0,0.0
Baixa vazao,364,P_1944063,0.0,-9.333026767590074
Baixa vazao,364,P_1945002,0.0,-8.038122744346822
Baixa vazao,364,P_1945008,0.0,-8.072357498622523
Baixa vazao,364,P_1946000,0.0,0.0
Baixa vazao,364,P_2044008,0.0,0.0
Baixa vazao,364,P_2044016,0.0,0.0
Baixa vazao,364,P_2044024,0.0,0.0
Baixa vazao,364,P_2044042,0.0,0.0
Baixa vazao,364,P_2045002,0.0,0.0
Baixa vazao,364,P_2046013,0.0,0.0
Baixa vazao,364,Q_40032000,7.5115,-9.4676392575249
Baixa vazao,364,Q_40050000,32.6983,0.0
Baixa vazao,364,Q_40060001,5.073,-31.48657523949861
Baixa vazao,364,Q_40100000,71.8088,-167.5985655940451
Baixa vazao,364,Q_40185000,3.631,0.0
Baixa vazao,364,Q_40330000,9.6892,-83.79042457247347
Baixa vazao,364,Q_40800001,12.3126,-9.768599075499386
Baixa vazao,364,Q_40850000,19.7014,-69.15707031015344
Baixa vazao,364,Q_40930000,2.0576,-31.221734974753446
Baixa vazao,365,P_1944059,0.0,0.0
Baixa vazao,365,P_1944063,0.0,-9.095941953134037
Baixa vazao,365,P_1945002,0.0,-8.436097145988045
Baixa vazao,365,P_1945008,0.0,-8.33290410507083
Baixa vazao,365,P_1946000,0.0,0.0
Baixa vazao,365,P_2044008,0.0,0.0
Baixa vazao,365,P_2044016,0.0,0.0
Baixa vazao,365,P_2044024,0.0,0.0
Baixa vazao,365,P_2044042,0.0,0.0
Baixa vazao,365,P_2045002,0.0,0.0
Baixa vazao,365,P_2046013,0.0,0.0
Baixa vazao,365,Q_40032000,6.784,-9.95197090120855
Baixa vazao,365,Q_40050000,23.7837,0.0
Baixa vazao,365,Q_40060001,4.3034,-34.91451556029888
Baixa vazao,365,Q_40100000,66.9,-174.37868846720085
Baixa vazao,365,Q_40185000,5.5598,0.0
Baixa vazao,365,Q_40330000,29.0651,-61.43877742413365
Baixa vazao,365,Q_40800001,20.4308,-8.249633271896414
Baixa vazao,365,Q_40850000,25.7317,-63.41071779692591
Baixa vazao,365,Q_40930000,2.1021,-31.24766603950989
Baixa vazao,366,P_1944059,0.0,0.0
Baixa vazao,366,P_1944063,0.0,-9.232497120023915
Baixa vazao,366,P_1945002,44.3,71.64049702569943
Baixa vazao,366,P_1945008,0.0,-8.438530189771331
Baixa vazao,366,P_1946000,5.2,-6.323211415142623
Baixa vazao,366,P_2044008,5.5,0.0
Baixa vazao,366,P_2044016,7.7,0.0
Baixa vazao,366,P_2044024,3.6,0.0
Baixa vazao,366,P_2044042,17.0,-15.972856676924629
Baixa vazao,366,P_2045002,0.0,0.0
Baixa vazao,366,P_2046013,15.2,0.0
Baixa vazao,366,Q_40032000,12.2259,0.0
Baixa vazao,366,Q_40050000,39.6819,0.0
Baixa vazao,366,Q_40060001,4.2205,-40.22262279248872
Baixa vazao,366,Q_40100000,63.1353,-186.94625278740918
Baixa vazao,366,Q_40185000,6.6193,0.0
Baixa vazao,366,Q_40330000,15.6889,-79.6569157802094
Baixa vazao,366,Q_40800001,23.8737,-9.072220359143673
Baixa vazao,366,Q_40850000,33.9004,-58.204417132941344
Baixa vazao,366,Q_40930000,16.1074,0.0
Baixa vazao,367,P_1944059,0.0,0.0
Baixa vazao,367,P_1944063,0.0,-9.302732802366512
Baixa vazao,367,P_1945002,0.0,-8.780617505537508
Baixa vazao,367,P_1945008,0.0,-8.282758299987693
Baixa vazao,367,P_1946000,0.0,0.0
Baixa vazao,367,P_2044008,0.0,0.0
Baixa vazao,367,P_2044016,0.0,0.0
Baixa vazao,367,P_2044024,0.0,0.0
Baixa vazao,367,P_2044042,0.0,0.0
Baixa vazao,367,P_2045002,0.0,0.0
Baixa vazao,367,P_2046013,0.0,0.0
Baixa vazao,367,Q_40032000,8.6394,-9.311560312654334
Baixa vazao,367,Q_40050000,37.5739,0.0
Baixa vazao,367,Q_40060001,4.9855,-31.089298677313614
Baixa vazao,367,Q_40100000,67.0446,-173.3889789119541
Baixa vazao,367,Q_40185000,8.9491,0.0
Baixa vazao,367,Q_40330000,31.9809,-58.13946205932842
Baixa vazao,367,Q_40800001,32.5389,-5.804127453166075
Baixa vazao,367,Q_40850000,39.7006,-49.7185986793066
Baixa vazao,367,Q_40930000,4.6044,-25.99086689197498
Baixa vazao,368,P_1944059,0.0,0.0
Baixa vazao,368,P_1944063,0.0,-9.50527245680456
Baixa vazao,368,P_1945002,0.0,-8.294864507357033
Baixa vazao,368,P_1945008,0.0,-8.972734079517217
Baixa vazao,368,P_1946000,0.0,0.0
Baixa vazao,368,P_2044008,0.0,0.0
Baixa vazao,368,P_2044016,0.0,0.0
Baixa vazao,368,P_2044024,0.0,0.0
Baixa vazao,368,P_2044042,0.0,0.0
Baixa vazao,368,P_2045002,0.0,0.0
Baixa vazao,368,P_2046013,0.0,0.0
Baixa vazao,368,Q_40032000,7.441,-9.683409652577033
Baixa vazao,368,Q_40050000,22.328,0.0
Baixa vazao,368,Q_40060001,2.604,-42.093252262123535
Baixa vazao,368,Q_40100000,34.3665,-213.72843013480744
Baixa vazao,368,Q_40185000,2.7718,0.0
Baixa vazao,368,Q_40330000,11.688,-81.11630930478947
Baixa vazao,368,Q_40800001,13.2384,-10.105694789737377
Baixa vazao,368,Q_40850000,18.2703,-70.27139493293329
Baixa vazao,368,Q_40930000,1.2649,-32.22280106351899
Baixa vazao,369,P_1944059,0.0,0.0
Baixa vazao,369,P_1944063,0.0,-8.391870783185066
Baixa vazao,369,P_1945002,0.0,-8.073889466633267
Baixa vazao,369,P_1945008,3.2,0.0
Baixa vazao,369,P_1946000,0.0,0.0
Baixa vazao,369,P_2044008,0.0,-4.376530656105672
Baixa vazao,369,P_2044016,0.0,0.0
Baixa vazao,369,P_2044024,0.0,0.0
Baixa vazao,369,P_2044042,0.0,0.0
Baixa vazao,369,P_2045002,0.0,0.0
Baixa vazao,369,P_2046013,0.0,0.0
Baixa vazao,369,Q_40032000,6.784,-9.02206791573398
Baixa vazao,369,Q_40050000,22.3984,0.0
Baixa vazao,369,Q_40060001,5.6989,-27.78102743631469
Baixa vazao,369,Q_40100000,55.7127,-188.23632209418273
Baixa vazao,369,Q_40185000,3.9337,0.0
Baixa vazao,369,Q_40330000,14.9303,-78.60489663584691
Baixa vazao,369,Q_40800001,20.4308,-7.535489128483963
Baixa vazao,369,Q_40850000,35.0386,-54.6927695070269
Baixa vazao,369,Q_40930000,2.88,-29.14784127818202
Baixa vazao,370,P_1944059,0.0,0.0
Baixa vazao,370,P_1944063,0.0,-9.3217831594237
Baixa vazao,370,P_1945002,0.0,-8.390714179834674
Baixa vazao,370,P_1945008,0.0,-8.406553922673313
Baixa vazao,370,P_1946000,0.0,0.0
Baixa vazao,370,P_2044008,0.0,0.0
Baixa vazao,370,P_2044016,0.0,0.0
Baixa vazao,370,P_2044024,0.0,0.0
Baixa vazao,370,P_2044042,0.0,0.0
Baixa vazao,370,P_2045002,0.0,0.0
Baixa vazao,370,P_2046013,0.0,0.0
Baixa vazao,370,Q_40032000,6.784,-9.580798699952148
Baixa vazao,370,Q_40050000,23.6445,0.0
Baixa vazao,370,Q_40060001,4.138,-35.201972617207154
Baixa vazao,370,Q_40100000,63.1353,-178.30815630039083
Baixa vazao,370,Q_40185000,5.5598,0.0
Baixa vazao,370,Q_40330000,26.2508,-65.2317906436207
Baixa vazao,370,Q_40800001,18.1312,-8.792191033502384
Baixa vazao,370,Q_40850000,22.6572,-66.9932303736518
Baixa vazao,370,Q_40930000,1.8525,-32.06545324145802
Baixa vazao,371,P_1944059,0.0,0.0
Baixa vazao,371,P_1944063,0.0,-9.254274312159787
Baixa vazao,371,P_1945002,0.0,-8.759481948694155
Baixa vazao,371,P_1945008,0.0,-7.962992504774296
Baixa vazao,371,P_1946000,0.0,0.0
Baixa vazao,371,P_2044008,0.0,0.0
Baixa vazao,371,P_2044016,0.0,0.0
Baixa vazao,371,P_2044024,0.0,0.0
Baixa vazao,371,P_2044042,0.0,0.0
Baixa vazao,371,P_2045002,0.0,0.0
Baixa vazao,371,P_2046013,0.0,0.0
Baixa vazao,371,Q_40032000,6.4284,-9.373716647728477
Baixa vazao,371,Q_40050000,23.6445,0.0
Baixa vazao,371,Q_40060001,4.4709,-34.092210542122444
Baixa vazao,371,Q_40100000,69.3405,-170.76627715338947
Baixa vazao,371,Q_40185000,4.2442,0.0
Baixa vazao,371,Q_40330000,26.2508,-64.92066189877224
Baixa vazao,371,Q_40800001,21.9898,-7.990553237394408
Baixa vazao,371,Q_40850000,28.9191,-60.57748678532815
Baixa vazao,371,Q_40930000,1.3702,-33.027186712152094
Baixa vazao,372,P_1944059,0.0,0.0
Baixa vazao,372,P_1944063,0.0,-9.203122125377158
Baixa vazao,372,P_1945002,0.0,-8.121468488537369
Baixa vazao,372,P_1945008,0.0,-8.473353888643233
Baixa vazao,372,P_1946000,0.0,0.0
Baixa vazao,372,P_2044008,0.0,0.0
Baixa vazao,372,P_2044016,0.0,0.0
Baixa vazao,372,P_2044024,0.0,0.0
Baixa vazao,372,P_2044042,0.0,0.0
Baixa vazao,372,P_2045002,0.0,0.0
Baixa vazao,372,P_2046013,0.0,0.0
Baixa vazao,372,Q_40032000,6.4284,-9.745773631846005
Baixa vazao,372,Q_40050000,23.7837,0.0
Baixa vazao,372,Q_40060001,4.4709,-33.72706758218348
Baixa vazao,372,Q_40100000,68.1168,-172.54102116103903
Baixa vazao,372,Q_40185000,4.5622,0.0
Baixa vazao,372,Q_40330000,26.7127,-64.00959249879436
Baixa vazao,372,Q_40800001,22.7768,-7.642408850330298
Baixa vazao,372,Q_40850000,32.7733,-56.95660898047613
Baixa vazao,372,Q_40930000,1.3702,-33.14075876380407
Baixa vazao,373,P_1944059,0.0,0.0
Baixa vazao,373,P_1944063,0.0,-9.62869341906292
Baixa vazao,373,P_1945002,0.0,-8.54510562182827
Baixa vazao,373,P_1945008,0.0,-8.583696546603328
Baixa vazao,373,P_1946000,0.0,0.0
Baixa vazao,373,P_2044008,0.0,0.0
Baixa vazao,373,P_2044016,0.0,0.0
Baixa vazao,373,P_2044024,0.0,0.0
Baixa vazao,373,P_2044042,0.0,0.0
Baixa vazao,373,P_2045002,0.0,0.0
Baixa vazao,373,P_2046013,0.0,0.0
Baixa vazao,373,Q_40032000,7.6124,-8.918429139645141
Baixa vazao,373,Q_40050000,27.5701,0.0
Baixa vazao,373,Q_40060001,3.0402,-40.74811026377934
Baixa vazao,373,Q_40100000,45.176,-200.20076816270077
Baixa vazao,373,Q_40185000,4.2442,0.0
Baixa vazao,373,Q_40330000,14.1853,-78.8437506694508
Baixa vazao,373,Q_40800001,16.7995,-9.437799523232085
Baixa vazao,373,Q_40850000,19.7014,-69.24522339291964
Baixa vazao,373,Q_40930000,1.4107,-32.27007286462144
Baixa vazao,374,P_1944059,11.04,0.0
Baixa vazao,374,P_1944063,10.0,15.521819401452621
Baixa vazao,374,P_1945002,12.1,12.493540779496149
Baixa vazao,374,P_1945008,0.0,-6.344778856620422
Baixa vazao,374,P_1946000,0.0,0.0
Baixa vazao,374,P_2044008,31.9,35.55793055940423
Baixa vazao,374,P_2044016,19.2,7.709694384256414
Baixa vazao,374,P_2044024,39.0,35.859446181729034
Baixa vazao,374,P_2044042,5.2,0.0
Baixa vazao,374,P_2045002,0.0,0.0
Baixa vazao,374,P_2046013,0.0,0.0
Baixa vazao,374,Q_40032000,10.6207,0.0
Baixa vazao,374,Q_40050000,39.3799,0.0
Baixa vazao,374,Q_40060001,11.2362,0.0
Baixa vazao,374,Q_40100000,59.3854,-186.09965823686244
Baixa vazao,374,Q_40185000,6.2595,0.0
Baixa vazao,374,Q_40330000,23.0998,-68.96545194725864
Baixa vazao,374,Q_40800001,50.6,0.0
Baixa vazao,374,Q_40850000,43.918,-46.58979335688309
Baixa vazao,374,Q_40930000,6.0141,-22.049269423202055
Baixa vazao,375,P_1944059,0.0,0.0
Baixa vazao,375,P_1944063,0.0,-9.104999881920312
Baixa vazao,375,P_1945002,0.0,-8.229650724847964
Baixa vazao,375,P_1945008,0.0,-8.496968678904276
Baixa vazao,375,P_1946000,0.0,0.0
Baixa vazao,375,P_2044008,0.0,0.0
Baixa vazao,375,P_2044016,0.0,0.0
Baixa vazao,375,P_2044024,0.8,0.0
Baixa vazao,375,P_2044042,0.0,0.0
Baixa vazao,375,P_2045002,0.0,0.0
Baixa vazao,375,P_2046013,1.8,0.0
Baixa vazao,375,Q_40032000,8.6394,-9.071159181872646
Baixa vazao,375,Q_40050000,43.8303,0.0
Baixa vazao,375,Q_40060001,5.4278,-28.916333350792836
Baixa vazao,375,Q_40100000,72.0203,-167.84550209171056
Baixa vazao,375,Q_40185000,8.1334,0.0
Baixa vazao,375,Q_40330000,28.5889,-62.270057191477015
Baixa vazao,375,Q_40800001,34.0688,-5.588770539155973
Baixa vazao,375,Q_40850000,43.918,-45.2449071008603
Baixa vazao,375,Q_40930000,5.192,-24.42059669970411
Baixa vazao,376,P_1944059,0.0,0.0
Baixa vazao,376,P_1944063,0.249462366,-8.610806242913098
Baixa vazao,376,P_1945002,0.0,-8.884142263192164
Baixa vazao,376,P_1945008,0.0,-8.439517739395512
Baixa vazao,376,P_1946000,0.0,0.0
Baixa vazao,376,P_2044008,0.0,0.0
Baixa vazao,376,P_2044016,0.0,0.0
Baixa vazao,376,P_2044024,0.0,0.0
Baixa vazao,376,P_2044042,0.0,0.0
Baixa vazao,376,P_2045002,0.0,0.0
Baixa vazao,376,P_2046013,0.0,0.0
Baixa vazao,376,Q_40032000,10.6207,-7.884632303706951
Baixa vazao,376,Q_40050000,52.869,0.0
Baixa vazao,376,Q_40060001,6.442,-24.457660846654882
Baixa vazao,376,Q_40100000,87.1825,-149.0679819167999
Baixa vazao,376,Q_40185000,6.6193,0.0
Baixa vazao,376,Q_40330000,30.9979,-59.1327680576278
Baixa vazao,376,Q_40800001,19.1146,-7.8994031462069305
Baixa vazao,376,Q_40850000,23.1615,-65.37997724641242
Baixa vazao,376,Q_40930000,5.3641,-24.535968031851976
Baixa vazao,377,P_1944059,0.0,0.0
Baixa vazao,377,P_1944063,0.0,-9.636933819866552
Baixa vazao,377,P_1945002,0.0,-8.555010157562958
Baixa vazao,377,P_1945008,0.0,-8.020223178073017
Baixa vazao,377,P_1946000,0.0,0.0
Baixa vazao,377,P_2044008,0.0,0.0
Baixa vazao,377,P_2044016,0.0,0.0
Baixa vazao,377,P_2044024,0.0,0.0
Baixa vazao,377,P_2044042,0.0,0.0
Baixa vazao,377,P_2045002,0.0,0.0
Baixa vazao,377,P_2046013,0.0,0.0
Baixa vazao,377,Q_40032000,7.2226,-9.35191049528739
Baixa vazao,377,Q_40050000,34.5958,0.0
Baixa vazao,377,Q_40060001,4.2205,-35.31691568297187
Baixa vazao,377,Q_40100000,57.5381,-185.6732644787416
Baixa vazao,377,Q_40185000,6.6284,0.0
Baixa vazao,377,Q_40330000,23.0998,-68.39805461516981
Baixa vazao,377,Q_40800001,29.5559,-6.754135106355818
Baixa vazao,377,Q_40850000,37.3481,-52.105753957548984
Baixa vazao,377,Q_40930000,2.9201,-29.46970049263676
Baixa vazao,378,P_1944059,0.0,0.0
Baixa vazao,378,P_1944063,0.0,-9.235875709568502
Baixa vazao,378,P_1945002,0.0,-8.531227513903893
Baixa vazao,378,P_1945008,0.0,-8.366626410013907
Baixa vazao,378,P_1946000,0.0,0.0
Baixa vazao,378,P_2044008,0.0,0.0
Baixa vazao,378,P_2044016,0.0,0.0
Baixa vazao,378,P_2044024,0.0,0.0
Baixa vazao,378,P_2044042,0.0,0.0
Baixa vazao,378,P_2045002,0.0,0.0
Baixa vazao,378,P_2046013,0.0,0.0
Baixa vazao,378,Q_40032000,7.441,-9.353107609987518
Baixa vazao,378,Q_40050000,27.0513,0.0
Baixa vazao,378,Q_40060001,3.0402,-40.893125845839826
Baixa vazao,378,Q_40100000,44.0513,-201.7448044887408
Baixa vazao,378,Q_40185000,3.9337,0.0
Baixa vazao,378,Q_40330000,13.0938,-79.6350726175893
Baixa vazao,378,Q_40800001,16.3963,-9.930537846745715
Baixa vazao,378,Q_40850000,17.8004,-70.59863008072085
Baixa vazao,378,Q_40930000,1.4107,-32.37694613771569
Baixa vazao,379,P_1944059,0.0,0.0
Baixa vazao,379,P_1944063,0.0,-9.363191888417148
Baixa vazao,379,P_1945002,0.0,-8.65591925368683
Baixa vazao,379,P_1945008,0.0,-8.506502035373458
Baixa vazao,379,P_1946000,0.0,0.0
Baixa vazao,379,P_2044008,0.0,0.0
Baixa vazao,379,P_2044016,0.0,0.0
Baixa vazao,379,P_2044024,0.0,0.0
Baixa vazao,379,P_2044042,0.0,0.0
Baixa vazao,379,P_2045002,0.0,0.0
Baixa vazao,379,P_2046013,0.0,0.0
Baixa vazao,379,Q_40032000,6.0782,-9.817624443685581
Baixa vazao,379,Q_40050000,22.2606,0.0
Baixa vazao,379,Q_40060001,4.3034,-34.788475313606185
Baixa vazao,379,Q_40100000,63.1353,-178.19084146535124
Baixa vazao,379,Q_40185000,4.2442,0.0
Baixa vazao,379,Q_40330000,24.4325,-67.2222034978738
Baixa vazao,379,Q_40800001,16.6258,-8.814563371625013
Baixa vazao,379,Q_40850000,22.6572,-66.68254824153435
Baixa vazao,379,Q_40930000,1.3702,-32.64971570060027
Baixa vazao,380,P_1944059,0.0,0.0
Baixa vazao,380,P_1944063,0.0,-9.451879850949112
Baixa vazao,380,P_1945002,0.0,-8.444901500082096
Baixa vazao,380,P_1945008,0.0,-8.650590323439054
Baixa vazao,380,P_1946000,0.0,0.0
Baixa vazao,380,P_2044008,0.0,0.0
Baixa vazao,380,P_2044016,0.0,0.0
Baixa vazao,380,P_2044024,0.0,0.0
Baixa vazao,380,P_2044042,0.0,0.0
Baixa vazao,380,P_2045002,0.0,0.0
Baixa vazao,380,P_2046013,0.0,0.0
Baixa vazao,380,Q_40032000,7.6124,-9.17892377974742
Baixa vazao,380,Q_40050000,27.831,0.0
Baixa vazao,380,Q_40060001,3.0402,-40.46770314088566
Baixa vazao,380,Q_40100000,45.176,-200.5558008465637
Baixa vazao,380,Q_40185000,4.2442,0.0
Baixa vazao,380,Q_40330000,11.0068,-82.22506268914252
Baixa vazao,380,Q_40800001,17.2046,-9.417590095143643
Baixa vazao,380,Q_40850000,20.1855,-68.29083123620089
Baixa vazao,380,Q_40930000,1.4107,-32.54599095858407
Baixa vazao,381,P_1944059,0.0,0.0
Baixa vazao,381,P_1944063,0.0,-9.657345074247564
Baixa vazao,381,P_1945002,0.0,-8.25771395419622
Baixa vazao,381,P_1945008,0.0,-8.511500510100053
Baixa vazao,381,P_1946000,0.0,0.0
Baixa vazao,381,P_2044008,0.0,0.0
Baixa vazao,381,P_2044016,0.0,0.0
Baixa vazao,381,P_2044024,0.0,0.0
Baixa vazao,381,P_2044042,0.0,0.0
Baixa vazao,381,P_2045002,0.0,0.0
Baixa vazao,381,P_2046013,0.0,0.0
Baixa vazao,381,Q_40032000,7.6124,-9.249710938490418
Baixa vazao,381,Q_40050000,27.3102,0.0
Baixa vazao,381,Q_40060001,3.0402,-40.57703070718749
Baixa vazao,381,Q_40100000,45.176,-200.41351392025365
Baixa vazao,381,Q_40185000,4.2442,0.0
Baixa vazao,381,Q_40330000,12.737,-80.04845491039337
Baixa vazao,381,Q_40800001,16.3963,-9.556646711724056
Baixa vazao,381,Q_40850000,18.7438,-69.67081092461211
Baixa vazao,381,Q_40930000,1.4107,-32.908769669923835
Baixa vazao,382,P_1944059,0.0,0.0
Baixa vazao,382,P_1944063,0.0,-9.376480039999528
Baixa vazao,382,P_1945002,0.0,-8.390714480117495
Baixa vazao,382,P_1945008,0.0,-8.9332755656818
Baixa vazao,382,P_1946000,0.0,0.0
Baixa vazao,382,P_2044008,0.0,0.0
Baixa vazao,382,P_2044016,0.0,0.0
Baixa vazao,382,P_2044024,0.0,0.0
Baixa vazao,382,P_2044042,0.0,0.0
Baixa vazao,382,P_2045002,0.0,0.0
Baixa vazao,382,P_2046013,0.0,0.0
Baixa vazao,382,Q_40032000,5.912,-9.534752023806789
Baixa vazao,382,Q_40050000,26.9969,0.0
Baixa vazao,382,Q_40060001,3.2663,-39.50047098865808
Baixa vazao,382,Q_40100000,44.4214,-201.96416161379832
Baixa vazao,382,Q_40185000,8.1334,0.0
Baixa vazao,382,Q_40330000,28.1156,-62.80875290213707
Baixa vazao,382,Q_40800001,21.9014,-8.248817522717134
Baixa vazao,382,Q_40850000,28.3803,-60.75630152997078
Baixa vazao,382,Q_40930000,1.8783,-31.533121301214447
Baixa vazao,383,P_1944059,0.0,0.0
Baixa vazao,383,P_1944063,0.0,-9.316702313308609
Baixa vazao,383,P_1945002,0.0,-8.238106044969072
Baixa vazao,383,P_1945008,0.0,-8.579873715805316
Baixa vazao,383,P_1946000,0.0,0.0
Baixa vazao,383,P_2044008,0.0,0.0
Baixa vazao,383,P_2044016,0.0,0.0
Baixa vazao,383,P_2044024,0.0,0.0
Baixa vazao,383,P_2044042,0.0,0.0
Baixa vazao,383,P_2045002,0.0,0.0
Baixa vazao,383,P_2046013,0.0,0.0
Baixa vazao,383,Q_40032000,7.8831,-9.60417917950503
Baixa vazao,383,Q_40050000,36.7046,0.0
Baixa vazao,383,Q_40060001,5.608,-28.434082306294332
Baixa vazao,383,Q_40100000,69.3405,-171.33977581572157
Baixa vazao,383,Q_40185000,4.2442,0.0
Baixa vazao,383,Q_40330000,24.4325,-66.94946140322227
Baixa vazao,383,Q_40800001,13.7476,-9.011823910725177
Baixa vazao,383,Q_40850000,21.6584,-67.24688148923285
Baixa vazao,383,Q_40930000,2.6178,-30.088771542735234
Baixa vazao,384,P_1944059,0.0,0.0
Baixa vazao,384,P_1944063,0.0,-9.447196349785317
Baixa vazao,384,P_1945002,0.0,-8.474798817266516
Baixa vazao,384,P_1945008,0.0,-8.320760408729589
Baixa vazao,384,P_1946000,0.0,0.0
Baixa vazao,384,P_2044008,0.0,0.0
Baixa vazao,384,P_2044016,0.0,0.0
Baixa vazao,384,P_2044024,0.0,0.0
Baixa vazao,384,P_2044042,0.0,0.0
Baixa vazao,384,P_2045002,0.0,0.0
Baixa vazao,384,P_2046013,0.0,0.0
Baixa vazao,384,Q_40032000,8.1556,-9.15364351887759
Baixa vazao,384,Q_40050000,40.9373,0.0
Baixa vazao,384,Q_40060001,5.073,-30.66627617408997
Baixa vazao,384,Q_40100000,68.2748,-172.12758226355717
Baixa vazao,384,Q_40185000,8.5372,0.0
Baixa vazao,384,Q_40330000,30.5105,-59.99192972000263
Baixa vazao,384,Q_40800001,31.7835,-5.679987960538654
Baixa vazao,384,Q_40850000,40.8927,-48.83006311492273
Baixa vazao,384,Q_40930000,4.6044,-25.875369222850928
Baixa vazao,385,P_1944059,0.0,0.0
Baixa vazao,385,P_1944063,0.249462366,-8.743840661147235
Baixa vazao,385,P_1945002,0.0,-8.578237775664032
Baixa vazao,385,P_1945008,0.0,-8.676425929784864
Baixa vazao,385,P_1946000,0.0,0.0
Baixa vazao,385,P_2044008,0.0,0.0
Baixa vazao,385,P_2044016,0.0,0.0
Baixa vazao,385,P_2044024,0.0,0.0
Baixa vazao,385,P_2044042,0.0,0.0
Baixa vazao,385,P_2045002,0.0,0.0
Baixa vazao,385,P_2046013,0.0,0.0
Baixa vazao,385,Q_40032000,11.0303,-8.226364214955533
Baixa vazao,385,Q_40050000,55.6214,0.0
Baixa vazao,385,Q_40060001,6.6323,-23.867040697468582
Baixa vazao,385,Q_40100000,92.5145,-141.88070010027127
Baixa vazao,385,Q_40185000,6.9856,0.0
Baixa vazao,385,Q_40330000,27.6451,-63.064789363883826
Baixa vazao,385,Q_40800001,20.2961,-7.468102312004305
Baixa vazao,385,Q_40850000,25.2113,-63.65356762858734
Baixa vazao,385,Q_40930000,5.6875,-23.541839648103956
Baixa vazao,386,P_1944059,0.0,0.0
Baixa vazao,386,P_1944063,0.0,-9.275423602988297
Baixa vazao,386,P_1945002,0.0,-8.333945094736345
Baixa vazao,386,P_1945008,0.0,-8.028840874422121
Baixa vazao,386,P_1946000,0.0,0.0
Baixa vazao,386,P_2044008,0.0,0.0
Baixa vazao,386,P_2044016,0.6,0.0
Baixa vazao,386,P_2044024,0.0,0.0
Baixa vazao,386,P_2044042,0.0,0.0
Baixa vazao,386,P_2045002,0.0,0.0
Baixa vazao,386,P_2046013,0.0,0.0
Baixa vazao,386,Q_40032000,8.8259,-9.353903789723521
Baixa vazao,386,Q_40050000,38.1813,0.0
Baixa vazao,386,Q_40060001,3.4974,-39.04028466473017
Baixa vazao,386,Q_40100000,56.9282,-186.8623810994667
Baixa vazao,386,Q_40185000,5.2202,0.0
Baixa vazao,386,Q_40330000,16.4609,-76.26257704338819
Baixa vazao,386,Q_40800001,28.2496,-6.840977930740564
Baixa vazao,386,Q_40850000,30.0057,-59.40965693487533
Baixa vazao,386,Q_40930000,2.4097,-30.569612548264562
Baixa vazao,387,P_1944059,0.0,0.0
Baixa vazao,387,P_1944063,0.0,-9.482641227862178
Baixa vazao,387,P_1945002,0.0,-8.760796617559043
Baixa vazao,387,P_1945008,0.0,-8.531756051904722
Baixa vazao,387,P_1946000,0.0,0.0
Baixa vazao,387,P_2044008,0.0,0.0
Baixa vazao,387,P_2044016,0.0,0.0
Baixa vazao,387,P_2044024,0.0,0.0
Baixa vazao,387,P_2044042,0.0,0.0
Baixa vazao,387,P_2045002,0.0,0.0
Baixa vazao,387,P_2046013,0.0,0.0
Baixa vazao,387,Q_40032000,8.1296,-9.10514587347782
Baixa vazao,387,Q_40050000,30.4952,0.0
Baixa vazao,387,Q_40060001,3.8134,-37.02709553773677
Baixa vazao,387,Q_40100000,52.119,-192.37900444077846
Baixa vazao,387,Q_40185000,4.8876,0.0
Baixa vazao,387,Q_40330000,12.3837,-80.68090364243108
Baixa vazao,387,Q_40800001,20.4087,-8.333633613076751
Baixa vazao,387,Q_40850000,26.7819,-62.49872684214015
Baixa vazao,387,Q_40930000,1.8894,-31.65575160404466
Baixa vazao,388,P_1944059,0.0,0.0
Baixa vazao,388,P_1944063,0.0,-10.060450362916967
Baixa vazao,388,P_1945002,0.0,-8.310113230675881
Baixa vazao,388,P_1945008,0.0,-8.730301930662153
Baixa vazao,388,P_1946000,0.0,0.0
Baixa vazao,388,P_2044008,0.0,0.0
Baixa vazao,388,P_2044016,1.0,0.0
Baixa vazao,388,P_2044024,0.0,0.0
Baixa vazao,388,P_2044042,3.8,0.0
Baixa vazao,388,P_2045002,0.0,0.0
Baixa vazao,388,P_2046013,0.0,0.0
Baixa vazao,388,Q_40032000,6.7606,-9.506957713815376
Baixa vazao,388,Q_40050000,24.0247,0.0
Baixa vazao,388,Q_40060001,2.604,-43.81364570280709
Baixa vazao,388,Q_40100000,36.449,-212.37516465007863
Baixa vazao,388,Q_40185000,4.2442,0.0
Baixa vazao,388,Q_40330000,10.013,-83.03635985932178
Baixa vazao,388,Q_40800001,15.9948,-10.305721114560374
Baixa vazao,388,Q_40850000,20.6731,-68.45096217074772
Baixa vazao,388,Q_40930000,1.7864,-32.52238348227139
Baixa vazao,389,P_1944059,0.0,0.0
Baixa vazao,389,P_1944063,0.249462366,-8.573768343915122
Baixa vazao,389,P_1945002,0.0,-8.717203807776457
Baixa vazao,389,P_1945008,0.0,-8.469921530213954
Baixa vazao,389,P_1946000,0.0,0.0
Baixa vazao,389,P_2044008,0.0,0.0
Baixa vazao,389,P_2044016,0.0,0.0
Baixa vazao,389,P_2044024,0.0,0.0
Baixa vazao,389,P_2044042,0.0,0.0
Baixa vazao,389,P_2045002,0.0,0.0
Baixa vazao,389,P_2046013,0.0,0.0
Baixa vazao,389,Q_40032000,10.2156,-8.464039124857928
Baixa vazao,389,Q_40050000,49.179,0.0
Baixa vazao,389,Q_40060001,5.6989,-28.08177142643075
Baixa vazao,389,Q_40100000,81.9526,-155.2463944129178
Baixa vazao,389,Q_40185000,6.2595,0.0
Baixa vazao,389,Q_40330000,37.059,-52.13523042879616
Baixa vazao,389,Q_40800001,17.9692,-7.687033215376851
Baixa vazao,389,Q_40850000,22.1561,-66.98666355549076
Baixa vazao,389,Q_40930000,5.0439,-24.724868814220198
Baixa vazao,390,P_1944059,0.0,0.0
Baixa vazao,390,P_1944063,0.0,-8.56120644915673
Baixa vazao,390,P_1945002,0.0,-7.893502407470633
Baixa vazao,390,P_1945008,0.0,-8.302143357544931
Baixa vazao,390,P_1946000,0.0,0.0
Baixa vazao,390,P_2044008,0.0,0.0
Baixa vazao,390,P_2044016,0.0,0.0
Baixa vazao,390,P_2044024,0.0,0.0
Baixa vazao,390,P_2044042,0.0,0.0
Baixa vazao,390,P_2045002,0.0,0.0
Baixa vazao,390,P_2046013,5.2,0.0
Baixa vazao,390,Q_40032000,8.1556,-9.341211180095952
Baixa vazao,390,Q_40050000,39.5215,0.0
Baixa vazao,390,Q_40060001,4.6405,-32.418298602191825
Baixa vazao,390,Q_40100000,63.4096,-178.57238763962437
Baixa vazao,390,Q_40185000,8.9491,0.0
Baixa vazao,390,Q_40330000,32.4766,-57.47407818232
Baixa vazao,390,Q_40800001,34.8431,-4.9901767309866045
Baixa vazao,390,Q_40850000,45.1458,-44.54265962290169
Baixa vazao,390,Q_40930000,3.7464,-27.30336427676578
Baixa vazao,391,P_1944059,1.0,0.0
Baixa vazao,391,P_1944063,2.6,0.0
Baixa vazao,391,P_1945002,0.0,0.0
Baixa vazao,391,P_1945008,15.0,0.0
Baixa vazao,391,P_1946000,16.4,-15.247035236387687
Baixa vazao,391,P_2044008,12.6,0.0
Baixa vazao,391,P_2044016,18.2,0.0
Baixa vazao,391,P_2044024,9.7,0.0
Baixa vazao,391,P_2044042,24.7,-8.514764646821552
Baixa vazao,391,P_2045002,48.2,79.6020792547173
Baixa vazao,391,P_2046013,42.2,35.98369528953115
Baixa vazao,391,Q_40032000,11.6529,0.0
Baixa vazao,391,Q_40050000,37.2924,0.0
Baixa vazao,391,Q_40060001,9.4737,-10.12214075444665
Baixa vazao,391,Q_40100000,84.5546,-146.36826738658837
Baixa vazao,391,Q_40185000,3.631,0.0
Baixa vazao,391,Q_40330000,9.3694,-78.99904439989805
Baixa vazao,391,Q_40800001,15.2633,-7.852432195255602
Baixa vazao,391,Q_40850000,15.0589,-68.37512722017672
Baixa vazao,391,Q_40930000,1.2649,-31.323389225021355
Baixa vazao,392,P_1944059,0.0,0.0
Baixa vazao,392,P_1944063,0.0,-9.327026207137598
Baixa vazao,392,P_1945002,0.0,-8.473736104446171
Baixa vazao,392,P_1945008,0.0,-8.320261314183675
Baixa vazao,392,P_1946000,0.0,0.0
Baixa vazao,392,P_2044008,0.0,0.0
Baixa vazao,392,P_2044016,0.0,0.0
Baixa vazao,392,P_2044024,0.0,0.0
Baixa vazao,392,P_2044042,0.0,0.0
Baixa vazao,392,P_2045002,0.0,0.0
Baixa vazao,392,P_2046013,0.0,0.0
Baixa vazao,392,Q_40032000,8.2597,-9.276472561632527
Baixa vazao,392,Q_40050000,35.2519,0.0
Baixa vazao,392,Q_40060001,4.3034,-35.01343679004604
Baixa vazao,392,Q_40100000,58.1525,-184.45946793120737
Baixa vazao,392,Q_40185000,3.631,0.0
Baixa vazao,392,Q_40330000,11.688,-81.61009291101372
Baixa vazao,392,Q_40800001,28.1449,-7.4918775642405535
Baixa vazao,392,Q_40850000,21.6584,-67.56608956335936
Baixa vazao,392,Q_40930000,3.1988,-28.69520037532662
Baixa vazao,393,P_1944059,0.0,0.0
Baixa vazao,393,P_1944063,0.0,-5.614145852288582
Baixa vazao,393,P_1945002,18.7,28.27656624042326
Baixa vazao,393,P_1945008,9.1,0.0
Baixa vazao,393,P_1946000,2.0,0.0
Baixa vazao,393,P_2044008,10.5,0.0
Baixa vazao,393,P_2044016,3.4,0.0
Baixa vazao,393,P_2044024,10.0,0.0
Baixa vazao,393,P_2044042,0.4,0.0
Baixa vazao,393,P_2045002,8.8,0.0
Baixa vazao,393,P_2046013,2.8,0.0
Baixa vazao,393,Q_40032000,9.8838,-5.969925845090843
Baixa vazao,393,Q_40050000,29.4175,-2.7900627397822686
Baixa vazao,393,Q_40060001,3.4198,-39.601945342355606
Baixa vazao,393,Q_40100000,35.4027,-218.80619973877685
Baixa vazao,393,Q_40185000,3.3363,0.0
Baixa vazao,393,Q_40330000,14.9303,-77.73702175318795
Baixa vazao,393,Q_40800001,40.1432,-3.209673701712404
Baixa vazao,393,Q_40850000,39.7006,-50.279065219413205
Baixa vazao,393,Q_40930000,4.727,-24.048650383104533
Baixa vazao,394,P_1944059,0.0,0.0
Baixa vazao,394,P_1944063,0.0,-9.29245085741703
Baixa vazao,394,P_1945002,0.0,-8.504656920015975
Baixa vazao,394,P_1945008,0.0,-8.620312542673885
Baixa vazao,394,P_1946000,0.0,0.0
Baixa vazao,394,P_2044008,0.0,0.0
Baixa vazao,394,P_2044016,0.0,0.0
Baixa vazao,394,P_2044024,0.0,0.0
Baixa vazao,394,P_2044042,0.0,0.0
Baixa vazao,394,P_2045002,0.0,0.0
Baixa vazao,394,P_2046013,0.0,0.0
Baixa vazao,394,Q_40032000,7.441,-9.347113642562013
Baixa vazao,394,Q_40050000,21.6166,0.0
Baixa vazao,394,Q_40060001,2.5334,-43.04035445579864
Baixa vazao,394,Q_40100000,33.3407,-214.27337455039955
Baixa vazao,394,Q_40185000,2.5025,0.0
Baixa vazao,394,Q_40330000,8.4331,-84.34645699152097
Baixa vazao,394,Q_40800001,14.016,-10.162743435114434
Baixa vazao,394,Q_40850000,18.2703,-69.6907697668327
Baixa vazao,394,Q_40930000,1.2649,-33.26161483628383
Baixa vazao,395,P_1944059,0.0,0.0
Baixa vazao,395,P_1944063,0.0,-9.145538907406804
Baixa vazao,395,P_1945002,0.0,-8.284894114778007
Baixa vazao,395,P_1945008,0.0,-8.239184730716488
Baixa vazao,395,P_1946000,0.0,0.0
Baixa vazao,395,P_2044008,0.14,0.0
Baixa vazao,395,P_2044016,3.5,0.0
Baixa vazao,395,P_2044024,0.8,0.0
Baixa vazao,395,P_2044042,0.0,0.0
Baixa vazao,395,P_2045002,0.0,0.0
Baixa vazao,395,P_2046013,0.0,0.0
Baixa vazao,395,Q_40032000,8.303,-9.06938786881883
Baixa vazao,395,Q_40050000,21.3815,0.0
Baixa vazao,395,Q_40060001,2.5334,-42.90811689342718
Baixa vazao,395,Q_40100000,32.3253,-216.36162549604833
Baixa vazao,395,Q_40185000,2.5025,0.0
Baixa vazao,395,Q_40330000,12.737,-79.82334083424881
Baixa vazao,395,Q_40800001,12.8527,-10.326412981566518
Baixa vazao,395,Q_40850000,16.8715,-71.58270334794635
Baixa vazao,395,Q_40930000,1.2649,-32.825910279716446
Baixa vazao,396,P_1944059,0.0,0.0
Baixa vazao,396,P_1944063,0.0,-9.360189822455107
Baixa vazao,396,P_1945002,0.0,-8.3423906982482
Baixa vazao,396,P_1945008,0.0,-8.570927210375341
Baixa vazao,396,P_1946000,0.0,0.0
Baixa vazao,396,P_2044008,0.0,0.0
Baixa vazao,396,P_2044016,0.0,0.0
Baixa vazao,396,P_2044024,0.0,0.0
Baixa vazao,396,P_2044042,0.0,0.0
Baixa vazao,396,P_2045002,0.0,0.0
Baixa vazao,396,P_2046013,0.0,0.0
Baixa vazao,396,Q_40032000,8.1556,-8.949127002405087
Baixa vazao,396,Q_40050000,42.6633,0.0
Baixa vazao,396,Q_40060001,5.2495,-29.74520697027265
Baixa vazao,396,Q_40100000,69.5141,-170.17619192280534
Baixa vazao,396,Q_40185000,6.9836,0.0
Baixa vazao,396,Q_40330000,24.4325,-66.80399579929043
Baixa vazao,396,Q_40800001,32.5389,-5.748541514998294
Baixa vazao,396,Q_40850000,42.0951,-47.7482894323334
Baixa vazao,396,Q_40930000,4.8967,-26.04929136689029
Baixa vazao,397,P_1944059,0.0,0.0
Baixa vazao,397,P_1944063,0.0,-9.195278691059674
Baixa vazao,397,P_1945002,0.0,-8.368241180370768
Baixa vazao,397,P_1945008,0.0,-8.501255699858802
Baixa vazao,397,P_1946000,0.0,0.0
Baixa vazao,397,P_2044008,0.0,0.0
Baixa vazao,397,P_2044016,0.0,0.0
Baixa vazao,397,P_2044024,0.0,0.0
Baixa vazao,397,P_2044042,0.0,0.0
Baixa vazao,397,P_2045002,0.0,0.0
Baixa vazao,397,P_2046013,0.0,0.0
Baixa vazao,397,Q_40032000,7.2701,-9.66352674068836
Baixa vazao,397,Q_40050000,27.5701,0.0
Baixa vazao,397,Q_40060001,2.8194,-41.64498338515198
Baixa vazao,397,Q_40100000,40.7345,-206.46238270528448
Baixa vazao,397,Q_40185000,4.2442,0.0
Baixa vazao,397,Q_40330000,14.9303,-77.30741434774767
Baixa vazao,397,Q_40800001,19.0712,-9.16776397532178
Baixa vazao,397,Q_40850000,23.6691,-65.58856870058266
Baixa vazao,397,Q_40930000,2.3349,-30.245058274457133
Baixa vazao,398,P_1944059,0.0,0.0
Baixa vazao,398,P_1944063,0.0,-9.60050272610364
Baixa vazao,398,P_1945002,0.0,-8.423371442148266
Baixa vazao,398,P_1945008,0.0,-8.506735442766987
Baixa vazao,398,P_1946000,0.0,0.0
Baixa vazao,398,P_2044008,0.0,0.0
Baixa vazao,398,P_2044016,0.0,0.0
Baixa vazao,398,P_2044024,0.0,0.0
Baixa vazao,398,P_2044042,0.0,0.0
Baixa vazao,398,P_2045002,0.0,0.0
Baixa vazao,398,P_2046013,0.0,0.0
Baixa vazao,398,Q_40032000,5.4994,-9.279920557399777
Baixa vazao,398,Q_40050000,23.4924,0.0
Baixa vazao,398,Q_40060001,3.0402,-40.8865653735838
Baixa vazao,398,Q_40100000,36.4666,-210.96043183376463
Baixa vazao,398,Q_40185000,6.6284,0.0
Baixa vazao,398,Q_40330000,22.2264,-69.11842806880132
Baixa vazao,398,Q_40800001,16.8713,-9.398111824807831
Baixa vazao,398,Q_40850000,18.7438,-69.79888554497258
Baixa vazao,398,Q_40930000,1.6307,-31.977173504582833
Baixa vazao,399,P_1944059,0.0,0.0
Baixa vazao,399,P_1944063,0.0,-9.033298631010517
Baixa vazao,399,P_1945002,0.0,-8.55739205703878
Baixa vazao,399,P_1945008,0.0,-8.811190127117381
Baixa vazao,399,P_1946000,0.0,0.0
Baixa vazao,399,P_2044008,0.0,0.0
Baixa vazao,399,P_2044016,0.0,0.0
Baixa vazao,399,P_2044024,0.0,0.0
Baixa vazao,399,P_2044042,0.0,0.0
Baixa vazao,399,P_2045002,0.0,0.0
Baixa vazao,399,P_2046013,0.0,0.0
Baixa vazao,399,Q_40032000,8.1296,-9.317968667114997
Baixa vazao,399,Q_40050000,30.7671,0.0
Baixa vazao,399,Q_40060001,3.8134,-37.301418278959
Baixa vazao,399,Q_40100000,52.119,-192.075632033308
Baixa vazao,399,Q_40185000,4.8876,0.0
Baixa vazao,399,Q_40330000,12.737,-80.43947354648252
Baixa vazao,399,Q_40800001,21.7742,-8.268661149344146
Baixa vazao,399,Q_40850000,27.3117,-61.96725697341482
Baixa vazao,399,Q_40930000,1.8894,-31.6284535990379
Baixa vazao,400,P_1944059,0.0,0.0
Baixa vazao,400,P_1944063,0.0,-9.35650792597688
Baixa vazao,400,P_1945002,0.0,-8.564061602084053
Baixa vazao,400,P_1945008,0.0,-8.31375335205956
Baixa vazao,400,P_1946000,0.0,0.0
Baixa vazao,400,P_2044008,0.0,0.0
Baixa vazao,400,P_2044016,0.0,0.0
Baixa vazao,400,P_2044024,0.0,0.0
Baixa vazao,400,P_2044042,0.0,0.0
Baixa vazao,400,P_2045002,0.0,0.0
Baixa vazao,400,P_2046013,0.0,0.0
Baixa vazao,400,Q_40032000,7.8831,-8.904866669412822
Baixa vazao,400,Q_40050000,31.5888,0.0
Baixa vazao,400,Q_40060001,4.9855,-31.80346716174305
Baixa vazao,400,Q_40100000,70.5712,-168.9653788875476
Baixa vazao,400,Q_40185000,3.3363,0.0
Baixa vazao,400,Q_40330000,11.3456,-82.19211849790743
Baixa vazao,400,Q_40800001,11.8522,-9.773695837946228
Baixa vazao,400,Q_40850000,18.7438,-70.48541650860972
Baixa vazao,400,Q_40930000,1.7864,-31.356564984286805
Baixa vazao,401,P_1944059,0.0,0.0
Baixa vazao,401,P_1944063,0.0,-9.54425761661901
Baixa vazao,401,P_1945002,0.0,-8.163292105026835
Baixa vazao,401,P_1945008,0.0,-8.495404719776166
Baixa vazao,401,P_1946000,0.0,0.0
Baixa vazao,401,P_2044008,0.0,0.0
Baixa vazao,401,P_2044016,0.0,0.0
Baixa vazao,401,P_2044024,0.0,0.0
Baixa vazao,401,P_2044042,0.0,0.0
Baixa vazao,401,P_2045002,0.0,0.0
Baixa vazao,401,P_2046013,0.0,0.0
Baixa vazao,401,Q_40032000,8.6394,-8.931486537390333
Baixa vazao,401,Q_40050000,44.4186,0.0
Baixa vazao,401,Q_40060001,5.7902,-27.21645073716549
Baixa vazao,401,Q_40100000,75.8478,-162.7689171383419
Baixa vazao,401,Q_40185000,7.7378,0.0
Baixa vazao,401,Q_40330000,27.1774,-64.12486138399494
Baixa vazao,401,Q_40800001,32.5389,-5.498629208328964
Baixa vazao,401,Q_40850000,42.7002,-47.01760521577319
Baixa vazao,401,Q_40930000,4.8967,-25.342377937032346
Baixa vazao,402,P_1944059,0.0,0.0
Baixa vazao,402,P_1944063,0.0,-8.8823297891661
Baixa vazao,402,P_1945002,0.0,-8.605359365707216
Baixa vazao,402,P_1945008,0.0,-7.98121937615044
Baixa vazao,402,P_1946000,0.0,0.0
Baixa vazao,402,P_2044008,0.0,0.0
Baixa vazao,402,P_2044016,0.0,0.0
Baixa vazao,402,P_2044024,0.0,0.0
Baixa vazao,402,P_2044042,0.0,0.0
Baixa vazao,402,P_2045002,0.0,0.0
Baixa vazao,402,P_2046013,0.0,0.0
Baixa vazao,402,Q_40032000,6.0782,-9.892292260122353
Baixa vazao,402,Q_40050000,21.3002,0.0
Baixa vazao,402,Q_40060001,4.2205,-35.760430197638506
Baixa vazao,402,Q_40100000,58.1525,-184.4409561019561
Baixa vazao,402,Q_40185000,3.9337,0.0
Baixa vazao,402,Q_40330000,24.8827,-66.18295489463031
Baixa vazao,402,Q_40800001,15.1439,-9.477618171715024
Baixa vazao,402,Q_40850000,19.7014,-69.86560537914936
Baixa vazao,402,Q_40930000,1.3702,-32.73466324241293
Baixa vazao,403,P_1944059,0.0,0.0
Baixa vazao,403,P_1944063,0.0,-9.411258919589748
Baixa vazao,403,P_1945002,0.0,-8.216088603385526
Baixa vazao,403,P_1945008,0.0,-8.179261078257193
Baixa vazao,403,P_1946000,0.0,0.0
Baixa vazao,403,P_2044008,0.0,0.0
Baixa vazao,403,P_2044016,0.0,0.0
Baixa vazao,403,P_2044024,0.0,0.0
Baixa vazao,403,P_2044042,0.0,0.0
Baixa vazao,403,P_2045002,0.0,0.0
Baixa vazao,403,P_2046013,0.0,0.0
Baixa vazao,403,Q_40032000,5.0991,-9.411063959694303
Baixa vazao,403,Q_40050000,23.4924,0.0
Baixa vazao,403,Q_40060001,2.8924,-41.275970054414415
Baixa vazao,403,Q_40100000,33.6518,-214.27210198902458
Baixa vazao,403,Q_40185000,6.6284,0.0
Baixa vazao,403,Q_40330000,23.0998,-68.3123183881531
Baixa vazao,403,Q_40800001,16.8713,-9.533599789762604
Baixa vazao,403,Q_40850000,18.7438,-69.77619548091678
Baixa vazao,403,Q_40930000,1.3893,-32.946438587959925
Baixa vazao,404,P_1944059,0.0,0.0
Baixa vazao,404,P_1944063,0.0,-9.25112238734499
Baixa vazao,404,P_1945002,0.0,-8.333587130764029
Baixa vazao,404,P_1945008,0.0,-8.148960623917407
Baixa vazao,404,P_1946000,0.0,0.0
Baixa vazao,404,P_2044008,0.0,0.0
Baixa vazao,404,P_2044016,0.0,0.0
Baixa vazao,404,P_2044024,0.0,0.0
Baixa vazao,404,P_2044042,0.0,0.0
Baixa vazao,404,P_2045002,0.0,0.0
Baixa vazao,404,P_2046013,0.0,0.0
Baixa vazao,404,Q_40032000,6.3369,-9.862038895228832
Baixa vazao,404,Q_40050000,28.9472,0.0
Baixa vazao,404,Q_40060001,3.4198,-38.93671348376142
Baixa vazao,404,Q_40100000,47.5692,-197.8737863554397
Baixa vazao,404,Q_40185000,6.6284,0.0
Baixa vazao,404,Q_40330000,22.6616,-69.0516321850122
Baixa vazao,404,Q_40800001,23.2313,-7.909692921504586
Baixa vazao,404,Q_40850000,28.3803,-61.19490235806129
Baixa vazao,404,Q_40930000,2.6527,-30.43114319444984
Baixa vazao,405,P_1944059,0.0,0.0
Baixa vazao,405,P_1944063,0.0,-9.29416107045866
Baixa vazao,405,P_1945002,0.0,-8.423546264544813
Baixa vazao,405,P_1945008,0.0,-8.3371928114463
Baixa vazao,405,P_1946000,0.0,0.0
Baixa vazao,405,P_2044008,0.0,0.0
Baixa vazao,405,P_2044016,0.0,0.0
Baixa vazao,405,P_2044024,0.0,0.0
Baixa vazao,405,P_2044042,0.0,0.0
Baixa vazao,405,P_2045002,0.5,0.0
Baixa vazao,405,P_2046013,0.0,0.0
Baixa vazao,405,Q_40032000,7.8831,-9.288930279963965
Baixa vazao,405,Q_40050000,35.5405,0.0
Baixa vazao,405,Q_40060001,5.3384,-29.57381119462164
Baixa vazao,405,Q_40100000,65.6775,-175.9873099191045
Baixa vazao,405,Q_40185000,3.9337,0.0
Baixa vazao,405,Q_40330000,26.2508,-65.32198128454745
Baixa vazao,405,Q_40800001,13.7476,-9.340646673459416
Baixa vazao,405,Q_40850000,20.6731,-68.30782502085462
Baixa vazao,405,Q_40930000,2.6178,-29.992511259158718
Baixa vazao,406,P_1944059,0.0,0.0
Baixa vazao,406,P_1944063,0.0,-9.520504658733753
Baixa vazao,406,P_1945002,0.0,-8.066174070085667
Baixa vazao,406,P_1945008,0.0,-8.704799755996696
Baixa vazao,406,P_1946000,0.0,0.0
Baixa vazao,406,P_2044008,0.0,0.0
Baixa vazao,406,P_2044016,0.0,0.0
Baixa vazao,406,P_2044024,0.0,0.0
Baixa vazao,406,P_2044042,0.0,0.0
Baixa vazao,406,P_2045002,0.0,0.0
Baixa vazao,406,P_2046013,0.0,0.0
Baixa vazao,406,Q_40032000,6.7738,-9.479588079018564
Baixa vazao,406,Q_40050000,30.6995,0.0
Baixa vazao,406,Q_40060001,3.8134,-36.993295474484974
Baixa vazao,406,Q_40100000,54.1286,-190.01931792858775
Baixa vazao,406,Q_40185000,7.3505,0.0
Baixa vazao,406,Q_40330000,25.7919,-65.5727653233994
Baixa vazao,406,Q_40800001,27.3871,-7.3634777329413055
Baixa vazao,406,Q_40850000,34.4681,-54.82530253069092
Baixa vazao,406,Q_40930000,2.6527,-30.155598854592167
Baixa vazao,407,P_1944059,0.0,0.0
Baixa vazao,407,P_1944063,0.0,-10.123575554090408
Baixa vazao,407,P_1945002,0.0,-8.985349362127025
Baixa vazao,407,P_1945008,0.0,-8.194249297871691
Baixa vazao,407,P_1946000,0.0,0.0
Baixa vazao,407,P_2044008,0.0,0.0
Baixa vazao,407,P_2044016,0.0,0.0
Baixa vazao,407,P_2044024,0.0,0.0
Baixa vazao,407,P_2044042,0.0,0.0
Baixa vazao,407,P_2045002,0.0,0.0
Baixa vazao,407,P_2046013,0.0,0.0
Baixa vazao,407,Q_40032000,12.2852,-7.499092712663769
Baixa vazao,407,Q_40050000,66.8232,0.0
Baixa vazao,407,Q_40060001,7.0181,-21.97912502508079
Baixa vazao,407,Q_40100000,107.687,-123.03996503203429
Baixa vazao,407,Q_40185000,8.1222,0.0
Baixa vazao,407,Q_40330000,30.0259,-60.58079652812745
Baixa vazao,407,Q_40800001,23.4079,-6.821658456394857
Baixa vazao,407,Q_40850000,29.4609,-60.05765385929275
Baixa vazao,407,Q_40930000,7.0112,-21.095757811805196
Baixa vazao,408,P_1944059,0.0,0.0
Baixa vazao,408,P_1944063,5.9,0.0
Baixa vazao,408,P_1945002,0.0,-6.963812054421794
Baixa vazao,408,P_1945008,0.0,-7.656279658708555
Baixa vazao,408,P_1946000,12.0,-13.302256820924116
Baixa vazao,408,P_2044008,2.7,0.0
Baixa vazao,408,P_2044016,0.0,0.0
Baixa vazao,408,P_2044024,0.0,0.0
Baixa vazao,408,P_2044042,0.0,0.0
Baixa vazao,408,P_2045002,0.0,0.0
Baixa vazao,408,P_2046013,2.0,0.0
Baixa vazao,408,Q_40032000,7.8831,-8.736814706864003
Baixa vazao,408,Q_40050000,26.0283,0.0
Baixa vazao,408,Q_40060001,6.7281,-23.404520603120005
Baixa vazao,408,Q_40100000,52.119,-193.53062157665875
Baixa vazao,408,Q_40185000,5.2202,0.0
Baixa vazao,408,Q_40330000,19.6796,-72.72859464916374
Baixa vazao,408,Q_40800001,20.4308,-7.563871702813778
Baixa vazao,408,Q_40850000,26.2553,-63.81273176585872
Baixa vazao,408,Q_40930000,3.9737,-26.42847541101341
Baixa vazao,409,P_1944059,0.0,0.0
Baixa vazao,409,P_1944063,0.249462366,-8.673441132801209
Baixa vazao,409,P_1945002,0.0,-7.9695406552942245
Baixa vazao,409,P_1945008,0.0,-8.11213286922693
Baixa vazao,409,P_1946000,0.0,0.0
Baixa vazao,409,P_2044008,0.0,0.0
Baixa vazao,409,P_2044016,0.0,0.0
Baixa vazao,409,P_2044024,0.0,0.0
Baixa vazao,409,P_2044042,0.0,0.0
Baixa vazao,409,P_2045002,0.0,0.0
Baixa vazao,409,P_2046013,0.0,0.0
Baixa vazao,409,Q_40032000,10.2156,-8.60325907956137
Baixa vazao,409,Q_40050000,49.8417,0.0
Baixa vazao,409,Q_40060001,5.7902,-27.423764822296548
Baixa vazao,409,Q_40100000,81.9526,-155.49862041322035
Baixa vazao,409,Q_40185000,6.2595,0.0
Baixa vazao,409,Q_40330000,36.5392,-53.076996698626026
Baixa vazao,409,Q_40800001,17.9692,-8.444308673559888
Baixa vazao,409,Q_40850000,22.1561,-66.90008816954845
Baixa vazao,409,Q_40930000,5.0439,-24.567023640001658
Baixa vazao,410,P_1944059,0.0,-1.3909877382316969
Baixa vazao,410,P_1944063,3.5,0.0
Baixa vazao,410,P_1945002,6.8,0.0
Baixa vazao,410,P_1945008,0.0,-4.310911426326706
Baixa vazao,410,P_1946000,58.2,0.0
Baixa vazao,410,P_2044008,4.8,0.0
Baixa vazao,410,P_2044016,3.0,0.0
Baixa vazao,410,P_2044024,2.2,0.0
Baixa vazao,410,P_2044042,3.3,-0.5332957278234289
Baixa vazao,410,P_2045002,19.4,0.0
Baixa vazao,410,P_2046013,18.3,0.0
Baixa vazao,410,Q_40032000,6.784,-3.8116066911112094
Baixa vazao,410,Q_40050000,20.2115,0.0
Baixa vazao,410,Q_40060001,10.1233,-5.144355945233423
Baixa vazao,410,Q_40100000,50.939,-179.16953574964162
Baixa vazao,410,Q_40185000,3.9337,0.0
Baixa vazao,410,Q_40330000,14.5561,-70.95752500069808
Baixa vazao,410,Q_40800001,28.4144,-5.05184432786445
Baixa vazao,410,Q_40850000,20.6731,-62.038897264253166
Baixa vazao,410,Q_40930000,1.6083,-25.657472752679464
Baixa vazao,411,P_1944059,0.0,0.0
Baixa vazao,411,P_1944063,0.0,-9.652485447357455
Baixa vazao,411,P_1945002,0.0,-8.450813777185015
Baixa vazao,411,P_1945008,0.0,-8.253107744148995
Baixa vazao,411,P_1946000,0.0,0.0
Baixa vazao,411,P_2044008,0.0,0.0
Baixa vazao,411,P_2044016,0.0,0.0
Baixa vazao,411,P_2044024,0.0,0.0
Baixa vazao,411,P_2044042,0.0,0.0
Baixa vazao,411,P_2045002,0.0,0.0
Baixa vazao,411,P_2046013,0.0,0.0
Baixa vazao,411,Q_40032000,7.8831,-9.352404457060118
Baixa vazao,411,Q_40050000,26.3112,0.0
Baixa vazao,411,Q_40060001,4.812,-32.20939971083295
Baixa vazao,411,Q_40100000,75.5625,-162.95515808348344
Baixa vazao,411,Q_40185000,5.9063,0.0
Baixa vazao,411,Q_40330000,35.5075,-54.510659651656475
Baixa vazao,411,Q_40800001,32.5681,-4.860485738087789
Baixa vazao,411,Q_40850000,43.918,-45.332912861027616
Baixa vazao,411,Q_40930000,2.3568,-30.74693972333582
Baixa vazao,412,P_1944059,0.0,0.0
Baixa vazao,412,P_1944063,0.0,-9.415410923451075
Baixa vazao,412,P_1945002,0.0,-8.535206520219887
Baixa vazao,412,P_1945008,0.0,-8.436322502370558
Baixa vazao,412,P_1946000,0.0,0.0
Baixa vazao,412,P_2044008,0.0,0.0
Baixa vazao,412,P_2044016,0.0,0.0
Baixa vazao,412,P_2044024,0.0,0.0
Baixa vazao,412,P_2044042,0.0,0.0
Baixa vazao,412,P_2045002,0.0,0.0
Baixa vazao,412,P_2046013,0.0,0.0
Baixa vazao,412,Q_40032000,7.8831,-8.909589169344613
Baixa vazao,412,Q_40050000,31.8647,0.0
Baixa vazao,412,Q_40060001,4.9855,-31.775179453812957
Baixa vazao,412,Q_40100000,69.3405,-170.54809931336573
Baixa vazao,412,Q_40185000,3.3363,0.0
Baixa vazao,412,Q_40330000,9.0534,-84.6318809031417
Baixa vazao,412,Q_40800001,12.782,-9.302862290993517
Baixa vazao,412,Q_40850000,19.2208,-69.90567825736225
Baixa vazao,412,Q_40930000,1.7864,-31.69478818970325
Baixa vazao,413,P_1944059,0.0,0.0
Baixa vazao,413,P_1944063,0.0,-9.877385439533802
Baixa vazao,413,P_1945002,0.0,-8.454407936128803
Baixa vazao,413,P_1945008,0.0,-8.39723053735049
Baixa vazao,413,P_1946000,0.0,0.0
Baixa vazao,413,P_2044008,0.0,0.0
Baixa vazao,413,P_2044016,0.0,0.0
Baixa vazao,413,P_2044024,0.0,0.0
Baixa vazao,413,P_2044042,0.0,0.0
Baixa vazao,413,P_2045002,0.0,0.0
Baixa vazao,413,P_2046013,0.0,0.0
Baixa vazao,413,Q_40032000,7.8831,-8.955724434576306
Baixa vazao,413,Q_40050000,32.4194,0.0
Baixa vazao,413,Q_40060001,4.138,-34.96944059519907
Baixa vazao,413,Q_40100000,71.8088,-167.53047997242794
Baixa vazao,413,Q_40185000,5.9063,0.0
Baixa vazao,413,Q_40330000,10.013,-83.5961322772326
Baixa vazao,413,Q_40800001,14.2439,-9.386932094209456
Baixa vazao,413,Q_40850000,19.7014,-69.19691988406572
Baixa vazao,413,Q_40930000,2.9059,-29.76865872560001
Baixa vazao,414,P_1944059,0.0,0.0
Baixa vazao,414,P_1944063,0.0,-9.722717096298414
Baixa vazao,414,P_1945002,0.0,-8.838238114008158
Baixa vazao,414,P_1945008,0.0,-7.808568161122537
Baixa vazao,414,P_1946000,0.0,0.0
Baixa vazao,414,P_2044008,0.0,0.0
Baixa vazao,414,P_2044016,0.0,0.0
Baixa vazao,414,P_2044024,0.0,0.0
Baixa vazao,414,P_2044042,0.0,0.0
Baixa vazao,414,P_2045002,0.0,0.0
Baixa vazao,414,P_2046013,0.0,0.0
Baixa vazao,414,Q_40032000,9.815,-8.44165736944446
Baixa vazao,414,Q_40050000,44.3257,0.0
Baixa vazao,414,Q_40060001,5.8819,-27.33200654345457
Baixa vazao,414,Q_40100000,74.3045,-164.54454571448855
Baixa vazao,414,Q_40185000,5.2202,0.0
Baixa vazao,414,Q_40330000,26.2508,-64.824328296143
Baixa vazao,414,Q_40800001,17.4101,-8.217999728700345
Baixa vazao,414,Q_40850000,21.6584,-67.43509647646127
Baixa vazao,414,Q_40930000,4.727,-25.657302345421588
Baixa vazao,415,P_1944059,0.0,0.0
Baixa vazao,415,P_1944063,0.0,-9.367207396716104
Baixa vazao,415,P_1945002,0.0,-8.304663175116502
Baixa vazao,415,P_1945008,0.0,-8.65686514834507
Baixa vazao,415,P_1946000,0.0,0.0
Baixa vazao,415,P_2044008,0.0,0.0
Baixa vazao,415,P_2044016,0.0,0.0
Baixa vazao,415,P_2044024,0.0,0.0
Baixa vazao,415,P_2044042,0.0,0.0
Baixa vazao,415,P_2045002,0.0,0.0
Baixa vazao,415,P_2046013,0.0,0.0
Baixa vazao,415,Q_40032000,8.1296,-8.755020924156076
Baixa vazao,415,Q_40050000,30.2243,0.0
Baixa vazao,415,Q_40060001,3.1903,-40.00417582513539
Baixa vazao,415,Q_40100000,50.939,-193.7296799201808
Baixa vazao,415,Q_40185000,4.5622,0.0
Baixa vazao,415,Q_40330000,12.034,-81.06603810025857
Baixa vazao,415,Q_40800001,20.4087,-8.850361221562359
Baixa vazao,415,Q_40850000,25.7317,-63.83628124827745
Baixa vazao,415,Q_40930000,1.6446,-31.945350784720326
Baixa vazao,416,P_1944059,0.0,0.0
Baixa vazao,416,P_1944063,0.0,-9.167413109947404
Baixa vazao,416,P_1945002,0.0,-8.473693163895792
Baixa vazao,416,P_1945008,0.0,-8.061850412157913
Baixa vazao,416,P_1946000,0.0,0.0
Baixa vazao,416,P_2044008,0.0,0.0
Baixa vazao,416,P_2044016,0.0,0.0
Baixa vazao,416,P_2044024,0.0,0.0
Baixa vazao,416,P_2044042,0.0,0.0
Baixa vazao,416,P_2045002,0.0,0.0
Baixa vazao,416,P_2046013,0.0,0.0
Baixa vazao,416,Q_40032000,9.1347,-8.915855171036455
Baixa vazao,416,Q_40050000,43.8303,0.0
Baixa vazao,416,Q_40060001,5.5177,-29.1574625144402
Baixa vazao,416,Q_40100000,72.0203,-167.43716394707857
Baixa vazao,416,Q_40185000,7.7378,0.0
Baixa vazao,416,Q_40330000,27.6451,-63.384743925865365
Baixa vazao,416,Q_40800001,34.0688,-5.0915765967119455
Baixa vazao,416,Q_40850000,42.7002,-47.03902505969897
Baixa vazao,416,Q_40930000,5.192,-24.82637247791332
Baixa vazao,417,P_1944059,0.0,0.0
Baixa vazao,417,P_1944063,0.0,-9.610918922140051
Baixa vazao,417,P_1945002,0.0,-8.399491015551279
Baixa vazao,417,P_1945008,0.0,-8.449578546882893
Baixa vazao,417,P_1946000,0.0,0.0
Baixa vazao,417,P_2044008,0.0,0.0
Baixa vazao,417,P_2044016,0.0,0.0
Baixa vazao,417,P_2044024,0.0,0.0
Baixa vazao,417,P_2044042,0.0,0.0
Baixa vazao,417,P_2045002,0.0,0.0
Baixa vazao,417,P_2046013,0.0,0.0
Baixa vazao,417,Q_40032000,7.2701,-9.415500205625468
Baixa vazao,417,Q_40050000,27.3102,0.0
Baixa vazao,417,Q_40060001,2.747,-42.323430406337536
Baixa vazao,417,Q_40100000,40.7345,-206.0178307967523
Baixa vazao,417,Q_40185000,3.9337,0.0
Baixa vazao,417,Q_40330000,15.6889,-76.55447308707943
Baixa vazao,417,Q_40800001,17.7625,-8.809843802837065
Baixa vazao,417,Q_40850000,22.1561,-67.07903144351799
Baixa vazao,417,Q_40930000,2.3349,-30.57928895646537
Baixa vazao,418,P_1944059,0.0,0.0
Baixa vazao,418,P_1944063,0.0,-9.525074632826094
Baixa vazao,418,P_1945002,0.0,-8.202993993258872
Baixa vazao,418,P_1945008,0.0,-8.499559496130765
Baixa vazao,418,P_1946000,0.0,0.0
Baixa vazao,418,P_2044008,0.0,0.0
Baixa vazao,418,P_2044016,0.0,0.0
Baixa vazao,418,P_2044024,0.0,0.0
Baixa vazao,418,P_2044042,0.0,0.0
Baixa vazao,418,P_2045002,0.0,0.0
Baixa vazao,418,P_2046013,0.0,0.0
Baixa vazao,418,Q_40032000,7.441,-10.025358633509283
Baixa vazao,418,Q_40050000,25.0171,0.0
Baixa vazao,418,Q_40060001,2.604,-42.208815722709865
Baixa vazao,418,Q_40100000,39.6483,-207.30358402389098
Baixa vazao,418,Q_40185000,3.3363,0.0
Baixa vazao,418,Q_40330000,10.013,-82.97539295828079
Baixa vazao,418,Q_40800001,15.5952,-9.549001280648627
Baixa vazao,418,Q_40850000,19.7014,-68.52181537982106
Baixa vazao,418,Q_40930000,1.7864,-31.856891098734163
Baixa vazao,419,P_1944059,0.0,0.0
Baixa vazao,419,P_1944063,0.0,-9.287494543802636
Baixa vazao,419,P_1945002,0.0,-8.541757149044242
Baixa vazao,419,P_1945008,0.0,-8.276255634603217
Baixa vazao,419,P_1946000,0.0,0.0
Baixa vazao,419,P_2044008,0.0,0.0
Baixa vazao,419,P_2044016,0.0,0.0
Baixa vazao,419,P_2044024,0.0,0.0
Baixa vazao,419,P_2044042,0.0,0.0
Baixa vazao,419,P_2045002,0.0,0.0
Baixa vazao,419,P_2046013,0.0,0.0
Baixa vazao,419,Q_40032000,8.1296,-8.6975162897738
Baixa vazao,419,Q_40050000,29.9543,0.0
Baixa vazao,419,Q_40060001,3.115,-40.3714046033621
Baixa vazao,419,Q_40100000,50.939,-193.64403916592323
Baixa vazao,419,Q_40185000,4.5622,0.0
Baixa vazao,419,Q_40330000,12.034,-81.47560391441472
Baixa vazao,419,Q_40800001,19.7364,-8.746753985214907
Baixa vazao,419,Q_40850000,25.2113,-64.14692475027593
Baixa vazao,419,Q_40930000,1.6446,-32.250653717819496
Baixa vazao,420,P_1944059,0.0,0.0
Baixa vazao,420,P_1944063,0.0,-9.23073199978056
Baixa vazao,420,P_1945002,0.0,-8.732158545559551
Baixa vazao,420,P_1945008,0.0,-8.388068180043206
Baixa vazao,420,P_1946000,0.0,0.0
Baixa vazao,420,P_2044008,0.0,0.0
Baixa vazao,420,P_2044016,0.0,0.0
Baixa vazao,420,P_2044024,0.0,0.0
Baixa vazao,420,P_2044042,0.0,0.0
Baixa vazao,420,P_2045002,0.0,0.0
Baixa vazao,420,P_2046013,0.0,0.0
Baixa vazao,420,Q_40032000,6.784,-9.358966737217553
Baixa vazao,420,Q_40050000,23.6445,0.0
Baixa vazao,420,Q_40060001,4.138,-35.56790843206193
Baixa vazao,420,Q_40100000,63.1353,-178.65951020306903
Baixa vazao,420,Q_40185000,5.2202,0.0
Baixa vazao,420,Q_40330000,23.5411,-68.46338756106131
Baixa vazao,420,Q_40800001,17.3756,-8.459227875682462
Baixa vazao,420,Q_40850000,22.6572,-66.76200932971892
Baixa vazao,420,Q_40930000,1.8525,-31.855230361231133
Baixa vazao,421,P_1944059,0.0,0.0
Baixa vazao,421,P_1944063,0.0,-9.30326736576468
Baixa vazao,421,P_1945002,0.0,-8.215107264351527
Baixa vazao,421,P_1945008,0.0,-8.184112314016796
Baixa vazao,421,P_1946000,0.0,0.0
Baixa vazao,421,P_2044008,0.0,0.0
Baixa vazao,421,P_2044016,0.0,0.0
Baixa vazao,421,P_2044024,0.0,0.0
Baixa vazao,421,P_2044042,0.0,0.0
Baixa vazao,421,P_2045002,0.0,0.0
Baixa vazao,421,P_2046013,0.0,0.0
Baixa vazao,421,Q_40032000,8.303,-9.180495656786496
Baixa vazao,421,Q_40050000,33.2589,0.0
Baixa vazao,421,Q_40060001,3.4974,-38.74282675965428
Baixa vazao,421,Q_40100000,56.9282,-186.30751995527703
Baixa vazao,421,Q_40185000,5.2202,0.0
Baixa vazao,421,Q_40330000,12.3837,-80.88332617806822
Baixa vazao,421,Q_40800001,23.8737,-7.710057995628006
Baixa vazao,421,Q_40850000,30.0057,-60.10724782808222
Baixa vazao,421,Q_40930000,2.4097,-30.74449065437855
Baixa vazao,422,P_1944059,0.0,0.0
Baixa vazao,422,P_1944063,0.0,-9.512799950384643
Baixa vazao,422,P_1945002,0.0,-8.491655911603665
Baixa vazao,422,P_1945008,0.0,-8.285937321311861
Baixa vazao,422,P_1946000,0.0,0.0
Baixa vazao,422,P_2044008,0.0,0.0
Baixa vazao,422,P_2044016,0.0,0.0
Baixa vazao,422,P_2044024,0.0,0.0
Baixa vazao,422,P_2044042,0.0,0.0
Baixa vazao,422,P_2045002,0.0,0.0
Baixa vazao,422,P_2046013,0.0,0.0
Baixa vazao,422,Q_40032000,8.6413,-9.04902169064145
Baixa vazao,422,Q_40050000,37.884,0.0
Baixa vazao,422,Q_40060001,6.2535,-25.395552269159936
Baixa vazao,422,Q_40100000,89.8358,-144.62890747317837
Baixa vazao,422,Q_40185000,6.2595,0.0
Baixa vazao,422,Q_40330000,14.5561,-78.56441896849893
Baixa vazao,422,Q_40800001,26.0603,-6.703594334994989
Baixa vazao,422,Q_40850000,45.1458,-44.51337913754369
Baixa vazao,422,Q_40930000,1.0163,-33.70294962416284
Baixa vazao,423,P_1944059,0.0,0.0
Baixa vazao,423,P_1944063,0.0,-9.235975554906714
Baixa vazao,423,P_1945002,0.0,-8.200023100715342
Baixa vazao,423,P_1945008,0.0,-8.893802514880065
Baixa vazao,423,P_1946000,0.0,0.0
Baixa vazao,423,P_2044008,0.0,0.0
Baixa vazao,423,P_2044016,0.0,0.0
Baixa vazao,423,P_2044024,0.0,0.0
Baixa vazao,423,P_2044042,0.0,0.0
Baixa vazao,423,P_2045002,0.0,0.0
Baixa vazao,423,P_2046013,0.0,0.0
Baixa vazao,423,Q_40032000,7.2701,-9.426298068332168
Baixa vazao,423,Q_40050000,25.7723,0.0
Baixa vazao,423,Q_40060001,2.8924,-41.65701354806558
Baixa vazao,423,Q_40100000,44.0513,-201.3808740129004
Baixa vazao,423,Q_40185000,3.631,0.0
Baixa vazao,423,Q_40330000,7.8289,-85.2724488115008
Baixa vazao,423,Q_40800001,15.5952,-9.358349349237454
Baixa vazao,423,Q_40850000,14.6153,-73.36818790493948
Baixa vazao,423,Q_40930000,1.1884,-33.24571927986956
Baixa vazao,424,P_1944059,0.0,0.0
Baixa vazao,424,P_1944063,0.0,-9.15102121018043
Baixa vazao,424,P_1945002,0.0,-8.53044525073315
Baixa vazao,424,P_1945008,0.0,-8.157986808415217
Baixa vazao,424,P_1946000,0.0,0.0
Baixa vazao,424,P_2044008,0.0,0.0
Baixa vazao,424,P_2044016,0.0,0.0
Baixa vazao,424,P_2044024,0.0,0.0
Baixa vazao,424,P_2044042,0.0,0.0
Baixa vazao,424,P_2045002,0.0,0.0
Baixa vazao,424,P_2046013,0.0,0.0
Baixa vazao,424,Q_40032000,8.6413,-9.301846753838234
Baixa vazao,424,Q_40050000,38.7787,0.0
Baixa vazao,424,Q_40060001,5.9741,-26.901738506877066
Baixa vazao,424,Q_40100000,71.8088,-167.727493393682
Baixa vazao,424,Q_40185000,4.5622,0.0
Baixa vazao,424,Q_40330000,21.3651,-70.95642323935704
Baixa vazao,424,Q_40800001,15.7865,-8.865516966903526
Baixa vazao,424,Q_40850000,19.2208,-69.12869518641439
Baixa vazao,424,Q_40930000,4.104,-27.366314806973968
Baixa vazao,425,P_1944059,0.0,-3.507131430610741
Baixa vazao,425,P_1944063,0.0,-8.1488201795516
Baixa vazao,425,P_1945002,6.5,0.0
Baixa vazao,425,P_1945008,0.0,-7.390638926699755
Baixa vazao,425,P_1946000,0.0,0.0
Baixa vazao,425,P_2044008,0.0,0.0
Baixa vazao,425,P_2044016,0.0,0.0
Baixa vazao,425,P_2044024,0.0,0.0
Baixa vazao,425,P_2044042,0.0,0.0
Baixa vazao,425,P_2045002,0.0,0.0
Baixa vazao,425,P_2046013,0.0,0.0
Baixa vazao,425,Q_40032000,7.6124,-8.717298398632504
Baixa vazao,425,Q_40050000,27.0513,0.0
Baixa vazao,425,Q_40060001,2.8194,-42.292278111746874
Baixa vazao,425,Q_40100000,47.4535,-199.02208353243282
Baixa vazao,425,Q_40185000,4.5622,0.0
Baixa vazao,425,Q_40330000,15.3079,-77.16478096053201
Baixa vazao,425,Q_40800001,17.7625,-7.89437643182429
Baixa vazao,425,Q_40850000,25.7317,-63.53728049450113
Baixa vazao,425,Q_40930000,3.2603,-27.74523689414783
Baixa vazao,426,P_1944059,0.0,0.0
Baixa vazao,426,P_1944063,0.0,-7.5693531672420535
Baixa vazao,426,P_1945002,0.0,-6.392677988211881
Baixa vazao,426,P_1945008,7.6,0.0
Baixa vazao,426,P_1946000,0.0,0.0
Baixa vazao,426,P_2044008,0.0,-3.088450809168478
Baixa vazao,426,P_2044016,0.0,0.0
Baixa vazao,426,P_2044024,0.0,0.0
Baixa vazao,426,P_2044042,0.0,0.0
Baixa vazao,426,P_2045002,0.0,0.0
Baixa vazao,426,P_2046013,0.0,0.0
Baixa vazao,426,Q_40032000,8.2597,-7.233208514094816
Baixa vazao,426,Q_40050000,31.04,0.0
Baixa vazao,426,Q_40060001,4.138,-34.66452471245939
Baixa vazao,426,Q_40100000,60.6268,-181.7165439234046
Baixa vazao,426,Q_40185000,4.2442,0.0
Baixa vazao,426,Q_40330000,10.013,-82.81113611635111
Baixa vazao,426,Q_40800001,12.3126,-8.243534159011286
Baixa vazao,426,Q_40850000,17.8004,-70.36922283688462
Baixa vazao,426,Q_40930000,2.6178,-28.937092835999813
Baixa vazao,427,P_1944059,0.0,0.0
Baixa vazao,427,P_1944063,0.0,-9.440496235363579
Baixa vazao,427,P_1945002,0.0,-7.995667935646281
Baixa vazao,427,P_1945008,0.0,-8.293704390572652
Baixa vazao,427,P_1946000,0.0,0.0
Baixa vazao,427,P_2044008,0.0,0.0
Baixa vazao,427,P_2044016,0.0,0.0
Baixa vazao,427,P_2044024,0.0,0.0
Baixa vazao,427,P_2044042,0.0,0.0
Baixa vazao,427,P_2045002,0.0,0.0
Baixa vazao,427,P_2046013,0.0,0.0
Baixa vazao,427,Q_40032000,5.4994,-10.027532846902693
Baixa vazao,427,Q_40050000,23.4924,0.0
Baixa vazao,427,Q_40060001,3.1903,-40.04361280334835
Baixa vazao,427,Q_40100000,39.3739,-207.68202993798687
Baixa vazao,427,Q_40185000,7.7378,0.0
Baixa vazao,427,Q_40330000,27.1774,-63.98726794935677
Baixa vazao,427,Q_40800001,18.7021,-9.01665695409678
Baixa vazao,427,Q_40850000,19.2208,-69.30745708919412
Baixa vazao,427,Q_40930000,1.3893,-32.48585078071145
Baixa vazao,428,P_1944059,4.0,0.0
Baixa vazao,428,P_1944063,6.1,0.0
Baixa vazao,428,P_1945002,14.2,22.404274946690006
Baixa vazao,428,P_1945008,0.0,-6.070008070428314
Baixa vazao,428,P_1946000,0.0,0.0
Baixa vazao,428,P_2044008,0.0,-2.2670706512162724
Baixa vazao,428,P_2044016,0.0,0.0
Baixa vazao,428,P_2044024,0.0,0.0
Baixa vazao,428,P_2044042,0.0,0.0
Baixa vazao,428,P_2045002,0.0,0.0
Baixa vazao,428,P_2046013,0.0,0.0
Baixa vazao,428,Q_40032000,7.441,-7.135224897634572
Baixa vazao,428,Q_40050000,26.2808,0.0
Baixa vazao,428,Q_40060001,2.8194,-43.010617826021026
Baixa vazao,428,Q_40100000,46.3101,-203.55971068793463
Baixa vazao,428,Q_40185000,4.5622,0.0
Baixa vazao,428,Q_40330000,17.2461,-75.13866645547435
Baixa vazao,428,Q_40800001,17.7625,-7.12697138737203
Baixa vazao,428,Q_40850000,24.6941,-65.30475047375957
Baixa vazao,428,Q_40930000,6.5097,-20.31604588536097
Baixa vazao,429,P_1944059,0.0,0.0
Baixa vazao,429,P_1944063,0.0,-9.34038596056098
Baixa vazao,429,P_1945002,0.0,-8.405502649865923
Baixa vazao,429,P_1945008,0.0,-8.121954728766365
Baixa vazao,429,P_1946000,0.0,0.0
Baixa vazao,429,P_2044008,0.0,0.0
Baixa vazao,429,P_2044016,0.0,0.0
Baixa vazao,429,P_2044024,0.0,0.0
Baixa vazao,429,P_2044042,0.0,0.0
Baixa vazao,429,P_2045002,0.0,0.0
Baixa vazao,429,P_2046013,0.0,0.0
Baixa vazao,429,Q_40032000,7.0997,-9.471368250690373
Baixa vazao,429,Q_40050000,27.5701,0.0
Baixa vazao,429,Q_40060001,2.8194,-41.834377275008244
Baixa vazao,429,Q_40100000,41.8305,-204.59223329205983
Baixa vazao,429,Q_40185000,4.2442,0.0
Baixa vazao,429,Q_40330000,13.4541,-79.5951815270125
Baixa vazao,429,Q_40800001,20.4087,-8.531517462814103
Baixa vazao,429,Q_40850000,24.6941,-64.4385944226466
Baixa vazao,429,Q_40930000,2.9059,-29.7271230847117
Baixa vazao,430,P_1944059,21.8,24.228012788529377
Baixa vazao,430,P_1944063,15.5,27.516796450930514
Baixa vazao,430,P_1945002,0.0,-6.674541738612305
Baixa vazao,430,P_1945008,0.0,0.0
Baixa vazao,430,P_1946000,0.0,0.0
Baixa vazao,430,P_2044008,17.8,10.228322112397262
Baixa vazao,430,P_2044016,3.7,0.0
Baixa vazao,430,P_2044024,55.0,80.53691445329196
Baixa vazao,430,P_2044042,1.5,0.0
Baixa vazao,430,P_2045002,0.0,0.0
Baixa vazao,430,P_2046013,15.3,0.0
Baixa vazao,430,Q_40032000,10.6207,-6.076201966161515
Baixa vazao,430,Q_40050000,35.2519,0.0
Baixa vazao,430,Q_40060001,11.6916,0.0
Baixa vazao,430,Q_40100000,58.1525,-179.69912577273914
Baixa vazao,430,Q_40185000,5.2202,0.0
Baixa vazao,430,Q_40330000,19.266,-69.26949639365706
Baixa vazao,430,Q_40800001,45.0334,0.0
Baixa vazao,430,Q_40850000,28.9191,-58.156402100015455
Baixa vazao,430,Q_40930000,6.676,-19.716152352358122
Baixa vazao,431,P_1944059,0.0,0.0
Baixa vazao,431,P_1944063,0.0,-9.684260864275968
Baixa vazao,431,P_1945002,0.0,-8.168031586623234
Baixa vazao,431,P_1945008,0.0,-8.27483793166408
Baixa vazao,431,P_1946000,0.0,0.0
Baixa vazao,431,P_2044008,0.0,0.0
Baixa vazao,431,P_2044016,0.0,0.0
Baixa vazao,431,P_2044024,0.0,0.0
Baixa vazao,431,P_2044042,0.0,0.0
Baixa vazao,431,P_2045002,0.0,0.0
Baixa vazao,431,P_2046013,0.0,0.0
Baixa vazao,431,Q_40032000,5.4994,-9.697449978957117
Baixa vazao,431,Q_40050000,23.4924,0.0
Baixa vazao,431,Q_40060001,3.115,-40.69857813905237
Baixa vazao,431,Q_40100000,38.3946,-209.0831629541205
Baixa vazao,431,Q_40185000,6.9836,0.0
Baixa vazao,431,Q_40330000,23.5411,-67.37376140184035
Baixa vazao,431,Q_40800001,18.7021,-8.908710552447369
Baixa vazao,431,Q_40850000,21.6584,-67.32740847191745
Baixa vazao,431,Q_40930000,1.8783,-31.353766967329967
Baixa vazao,432,P_1944059,0.0,0.0
Baixa vazao,432,P_1944063,0.0,-9.425362853739712
Baixa vazao,432,P_1945002,0.0,-8.601077714096402
Baixa vazao,432,P_1945008,0.0,-8.249567196897788
Baixa vazao,432,P_1946000,0.0,0.0
Baixa vazao,432,P_2044008,0.0,0.0
Baixa vazao,432,P_2044016,0.0,0.0
Baixa vazao,432,P_2044024,0.0,0.0
Baixa vazao,432,P_2044042,0.0,0.0
Baixa vazao,432,P_2045002,0.0,0.0
Baixa vazao,432,P_2046013,0.0,0.0
Baixa vazao,432,Q_40032000,6.7738,-9.516657572526055
Baixa vazao,432,Q_40050000,33.2758,0.0
Baixa vazao,432,Q_40060001,3.8938,-36.37402672690281
Baixa vazao,432,Q_40100000,55.2555,-188.53455305668973
Baixa vazao,432,Q_40185000,7.3505,0.0
Baixa vazao,432,Q_40330000,26.2508,-64.75049449526904
Baixa vazao,432,Q_40800001,27.3871,-7.354221703111307
Baixa vazao,432,Q_40850000,35.6119,-53.75772217970858
Baixa vazao,432,Q_40930000,2.6527,-30.376360575117083
Baixa vazao,433,P_1944059,0.0,0.0
Baixa vazao,433,P_1944063,0.0,-9.229971277265635
Baixa vazao,433,P_1945002,0.0,-8.459800009558409
Baixa vazao,433,P_1945008,0.0,-8.22063124588766
Baixa vazao,433,P_1946000,0.0,0.0
Baixa vazao,433,P_2044008,0.0,0.0
Baixa vazao,433,P_2044016,0.0,0.0
Baixa vazao,433,P_2044024,0.0,0.0
Baixa vazao,433,P_2044042,0.0,0.0
Baixa vazao,433,P_2045002,0.0,0.0
Baixa vazao,433,P_2046013,0.0,0.0
Baixa vazao,433,Q_40032000,7.7843,-9.77602485037066
Baixa vazao,433,Q_40050000,29.9543,0.0
Baixa vazao,433,Q_40060001,2.966,-41.21726155164537
Baixa vazao,433,Q_40100000,52.119,-192.26128506919045
Baixa vazao,433,Q_40185000,4.8876,0.0
Baixa vazao,433,Q_40330000,13.4541,-79.59946610141957
Baixa vazao,433,Q_40800001,22.4673,-7.830696898365649
Baixa vazao,433,Q_40850000,38.5191,-51.441270112324474
Baixa vazao,433,Q_40930000,0.9784,-33.74094011965174
Baixa vazao,434,P_1944059,0.0,0.0
Baixa vazao,434,P_1944063,0.0,-9.69289594959146
Baixa vazao,434,P_1945002,0.0,-8.070737396451866
Baixa vazao,434,P_1945008,0.0,-8.52696990217134
Baixa vazao,434,P_1946000,0.0,0.0
Baixa vazao,434,P_2044008,0.0,0.0
Baixa vazao,434,P_2044016,0.0,0.0
Baixa vazao,434,P_2044024,0.0,0.0
Baixa vazao,434,P_2044042,0.0,0.0
Baixa vazao,434,P_2045002,0.0,0.0
Baixa vazao,434,P_2046013,0.0,0.0
Baixa vazao,434,Q_40032000,6.7738,-9.67552750677942
Baixa vazao,434,Q_40050000,30.1945,0.0
Baixa vazao,434,Q_40060001,3.8134,-36.8181997228839
Baixa vazao,434,Q_40100000,54.1286,-190.10166150608967
Baixa vazao,434,Q_40185000,7.7378,0.0
Baixa vazao,434,Q_40330000,27.1774,-63.90686685121482
Baixa vazao,434,Q_40800001,26.6775,-6.911569144792679
Baixa vazao,434,Q_40850000,34.4681,-55.28027672192478
Baixa vazao,434,Q_40930000,2.6527,-30.251901566982802
Baixa vazao,435,P_1944059,0.0,0.0
Baixa vazao,435,P_1944063,0.0,-9.52771916468637
Baixa vazao,435,P_1945002,0.0,-8.214607582554152
Baixa vazao,435,P_1945008,0.0,-8.938769548638296
Baixa vazao,435,P_1946000,0.0,0.0
Baixa vazao,435,P_2044008,0.0,0.0
Baixa vazao,435,P_2044016,0.0,0.0
Baixa vazao,435,P_2044024,0.0,0.0
Baixa vazao,435,P_2044042,0.0,0.0
Baixa vazao,435,P_2045002,0.0,0.0
Baixa vazao,435,P_2046013,0.0,0.0
Baixa vazao,435,Q_40032000,5.0991,-9.741521424758691
Baixa vazao,435,Q_40050000,23.4924,0.0
Baixa vazao,435,Q_40060001,2.8924,-41.41917470709275
Baixa vazao,435,Q_40100000,33.6518,-214.301564593456
Baixa vazao,435,Q_40185000,6.6284,0.0
Baixa vazao,435,Q_40330000,22.6616,-68.67333429369737
Baixa vazao,435,Q_40800001,17.474,-9.270411622462753
Baixa vazao,435,Q_40850000,18.7438,-69.32894800735563
Baixa vazao,435,Q_40930000,1.3893,-32.28557836495231
Baixa vazao,436,P_1944059,0.0,0.0
Baixa vazao,436,P_1944063,0.249462366,-8.346757534269095
Baixa vazao,436,P_1945002,0.0,-8.432462917227621
Baixa vazao,436,P_1945008,0.0,-7.76055941322987
Baixa vazao,436,P_1946000,0.0,0.0
Baixa vazao,436,P_2044008,2.2,0.0
Baixa vazao,436,P_2044016,0.0,0.0
Baixa vazao,436,P_2044024,0.0,0.0
Baixa vazao,436,P_2044042,0.0,0.0
Baixa vazao,436,P_2045002,0.0,0.0
Baixa vazao,436,P_2046013,0.0,0.0
Baixa vazao,436,Q_40032000,11.4443,-8.05834514063515
Baixa vazao,436,Q_40050000,58.0767,0.0
Baixa vazao,436,Q_40060001,6.7281,-23.45587520614366
Baixa vazao,436,Q_40100000,97.9464,-135.3097698819995
Baixa vazao,436,Q_40185000,7.3583,0.0
Baixa vazao,436,Q_40330000,33.476,-56.35185293490618
Baixa vazao,436,Q_40800001,20.2961,-7.114816449882653
Baixa vazao,436,Q_40850000,25.7317,-63.582023616828764
Baixa vazao,436,Q_40930000,6.0141,-22.56551432854534
Baixa vazao,437,P_1944059,0.0,0.0
Baixa vazao,437,P_1944063,0.0,-9.395953364189813
Baixa vazao,437,P_1945002,0.0,-8.471171166622923
Baixa vazao,437,P_1945008,0.0,-9.095674165425816
Baixa vazao,437,P_1946000,0.0,0.0
Baixa vazao,437,P_2044008,0.0,0.0
Baixa vazao,437,P_2044016,0.0,0.0
Baixa vazao,437,P_2044024,0.0,0.0
Baixa vazao,437,P_2044042,0.0,0.0
Baixa vazao,437,P_2045002,0.0,0.0
Baixa vazao,437,P_2046013,0.0,0.0
Baixa vazao,437,Q_40032000,5.0991,-9.633312854246087
Baixa vazao,437,Q_40050000,21.4869,0.0
Baixa vazao,437,Q_40060001,2.8924,-41.235427874333034
Baixa vazao,437,Q_40100000,31.8273,-215.8389198271203
Baixa vazao,437,Q_40185000,6.6284,0.0
Baixa vazao,437,Q_40330000,23.0998,-68.01030516762586
Baixa vazao,437,Q_40800001,15.1092,-9.870871499348947
Baixa vazao,437,Q_40850000,16.8715,-71.30256381877096
Baixa vazao,437,Q_40930000,1.1547,-33.06639700971466
Baixa vazao,438,P_1944059,1.0,0.0
Baixa vazao,438,P_1944063,0.0,-9.161894949132988
Baixa vazao,438,P_1945002,0.0,-8.908362264679567
Baixa vazao,438,P_1945008,0.0,-8.322343861716542
Baixa vazao,438,P_1946000,0.0,0.0
Baixa vazao,438,P_2044008,0.0,0.0
Baixa vazao,438,P_2044016,2.1,0.0
Baixa vazao,438,P_2044024,1.2,0.0
Baixa vazao,438,P_2044042,0.8,0.0
Baixa vazao,438,P_2045002,0.0,0.0
Baixa vazao,438,P_2046013,0.0,0.0
Baixa vazao,438,Q_40032000,7.441,-9.362013806436053
Baixa vazao,438,Q_40050000,23.0489,0.0
Baixa vazao,438,Q_40060001,2.5334,-42.971545444234124
Baixa vazao,438,Q_40100000,37.5054,-209.4690305326379
Baixa vazao,438,Q_40185000,3.0498,0.0
Baixa vazao,438,Q_40330000,7.241,-85.54664373855327
Baixa vazao,438,Q_40800001,14.8017,-10.161290004322304
Baixa vazao,438,Q_40850000,20.1855,-68.22812495220776
Baixa vazao,438,Q_40930000,1.5219,-32.12630321764772
Baixa vazao,439,P_1944059,0.0,-4.609706675030395
Baixa vazao,439,P_1944063,0.0,-9.201404684522963
Baixa vazao,439,P_1945002,2.8,0.0
Baixa vazao,439,P_1945008,0.0,-8.239373781996466
Baixa vazao,439,P_1946000,0.0,0.0
Baixa vazao,439,P_2044008,0.0,0.0
Baixa vazao,439,P_2044016,0.0,0.0
Baixa vazao,439,P_2044024,0.0,0.0
Baixa vazao,439,P_2044042,0.0,0.0
Baixa vazao,439,P_2045002,0.0,0.0
Baixa vazao,439,P_2046013,0.0,0.0
Baixa vazao,439,Q_40032000,7.6124,-9.174872160368926
Baixa vazao,439,Q_40050000,27.831,0.0
Baixa vazao,439,Q_40060001,2.8194,-42.06983651609905
Baixa vazao,439,Q_40100000,48.6062,-197.70127474551583
Baixa vazao,439,Q_40185000,4.5622,0.0
Baixa vazao,439,Q_40330000,13.818,-79.10333285074417
Baixa vazao,439,Q_40800001,20.4087,-8.569074375821314
Baixa vazao,439,Q_40850000,30.0057,-59.04475798835413
Baixa vazao,439,Q_40930000,2.9679,-29.50975837910141
Baixa vazao,440,P_1944059,0.0,0.0
Baixa vazao,440,P_1944063,0.249462366,-8.618356591273553
Baixa vazao,440,P_1945002,0.0,-8.65525125301003
Baixa vazao,440,P_1945008,0.0,-8.610350978837372
Baixa vazao,440,P_1946000,0.0,0.0
Baixa vazao,440,P_2044008,0.0,0.0
Baixa vazao,440,P_2044016,0.0,0.0
Baixa vazao,440,P_2044024,0.0,0.0
Baixa vazao,440,P_2044042,0.0,0.0
Baixa vazao,440,P_2045002,0.0,0.0
Baixa vazao,440,P_2046013,0.0,0.0
Baixa vazao,440,Q_40032000,10.6207,-8.358569746150181
Baixa vazao,440,Q_40050000,50.8426,0.0
Baixa vazao,440,Q_40060001,6.0668,-26.266709083009253
Baixa vazao,440,Q_40100000,84.5546,-152.12849516050483
Baixa vazao,440,Q_40185000,6.2595,0.0
Baixa vazao,440,Q_40330000,26.2508,-64.94000946028886
Baixa vazao,440,Q_40800001,18.5374,-7.849104552158906
Baixa vazao,440,Q_40850000,22.1561,-66.32016166165694
Baixa vazao,440,Q_40930000,5.3641,-24.236950382090548
Baixa vazao,441,P_1944059,0.0,0.0
Baixa vazao,441,P_1944063,0.0,-9.181610191533453
Baixa vazao,441,P_1945002,0.0,-8.762695903460529
Baixa vazao,441,P_1945008,0.0,-8.124830008391848
Baixa vazao,441,P_1946000,0.0,0.0
Baixa vazao,441,P_2044008,0.0,0.0
Baixa vazao,441,P_2044016,0.0,0.0
Baixa vazao,441,P_2044024,0.0,0.0
Baixa vazao,441,P_2044042,0.0,0.0
Baixa vazao,441,P_2045002,0.0,0.0
Baixa vazao,441,P_2046013,0.0,0.0
Baixa vazao,441,Q_40032000,7.8831,-9.481460456303521
Baixa vazao,441,Q_40050000,42.7543,0.0
Baixa vazao,441,Q_40060001,6.8243,-22.980185692161594
Baixa vazao,441,Q_40100000,70.5712,-169.35047106096596
Baixa vazao,441,Q_40185000,5.9063,0.0
Baixa vazao,441,Q_40330000,14.9303,-77.91144265758179
Baixa vazao,441,Q_40800001,26.7461,-6.615055455140521
Baixa vazao,441,Q_40850000,39.1085,-50.2935438302799
Baixa vazao,441,Q_40930000,8.0325,-18.62208011706744
Baixa vazao,442,P_1944059,0.0,0.0
Baixa vazao,442,P_1944063,0.0,-9.529501509157342
Baixa vazao,442,P_1945002,0.0,-8.665584108625257
Baixa vazao,442,P_1945008,0.0,-8.558316019264282
Baixa vazao,442,P_1946000,0.0,0.0
Baixa vazao,442,P_2044008,0.0,0.0
Baixa vazao,442,P_2044016,0.0,0.0
Baixa vazao,442,P_2044024,0.0,0.0
Baixa vazao,442,P_2044042,0.0,0.0
Baixa vazao,442,P_2045002,0.0,0.0
Baixa vazao,442,P_2046013,0.0,0.0
Baixa vazao,442,Q_40032000,7.5115,-9.043571415399528
Baixa vazao,442,Q_40050000,33.2589,0.0
Baixa vazao,442,Q_40060001,5.161,-31.200131965717894
Baixa vazao,442,Q_40100000,66.9,-173.4502901429595
Baixa vazao,442,Q_40185000,3.631,0.0
Baixa vazao,442,Q_40330000,11.3456,-81.8115201172349
Baixa vazao,442,Q_40800001,12.782,-8.979273698455218
Baixa vazao,442,Q_40850000,19.7014,-69.05003247888206
Baixa vazao,442,Q_40930000,2.3349,-30.937947801467963
Baixa vazao,443,P_1944059,0.0,0.0
Baixa vazao,443,P_1944063,0.0,-9.536833766162236
Baixa vazao,443,P_1945002,0.0,-8.950986864432423
Baixa vazao,443,P_1945008,0.0,-8.349478494990533
Baixa vazao,443,P_1946000,0.0,0.0
Baixa vazao,443,P_2044008,0.0,0.0
Baixa vazao,443,P_2044016,0.0,0.0
Baixa vazao,443,P_2044024,0.0,0.0
Baixa vazao,443,P_2044042,0.0,0.0
Baixa vazao,443,P_2045002,0.0,0.0
Baixa vazao,443,P_2046013,0.0,0.0
Baixa vazao,443,Q_40032000,7.9567,-9.14635820816872
Baixa vazao,443,Q_40050000,28.6197,0.0
Baixa vazao,443,Q_40060001,3.0402,-40.97638947023094
Baixa vazao,443,Q_40100000,48.6062,-195.8461028276723
Baixa vazao,443,Q_40185000,4.2442,0.0
Baixa vazao,443,Q_40330000,11.688,-81.41043930211549
Baixa vazao,443,Q_40800001,17.2046,-9.540909688477356
Baixa vazao,443,Q_40850000,22.6572,-66.3030636608889
Baixa vazao,443,Q_40930000,1.6446,-31.68184614028479
Baixa vazao,444,P_1944059,0.0,0.0
Baixa vazao,444,P_1944063,0.0,-9.12921834080156
Baixa vazao,444,P_1945002,0.0,-8.165441292037917
Baixa vazao,444,P_1945008,0.0,-8.485712623060019
Baixa vazao,444,P_1946000,0.0,0.0
Baixa vazao,444,P_2044008,0.0,0.0
Baixa vazao,444,P_2044016,0.0,0.0
Baixa vazao,444,P_2044024,0.0,0.0
Baixa vazao,444,P_2044042,0.0,0.0
Baixa vazao,444,P_2045002,0.0,0.0
Baixa vazao,444,P_2046013,0.0,0.0
Baixa vazao,444,Q_40032000,7.2226,-9.231110625970503
Baixa vazao,444,Q_40050000,34.3301,0.0
Baixa vazao,444,Q_40060001,4.0561,-36.17159280372367
Baixa vazao,444,Q_40100000,56.392,-187.18510409245727
Baixa vazao,444,Q_40185000,6.6284,0.0
Baixa vazao,444,Q_40330000,22.2264,-69.90419674202835
Baixa vazao,444,Q_40800001,29.5559,-6.957607922594832
Baixa vazao,444,Q_40850000,37.3481,-52.06573064647375
Baixa vazao,444,Q_40930000,2.9201,-29.349750432664532
Baixa vazao,445,P_1944059,0.0,0.0
Baixa vazao,445,P_1944063,0.0,-9.75310062190437
Baixa vazao,445,P_1945002,0.0,-8.433651628423261
Baixa vazao,445,P_1945008,0.0,-8.580061328757381
Baixa vazao,445,P_1946000,0.0,0.0
Baixa vazao,445,P_2044008,0.0,0.0
Baixa vazao,445,P_2044016,0.0,0.0
Baixa vazao,445,P_2044024,0.0,0.0
Baixa vazao,445,P_2044042,0.0,0.0
Baixa vazao,445,P_2045002,0.0,0.0
Baixa vazao,445,P_2046013,0.0,0.0
Baixa vazao,445,Q_40032000,7.441,-9.35555399500096
Baixa vazao,445,Q_40050000,26.0261,0.0
Baixa vazao,445,Q_40060001,2.8924,-41.458703831515635
Baixa vazao,445,Q_40100000,41.8305,-204.2258733951111
Baixa vazao,445,Q_40185000,3.631,0.0
Baixa vazao,445,Q_40330000,9.0534,-83.93463786118244
Baixa vazao,445,Q_40800001,17.7625,-9.240351373875782
Baixa vazao,445,Q_40850000,15.0589,-73.25981578134031
Baixa vazao,445,Q_40930000,1.1884,-32.534475897572285
Baixa vazao,446,P_1944059,0.0,0.0
Baixa vazao,446,P_1944063,0.0,-9.551816853310353
Baixa vazao,446,P_1945002,0.0,-9.171199964900811
Baixa vazao,446,P_1945008,0.0,-9.667643180332902
Baixa vazao,446,P_1946000,0.0,0.0
Baixa vazao,446,P_2044008,0.0,0.0
Baixa vazao,446,P_2044016,0.0,0.0
Baixa vazao,446,P_2044024,0.0,0.0
Baixa vazao,446,P_2044042,5.9,0.0
Baixa vazao,446,P_2045002,0.0,0.0
Baixa vazao,446,P_2046013,0.0,0.0
Baixa vazao,446,Q_40032000,5.0991,-10.863555219144088
Baixa vazao,446,Q_40050000,23.4924,0.0
Baixa vazao,446,Q_40060001,3.0402,-41.3665958786443
Baixa vazao,446,Q_40100000,36.4666,-211.69667674383828
Baixa vazao,446,Q_40185000,6.6284,0.0
Baixa vazao,446,Q_40330000,23.0998,-68.6641746777981
Baixa vazao,446,Q_40800001,16.2762,-9.865230945532273
Baixa vazao,446,Q_40850000,18.7438,-70.94122648194958
Baixa vazao,446,Q_40930000,1.6307,-32.797641749457426
Baixa vazao,447,P_1944059,0.0,-4.579537109168996
Baixa vazao,447,P_1944063,0.0,-9.504550920113301
Baixa vazao,447,P_1945002,0.0,-8.501672731956956
Baixa vazao,447,P_1945008,0.0,-8.259562352176138
Baixa vazao,447,P_1946000,0.0,0.0
Baixa vazao,447,P_2044008,0.0,0.0
Baixa vazao,447,P_2044016,0.0,0.0
Baixa vazao,447,P_2044024,0.0,0.0
Baixa vazao,447,P_2044042,0.0,0.0
Baixa vazao,447,P_2045002,0.0,0.0
Baixa vazao,447,P_2046013,0.0,0.0
Baixa vazao,447,Q_40032000,8.6394,-9.282713173867737
Baixa vazao,447,Q_40050000,40.6525,0.0
Baixa vazao,447,Q_40060001,4.8985,-31.040218084096637
Baixa vazao,447,Q_40100000,65.8237,-175.5866340012708
Baixa vazao,447,Q_40185000,10.6773,0.0
Baixa vazao,447,Q_40330000,39.1647,-49.287446361229065
Baixa vazao,447,Q_40800001,46.3232,0.0
Baixa vazao,447,Q_40850000,75.7264,-15.527905188710022
Baixa vazao,447,Q_40930000,4.0291,-26.798881299906398
Baixa vazao,448,P_1944059,0.0,0.0
Baixa vazao,448,P_1944063,0.0,-9.734682052831017
Baixa vazao,448,P_1945002,0.0,-8.453208279865384
Baixa vazao,448,P_1945008,0.0,-8.555901962696158
Baixa vazao,448,P_1946000,0.0,0.0
Baixa vazao,448,P_2044008,0.0,0.0
Baixa vazao,448,P_2044016,0.0,0.0
Baixa vazao,448,P_2044024,0.0,0.0
Baixa vazao,448,P_2044042,0.0,0.0
Baixa vazao,448,P_2045002,0.0,0.0
Baixa vazao,448,P_2046013,0.0,0.0
Baixa vazao,448,Q_40032000,7.6833,-9.534784411378567
Baixa vazao,448,Q_40050000,37.299,0.0
Baixa vazao,448,Q_40060001,4.4709,-33.495541382064
Baixa vazao,448,Q_40100000,61.0328,-180.87963615556748
Baixa vazao,448,Q_40185000,9.7973,0.0
Baixa vazao,448,Q_40330000,34.9956,-54.84817200762457
Baixa vazao,448,Q_40800001,31.0345,-5.65071007927645
Baixa vazao,448,Q_40850000,40.8927,-48.503585418041396
Baixa vazao,448,Q_40930000,3.4672,-28.045983579596278
Baixa vazao,449,P_1944059,0.0,0.0
Baixa vazao,449,P_1944063,13.9,28.942864428357403
Baixa vazao,449,P_1945002,0.0,-8.185387744605578
Baixa vazao,449,P_1945008,18.9,36.57096839080996
Baixa vazao,449,P_1946000,8.2,-10.543838153989219
Baixa vazao,449,P_2044008,4.8,0.0
Baixa vazao,449,P_2044016,0.3,0.0
Baixa vazao,449,P_2044024,0.0,0.0
Baixa vazao,449,P_2044042,3.7,0.0
Baixa vazao,449,P_2045002,0.0,0.0
Baixa vazao,449,P_2046013,11.0,0.0
Baixa vazao,449,Q_40032000,7.1451,0.0
Baixa vazao,449,Q_40050000,23.0893,0.0
Baixa vazao,449,Q_40060001,4.6405,-37.41181868807453
Baixa vazao,449,Q_40100000,54.5059,-198.4873309458467
Baixa vazao,449,Q_40185000,3.9337,0.0
Baixa vazao,449,Q_40330000,14.9303,-81.90871748195246
Baixa vazao,449,Q_40800001,18.1312,-10.363701307419767
Baixa vazao,449,Q_40850000,23.6691,-69.54269278553849
Baixa vazao,449,Q_40930000,2.3568,-33.07020423892406
Baixa vazao,450,P_1944059,0.0,0.0
Baixa vazao,450,P_1944063,0.0,-8.909086241735197
Baixa vazao,450,P_1945002,0.0,-8.145625478226577
Baixa vazao,450,P_1945008,0.0,-8.628634048342622
Baixa vazao,450,P_1946000,0.0,0.0
Baixa vazao,450,P_2044008,0.0,0.0
Baixa vazao,450,P_2044016,0.0,0.0
Baixa vazao,450,P_2044024,0.0,0.0
Baixa vazao,450,P_2044042,0.0,0.0
Baixa vazao,450,P_2045002,0.0,0.0
Baixa vazao,450,P_2046013,0.0,0.0
Baixa vazao,450,Q_40032000,5.912,-9.638231196100312
Baixa vazao,450,Q_40050000,23.4924,0.0
Baixa vazao,450,Q_40060001,3.1903,-40.54664675757305
Baixa vazao,450,Q_40100000,40.3633,-206.4002753971365
Baixa vazao,450,Q_40185000,7.7378,0.0
Baixa vazao,450,Q_40330000,27.6451,-63.654451455525454
Baixa vazao,450,Q_40800001,18.7021,-8.920271986667666
Baixa vazao,450,Q_40850000,23.6691,-65.3378918561908
Baixa vazao,450,Q_40930000,1.3893,-32.59345571857192
Baixa vazao,451,P_1944059,0.0,0.0
Baixa vazao,451,P_1944063,0.0,-9.076066555346426
Baixa vazao,451,P_1945002,0.0,-8.451263610264878
Baixa vazao,451,P_1945008,0.0,-8.258122869844556
Baixa vazao,451,P_1946000,0.0,0.0
Baixa vazao,451,P_2044008,0.0,0.0
Baixa vazao,451,P_2044016,0.0,0.0
Baixa vazao,451,P_2044024,0.0,0.0
Baixa vazao,451,P_2044042,0.0,0.0
Baixa vazao,451,P_2045002,0.0,0.0
Baixa vazao,451,P_2046013,0.0,0.0
Baixa vazao,451,Q_40032000,6.9299,-9.375843898316058
Baixa vazao,451,Q_40050000,24.5189,0.0
Baixa vazao,451,Q_40060001,3.0402,-40.74705978627283
Baixa vazao,451,Q_40100000,45.176,-200.7999249105004
Baixa vazao,451,Q_40185000,3.631,0.0
Baixa vazao,451,Q_40330000,10.6718,-82.51002355598837
Baixa vazao,451,Q_40800001,18.4132,-8.999117861992149
Baixa vazao,451,Q_40850000,28.9191,-60.79592978023048
Baixa vazao,451,Q_40930000,2.3349,-30.673837851747635
Baixa vazao,452,P_1944059,0.0,0.0
Baixa vazao,452,P_1944063,0.0,-9.297630691501253
Baixa vazao,452,P_1945002,0.0,-7.812108755090959
Baixa vazao,452,P_1945008,0.0,-7.917223047910558
Baixa vazao,452,P_1946000,0.0,0.0
Baixa vazao,452,P_2044008,0.0,-4.649069969534139
Baixa vazao,452,P_2044016,0.0,0.0
Baixa vazao,452,P_2044024,0.0,0.0
Baixa vazao,452,P_2044042,0.7,0.0
Baixa vazao,452,P_2045002,0.0,0.0
Baixa vazao,452,P_2046013,5.4,0.0
Baixa vazao,452,Q_40032000,17.2744,0.0
Baixa vazao,452,Q_40050000,29.9543,0.0
Baixa vazao,452,Q_40060001,3.0402,-41.746177860444085
Baixa vazao,452,Q_40100000,71.8088,-169.68685644182284
Baixa vazao,452,Q_40185000,6.2595,0.0
Baixa vazao,452,Q_40330000,15.6889,-78.30978293786787
Baixa vazao,452,Q_40800001,20.4087,-8.11495267189713
Baixa vazao,452,Q_40850000,27.3117,-62.39953445582931
Baixa vazao,452,Q_40930000,12.6941,-8.960358670383005
Baixa vazao,453,P_1944059,2.0,0.0
Baixa vazao,453,P_1944063,3.2,0.0
Baixa vazao,453,P_1945002,0.0,-7.023810106815509
Baixa vazao,453,P_1945008,0.0,-7.962629904415878
Baixa vazao,453,P_1946000,0.0,0.0
Baixa vazao,453,P_2044008,0.0,-4.156355464062244
Baixa vazao,453,P_2044016,0.0,0.0
Baixa vazao,453,P_2044024,0.0,0.0
Baixa vazao,453,P_2044042,0.0,0.0
Baixa vazao,453,P_2045002,0.0,0.0
Baixa vazao,453,P_2046013,0.0,0.0
Baixa vazao,453,Q_40032000,6.9299,-9.035378277428379
Baixa vazao,453,Q_40050000,32.9781,0.0
Baixa vazao,453,Q_40060001,2.604,-42.66209354144405
Baixa vazao,453,Q_40100000,35.4027,-212.99573416876166
Baixa vazao,453,Q_40185000,5.9063,0.0
Baixa vazao,453,Q_40330000,12.3837,-80.07320105743126
Baixa vazao,453,Q_40800001,21.0879,-7.924876630708904
Baixa vazao,453,Q_40850000,28.3803,-60.25112359524908
Baixa vazao,453,Q_40930000,1.5219,-31.72410783775129
Baixa vazao,454,P_1944059,0.0,0.0
Baixa vazao,454,P_1944063,0.0,-8.6902833629017
Baixa vazao,454,P_1945002,26.8,49.94018738280084
Baixa vazao,454,P_1945008,0.0,-7.812070544722784
Baixa vazao,454,P_1946000,0.0,0.0
Baixa vazao,454,P_2044008,0.0,0.0
Baixa vazao,454,P_2044016,0.0,0.0
Baixa vazao,454,P_2044024,0.0,0.0
Baixa vazao,454,P_2044042,0.0,0.0
Baixa vazao,454,P_2045002,0.0,0.0
Baixa vazao,454,P_2046013,0.0,0.0
Baixa vazao,454,Q_40032000,7.5115,-8.923778714287065
Baixa vazao,454,Q_40050000,39.6819,0.0
Baixa vazao,454,Q_40060001,4.2205,-37.70521305844742
Baixa vazao,454,Q_40100000,83.2504,-157.55217258894652
Baixa vazao,454,Q_40185000,7.3583,0.0
Baixa vazao,454,Q_40330000,18.4484,-75.39711465294585
Baixa vazao,454,Q_40800001,19.7008,-8.052671703381577
Baixa vazao,454,Q_40850000,17.8004,-73.74958604871027
Baixa vazao,454,Q_40930000,8.378,-18.119914635055224
Baixa vazao,455,P_1944059,0.0,0.0
Baixa vazao,455,P_1944063,0.0,-9.23249633279771
Baixa vazao,455,P_1945002,0.0,-8.579674492678869
Baixa vazao,455,P_1945008,0.0,-8.516163455459719
Baixa vazao,455,P_1946000,0.0,0.0
Baixa vazao,455,P_2044008,0.0,0.0
Baixa vazao,455,P_2044016,0.0,0.0
Baixa vazao,455,P_2044024,0.0,0.0
Baixa vazao,455,P_2044042,0.0,0.0
Baixa vazao,455,P_2045002,0.0,0.0
Baixa vazao,455,P_2046013,0.0,0.0
Baixa vazao,455,Q_40032000,7.5115,-9.46158171893707
Baixa vazao,455,Q_40050000,34.6776,0.0
Baixa vazao,455,Q_40060001,5.2495,-30.874960180053147
Baixa vazao,455,Q_40100000,71.8088,-167.83221118697418
Baixa vazao,455,Q_40185000,3.9337,0.0
Baixa vazao,455,Q_40330000,22.2264,-69.56929717086045
Baixa vazao,455,Q_40800001,12.3126,-9.61907047729404
Baixa vazao,455,Q_40850000,20.6731,-67.70953734761093
Baixa vazao,455,Q_40930000,2.3349,-30.53437055904864
Baixa vazao,456,P_1944059,0.0,0.0
Baixa vazao,456,P_1944063,0.0,-8.957844745189862
Baixa vazao,456,P_1945002,0.0,-7.790424280318373
Baixa vazao,456,P_1945008,0.0,-7.758885368666864
Baixa vazao,456,P_1946000,0.0,0.0
Baixa vazao,456,P_2044008,0.0,-4.224732056243681
Baixa vazao,456,P_2044016,0.6,0.0
Baixa vazao,456,P_2044024,0.4,0.0
Baixa vazao,456,P_2044042,0.8,0.0
Baixa vazao,456,P_2045002,1.1,0.0
Baixa vazao,456,P_2046013,1.2,0.0
Baixa vazao,456,Q_40032000,24.3392,0.0
Baixa vazao,456,Q_40050000,34.3919,0.0
Baixa vazao,456,Q_40060001,3.1903,-40.584293476509345
Baixa vazao,456,Q_40100000,60.6268,-183.73836041011182
Baixa vazao,456,Q_40185000,5.5598,0.0
Baixa vazao,456,Q_40330000,15.6889,-77.70812125092353
Baixa vazao,456,Q_40800001,21.7742,-7.464224306414283
Baixa vazao,456,Q_40850000,27.3117,-62.72044939895977
Baixa vazao,456,Q_40930000,7.349,-20.157847025349884
Baixa vazao,457,P_1944059,0.0,0.0
Baixa vazao,457,P_1944063,0.0,-10.10754844558647
Baixa vazao,457,P_1945002,0.0,-8.480147880519903
Baixa vazao,457,P_1945008,0.0,-8.502164530416222
Baixa vazao,457,P_1946000,0.0,0.0
Baixa vazao,457,P_2044008,0.0,0.0
Baixa vazao,457,P_2044016,0.0,0.0
Baixa vazao,457,P_2044024,0.0,0.0
Baixa vazao,457,P_2044042,0.0,0.0
Baixa vazao,457,P_2045002,0.0,0.0
Baixa vazao,457,P_2046013,0.0,0.0
Baixa vazao,457,Q_40032000,6.7738,-9.204756723763007
Baixa vazao,457,Q_40050000,32.7537,0.0
Baixa vazao,457,Q_40060001,3.8938,-36.70638484677678
Baixa vazao,457,Q_40100000,54.1286,-189.6740074764803
Baixa vazao,457,Q_40185000,7.7378,0.0
Baixa vazao,457,Q_40330000,26.7127,-64.19019347163999
Baixa vazao,457,Q_40800001,26.6775,-7.657132212398437
Baixa vazao,457,Q_40850000,34.4681,-54.99377887286319
Baixa vazao,457,Q_40930000,2.6527,-29.714716356778307
Baixa vazao,458,P_1944059,0.0,0.0
Baixa vazao,458,P_1944063,0.0,-9.103330507222688
Baixa vazao,458,P_1945002,0.0,-8.456955362912893
Baixa vazao,458,P_1945008,0.0,-8.781278393023378
Baixa vazao,458,P_1946000,0.0,0.0
Baixa vazao,458,P_2044008,0.0,0.0
Baixa vazao,458,P_2044016,0.0,0.0
Baixa vazao,458,P_2044024,0.0,0.0
Baixa vazao,458,P_2044042,0.0,0.0
Baixa vazao,458,P_2045002,0.0,0.0
Baixa vazao,458,P_2046013,0.0,0.0
Baixa vazao,458,Q_40032000,5.912,-9.572593488304062
Baixa vazao,458,Q_40050000,24.6383,0.0
Baixa vazao,458,Q_40060001,3.2663,-39.92883780229642
Baixa vazao,458,Q_40100000,42.3723,-203.89634897946405
Baixa vazao,458,Q_40185000,7.3505,0.0
Baixa vazao,458,Q_40330000,24.8827,-66.42245071818394
Baixa vazao,458,Q_40800001,24.5892,-8.012055143591226
Baixa vazao,458,Q_40850000,35.0386,-54.541300405035344
Baixa vazao,458,Q_40930000,1.6307,-32.538278283790206
Baixa vazao,459,P_1944059,0.0,0.0
Baixa vazao,459,P_1944063,0.0,-9.630362470330752
Baixa vazao,459,P_1945002,0.0,-8.320543913064057
Baixa vazao,459,P_1945008,0.0,-8.519292638254841
Baixa vazao,459,P_1946000,0.0,0.0
Baixa vazao,459,P_2044008,0.0,0.0
Baixa vazao,459,P_2044016,0.0,0.0
Baixa vazao,459,P_2044024,0.0,0.0
Baixa vazao,459,P_2044042,0.0,0.0
Baixa vazao,459,P_2045002,0.0,0.0
Baixa vazao,459,P_2046013,0.0,0.0
Baixa vazao,459,Q_40032000,6.4284,-9.489475640173984
Baixa vazao,459,Q_40050000,23.5055,0.0
Baixa vazao,459,Q_40060001,4.0561,-36.03571328240693
Baixa vazao,459,Q_40100000,63.1353,-178.87462291680427
Baixa vazao,459,Q_40185000,5.5598,0.0
Baixa vazao,459,Q_40330000,23.9853,-67.55491576729825
Baixa vazao,459,Q_40800001,17.3756,-8.536220678183593
Baixa vazao,459,Q_40850000,21.6584,-67.64009280044978
Baixa vazao,459,Q_40930000,1.8525,-31.602620800588166
Baixa vazao,460,P_1944059,8.0,0.0
Baixa vazao,460,P_1944063,8.0,0.0
Baixa vazao,460,P_1945002,0.0,-4.627554486619147
Baixa vazao,460,P_1945008,0.0,-6.177896533023135
Baixa vazao,460,P_1946000,0.0,0.0
Baixa vazao,460,P_2044008,7.1,0.0
Baixa vazao,460,P_2044016,3.5,0.0
Baixa vazao,460,P_2044024,2.2,0.0
Baixa vazao,460,P_2044042,9.9,-9.331560978527534
Baixa vazao,460,P_2045002,0.0,0.0
Baixa vazao,460,P_2046013,1.6,0.0
Baixa vazao,460,Q_40032000,8.1296,-5.517663208113741
Baixa vazao,460,Q_40050000,27.5701,0.0
Baixa vazao,460,Q_40060001,3.9747,-35.49251763329377
Baixa vazao,460,Q_40100000,47.4535,-199.32481824490586
Baixa vazao,460,Q_40185000,3.3363,0.0
Baixa vazao,460,Q_40330000,10.013,-81.92372841722246
Baixa vazao,460,Q_40800001,15.1975,-7.018574960474488
Baixa vazao,460,Q_40850000,18.2703,-67.43646549182048
Baixa vazao,460,Q_40930000,1.1884,-31.302208150819542
Baixa vazao,461,P_1944059,0.0,0.0
Baixa vazao,461,P_1944063,0.0,-9.162782080108524
Baixa vazao,461,P_1945002,0.0,-8.432580483358095
Baixa vazao,461,P_1945008,0.0,-8.593554606054791
Baixa vazao,461,P_1946000,0.0,0.0
Baixa vazao,461,P_2044008,0.0,0.0
Baixa vazao,461,P_2044016,0.0,0.0
Baixa vazao,461,P_2044024,0.0,0.0
Baixa vazao,461,P_2044042,0.0,0.0
Baixa vazao,461,P_2045002,0.0,0.0
Baixa vazao,461,P_2046013,0.0,0.0
Baixa vazao,461,Q_40032000,8.2597,-9.141140225596995
Baixa vazao,461,Q_40050000,37.884,0.0
Baixa vazao,461,Q_40060001,5.8819,-27.434399328933896
Baixa vazao,461,Q_40100000,68.1168,-172.76669635971686
Baixa vazao,461,Q_40185000,4.5622,0.0
Baixa vazao,461,Q_40330000,21.7942,-69.75774697884965
Baixa vazao,461,Q_40800001,14.7491,-8.883592837303516
Baixa vazao,461,Q_40850000,18.7438,-70.20712905210601
Baixa vazao,461,Q_40930000,3.7981,-27.935162722616123
Baixa vazao,462,P_1944059,0.0,0.0
Baixa vazao,462,P_1944063,0.0,-9.350366773796587
Baixa vazao,462,P_1945002,0.0,-8.405295349784057
Baixa vazao,462,P_1945008,0.0,-8.84566908988028
Baixa vazao,462,P_1946000,0.0,0.0
Baixa vazao,462,P_2044008,0.0,0.0
Baixa vazao,462,P_2044016,0.0,0.0
Baixa vazao,462,P_2044024,0.0,0.0
Baixa vazao,462,P_2044042,0.0,0.0
Baixa vazao,462,P_2045002,0.0,0.0
Baixa vazao,462,P_2046013,0.0,0.0
Baixa vazao,462,Q_40032000,5.912,-9.82856455137536
Baixa vazao,462,Q_40050000,27.4792,0.0
Baixa vazao,462,Q_40060001,3.3428,-39.65287061373312
Baixa vazao,462,Q_40100000,45.4608,-199.82755671843077
Baixa vazao,462,Q_40185000,7.3505,0.0
Baixa vazao,462,Q_40330000,25.7919,-65.29548496601826
Baixa vazao,462,Q_40800001,22.5628,-8.439370809128832
Baixa vazao,462,Q_40850000,28.3803,-60.97089144994852
Baixa vazao,462,Q_40930000,2.1314,-30.823050595224487
Baixa vazao,463,P_1944059,0.0,0.0
Baixa vazao,463,P_1944063,0.0,-9.409281099265042
Baixa vazao,463,P_1945002,0.0,-8.032021985797122
Baixa vazao,463,P_1945008,0.0,-8.524046619851777
Baixa vazao,463,P_1946000,0.0,0.0
Baixa vazao,463,P_2044008,0.0,0.0
Baixa vazao,463,P_2044016,0.0,0.0
Baixa vazao,463,P_2044024,0.0,0.0
Baixa vazao,463,P_2044042,0.0,0.0
Baixa vazao,463,P_2045002,0.0,0.0
Baixa vazao,463,P_2046013,0.0,0.0
Baixa vazao,463,Q_40032000,10.6207,-7.792251583214522
Baixa vazao,463,Q_40050000,46.2421,0.0
Baixa vazao,463,Q_40060001,5.6989,-28.390186437161795
Baixa vazao,463,Q_40100000,76.8273,-161.35737130632853
Baixa vazao,463,Q_40185000,5.5598,0.0
Baixa vazao,463,Q_40330000,24.8827,-67.00049076104857
Baixa vazao,463,Q_40800001,17.9692,-8.203497763783622
Baixa vazao,463,Q_40850000,21.164,-67.57499067493083
Baixa vazao,463,Q_40930000,4.727,-25.92220222939538
Baixa vazao,464,P_1944059,0.0,-4.4394749514061065
Baixa vazao,464,P_1944063,0.0,-8.994806309108991
Baixa vazao,464,P_1945002,0.0,-7.967437104751493
Baixa vazao,464,P_1945008,15.0,30.708111261894203
Baixa vazao,464,P_1946000,0.0,0.0
Baixa vazao,464,P_2044008,0.0,0.0
Baixa vazao,464,P_2044016,0.0,0.0
Baixa vazao,464,P_2044024,0.0,0.0
Baixa vazao,464,P_2044042,0.0,0.0
Baixa vazao,464,P_2045002,0.0,0.0
Baixa vazao,464,P_2046013,0.0,0.0
Baixa vazao,464,Q_40032000,8.1296,-8.4139455671466
Baixa vazao,464,Q_40050000,36.7046,0.0
Baixa vazao,464,Q_40060001,4.138,-37.09632667693048
Baixa vazao,464,Q_40100000,52.119,-194.65688100638843
Baixa vazao,464,Q_40185000,6.2595,0.0
Baixa vazao,464,Q_40330000,13.818,-80.79423388240133
Baixa vazao,464,Q_40800001,51.4518,0.0
Baixa vazao,464,Q_40850000,32.2141,-57.964048100181756
Baixa vazao,464,Q_40930000,1.1884,-32.93265029720791
Baixa vazao,465,P_1944059,0.0,0.0
Baixa vazao,465,P_1944063,0.0,-9.08849323823652
Baixa vazao,465,P_1945002,0.0,-8.68092838431504
Baixa vazao,465,P_1945008,0.0,-8.171655064616914
Baixa vazao,465,P_1946000,0.0,0.0
Baixa vazao,465,P_2044008,0.0,0.0
Baixa vazao,465,P_2044016,0.0,0.0
Baixa vazao,465,P_2044024,0.0,0.0
Baixa vazao,465,P_2044042,0.0,0.0
Baixa vazao,465,P_2045002,0.0,0.0
Baixa vazao,465,P_2046013,0.0,0.0
Baixa vazao,465,Q_40032000,8.6413,-9.043420579511816
Baixa vazao,465,Q_40050000,39.0788,0.0
Baixa vazao,465,Q_40060001,5.9741,-27.014763278310213
Baixa vazao,465,Q_40100000,69.3405,-170.9887942754993
Baixa vazao,465,Q_40185000,4.5622,0.0
Baixa vazao,465,Q_40330000,21.3651,-70.70504229342629
Baixa vazao,465,Q_40800001,16.8599,-8.409777799866955
Baixa vazao,465,Q_40850000,19.7014,-68.82182077092762
Baixa vazao,465,Q_40930000,4.104,-27.747129395207175
Baixa vazao,466,P_1944059,0.0,0.0
Baixa vazao,466,P_1944063,0.0,-9.781455695823785
Baixa vazao,466,P_1945002,0.0,-8.985515888305125
Baixa vazao,466,P_1945008,0.0,-8.325964168229271
Baixa vazao,466,P_1946000,0.0,0.0
Baixa vazao,466,P_2044008,0.0,0.0
Baixa vazao,466,P_2044016,0.0,0.0
Baixa vazao,466,P_2044024,0.0,0.0
Baixa vazao,466,P_2044042,0.0,0.0
Baixa vazao,466,P_2045002,0.0,0.0
Baixa vazao,466,P_2046013,0.0,0.0
Baixa vazao,466,Q_40032000,11.4443,-7.8583097658044245
Baixa vazao,466,Q_40050000,60.2159,0.0
Baixa vazao,466,Q_40060001,6.8243,-23.267358084758097
Baixa vazao,466,Q_40100000,102.085,-130.0199736822699
Baixa vazao,466,Q_40185000,7.7372,0.0
Baixa vazao,466,Q_40330000,29.0651,-61.285718771261315
Baixa vazao,466,Q_40800001,22.136,-7.24550264035355
Baixa vazao,466,Q_40850000,27.3117,-61.64850684778071
Baixa vazao,466,Q_40930000,6.3436,-22.153238773612877
Baixa vazao,467,P_1944059,0.0,0.0
Baixa vazao,467,P_1944063,0.0,-9.220453627466046
Baixa vazao,467,P_1945002,0.0,-8.403721474004236
Baixa vazao,467,P_1945008,0.0,-8.328626484486021
Baixa vazao,467,P_1946000,0.0,0.0
Baixa vazao,467,P_2044008,0.0,0.0
Baixa vazao,467,P_2044016,0.0,0.0
Baixa vazao,467,P_2044024,0.0,0.0
Baixa vazao,467,P_2044042,0.0,0.0
Baixa vazao,467,P_2045002,0.0,0.0
Baixa vazao,467,P_2046013,0.0,0.0
Baixa vazao,467,Q_40032000,7.8831,-9.534516159495379
Baixa vazao,467,Q_40050000,25.464,0.0
Baixa vazao,467,Q_40060001,4.726,-32.34626230327645
Baixa vazao,467,Q_40100000,76.8273,-161.60498879237713
Baixa vazao,467,Q_40185000,5.9063,0.0
Baixa vazao,467,Q_40330000,36.022,-53.624040282073224
Baixa vazao,467,Q_40800001,26.7816,-6.580120194091307
Baixa vazao,467,Q_40850000,35.6119,-53.757035092863184
Baixa vazao,467,Q_40930000,2.3568,-30.384456910019345
Baixa vazao,468,P_1944059,0.0,0.0
Baixa vazao,468,P_1944063,0.0,-9.557931965177625
Baixa vazao,468,P_1945002,0.0,-8.035610290852379
Baixa vazao,468,P_1945008,0.0,-8.819290615568933
Baixa vazao,468,P_1946000,0.0,0.0
Baixa vazao,468,P_2044008,0.0,0.0
Baixa vazao,468,P_2044016,0.0,0.0
Baixa vazao,468,P_2044024,0.0,0.0
Baixa vazao,468,P_2044042,4.9,0.0
Baixa vazao,468,P_2045002,2.2,0.0
Baixa vazao,468,P_2046013,6.5,0.0
Baixa vazao,468,Q_40032000,8.6394,-8.981725319117437
Baixa vazao,468,Q_40050000,42.0847,0.0
Baixa vazao,468,Q_40060001,5.2495,-31.038099757052656
Baixa vazao,468,Q_40100000,68.2748,-174.0113282186175
Baixa vazao,468,Q_40185000,7.3505,0.0
Baixa vazao,468,Q_40330000,25.7919,-66.97119036159422
Baixa vazao,468,Q_40800001,31.7835,-6.193541618414315
Baixa vazao,468,Q_40850000,41.4926,-49.114500507523765
Baixa vazao,468,Q_40930000,4.8967,-26.004148418186553
Baixa vazao,469,P_1944059,0.0,0.0
Baixa vazao,469,P_1944063,0.0,-9.41113161412948
Baixa vazao,469,P_1945002,0.0,-7.810715385994475
Baixa vazao,469,P_1945008,0.0,-8.397997252574498
Baixa vazao,469,P_1946000,0.0,0.0
Baixa vazao,469,P_2044008,0.0,0.0
Baixa vazao,469,P_2044016,0.0,0.0
Baixa vazao,469,P_2044024,0.0,0.0
Baixa vazao,469,P_2044042,0.0,0.0
Baixa vazao,469,P_2045002,0.0,0.0
Baixa vazao,469,P_2046013,0.0,0.0
Baixa vazao,469,Q_40032000,6.7738,-9.78942174372383
Baixa vazao,469,Q_40050000,29.693,0.0
Baixa vazao,469,Q_40060001,3.6543,-37.968469895692074
Baixa vazao,469,Q_40100000,50.8053,-193.7597537799232
Baixa vazao,469,Q_40185000,7.3505,0.0
Baixa vazao,469,Q_40330000,24.8827,-66.58185228408378
Baixa vazao,469,Q_40800001,25.2785,-7.908805751154117
Baixa vazao,469,Q_40850000,32.2141,-57.42642316842117
Baixa vazao,469,Q_40930000,2.9201,-29.86218065685799
Baixa vazao,470,P_1944059,0.0,0.0
Baixa vazao,470,P_1944063,0.0,-8.892727731458555
Baixa vazao,470,P_1945002,0.0,-8.777342828021455
Baixa vazao,470,P_1945008,0.0,-8.425864107464577
Baixa vazao,470,P_1946000,0.0,0.0
Baixa vazao,470,P_2044008,0.0,0.0
Baixa vazao,470,P_2044016,0.0,0.0
Baixa vazao,470,P_2044024,0.0,0.0
Baixa vazao,470,P_2044042,0.0,0.0
Baixa vazao,470,P_2045002,0.0,0.0
Baixa vazao,470,P_2046013,0.0,0.0
Baixa vazao,470,Q_40032000,5.912,-9.755045510688845
Baixa vazao,470,Q_40050000,26.5181,0.0
Baixa vazao,470,Q_40060001,3.2663,-40.08147679254797
Baixa vazao,470,Q_40100000,42.3723,-204.1068290980867
Baixa vazao,470,Q_40185000,7.7378,0.0
Baixa vazao,470,Q_40330000,27.1774,-63.62771791394587
Baixa vazao,470,Q_40800001,24.5892,-7.77279593634686
Baixa vazao,470,Q_40850000,31.1041,-58.68193853460287
Baixa vazao,470,Q_40930000,1.6307,-32.13891566728154
Baixa vazao,471,P_1944059,0.0,0.0
Baixa vazao,471,P_1944063,0.0,-9.220682281632822
Baixa vazao,471,P_1945002,0.0,-8.398695951636299
Baixa vazao,471,P_1945008,0.0,-8.151365602619572
Baixa vazao,471,P_1946000,0.0,0.0
Baixa vazao,471,P_2044008,0.0,0.0
Baixa vazao,471,P_2044016,0.0,0.0
Baixa vazao,471,P_2044024,0.0,0.0
Baixa vazao,471,P_2044042,0.0,0.0
Baixa vazao,471,P_2045002,0.0,0.0
Baixa vazao,471,P_2046013,0.0,0.0
Baixa vazao,471,Q_40032000,7.5115,-9.597190351547233
Baixa vazao,471,Q_40050000,25.1826,0.0
Baixa vazao,471,Q_40060001,4.6405,-32.37647605584391
Baixa vazao,471,Q_40100000,71.8088,-167.8739340296788
Baixa vazao,471,Q_40185000,5.9063,0.0
Baixa vazao,471,Q_40330000,38.6343,-50.58773450866805
Baixa vazao,471,Q_40800001,23.5685,-7.030256639196864
Baixa vazao,471,Q_40850000,31.6576,-57.85921948663267
Baixa vazao,471,Q_40930000,2.1021,-31.496161529883494
Baixa vazao,472,P_1944059,0.0,0.0
Baixa vazao,472,P_1944063,0.0,-8.707125951841828
Baixa vazao,472,P_1945002,0.0,-7.144237176351825
Baixa vazao,472,P_1945008,0.0,-8.650921325826726
Baixa vazao,472,P_1946000,0.0,0.0
Baixa vazao,472,P_2044008,0.0,0.0
Baixa vazao,472,P_2044016,30.0,35.04240305623023
Baixa vazao,472,P_2044024,0.0,0.0
Baixa vazao,472,P_2044042,3.9,0.0
Baixa vazao,472,P_2045002,5.6,0.0
Baixa vazao,472,P_2046013,1.6,0.0
Baixa vazao,472,Q_40032000,9.6412,-8.462513833580156
Baixa vazao,472,Q_40050000,37.299,0.0
Baixa vazao,472,Q_40060001,4.9855,-32.795996291349184
Baixa vazao,472,Q_40100000,65.8237,-176.0885226326002
Baixa vazao,472,Q_40185000,8.9491,0.0
Baixa vazao,472,Q_40330000,31.488,-59.832155985125105
Baixa vazao,472,Q_40800001,31.0345,0.0
Baixa vazao,472,Q_40850000,41.4926,-49.02970681893922
Baixa vazao,472,Q_40930000,4.6044,-27.352291284596337
Baixa vazao,473,P_1944059,19.8,0.0
Baixa vazao,473,P_1944063,0.0,-3.781283367898027
Baixa vazao,473,P_1945002,0.0,-4.236724449211488
Baixa vazao,473,P_1945008,0.0,-5.267479145299332
Baixa vazao,473,P_1946000,0.0,0.0
Baixa vazao,473,P_2044008,0.0,0.0
Baixa vazao,473,P_2044016,0.1,0.0
Baixa vazao,473,P_2044024,0.0,0.0
Baixa vazao,473,P_2044042,0.0,0.0
Baixa vazao,473,P_2045002,0.0,0.0
Baixa vazao,473,P_2046013,0.0,0.0
Baixa vazao,473,Q_40032000,8.6413,-4.800831271316556
Baixa vazao,473,Q_40050000,36.998,0.0
Baixa vazao,473,Q_40060001,4.3869,-27.721900204474625
Baixa vazao,473,Q_40100000,56.9282,-178.96895897373642
Baixa vazao,473,Q_40185000,3.9337,0.0
Baixa vazao,473,Q_40330000,8.7413,-79.25033381043247
Baixa vazao,473,Q_40800001,18.5374,-6.957725982202954
Baixa vazao,473,Q_40850000,21.6584,-61.04874715406855
Baixa vazao,473,Q_40930000,4.104,-21.081200096277474
Baixa vazao,474,P_1944059,0.0,0.0
Baixa vazao,474,P_1944063,0.249462366,-8.744436070671957
Baixa vazao,474,P_1945002,0.0,-8.007014935353219
Baixa vazao,474,P_1945008,0.0,-8.134327915530454
Baixa vazao,474,P_1946000,0.0,0.0
Baixa vazao,474,P_2044008,0.0,0.0
Baixa vazao,474,P_2044016,0.0,0.0
Baixa vazao,474,P_2044024,0.0,0.0
Baixa vazao,474,P_2044042,0.0,0.0
Baixa vazao,474,P_2045002,0.0,0.0
Baixa vazao,474,P_2046013,0.0,0.0
Baixa vazao,474,Q_40032000,10.6207,-8.42571919994682
Baixa vazao,474,Q_40050000,50.5081,0.0
Baixa vazao,474,Q_40060001,5.9741,-26.579540891478167
Baixa vazao,474,Q_40100000,83.2504,-153.5197926867968
Baixa vazao,474,Q_40185000,6.2595,0.0
Baixa vazao,474,Q_40330000,25.3358,-65.90289894273124
Baixa vazao,474,Q_40800001,18.5374,-7.685518976247067
Baixa vazao,474,Q_40850000,22.1561,-67.52688711680393
Baixa vazao,474,Q_40930000,5.3641,-24.58239488732699
Baixa vazao,475,P_1944059,15.6,0.0
Baixa vazao,475,P_1944063,0.0,-5.571036485400001
Baixa vazao,475,P_1945002,0.0,-4.243352943338721
Baixa vazao,475,P_1945008,3.4,0.0
Baixa vazao,475,P_1946000,5.1,0.0
Baixa vazao,475,P_2044008,1.7,0.0
Baixa vazao,475,P_2044016,13.8,0.0
Baixa vazao,475,P_2044024,8.2,0.0
Baixa vazao,475,P_2044042,15.0,-7.964166020179866
Baixa vazao,475,P_2045002,0.0,0.0
Baixa vazao,475,P_2046013,2.8,0.0
Baixa vazao,475,Q_40032000,6.7606,-6.198013606112557
Baixa vazao,475,Q_40050000,24.0247,0.0
Baixa vazao,475,Q_40060001,2.604,-39.200674058425165
Baixa vazao,475,Q_40100000,35.4027,-205.77894626534257
Baixa vazao,475,Q_40185000,4.8876,0.0
Baixa vazao,475,Q_40330000,10.6718,-77.38329092856557
Baixa vazao,475,Q_40800001,16.7995,-6.447815765820378
Baixa vazao,475,Q_40850000,20.6731,-63.46112658895155
Baixa vazao,475,Q_40930000,1.5219,-30.31836854326981
Baixa vazao,476,P_1944059,0.0,0.0
Baixa vazao,476,P_1944063,0.0,-10.65113691306382
Baixa vazao,476,P_1945002,0.0,0.0
Baixa vazao,476,P_1945008,0.0,-9.417384435032375
Baixa vazao,476,P_1946000,8.2,-11.113223962690656
Baixa vazao,476,P_2044008,0.0,0.0
Baixa vazao,476,P_2044016,0.0,0.0
Baixa vazao,476,P_2044024,0.0,0.0
Baixa vazao,476,P_2044042,0.0,0.0
Baixa vazao,476,P_2045002,2.3,0.0
Baixa vazao,476,P_2046013,0.0,0.0
Baixa vazao,476,Q_40032000,7.8831,-9.886562202069712
Baixa vazao,476,Q_40050000,30.7671,0.0
Baixa vazao,476,Q_40060001,7.2136,-22.73181528614387
Baixa vazao,476,Q_40100000,74.3045,-165.8051349571915
Baixa vazao,476,Q_40185000,2.7718,0.0
Baixa vazao,476,Q_40330000,5.3172,-90.89798144958812
Baixa vazao,476,Q_40800001,11.8522,-10.95419601657125
Baixa vazao,476,Q_40850000,16.8715,-73.83284907436878
Baixa vazao,476,Q_40930000,1.2649,-34.22060633495568
Baixa vazao,477,P_1944059,0.0,0.0
Baixa vazao,477,P_1944063,0.0,-9.179991497456243
Baixa vazao,477,P_1945002,0.0,-8.1886479386163
Baixa vazao,477,P_1945008,0.0,-8.335836908072421
Baixa vazao,477,P_1946000,0.0,0.0
Baixa vazao,477,P_2044008,0.0,0.0
Baixa vazao,477,P_2044016,0.0,0.0
Baixa vazao,477,P_2044024,0.0,0.0
Baixa vazao,477,P_2044042,0.0,0.0
Baixa vazao,477,P_2045002,0.0,0.0
Baixa vazao,477,P_2046013,0.0,0.0
Baixa vazao,477,Q_40032000,7.6833,-9.21068548348416
Baixa vazao,477,Q_40050000,35.398,0.0
Baixa vazao,477,Q_40060001,4.3869,-33.74660452041533
Baixa vazao,477,Q_40100000,59.8585,-182.82710705988762
Baixa vazao,477,Q_40185000,9.3692,0.0
Baixa vazao,477,Q_40330000,32.9749,-57.5109107484719
Baixa vazao,477,Q_40800001,31.7835,-6.254695412747651
Baixa vazao,477,Q_40850000,39.7006,-49.251768905575794
Baixa vazao,477,Q_40930000,3.1917,-29.136798529018563
Baixa vazao,478,P_1944059,0.0,0.0
Baixa vazao,478,P_1944063,0.0,-8.848997401023487
Baixa vazao,478,P_1945002,0.0,-7.879828069494604
Baixa vazao,478,P_1945008,0.0,-7.33657397635539
Baixa vazao,478,P_1946000,0.0,0.0
Baixa vazao,478,P_2044008,0.0,-4.293075612016651
Baixa vazao,478,P_2044016,0.0,0.0
Baixa vazao,478,P_2044024,0.0,0.0
Baixa vazao,478,P_2044042,0.0,0.0
Baixa vazao,478,P_2045002,0.0,0.0
Baixa vazao,478,P_2046013,2.0,0.0
Baixa vazao,478,Q_40032000,14.6283,-5.505264038367041
Baixa vazao,478,Q_40050000,40.5937,0.0
Baixa vazao,478,Q_40060001,3.4198,-38.29530413702767
Baixa vazao,478,Q_40100000,63.1353,-179.84159825623001
Baixa vazao,478,Q_40185000,6.9856,0.0
Baixa vazao,478,Q_40330000,13.818,-79.29387474039088
Baixa vazao,478,Q_40800001,21.7742,-7.015460580782588
Baixa vazao,478,Q_40850000,30.0057,-59.050027284342896
Baixa vazao,478,Q_40930000,16.8836,0.0
Baixa vazao,479,P_1944059,0.0,0.0
Baixa vazao,479,P_1944063,0.0,-9.27796196536447
Baixa vazao,479,P_1945002,0.0,-8.081970447557433
Baixa vazao,479,P_1945008,0.0,-8.48921319750275
Baixa vazao,479,P_1946000,0.0,0.0
Baixa vazao,479,P_2044008,0.0,0.0
Baixa vazao,479,P_2044016,0.0,0.0
Baixa vazao,479,P_2044024,0.0,0.0
Baixa vazao,479,P_2044042,0.0,0.0
Baixa vazao,479,P_2045002,0.0,0.0
Baixa vazao,479,P_2046013,0.0,0.0
Baixa vazao,479,Q_40032000,6.7738,-9.482967651456718
Baixa vazao,479,Q_40050000,32.235,0.0
Baixa vazao,479,Q_40060001,3.8938,-36.37904352225147
Baixa vazao,479,Q_40100000,54.1286,-189.62288700796438
Baixa vazao,479,Q_40185000,7.7378,0.0
Baixa vazao,479,Q_40330000,26.7127,-64.7347591174885
Baixa vazao,479,Q_40800001,26.6775,-7.776711903696428
Baixa vazao,479,Q_40850000,33.3355,-56.44330767819134
Baixa vazao,479,Q_40930000,2.6527,-30.120673486881934
Baixa vazao,480,P_1944059,0.0,0.0
Baixa vazao,480,P_1944063,0.249462366,-8.27656865902085
Baixa vazao,480,P_1945002,0.0,-8.136359679258222
Baixa vazao,480,P_1945008,0.0,-7.73905740976061
Baixa vazao,480,P_1946000,0.0,0.0
Baixa vazao,480,P_2044008,5.1,0.0
Baixa vazao,480,P_2044016,0.0,0.0
Baixa vazao,480,P_2044024,0.0,0.0
Baixa vazao,480,P_2044042,0.0,0.0
Baixa vazao,480,P_2045002,0.0,0.0
Baixa vazao,480,P_2046013,0.0,0.0
Baixa vazao,480,Q_40032000,11.4443,-7.595270073277738
Baixa vazao,480,Q_40050000,58.7862,0.0
Baixa vazao,480,Q_40060001,6.7281,-22.96023413680149
Baixa vazao,480,Q_40100000,97.9464,-135.20977496461967
Baixa vazao,480,Q_40185000,7.3583,0.0
Baixa vazao,480,Q_40330000,32.9749,-56.952509374943844
Baixa vazao,480,Q_40800001,20.9004,-6.642370316486279
Baixa vazao,480,Q_40850000,26.2553,-62.22944379703557
Baixa vazao,480,Q_40930000,6.0141,-22.678130955822994
Normal,0,P_1944059,4.6,0.0
Normal,0,P_1944063,33.0,101.55895196832954
Normal,0,P_1945002,9.5,10.843425354886772
Normal,0,P_1945008,24.7,51.52560534642838
Normal,0,P_1946000,0.0,8.331195636051646
Normal,0,P_2044008,0.0,0.0
Normal,0,P_2044016,4.5,0.0
Normal,0,P_2044024,6.3,0.0
Normal,0,P_2044042,11.8,0.0
Normal,0,P_2045002,5.2,0.0
Normal,0,P_2046013,0.0,0.0
Normal,0,Q_40032000,19.58,0.0
Normal,0,Q_40050000,154.977,5.410860128453432
Normal,0,Q_40060001,8.9429,-11.09072586054151
Normal,0,Q_40100000,257.972,114.48813820566411
Normal,0,Q_40185000,16.001,0.0
Normal,0,Q_40330000,63.0395,-22.923867753846523
Normal,0,Q_40800001,86.1183,0.0
Normal,0,Q_40850000,95.471,5.126551752706024
Normal,0,Q_40930000,72.2627,140.86220315922318
Normal,1,P_1944059,0.0,0.0
Normal,1,P_1944063,0.0,-11.758666156025212
Normal,1,P_1945002,0.0,-9.67139847290095
Normal,1,P_1945008,0.0,-13.238189360710765
Normal,1,P_1946000,0.0,0.0
Normal,1,P_2044008,0.0,-6.561424428488465
Normal,1,P_2044016,0.0,0.0
Normal,1,P_2044024,0.0,0.0
Normal,1,P_2044042,0.0,0.0
Normal,1,P_2045002,0.0,0.0
Normal,1,P_2046013,0.0,0.0
Normal,1,Q_40032000,9.1347,-7.77397877123029
Normal,1,Q_40050000,47.7118,0.0
Normal,1,Q_40060001,6.3475,-22.436951653301392
Normal,1,Q_40100000,82.4071,-125.5055041450653
Normal,1,Q_40185000,8.9491,0.0
Normal,1,Q_40330000,31.488,-58.94257528584414
Normal,1,Q_40800001,35.6238,0.0
Normal,1,Q_40850000,47.0062,-42.392048487432476
Normal,1,Q_40930000,5.192,-26.187740120981935
Normal,2,P_1944059,0.0,0.0
Normal,2,P_1944063,0.0,-11.577549734083817
Normal,2,P_1945002,0.0,-9.396922257534122
Normal,2,P_1945008,0.0,-12.275720269228025
Normal,2,P_1946000,0.0,0.0
Normal,2,P_2044008,0.0,-5.252099488910082
Normal,2,P_2044016,0.0,-3.136380817949089
Normal,2,P_2044024,0.0,0.0
Normal,2,P_2044042,0.0,0.0
Normal,2,P_2045002,0.0,0.0
Normal,2,P_2046013,0.0,-3.4196864296843636
Normal,2,Q_40032000,16.5007,0.0
Normal,2,Q_40050000,103.359,0.0
Normal,2,Q_40060001,9.9052,-4.846884647248122
Normal,2,Q_40100000,183.522,0.0
Normal,2,Q_40185000,11.4112,0.0
Normal,2,Q_40330000,40.7711,-47.84564702870445
Normal,2,Q_40800001,33.3272,-4.7172248329076965
Normal,2,Q_40850000,45.7634,-42.393931322020194
Normal,2,Q_40930000,15.3374,0.0
Normal,3,P_1944059,0.0,0.0
Normal,3,P_1944063,0.0,-12.286256319736898
Normal,3,P_1945002,0.0,-10.53488298076515
Normal,3,P_1945008,0.0,-13.214912551149018
Normal,3,P_1946000,0.0,0.0
Normal,3,P_2044008,0.0,-6.5987627849943635
Normal,3,P_2044016,0.0,0.0
Normal,3,P_2044024,0.0,0.0
Normal,3,P_2044042,0.0,0.0
Normal,3,P_2045002,0.0,0.0
Normal,3,P_2046013,0.0,-4.543434689337957
Normal,3,Q_40032000,17.4656,0.0
Normal,3,Q_40050000,93.8464,0.0
Normal,3,Q_40060001,7.9113,-16.250983069100453
Normal,3,Q_40100000,162.172,-22.628144751403152
Normal,3,Q_40185000,11.4112,0.0
Normal,3,Q_40330000,40.2331,-49.86262166566353
Normal,3,Q_40800001,32.8495,0.0
Normal,3,Q_40850000,50.7927,-39.03602490508412
Normal,3,Q_40930000,56.1611,92.18452254326155
Normal,4,P_1944059,0.0,0.0
Normal,4,P_1944063,0.0,-11.055246859775417
Normal,4,P_1945002,0.0,-9.391537030662903
Normal,4,P_1945008,0.0,-12.524952971254555
Normal,4,P_1946000,0.0,0.0
Normal,4,P_2044008,0.0,-7.070987366920463
Normal,4,P_2044016,0.0,0.0
Normal,4,P_2044024,0.0,0.0
Normal,4,P_2044042,0.0,0.0
Normal,4,P_2045002,0.0,0.0
Normal,4,P_2046013,0.0,0.0
Normal,4,Q_40032000,9.815,-7.647286468883601
Normal,4,Q_40050000,33.3903,0.0
Normal,4,Q_40060001,6.5369,-22.176584672467666
Normal,4,Q_40100000,99.3198,-104.13790814628044
Normal,4,Q_40185000,8.5132,0.0
Normal,4,Q_40330000,35.5075,-54.2167545035193
Normal,4,Q_40800001,35.1065,0.0
Normal,4,Q_40850000,45.7634,-43.90175147283606
Normal,4,Q_40930000,3.9737,-28.690392316138336
Normal,5,P_1944059,0.0,0.0
Normal,5,P_1944063,0.0,-12.61691334770445
Normal,5,P_1945002,5.4,0.0
Normal,5,P_1945008,0.0,-13.229340908819811
Normal,5,P_1946000,0.0,0.0
Normal,5,P_2044008,15.6,10.543030970845649
Normal,5,P_2044016,1.0,0.0
Normal,5,P_2044024,2.4,0.0
Normal,5,P_2044042,6.6,0.0
Normal,5,P_2045002,0.0,0.0
Normal,5,P_2046013,0.0,0.0
Normal,5,Q_40032000,11.8626,-6.874529835301148
Normal,5,Q_40050000,69.1578,0.0
Normal,5,Q_40060001,5.608,-27.102160304252504
Normal,5,Q_40100000,114.822,-85.80377370207447
Normal,5,Q_40185000,17.473,0.0
Normal,5,Q_40330000,59.2957,-25.883387770138935
Normal,5,Q_40800001,142.834,11.43241190931093
Normal,5,Q_40850000,155.955,62.239743352695584
Normal,5,Q_40930000,10.905,-13.565051997518317
Normal,6,P_1944059,0.0,0.0
Normal,6,P_1944063,0.0,-15.060989069388958
Normal,6,P_1945002,0.0,-12.401784114164878
Normal,6,P_1945008,0.0,-14.78566483893268
Normal,6,P_1946000,0.0,8.181559872109617
Normal,6,P_2044008,0.0,-6.241830889564788
Normal,6,P_2044016,0.0,-4.801970392779282
Normal,6,P_2044024,0.0,0.0
Normal,6,P_2044042,0.0,0.0
Normal,6,P_2045002,0.0,0.0
Normal,6,P_2046013,0.0,0.0
Normal,6,Q_40032000,17.6672,0.0
Normal,6,Q_40050000,93.2452,0.0
Normal,6,Q_40060001,16.1669,25.861427047251077
Normal,6,Q_40100000,300.067,161.67642749670696
Normal,6,Q_40185000,24.872,0.0
Normal,6,Q_40330000,82.2622,0.0
Normal,6,Q_40800001,107.718,0.0
Normal,6,Q_40850000,175.677,83.05304514618253
Normal,6,Q_40930000,10.905,-12.802960445064535
Normal,7,P_1944059,2.0,0.0
Normal,7,P_1944063,1.8,0.0
Normal,7,P_1945002,0.0,-12.084445300975151
Normal,7,P_1945008,0.0,-14.851709426669457
Normal,7,P_1946000,0.0,7.5292514926518805
Normal,7,P_2044008,9.8,0.0
Normal,7,P_2044016,15.7,10.252070337143097
Normal,7,P_2044024,3.8,0.0
Normal,7,P_2044042,2.6,0.0
Normal,7,P_2045002,0.0,0.0
Normal,7,P_2046013,0.0,0.0
Normal,7,Q_40032000,20.0669,0.0
Normal,7,Q_40050000,105.172,0.0
Normal,7,Q_40060001,16.4218,28.249331463703925
Normal,7,Q_40100000,325.876,198.3970804913082
Normal,7,Q_40185000,21.5977,0.0
Normal,7,Q_40330000,99.6193,23.019691103632923
Normal,7,Q_40800001,125.591,7.893140411633383
Normal,7,Q_40850000,211.818,119.15838927248875
Normal,7,Q_40930000,11.1637,-12.640911126312517
Normal,8,P_1944059,0.0,0.0
Normal,8,P_1944063,0.0,-13.06752830026313
Normal,8,P_1945002,0.0,-10.810160183911803
Normal,8,P_1945008,0.0,-12.338130531294155
Normal,8,P_1946000,0.0,0.0
Normal,8,P_2044008,0.0,-5.965490445097988
Normal,8,P_2044016,0.0,0.0
Normal,8,P_2044024,0.0,0.0
Normal,8,P_2044042,0.0,0.0
Normal,8,P_2045002,0.0,0.0
Normal,8,P_2046013,0.0,-3.6804592207922724
Normal,8,Q_40032000,49.1294,42.613473065836246
Normal,8,Q_40050000,155.91,0.0
Normal,8,Q_40060001,11.9215,0.0
Normal,8,Q_40100000,398.643,297.7965460903569
Normal,8,Q_40185000,16.9776,0.0
Normal,8,Q_40330000,53.8364,-31.98413496663653
Normal,8,Q_40800001,40.6468,0.0
Normal,8,Q_40850000,59.7906,-29.135695539473208
Normal,8,Q_40930000,20.8512,11.562682617068424
Normal,9,P_1944059,0.0,0.0
Normal,9,P_1944063,1.3,-8.114827058537259
Normal,9,P_1945002,19.8,50.295084702804985
Normal,9,P_1945008,0.0,-14.434607401267261
Normal,9,P_1946000,12.0,-12.423149502047856
Normal,9,P_2044008,0.0,0.0
Normal,9,P_2044016,0.0,0.0
Normal,9,P_2044024,9.6,0.0
Normal,9,P_2044042,0.0,0.0
Normal,9,P_2045002,0.7,0.0
Normal,9,P_2046013,2.5,0.0
Normal,9,Q_40032000,21.5477,0.0
Normal,9,Q_40050000,342.886,9.298090239498617
Normal,9,Q_40060001,18.9049,44.10126731630024
Normal,9,Q_40100000,205.697,35.045934221493845
Normal,9,Q_40185000,28.8766,0.0
Normal,9,Q_40330000,65.5807,-19.24788190263805
Normal,9,Q_40800001,91.6524,0.0
Normal,9,Q_40850000,106.076,13.717260745751183
Normal,9,Q_40930000,63.1095,109.49007624396538
Normal,10,P_1944059,0.0,0.0
Normal,10,P_1944063,0.0,-15.174482229876089
Normal,10,P_1945002,0.0,-12.246199747842272
Normal,10,P_1945008,0.0,-14.420538968765346
Normal,10,P_1946000,2.1,0.0
Normal,10,P_2044008,0.0,-6.520630172535799
Normal,10,P_2044016,0.0,-4.912452529320957
Normal,10,P_2044024,0.0,0.0
Normal,10,P_2044042,0.0,0.0
Normal,10,P_2045002,0.0,0.0
Normal,10,P_2046013,0.0,-5.309262084986742
Normal,10,Q_40032000,14.2709,-4.958913250766536
Normal,10,Q_40050000,101.809,0.0
Normal,10,Q_40060001,17.7147,33.35082126165896
Normal,10,Q_40100000,302.78,165.65186639647132
Normal,10,Q_40185000,21.7464,0.0
Normal,10,Q_40330000,78.818,0.0
Normal,10,Q_40800001,62.7347,0.0
Normal,10,Q_40850000,86.0586,0.0
Normal,10,Q_40930000,10.9131,-13.483998666369022
Normal,11,P_1944059,0.0,0.0
Normal,11,P_1944063,0.0,-12.966480293863608
Normal,11,P_1945002,0.0,-11.383867126317805
Normal,11,P_1945008,0.0,-12.758141967641718
Normal,11,P_1946000,0.0,0.0
Normal,11,P_2044008,0.0,-5.751340460476465
Normal,11,P_2044016,0.0,0.0
Normal,11,P_2044024,0.0,0.0
Normal,11,P_2044042,0.0,0.0
Normal,11,P_2045002,0.0,0.0
Normal,11,P_2046013,0.0,-4.299198916396989
Normal,11,Q_40032000,17.9032,0.0
Normal,11,Q_40050000,120.447,0.0
Normal,11,Q_40060001,9.4737,-7.751364730798357
Normal,11,Q_40100000,209.18,40.461767962207134
Normal,11,Q_40185000,12.735,0.0
Normal,11,Q_40330000,44.0531,-44.02062175719072
Normal,11,Q_40800001,38.9563,-4.305946057278456
Normal,11,Q_40850000,47.6312,-41.46493575590358
Normal,11,Q_40930000,16.1074,0.0
Normal,12,P_1944059,0.0,0.0
Normal,12,P_1944063,0.0,-11.972945063151831
Normal,12,P_1945002,0.0,-10.644833067428793
Normal,12,P_1945008,0.0,-12.734910095075469
Normal,12,P_1946000,0.0,0.0
Normal,12,P_2044008,0.0,-5.745140312282247
Normal,12,P_2044016,0.0,0.0
Normal,12,P_2044024,0.0,0.0
Normal,12,P_2044042,0.0,0.0
Normal,12,P_2045002,0.0,0.0
Normal,12,P_2046013,0.0,0.0
Normal,12,Q_40032000,14.6283,0.0
Normal,12,Q_40050000,70.9995,0.0
Normal,12,Q_40060001,6.3475,-23.369803447272467
Normal,12,Q_40100000,151.03,-38.3585665128972
Normal,12,Q_40185000,8.5132,0.0
Normal,12,Q_40330000,32.4766,-58.72304059011659
Normal,12,Q_40800001,32.8495,-5.986281493750397
Normal,12,Q_40850000,47.0062,-42.74104446652178
Normal,12,Q_40930000,8.7258,-18.557039396960707
Normal,13,P_1944059,0.0,0.0
Normal,13,P_1944063,0.0,-11.581137240349113
Normal,13,P_1945002,0.0,-10.00683996766807
Normal,13,P_1945008,0.0,-12.26610324745719
Normal,13,P_1946000,0.0,0.0
Normal,13,P_2044008,0.0,-6.872499444569087
Normal,13,P_2044016,0.0,0.0
Normal,13,P_2044024,0.0,0.0
Normal,13,P_2044042,0.0,0.0
Normal,13,P_2045002,0.0,0.0
Normal,13,P_2046013,0.0,0.0
Normal,13,Q_40032000,9.815,-8.03951444745001
Normal,13,Q_40050000,34.1922,0.0
Normal,13,Q_40060001,6.7281,-20.818075659889008
Normal,13,Q_40100000,103.476,-99.0290402729517
Normal,13,Q_40185000,8.9101,0.0
Normal,13,Q_40330000,36.5392,-53.721214850640756
Normal,13,Q_40800001,35.96,0.0
Normal,13,Q_40850000,47.0062,-42.01232056528875
Normal,13,Q_40930000,3.9737,-28.261486434740686
Normal,14,P_1944059,0.0,0.0
Normal,14,P_1944063,0.0,-12.509243839171848
Normal,14,P_1945002,0.0,-10.31250270543651
Normal,14,P_1945008,0.0,-13.130576304797302
Normal,14,P_1946000,0.0,0.0
Normal,14,P_2044008,0.0,-6.094534333459649
Normal,14,P_2044016,0.0,0.0
Normal,14,P_2044024,0.0,0.0
Normal,14,P_2044042,0.0,0.0
Normal,14,P_2045002,0.0,0.0
Normal,14,P_2046013,0.0,0.0
Normal,14,Q_40032000,13.7968,0.0
Normal,14,Q_40050000,80.0655,0.0
Normal,14,Q_40060001,8.2165,-15.280777571608565
Normal,14,Q_40100000,135.561,-59.22189205492402
Normal,14,Q_40185000,9.3129,0.0
Normal,14,Q_40330000,34.4864,-56.39191006331332
Normal,14,Q_40800001,27.441,-6.568421134491461
Normal,14,Q_40850000,37.9323,-51.301906946965595
Normal,14,Q_40930000,10.8599,-13.349933973711087
Normal,15,P_1944059,0.0,0.0
Normal,15,P_1944063,0.0,-13.217397713278428
Normal,15,P_1945002,0.0,-10.919988991768236
Normal,15,P_1945008,22.4,58.183457799485694
Normal,15,P_1946000,0.0,7.578695859306492
Normal,15,P_2044008,0.0,-7.0843155427704
Normal,15,P_2044016,0.0,0.0
Normal,15,P_2044024,0.0,0.0
Normal,15,P_2044042,8.3,0.0
Normal,15,P_2045002,2.6,0.0
Normal,15,P_2046013,0.0,0.0
Normal,15,Q_40032000,22.048,0.0
Normal,15,Q_40050000,135.498,0.0
Normal,15,Q_40060001,12.7372,8.771858788523723
Normal,15,Q_40100000,243.177,87.94796352379852
Normal,15,Q_40185000,22.6724,0.0
Normal,15,Q_40330000,67.5103,-16.783439658861546
Normal,15,Q_40800001,59.7782,0.0
Normal,15,Q_40850000,75.7264,-14.46454787477486
Normal,15,Q_40930000,13.0665,-8.617802256212176
Normal,16,P_1944059,0.0,0.0
Normal,16,P_1944063,0.0,-12.622471912776817
Normal,16,P_1945002,0.0,-10.513556873455846
Normal,16,P_1945008,0.0,-12.944181180586869
Normal,16,P_1946000,0.0,0.0
Normal,16,P_2044008,0.0,-5.669284973050526
Normal,16,P_2044016,0.0,0.0
Normal,16,P_2044024,0.0,0.0
Normal,16,P_2044042,0.2,0.0
Normal,16,P_2045002,0.0,0.0
Normal,16,P_2046013,0.0,-3.711147084251823
Normal,16,Q_40032000,13.5778,-3.7056404071063724
Normal,16,Q_40050000,124.672,0.0
Normal,16,Q_40060001,9.4737,-5.907970099218124
Normal,16,Q_40100000,241.347,83.44584084629024
Normal,16,Q_40185000,19.4999,0.0
Normal,16,Q_40330000,71.4293,-10.15695496290346
Normal,16,Q_40800001,75.6839,0.0
Normal,16,Q_40850000,98.4517,0.0
Normal,16,Q_40930000,13.6033,-5.294575689022868
Normal,17,P_1944059,0.0,0.0
Normal,17,P_1944063,0.0,-11.516862487082781
Normal,17,P_1945002,0.0,-9.286005827269316
Normal,17,P_1945008,0.0,-12.248204822396607
Normal,17,P_1946000,0.0,0.0
Normal,17,P_2044008,0.0,-6.563117004631932
Normal,17,P_2044016,0.0,0.0
Normal,17,P_2044024,0.0,0.0
Normal,17,P_2044042,0.0,0.0
Normal,17,P_2045002,0.0,0.0
Normal,17,P_2046013,0.0,0.0
Normal,17,Q_40032000,14.069,-5.103205800067258
Normal,17,Q_40050000,41.8227,0.0
Normal,17,Q_40060001,3.3428,-36.52687827133151
Normal,17,Q_40100000,70.5712,-140.86063017977395
Normal,17,Q_40185000,6.2595,0.0
Normal,17,Q_40330000,23.0998,-69.65351895282637
Normal,17,Q_40800001,52.3575,0.0
Normal,17,Q_40850000,70.4506,-19.27948160119183
Normal,17,Q_40930000,32.1439,34.085404016739076
Normal,18,P_1944059,0.0,0.0
Normal,18,P_1944063,0.0,-15.135825928336764
Normal,18,P_1945002,0.0,-12.698955510040163
Normal,18,P_1945008,0.0,-14.970063568696967
Normal,18,P_1946000,0.0,8.052496915617184
Normal,18,P_2044008,0.0,-7.451169571895697
Normal,18,P_2044016,6.0,0.0
Normal,18,P_2044024,0.0,0.0
Normal,18,P_2044042,0.0,0.0
Normal,18,P_2045002,0.0,0.0
Normal,18,P_2046013,0.0,-5.643083446477306
Normal,18,Q_40032000,21.5477,0.0
Normal,18,Q_40050000,164.402,0.0
Normal,18,Q_40060001,18.2406,38.009007051469546
Normal,18,Q_40100000,323.867,195.29072619956267
Normal,18,Q_40185000,21.5977,0.0
Normal,18,Q_40330000,97.2953,19.935311514744267
Normal,18,Q_40800001,61.5838,0.0
Normal,18,Q_40850000,115.547,24.24474877359571
Normal,18,Q_40930000,14.5737,0.0
Normal,19,P_1944059,2.5,0.0
Normal,19,P_1944063,15.8,26.139155039813307
Normal,19,P_1945002,0.0,0.0
Normal,19,P_1945008,0.0,-10.044842381897874
Normal,19,P_1946000,0.0,8.105611020221078
Normal,19,P_2044008,9.0,0.0
Normal,19,P_2044016,5.5,0.0
Normal,19,P_2044024,28.6,0.0
Normal,19,P_2044042,0.0,0.0
Normal,19,P_2045002,40.4,41.090448462348604
Normal,19,P_2046013,29.4,18.255956661113768
Normal,19,Q_40032000,14.4597,0.0
Normal,19,Q_40050000,75.6736,0.0
Normal,19,Q_40060001,7.4108,-18.467551854883943
Normal,19,Q_40100000,125.054,-72.6704558028235
Normal,19,Q_40185000,10.5553,0.0
Normal,19,Q_40330000,59.2957,-27.156638475163764
Normal,19,Q_40800001,69.5346,0.0
Normal,19,Q_40850000,96.9564,6.438996609975668
Normal,19,Q_40930000,7.9986,-19.233695345254564
Normal,20,P_1944059,0.0,0.0
Normal,20,P_1944063,0.0,-11.898050479317096
Normal,20,P_1945002,0.0,-10.388407683694943
Normal,20,P_1945008,0.0,-12.750849686994354
Normal,20,P_1946000,0.0,0.0
Normal,20,P_2044008,0.0,-6.41744972163491
Normal,20,P_2044016,0.0,0.0
Normal,20,P_2044024,0.0,0.0
Normal,20,P_2044042,0.0,0.0
Normal,20,P_2045002,0.0,0.0
Normal,20,P_2046013,0.0,0.0
Normal,20,Q_40032000,13.1428,0.0
Normal,20,Q_40050000,74.8861,0.0
Normal,20,Q_40060001,7.8104,-16.17000091735602
Normal,20,Q_40100000,123.575,-74.80535476577391
Normal,20,Q_40185000,8.9101,0.0
Normal,20,Q_40330000,32.4766,-58.78809246719626
Normal,20,Q_40800001,26.7461,-7.003650090109019
Normal,20,Q_40850000,34.4681,-54.842039793396694
Normal,20,Q_40930000,9.4285,-17.54879209193738
Normal,21,P_1944059,35.0,27.44179218561729
Normal,21,P_1944063,14.8,20.463693261812985
Normal,21,P_1945002,0.0,0.0
Normal,21,P_1945008,52.9,100.7973062070469
Normal,21,P_1946000,0.0,0.0
Normal,21,P_2044008,40.0,36.44584606031838
Normal,21,P_2044016,30.3,15.511672822178316
Normal,21,P_2044024,22.3,0.0
Normal,21,P_2044042,29.2,0.0
Normal,21,P_2045002,35.5,20.540044833845457
Normal,21,P_2046013,18.4,0.0
Normal,21,Q_40032000,15.4548,0.0
Normal,21,Q_40050000,103.137,0.0
Normal,21,Q_40060001,6.7281,-26.60059078868233
Normal,21,Q_40100000,112.35,-94.26343549655778
Normal,21,Q_40185000,13.0142,0.0
Normal,21,Q_40330000,47.9961,-44.41509097907885
Normal,21,Q_40800001,64.6666,0.0
Normal,21,Q_40850000,75.0579,-22.035848411332854
Normal,21,Q_40930000,10.245,0.0
Normal,22,P_1944059,6.0,0.0
Normal,22,P_1944063,0.0,-6.251205443974758
Normal,22,P_1945002,0.0,-3.9598144122511627
Normal,22,P_1945008,10.5,0.0
Normal,22,P_1946000,0.0,0.0
Normal,22,P_2044008,26.4,16.936659428777727
Normal,22,P_2044016,62.7,97.12623936502858
Normal,22,P_2044024,26.0,0.0
Normal,22,P_2044042,29.9,-7.965821979403011
Normal,22,P_2045002,14.2,0.0
Normal,22,P_2046013,3.0,0.0
Normal,22,Q_40032000,15.0028,0.0
Normal,22,Q_40050000,70.2324,0.0
Normal,22,Q_40060001,6.0668,-23.793654495238368
Normal,22,Q_40100000,120.635,-78.23915778373642
Normal,22,Q_40185000,6.9856,0.0
Normal,22,Q_40330000,45.7281,-41.33531234980679
Normal,22,Q_40800001,54.3997,0.0
Normal,22,Q_40850000,34.4681,-52.906138908835054
Normal,22,Q_40930000,7.6895,-18.439599526174458
Normal,23,P_1944059,0.0,0.0
Normal,23,P_1944063,5.5,0.0
Normal,23,P_1945002,18.8,31.25114008920081
Normal,23,P_1945008,0.0,-10.527364213737652
Normal,23,P_1946000,0.0,0.0
Normal,23,P_2044008,0.0,-4.597283272939404
Normal,23,P_2044016,5.3,0.0
Normal,23,P_2044024,0.0,0.0
Normal,23,P_2044042,0.0,0.0
Normal,23,P_2045002,0.0,0.0
Normal,23,P_2046013,0.0,0.0
Normal,23,Q_40032000,7.5115,-6.245978332137519
Normal,23,Q_40050000,26.1697,0.0
Normal,23,Q_40060001,5.608,-26.955904541368106
Normal,23,Q_40100000,87.1825,-122.11953774072389
Normal,23,Q_40185000,7.3583,0.0
Normal,23,Q_40330000,25.7919,-67.7140339648752
Normal,23,Q_40800001,44.683,-2.593629433693877
Normal,23,Q_40850000,83.9466,-3.950496376001429
Normal,23,Q_40930000,13.044,-6.523766170899966
Normal,24,P_1944059,42.6,52.843458206988
Normal,24,P_1944063,6.1,6.286633814127413
Normal,24,P_1945002,9.1,8.396795492237368
Normal,24,P_1945008,0.0,0.0
Normal,24,P_1946000,10.0,0.0
Normal,24,P_2044008,0.0,0.0
Normal,24,P_2044016,7.3,0.0
Normal,24,P_2044024,0.8,0.0
Normal,24,P_2044042,32.6,0.0
Normal,24,P_2045002,0.0,0.0
Normal,24,P_2046013,0.0,0.0
Normal,24,Q_40032000,28.0283,7.384295229507692
Normal,24,Q_40050000,214.365,0.0
Normal,24,Q_40060001,25.8112,77.09214922023936
Normal,24,Q_40100000,190.259,6.219344524789783
Normal,24,Q_40185000,39.373,0.0
Normal,24,Q_40330000,126.257,51.122637668435885
Normal,24,Q_40800001,153.482,10.725549587466034
Normal,24,Q_40850000,146.922,47.56716486666208
Normal,24,Q_40930000,32.736,31.581101319088877
Normal,25,P_1944059,21.8,7.770806706397129
Normal,25,P_1944063,94.0,271.3022922424354
Normal,25,P_1945002,0.0,0.0
Normal,25,P_1945008,90.0,217.88074986603203
Normal,25,P_1946000,0.0,5.696698901508344
Normal,25,P_2044008,35.1,30.104947452768858
Normal,25,P_2044016,26.0,10.633629538928941
Normal,25,P_2044024,7.4,0.0
Normal,25,P_2044042,6.7,0.0
Normal,25,P_2045002,15.7,0.0
Normal,25,P_2046013,18.3,0.0
Normal,25,Q_40032000,20.5571,0.0
Normal,25,Q_40050000,212.242,9.354494313036303
Normal,25,Q_40060001,9.2602,0.0
Normal,25,Q_40100000,173.564,0.0
Normal,25,Q_40185000,15.5197,0.0
Normal,25,Q_40330000,41.855,-53.86380528517072
Normal,25,Q_40800001,110.909,4.5675063713323425
Normal,25,Q_40850000,85.3521,0.0
Normal,25,Q_40930000,27.1018,21.054036384773905
Normal,26,P_1944059,0.0,0.0
Normal,26,P_1944063,0.0,-12.096240704194749
Normal,26,P_1945002,0.0,-10.268632067002576
Normal,26,P_1945008,0.0,-12.880984607531056
Normal,26,P_1946000,0.0,0.0
Normal,26,P_2044008,0.0,-6.22373586598738
Normal,26,P_2044016,0.0,0.0
Normal,26,P_2044024,0.0,0.0
Normal,26,P_2044042,0.0,0.0
Normal,26,P_2045002,0.0,0.0
Normal,26,P_2046013,0.0,0.0
Normal,26,Q_40032000,11.4443,-7.23164995409698
Normal,26,Q_40050000,40.7075,0.0
Normal,26,Q_40060001,8.0126,-15.276317484351015
Normal,26,Q_40100000,126.538,-70.08725559719984
Normal,26,Q_40185000,10.9806,0.0
Normal,26,Q_40330000,37.5815,-52.31338073526401
Normal,26,Q_40800001,42.0316,0.0
Normal,26,Q_40850000,59.1871,-30.53904885222413
Normal,26,Q_40930000,4.9048,-26.4852977865901
Normal,27,P_1944059,0.0,0.0
Normal,27,P_1944063,0.0,-10.924279137913464
Normal,27,P_1945002,0.0,-8.451874456873169
Normal,27,P_1945008,5.4,0.0
Normal,27,P_1946000,0.0,0.0
Normal,27,P_2044008,0.0,-5.807794545523247
Normal,27,P_2044016,0.0,0.0
Normal,27,P_2044024,0.0,0.0
Normal,27,P_2044042,0.0,0.0
Normal,27,P_2045002,0.0,0.0
Normal,27,P_2046013,0.0,0.0
Normal,27,Q_40032000,10.6207,-6.358312183892863
Normal,27,Q_40050000,35.8228,0.0
Normal,27,Q_40060001,7.0181,-18.693292360323138
Normal,27,Q_40100000,109.102,-91.018862370402
Normal,27,Q_40185000,9.3129,0.0
Normal,27,Q_40330000,37.059,-51.73629174886928
Normal,27,Q_40800001,38.5417,-4.488547958227343
Normal,27,Q_40850000,49.5209,-39.31425460579562
Normal,27,Q_40930000,4.1869,-26.91799424755927
Normal,28,P_1944059,27.8,32.29223656772398
Normal,28,P_1944063,13.1,19.313819467019837
Normal,28,P_1945002,0.0,-5.582412074050794
Normal,28,P_1945008,0.0,-9.804924565553797
Normal,28,P_1946000,68.2,-23.59484588343449
Normal,28,P_2044008,11.2,0.0
Normal,28,P_2044016,11.5,0.0
Normal,28,P_2044024,39.0,10.181709491858705
Normal,28,P_2044042,19.9,-11.506461932166559
Normal,28,P_2045002,0.0,0.0
Normal,28,P_2046013,4.9,0.0
Normal,28,Q_40032000,14.0168,0.0
Normal,28,Q_40050000,78.8576,0.0
Normal,28,Q_40060001,12.3855,0.0
Normal,28,Q_40100000,165.402,-23.78524474001722
Normal,28,Q_40185000,58.5215,0.0
Normal,28,Q_40330000,80.8782,0.0
Normal,28,Q_40800001,98.9226,6.414101327699566
Normal,28,Q_40850000,89.6288,0.0
Normal,28,Q_40930000,10.1438,-14.345383374067952
Normal,29,P_1944059,0.0,0.0
Normal,29,P_1944063,0.0,-12.516482802770964
Normal,29,P_1945002,0.0,-10.567437351734231
Normal,29,P_1945008,0.0,-12.609799652994974
Normal,29,P_1946000,0.0,0.0
Normal,29,P_2044008,0.0,-6.078105874686789
Normal,29,P_2044016,0.0,0.0
Normal,29,P_2044024,0.0,0.0
Normal,29,P_2044042,0.0,0.0
Normal,29,P_2045002,0.0,0.0
Normal,29,P_2046013,0.0,-4.038205249505031
Normal,29,Q_40032000,14.6612,-3.8457065725199158
Normal,29,Q_40050000,55.566,0.0
Normal,29,Q_40060001,8.2165,-13.234011343582388
Normal,29,Q_40100000,171.978,-9.182404193287057
Normal,29,Q_40185000,13.0142,0.0
Normal,29,Q_40330000,47.4254,-40.12579196389077
Normal,29,Q_40800001,57.9978,0.0
Normal,29,Q_40850000,76.3974,-13.327737077204103
Normal,29,Q_40930000,16.1266,0.0
Normal,30,P_1944059,0.0,0.0
Normal,30,P_1944063,0.0,-15.401788847565511
Normal,30,P_1945002,0.0,-13.688793899740054
Normal,30,P_1945008,0.0,-15.529407967349146
Normal,30,P_1946000,13.8,-14.834507946050284
Normal,30,P_2044008,0.0,-8.118701894028103
Normal,30,P_2044016,0.0,0.0
Normal,30,P_2044024,0.0,0.0
Normal,30,P_2044042,0.0,0.0
Normal,30,P_2045002,0.0,0.0
Normal,30,P_2046013,0.0,0.0
Normal,30,Q_40032000,30.4766,12.528887548606846
Normal,30,Q_40050000,144.877,0.0
Normal,30,Q_40060001,14.9122,19.323787279214205
Normal,30,Q_40100000,292.263,150.61877581962554
Normal,30,Q_40185000,18.9864,0.0
Normal,30,Q_40330000,58.0662,-29.067236802075332
Normal,30,Q_40800001,55.104,0.0
Normal,30,Q_40850000,85.3521,0.0
Normal,30,Q_40930000,36.4326,45.38439349437314
Normal,31,P_1944059,0.0,0.0
Normal,31,P_1944063,0.0,-16.693437661379903
Normal,31,P_1945002,0.0,0.0
Normal,31,P_1945008,0.0,-17.82042933082077
Normal,31,P_1946000,0.0,7.718284471485673
Normal,31,P_2044008,0.0,0.0
Normal,31,P_2044016,0.0,0.0
Normal,31,P_2044024,0.0,0.0
Normal,31,P_2044042,0.0,0.0
Normal,31,P_2045002,0.0,0.0
Normal,31,P_2046013,35.9,36.145019266026544
Normal,31,Q_40032000,31.3056,14.354104155814692
Normal,31,Q_40050000,177.978,0.0
Normal,31,Q_40060001,24.7337,73.84897098861711
Normal,31,Q_40100000,371.071,256.4960797242947
Normal,31,Q_40185000,34.9237,0.0
Normal,31,Q_40330000,124.523,51.69814745593415
Normal,31,Q_40800001,92.6355,0.0
Normal,31,Q_40850000,130.404,36.361327605223615
Normal,31,Q_40930000,61.7842,106.88401247309679
Normal,32,P_1944059,0.0,-1.532964899022474
Normal,32,P_1944063,0.0,-10.61360565121571
Normal,32,P_1945002,0.0,-7.213671288789191
Normal,32,P_1945008,0.0,-10.206882114413611
Normal,32,P_1946000,0.0,0.0
Normal,32,P_2044008,0.3,-3.578106511513733
Normal,32,P_2044016,2.6,-1.3921314740682647
Normal,32,P_2044024,0.0,0.0
Normal,32,P_2044042,0.0,0.0
Normal,32,P_2045002,0.0,0.0
Normal,32,P_2046013,6.2,0.0
Normal,32,Q_40032000,18.6166,0.0
Normal,32,Q_40050000,101.788,0.0
Normal,32,Q_40060001,7.312,-17.324228423024355
Normal,32,Q_40100000,188.568,0.0
Normal,32,Q_40185000,14.105,0.0
Normal,32,Q_40330000,43.4998,-42.52007952198223
Normal,32,Q_40800001,39.3104,0.0
Normal,32,Q_40850000,47.6312,-39.66361378521382
Normal,32,Q_40930000,8.7258,-16.257620092620325
Normal,33,P_1944059,9.0,0.0
Normal,33,P_1944063,18.3,44.99424784602272
Normal,33,P_1945002,8.6,0.0
Normal,33,P_1945008,0.0,-9.701398925170775
Normal,33,P_1946000,0.0,0.0
Normal,33,P_2044008,0.0,-3.7742271672698853
Normal,33,P_2044016,2.1,0.0
Normal,33,P_2044024,8.8,0.0
Normal,33,P_2044042,9.9,-10.555645087573666
Normal,33,P_2045002,0.0,0.0
Normal,33,P_2046013,0.0,0.0
Normal,33,Q_40032000,14.4416,-3.7185577772654597
Normal,33,Q_40050000,60.936,0.0
Normal,33,Q_40060001,3.7336,-37.897679966308694
Normal,33,Q_40100000,85.8653,-125.68713744289443
Normal,33,Q_40185000,9.3129,0.0
Normal,33,Q_40330000,33.476,-58.52676364129738
Normal,33,Q_40800001,51.4518,0.0
Normal,33,Q_40850000,51.4322,-38.539418853663946
Normal,33,Q_40930000,7.349,-19.541021843121822
Normal,34,P_1944059,0.0,0.0
Normal,34,P_1944063,0.0,-12.319781957132808
Normal,34,P_1945002,0.0,-10.230348215419372
Normal,34,P_1945008,0.0,-12.62586416167138
Normal,34,P_1946000,0.0,0.0
Normal,34,P_2044008,0.0,-5.807242788997735
Normal,34,P_2044016,0.0,-5.084119799268375
Normal,34,P_2044024,0.0,0.0
Normal,34,P_2044042,0.0,0.0
Normal,34,P_2045002,0.0,0.0
Normal,34,P_2046013,0.0,-4.607922686520141
Normal,34,Q_40032000,14.2709,0.0
Normal,34,Q_40050000,53.809,0.0
Normal,34,Q_40060001,8.0126,-14.91017272369238
Normal,34,Q_40100000,136.024,-57.259813142240276
Normal,34,Q_40185000,12.5314,0.0
Normal,34,Q_40330000,45.7281,-42.863225577049015
Normal,34,Q_40800001,55.2205,0.0
Normal,34,Q_40850000,75.0579,-14.751517202059704
Normal,34,Q_40930000,15.0575,0.0
Normal,35,P_1944059,17.8,0.0
Normal,35,P_1944063,37.3,92.40965826274721
Normal,35,P_1945002,35.9,47.529119894857786
Normal,35,P_1945008,12.0,12.470679428315208
Normal,35,P_1946000,4.2,0.0
Normal,35,P_2044008,35.3,28.56934036312032
Normal,35,P_2044016,86.3,104.51728290756365
Normal,35,P_2044024,37.0,0.0
Normal,35,P_2044042,17.4,0.0
Normal,35,P_2045002,1.8,0.0
Normal,35,P_2046013,11.8,0.0
Normal,35,Q_40032000,160.256,220.0968291807054
Normal,35,Q_40050000,101.788,0.0
Normal,35,Q_40060001,19.9833,53.30171907561838
Normal,35,Q_40100000,226.869,55.67908131326282
Normal,35,Q_40185000,16.4869,0.0
Normal,35,Q_40330000,89.3077,0.0
Normal,35,Q_40800001,94.6218,0.0
Normal,35,Q_40850000,103.763,10.006851953976138
Normal,35,Q_40930000,24.5323,17.000872236875637
Normal,36,P_1944059,0.0,-2.5988883202818416
Normal,36,P_1944063,0.0,-12.749139727646305
Normal,36,P_1945002,0.0,-10.294902438640257
Normal,36,P_1945008,0.0,-12.3293021406353
Normal,36,P_1946000,0.0,0.0
Normal,36,P_2044008,0.0,-5.144208759809708
Normal,36,P_2044016,0.0,-3.7183632752479525
Normal,36,P_2044024,0.0,0.0
Normal,36,P_2044042,0.0,0.0
Normal,36,P_2045002,0.0,0.0
Normal,36,P_2046013,0.0,-4.243746128726719
Normal,36,Q_40032000,16.7322,0.0
Normal,36,Q_40050000,73.7065,0.0
Normal,36,Q_40060001,11.2362,0.0
Normal,36,Q_40100000,223.295,59.727412978177064
Normal,36,Q_40185000,21.5977,0.0
Normal,36,Q_40330000,58.6798,-26.173149128691275
Normal,36,Q_40800001,67.7773,0.0
Normal,36,Q_40850000,88.9097,0.0
Normal,36,Q_40930000,8.4572,-17.6128148184083
Normal,37,P_1944059,0.0,0.0
Normal,37,P_1944063,0.0,-12.32004647671874
Normal,37,P_1945002,0.0,-10.636687314514397
Normal,37,P_1945008,0.0,-12.783396968017772
Normal,37,P_1946000,0.0,0.0
Normal,37,P_2044008,0.0,-6.7376396815962805
Normal,37,P_2044016,0.0,0.0
Normal,37,P_2044024,0.0,0.0
Normal,37,P_2044042,0.0,0.0
Normal,37,P_2045002,0.0,0.0
Normal,37,P_2046013,0.0,0.0
Normal,37,Q_40032000,12.2852,-5.809130275414333
Normal,37,Q_40050000,45.6513,0.0
Normal,37,Q_40060001,8.422,-13.815181572165871
Normal,37,Q_40100000,143.229,-48.197495045464166
Normal,37,Q_40185000,12.735,0.0
Normal,37,Q_40330000,44.6089,-43.95511517922027
Normal,37,Q_40800001,47.3624,0.0
Normal,37,Q_40850000,62.8474,-26.813339586542273
Normal,37,Q_40930000,5.2811,-25.943367755959613
Normal,38,P_1944059,0.0,0.0
Normal,38,P_1944063,44.7,129.4773078573442
Normal,38,P_1945002,10.3,8.639841700311479
Normal,38,P_1945008,0.0,0.0
Normal,38,P_1946000,12.2,0.0
Normal,38,P_2044008,22.2,18.09304613762531
Normal,38,P_2044016,12.9,3.1523776190481385
Normal,38,P_2044024,3.8,0.0
Normal,38,P_2044042,0.0,0.0
Normal,38,P_2045002,17.6,0.0
Normal,38,P_2046013,32.4,13.715070600179551
Normal,38,Q_40032000,15.1315,0.0
Normal,38,Q_40050000,56.5818,0.0
Normal,38,Q_40060001,13.6903,14.527077335483101
Normal,38,Q_40100000,294.208,163.5803206025668
Normal,38,Q_40185000,27.7127,0.0
Normal,38,Q_40330000,64.3056,-22.96815907414819
Normal,38,Q_40800001,133.087,11.801488906590277
Normal,38,Q_40850000,188.391,104.10529926016682
Normal,38,Q_40930000,15.6359,0.0
Normal,39,P_1944059,0.0,0.0
Normal,39,P_1944063,0.0,-11.399062264217651
Normal,39,P_1945002,0.0,-9.323405737198597
Normal,39,P_1945008,0.0,-13.162708794197416
Normal,39,P_1946000,0.0,0.0
Normal,39,P_2044008,0.0,-7.013588273988887
Normal,39,P_2044016,0.0,0.0
Normal,39,P_2044024,0.0,0.0
Normal,39,P_2044042,0.0,0.0
Normal,39,P_2045002,0.0,0.0
Normal,39,P_2046013,0.0,0.0
Normal,39,Q_40032000,7.7843,-8.763252518005704
Normal,39,Q_40050000,34.9642,0.0
Normal,39,Q_40060001,3.1903,-36.83617232055709
Normal,39,Q_40100000,96.5792,-107.11227607755055
Normal,39,Q_40185000,6.6193,0.0
Normal,39,Q_40330000,29.5441,-61.957369337644515
Normal,39,Q_40800001,35.2296,0.0
Normal,39,Q_40850000,51.4322,-37.51699815223204
Normal,39,Q_40930000,7.0112,-21.350867527482187
Normal,40,P_1944059,0.0,0.0
Normal,40,P_1944063,0.0,-16.012663964875724
Normal,40,P_1945002,0.0,-13.412063417334691
Normal,40,P_1945008,0.0,-15.518275984084465
Normal,40,P_1946000,0.0,7.083207892397991
Normal,40,P_2044008,0.0,0.0
Normal,40,P_2044016,0.0,0.0
Normal,40,P_2044024,0.0,0.0
Normal,40,P_2044042,0.0,0.0
Normal,40,P_2045002,0.0,0.0
Normal,40,P_2046013,0.0,0.0
Normal,40,Q_40032000,51.0328,43.31906989774816
Normal,40,Q_40050000,191.995,0.0
Normal,40,Q_40060001,11.9215,4.103213575061447
Normal,40,Q_40100000,276.854,129.55978146295973
Normal,40,Q_40185000,28.2927,0.0
Normal,40,Q_40330000,85.0554,3.553074408754611
Normal,40,Q_40800001,76.7171,0.0
Normal,40,Q_40850000,141.614,47.92260297761393
Normal,40,Q_40930000,19.2475,4.9114662844265045
Normal,41,P_1944059,0.0,0.0
Normal,41,P_1944063,0.0,-11.641063287307965
Normal,41,P_1945002,0.0,-9.443324755902426
Normal,41,P_1945008,0.0,-12.57487634972541
Normal,41,P_1946000,0.0,0.0
Normal,41,P_2044008,0.0,-6.788910821009722
Normal,41,P_2044016,0.0,0.0
Normal,41,P_2044024,0.0,0.0
Normal,41,P_2044042,0.0,0.0
Normal,41,P_2045002,0.0,0.0
Normal,41,P_2046013,0.0,0.0
Normal,41,Q_40032000,11.4443,-7.029031155343516
Normal,41,Q_40050000,40.2712,0.0
Normal,41,Q_40060001,7.9113,-16.072644631177543
Normal,41,Q_40100000,125.054,-72.2074314106509
Normal,41,Q_40185000,10.5553,0.0
Normal,41,Q_40330000,39.6976,-49.740406209199456
Normal,41,Q_40800001,42.0316,0.0
Normal,41,Q_40850000,59.1871,-31.419439527782362
Normal,41,Q_40930000,4.9048,-26.203890848139405
Normal,42,P_1944059,0.0,-1.6022461685424076
Normal,42,P_1944063,0.0,-10.009946048320126
Normal,42,P_1945002,5.6,0.0
Normal,42,P_1945008,0.0,-10.124828344012993
Normal,42,P_1946000,0.0,0.0
Normal,42,P_2044008,0.0,-3.929590901139387
Normal,42,P_2044016,0.0,-1.8892037714965193
Normal,42,P_2044024,0.0,0.0
Normal,42,P_2044042,0.0,0.0
Normal,42,P_2045002,0.0,0.0
Normal,42,P_2046013,0.0,-2.9309626297467233
Normal,42,Q_40032000,10.9561,-4.4993929895236295
Normal,42,Q_40050000,70.167,0.0
Normal,42,Q_40060001,10.8984,0.0
Normal,42,Q_40100000,183.504,0.0
Normal,42,Q_40185000,10.2333,0.0
Normal,42,Q_40330000,37.5815,-49.71858550826978
Normal,42,Q_40800001,53.3963,0.0
Normal,42,Q_40850000,67.2371,-20.033213885033955
Normal,42,Q_40930000,7.648,-18.02831242202816
Normal,43,P_1944059,0.0,0.0
Normal,43,P_1944063,0.0,-13.689705289169673
Normal,43,P_1945002,0.0,-11.674677809256039
Normal,43,P_1945008,0.0,-14.025198976775467
Normal,43,P_1946000,0.0,0.0
Normal,43,P_2044008,0.0,-6.3831405635718355
Normal,43,P_2044016,0.0,0.0
Normal,43,P_2044024,0.0,0.0
Normal,43,P_2044042,0.0,0.0
Normal,43,P_2045002,0.0,0.0
Normal,43,P_2046013,0.0,-4.6689119056221955
Normal,43,Q_40032000,19.823,0.0
Normal,43,Q_40050000,113.81,0.0
Normal,43,Q_40060001,7.8104,-16.472631654120008
Normal,43,Q_40100000,243.177,86.67062487587546
Normal,43,Q_40185000,22.1329,0.0
Normal,43,Q_40330000,57.455,-28.515150338587947
Normal,43,Q_40800001,43.5286,0.0
Normal,43,Q_40850000,64.713,-24.873366241128355
Normal,43,Q_40930000,59.5984,100.46670531236737
Normal,44,P_1944059,0.0,0.0
Normal,44,P_1944063,0.0,-10.366743936650334
Normal,44,P_1945002,0.0,-9.411603592924559
Normal,44,P_1945008,0.0,-12.314437872907972
Normal,44,P_1946000,0.0,0.0
Normal,44,P_2044008,0.0,-3.1943159893325817
Normal,44,P_2044016,0.7,0.0
Normal,44,P_2044024,1.4,0.0
Normal,44,P_2044042,0.0,0.0
Normal,44,P_2045002,0.0,0.0
Normal,44,P_2046013,0.0,-0.8585537016533777
Normal,44,Q_40032000,31.0286,0.0
Normal,44,Q_40050000,147.148,0.0
Normal,44,Q_40060001,14.0534,0.0
Normal,44,Q_40100000,155.774,-28.278404173198645
Normal,44,Q_40185000,39.373,-1.0510222623822385
Normal,44,Q_40330000,52.6491,-31.661799310423685
Normal,44,Q_40800001,68.6053,0.0
Normal,44,Q_40850000,73.7287,-13.116802117582198
Normal,44,Q_40930000,12.6941,-6.231349711058128
Normal,45,P_1944059,0.0,0.0
Normal,45,P_1944063,8.4,0.0
Normal,45,P_1945002,44.2,64.78754065834688
Normal,45,P_1945008,5.8,0.0
Normal,45,P_1946000,22.3,-25.54135504806775
Normal,45,P_2044008,0.0,-4.319909327094036
Normal,45,P_2044016,0.0,0.0
Normal,45,P_2044024,0.0,0.0
Normal,45,P_2044042,4.4,0.0
Normal,45,P_2045002,18.2,0.0
Normal,45,P_2046013,0.0,0.0
Normal,45,Q_40032000,6.784,-5.152998219295765
Normal,45,Q_40050000,26.9338,-1.9361351930717206
Normal,45,Q_40060001,5.3384,-27.803405885106997
Normal,45,Q_40100000,89.8358,-119.93385007790246
Normal,45,Q_40185000,6.9856,0.0
Normal,45,Q_40330000,24.8827,-68.13832851369854
Normal,45,Q_40800001,35.1065,-4.478201238079109
Normal,45,Q_40850000,57.2922,-32.540045097581746
Normal,45,Q_40930000,22.0691,0.0
Normal,46,P_1944059,0.0,0.0
Normal,46,P_1944063,0.0,-13.388962667378571
Normal,46,P_1945002,0.0,-10.776006436732757
Normal,46,P_1945008,0.0,-13.438525011874404
Normal,46,P_1946000,22.5,-25.700418931647498
Normal,46,P_2044008,2.8,0.0
Normal,46,P_2044016,7.2,0.0
Normal,46,P_2044024,0.0,0.0
Normal,46,P_2044042,3.3,0.0
Normal,46,P_2045002,0.0,0.0
Normal,46,P_2046013,0.0,0.0
Normal,46,Q_40032000,51.9922,46.11475056702327
Normal,46,Q_40050000,186.436,0.0
Normal,46,Q_40060001,15.5355,24.501872645300615
Normal,46,Q_40100000,246.85,89.19324113863382
Normal,46,Q_40185000,11.4112,0.0
Normal,46,Q_40330000,53.8364,-33.35451987674727
Normal,46,Q_40800001,46.8522,0.0
Normal,46,Q_40850000,75.7264,-14.732578532390969
Normal,46,Q_40930000,26.5005,23.26396111738756
Normal,47,P_1944059,0.0,0.0
Normal,47,P_1944063,0.0,-12.362840002296512
Normal,47,P_1945002,0.0,-10.139355990462127
Normal,47,P_1945008,0.0,-12.617553734461735
Normal,47,P_1946000,0.0,0.0
Normal,47,P_2044008,0.0,-6.172426637920359
Normal,47,P_2044016,0.0,0.0
Normal,47,P_2044024,0.0,0.0
Normal,47,P_2044042,0.0,0.0
Normal,47,P_2045002,0.0,0.0
Normal,47,P_2046013,0.0,0.0
Normal,47,Q_40032000,10.2156,-6.830269217483332
Normal,47,Q_40050000,42.698,0.0
Normal,47,Q_40060001,5.2495,-28.153796303708113
Normal,47,Q_40100000,114.822,-84.52260683062731
Normal,47,Q_40185000,15.0433,0.0
Normal,47,Q_40330000,50.8861,-35.98252312126813
Normal,47,Q_40800001,74.5259,0.0
Normal,47,Q_40850000,121.232,29.07501482343867
Normal,47,Q_40930000,14.1721,-5.209034540043547
Normal,48,P_1944059,0.0,0.0
Normal,48,P_1944063,0.0,-10.377594929449227
Normal,48,P_1945002,0.0,-8.4921337872778
Normal,48,P_1945008,0.0,-11.760598860272806
Normal,48,P_1946000,0.0,0.0
Normal,48,P_2044008,3.2,0.0
Normal,48,P_2044016,0.0,0.0
Normal,48,P_2044024,0.0,0.0
Normal,48,P_2044042,19.9,-5.455439737089252
Normal,48,P_2045002,4.1,0.0
Normal,48,P_2046013,0.0,-3.300523077333793
Normal,48,Q_40032000,18.3779,0.0
Normal,48,Q_40050000,106.132,0.0
Normal,48,Q_40060001,8.2165,-12.461416649435114
Normal,48,Q_40100000,191.955,0.0
Normal,48,Q_40185000,17.473,0.0
Normal,48,Q_40330000,45.7281,-40.578990242489034
Normal,48,Q_40800001,37.6612,-3.730488022550548
Normal,48,Q_40850000,50.7927,-36.90029570778429
Normal,48,Q_40930000,10.4989,-12.196014789197466
Normal,49,P_1944059,0.0,0.0
Normal,49,P_1944063,0.0,-12.43415707187914
Normal,49,P_1945002,0.0,-10.12946073550138
Normal,49,P_1945008,0.0,-12.898295930158264
Normal,49,P_1946000,0.0,0.0
Normal,49,P_2044008,0.0,-6.4341458429915726
Normal,49,P_2044016,0.0,0.0
Normal,49,P_2044024,0.0,0.0
Normal,49,P_2044042,0.0,0.0
Normal,49,P_2045002,0.0,0.0
Normal,49,P_2046013,0.0,0.0
Normal,49,Q_40032000,12.2023,-6.24050785665554
Normal,49,Q_40050000,43.823,0.0
Normal,49,Q_40060001,7.5101,-17.510029636864815
Normal,49,Q_40100000,118.48,-80.45856483414457
Normal,49,Q_40185000,11.5888,0.0
Normal,49,Q_40330000,42.949,-45.39796009008526
Normal,49,Q_40800001,48.9332,0.0
Normal,49,Q_40850000,64.0885,-26.0393538191126
Normal,49,Q_40930000,12.6128,-9.79741524915813
Normal,50,P_1944059,0.0,0.0
Normal,50,P_1944063,0.0,-12.206685336048757
Normal,50,P_1945002,0.0,-10.374847239495862
Normal,50,P_1945008,0.0,-13.00078963476976
Normal,50,P_1946000,0.0,0.0
Normal,50,P_2044008,0.0,-6.238084505796337
Normal,50,P_2044016,0.0,0.0
Normal,50,P_2044024,0.0,0.0
Normal,50,P_2044042,0.0,0.0
Normal,50,P_2045002,0.0,0.0
Normal,50,P_2046013,0.0,0.0
Normal,50,Q_40032000,9.8987,-7.747718230577066
Normal,50,Q_40050000,58.1652,0.0
Normal,50,Q_40060001,9.3667,-8.546976391927519
Normal,50,Q_40100000,163.295,-22.63322696215472
Normal,50,Q_40185000,8.5372,0.0
Normal,50,Q_40330000,30.5105,-60.90827631979782
Normal,50,Q_40800001,42.0889,0.0
Normal,50,Q_40850000,55.9738,-33.91112760938233
Normal,50,Q_40930000,6.7087,-23.008364891288505
Normal,51,P_1944059,0.0,-2.5796820908687152
Normal,51,P_1944063,0.0,-11.852363306775791
Normal,51,P_1945002,4.5,0.0
Normal,51,P_1945008,0.0,-11.685763952497824
Normal,51,P_1946000,0.0,0.0
Normal,51,P_2044008,0.0,-5.345309136828621
Normal,51,P_2044016,0.0,-3.3459701053057866
Normal,51,P_2044024,0.0,0.0
Normal,51,P_2044042,0.0,0.0
Normal,51,P_2045002,0.0,0.0
Normal,51,P_2046013,0.0,-3.5651339525910553
Normal,51,Q_40032000,18.8561,0.0
Normal,51,Q_40050000,121.708,0.0
Normal,51,Q_40060001,10.0141,0.0
Normal,51,Q_40100000,214.438,48.36270295774769
Normal,51,Q_40185000,12.735,0.0
Normal,51,Q_40330000,45.1672,-42.67252522504831
Normal,51,Q_40800001,34.104,-4.254200457466685
Normal,51,Q_40850000,48.8886,-39.018406050822385
Normal,51,Q_40930000,16.1074,0.0
Normal,52,P_1944059,9.8,9.059472522952387
Normal,52,P_1944063,1.1,-6.825246414701891
Normal,52,P_1945002,0.0,-8.965258508263721
Normal,52,P_1945008,5.4,0.0
Normal,52,P_1946000,3.2,0.0
Normal,52,P_2044008,5.3,0.0
Normal,52,P_2044016,1.2,0.0
Normal,52,P_2044024,9.4,0.0
Normal,52,P_2044042,0.1,0.0
Normal,52,P_2045002,0.0,0.0
Normal,52,P_2046013,16.7,11.307494391752344
Normal,52,Q_40032000,34.1142,16.256221778021633
Normal,52,Q_40050000,137.264,0.0
Normal,52,Q_40060001,14.5421,20.103022203493957
Normal,52,Q_40100000,143.229,-46.74288692227594
Normal,52,Q_40185000,41.9921,0.0
Normal,52,Q_40330000,47.4254,-40.88098396997007
Normal,52,Q_40800001,51.634,0.0
Normal,52,Q_40850000,80.4771,-9.126325325971797
Normal,52,Q_40930000,14.5737,-4.482737247369386
Normal,53,P_1944059,0.0,0.0
Normal,53,P_1944063,0.0,-11.248766947235234
Normal,53,P_1945002,6.8,0.0
Normal,53,P_1945008,0.0,-11.005670445562728
Normal,53,P_1946000,0.0,0.0
Normal,53,P_2044008,0.0,-4.974778673637207
Normal,53,P_2044016,0.0,-3.064871443597468
Normal,53,P_2044024,0.0,0.0
Normal,53,P_2044042,0.8,0.0
Normal,53,P_2045002,0.0,0.0
Normal,53,P_2046013,0.0,0.0
Normal,53,Q_40032000,14.6283,0.0
Normal,53,Q_40050000,74.1019,0.0
Normal,53,Q_40060001,6.5369,-20.322047915600756
Normal,53,Q_40100000,157.366,-26.738610114471765
Normal,53,Q_40185000,9.3129,0.0
Normal,53,Q_40330000,33.9799,-55.653454577817115
Normal,53,Q_40800001,32.8495,-4.696665695415069
Normal,53,Q_40850000,47.6312,-41.17554472256427
Normal,53,Q_40930000,9.076,-17.123939759165232
Normal,54,P_1944059,14.2,14.589295661618872
Normal,54,P_1944063,14.4,51.368524249871015
Normal,54,P_1945002,0.0,0.0
Normal,54,P_1945008,0.0,-15.499541118959087
Normal,54,P_1946000,3.0,2.2680751733865145
Normal,54,P_2044008,0.0,0.0
Normal,54,P_2044016,1.4,0.0
Normal,54,P_2044024,0.7,0.0
Normal,54,P_2044042,0.6,0.0
Normal,54,P_2045002,0.1,0.0
Normal,54,P_2046013,5.8,0.0
Normal,54,Q_40032000,35.0328,19.96335131594259
Normal,54,Q_40050000,76.912,0.0
Normal,54,Q_40060001,15.9134,25.824046456521444
Normal,54,Q_40100000,231.846,71.52162510495207
Normal,54,Q_40185000,33.7124,0.0
Normal,54,Q_40330000,121.939,50.50903813475781
Normal,54,Q_40800001,134.401,8.865828834660414
Normal,54,Q_40850000,277.249,182.36088806991586
Normal,54,Q_40930000,17.2076,0.0
Normal,55,P_1944059,0.0,0.0
Normal,55,P_1944063,0.0,-12.307560582796306
Normal,55,P_1945002,0.0,-9.841803656487135
Normal,55,P_1945008,0.0,-12.652889201116485
Normal,55,P_1946000,5.2,0.0
Normal,55,P_2044008,0.0,-6.378451196410985
Normal,55,P_2044016,0.7,-4.472558366226139
Normal,55,P_2044024,2.4,0.0
Normal,55,P_2044042,14.8,-7.812166594638653
Normal,55,P_2045002,0.5,0.0
Normal,55,P_2046013,5.0,0.0
Normal,55,Q_40032000,21.7975,0.0
Normal,55,Q_40050000,122.13,0.0
Normal,55,Q_40060001,10.3429,0.0
Normal,55,Q_40100000,212.681,44.12822552496513
Normal,55,Q_40185000,13.6433,0.0
Normal,55,Q_40330000,42.4007,-47.1476800321756
Normal,55,Q_40800001,35.6849,-5.160984337267031
Normal,55,Q_40850000,50.7927,-38.78176066150738
Normal,55,Q_40930000,16.4948,0.0
Normal,56,P_1944059,0.0,0.0
Normal,56,P_1944063,0.0,-11.76852449025198
Normal,56,P_1945002,0.0,-9.296965316150665
Normal,56,P_1945008,0.0,-12.278896493721527
Normal,56,P_1946000,0.0,0.0
Normal,56,P_2044008,0.0,0.0
Normal,56,P_2044016,0.0,0.0
Normal,56,P_2044024,0.0,0.0
Normal,56,P_2044042,0.0,0.0
Normal,56,P_2045002,0.0,0.0
Normal,56,P_2046013,0.0,0.0
Normal,56,Q_40032000,8.6413,-8.445995168237987
Normal,56,Q_40050000,28.9518,0.0
Normal,56,Q_40060001,5.7902,-25.395637696077596
Normal,56,Q_40100000,85.8653,-120.9522409654633
Normal,56,Q_40185000,6.9856,0.0
Normal,56,Q_40330000,32.9749,-57.21708057631391
Normal,56,Q_40800001,30.0639,-7.543089151542347
Normal,56,Q_40850000,45.1458,-43.87768994789737
Normal,56,Q_40930000,2.88,-30.770421041168017
Normal,57,P_1944059,1.0,0.0
Normal,57,P_1944063,10.7,34.021716212129014
Normal,57,P_1945002,8.9,15.931563899857684
Normal,57,P_1945008,0.0,-14.048162377680143
Normal,57,P_1946000,0.0,7.645423542073728
Normal,57,P_2044008,0.0,-6.87494890486002
Normal,57,P_2044016,0.0,0.0
Normal,57,P_2044024,1.0,0.0
Normal,57,P_2044042,0.1,0.0
Normal,57,P_2045002,0.0,0.0
Normal,57,P_2046013,0.0,0.0
Normal,57,Q_40032000,14.0168,0.0
Normal,57,Q_40050000,189.966,0.0
Normal,57,Q_40060001,9.0483,-10.44364257606965
Normal,57,Q_40100000,265.474,117.04542970135701
Normal,57,Q_40185000,21.0667,0.0
Normal,57,Q_40330000,64.942,-18.876973654439187
Normal,57,Q_40800001,87.1739,0.0
Normal,57,Q_40850000,117.159,25.95485779111441
Normal,57,Q_40930000,11.9548,-10.622950110190324
Normal,58,P_1944059,0.0,0.0
Normal,58,P_1944063,0.0,-15.590136661671556
Normal,58,P_1945002,0.0,-13.680287958177814
Normal,58,P_1945008,15.3,34.99137088355153
Normal,58,P_1946000,0.0,6.8323510826989615
Normal,58,P_2044008,0.0,0.0
Normal,58,P_2044016,0.0,0.0
Normal,58,P_2044024,0.0,0.0
Normal,58,P_2044042,0.0,0.0
Normal,58,P_2045002,0.0,0.0
Normal,58,P_2046013,0.0,0.0
Normal,58,Q_40032000,22.2994,0.0
Normal,58,Q_40050000,102.8,0.0
Normal,58,Q_40060001,15.0362,19.72506528484497
Normal,58,Q_40100000,265.474,116.41430415841236
Normal,58,Q_40185000,27.1366,0.0
Normal,58,Q_40330000,104.432,28.54882966960113
Normal,58,Q_40800001,122.403,6.78824868797574
Normal,58,Q_40850000,173.755,79.93616463473508
Normal,58,Q_40930000,19.0616,5.157639092884654
Normal,59,P_1944059,0.0,0.0
Normal,59,P_1944063,0.0,-11.829689358117594
Normal,59,P_1945002,0.0,-10.500100831816424
Normal,59,P_1945008,0.0,-12.943266653492019
Normal,59,P_1946000,0.0,0.0
Normal,59,P_2044008,0.0,-6.77572038902764
Normal,59,P_2044016,0.0,0.0
Normal,59,P_2044024,0.0,0.0
Normal,59,P_2044042,0.0,0.0
Normal,59,P_2045002,0.0,0.0
Normal,59,P_2046013,0.0,0.0
Normal,59,Q_40032000,7.918,-8.021008338548866
Normal,59,Q_40050000,50.1675,0.0
Normal,59,Q_40060001,6.7281,-21.20817494457643
Normal,59,Q_40100000,100.494,-103.32258538818309
Normal,59,Q_40185000,9.7973,0.0
Normal,59,Q_40330000,34.9956,-54.897929088133665
Normal,59,Q_40800001,37.2036,0.0
Normal,59,Q_40850000,49.5209,-39.826367505029424
Normal,59,Q_40930000,5.4901,-25.323459214157275
Normal,60,P_1944059,0.0,0.0
Normal,60,P_1944063,0.0,-11.359495724443333
Normal,60,P_1945002,0.0,-9.659913546526901
Normal,60,P_1945008,0.0,-12.384965254533638
Normal,60,P_1946000,0.0,0.0
Normal,60,P_2044008,0.0,0.0
Normal,60,P_2044016,0.0,0.0
Normal,60,P_2044024,0.0,0.0
Normal,60,P_2044042,0.0,0.0
Normal,60,P_2045002,0.0,0.0
Normal,60,P_2046013,0.0,0.0
Normal,60,Q_40032000,8.2597,-8.164517911834038
Normal,60,Q_40050000,27.4774,0.0
Normal,60,Q_40060001,5.2495,-27.849506146669356
Normal,60,Q_40100000,80.6614,-127.99325031778113
Normal,60,Q_40185000,6.6193,0.0
Normal,60,Q_40330000,37.059,-52.823269232257424
Normal,60,Q_40800001,26.7816,-7.212174116859387
Normal,60,Q_40850000,33.3355,-55.76025560456891
Normal,60,Q_40930000,2.88,-30.95497668275679
Normal,61,P_1944059,24.0,16.24533389104564
Normal,61,P_1944063,19.6,42.25126797057253
Normal,61,P_1945002,8.5,0.0
Normal,61,P_1945008,6.4,0.0
Normal,61,P_1946000,0.0,8.310788004120601
Normal,61,P_2044008,14.0,0.0
Normal,61,P_2044016,36.6,31.384012701480824
Normal,61,P_2044024,10.9,0.0
Normal,61,P_2044042,38.3,0.0
Normal,61,P_2045002,0.0,0.0
Normal,61,P_2046013,12.0,0.0
Normal,61,Q_40032000,18.6166,0.0
Normal,61,Q_40050000,59.1589,0.0
Normal,61,Q_40060001,6.921,-21.97497773730018
Normal,61,Q_40100000,263.592,114.7150144582263
Normal,61,Q_40185000,17.473,0.0
Normal,61,Q_40330000,59.914,-26.074401803396167
Normal,61,Q_40800001,154.907,19.548323169576587
Normal,61,Q_40850000,106.076,15.398067928657623
Normal,61,Q_40930000,23.8176,16.974783377808787
Normal,62,P_1944059,0.0,0.0
Normal,62,P_1944063,0.0,-9.92849936394876
Normal,62,P_1945002,8.6,0.0
Normal,62,P_1945008,0.0,-10.649139882341622
Normal,62,P_1946000,0.0,0.0
Normal,62,P_2044008,0.0,-3.9375145355351835
Normal,62,P_2044016,0.0,-2.615833817888756
Normal,62,P_2044024,0.0,0.0
Normal,62,P_2044042,0.0,0.0
Normal,62,P_2045002,0.0,0.0
Normal,62,P_2046013,0.0,0.0
Normal,62,Q_40032000,11.8626,-4.447422592188216
Normal,62,Q_40050000,44.0496,0.0
Normal,62,Q_40060001,8.3191,-11.262571669016408
Normal,62,Q_40100000,135.561,-55.60698183366432
Normal,62,Q_40185000,11.8472,0.0
Normal,62,Q_40330000,39.6976,-48.1599163276384
Normal,62,Q_40800001,46.4662,0.0
Normal,62,Q_40850000,61.6168,-26.716573682558447
Normal,62,Q_40930000,5.0915,-24.18221592622423
Normal,63,P_1944059,0.0,0.0
Normal,63,P_1944063,0.0,-10.753551143670737
Normal,63,P_1945002,0.0,-9.064071391627975
Normal,63,P_1945008,0.0,-12.823981395276085
Normal,63,P_1946000,0.0,0.0
Normal,63,P_2044008,0.0,0.0
Normal,63,P_2044016,0.0,0.0
Normal,63,P_2044024,0.0,0.0
Normal,63,P_2044042,0.0,0.0
Normal,63,P_2045002,0.0,0.0
Normal,63,P_2046013,0.0,0.0
Normal,63,Q_40032000,8.6413,-8.643696209331818
Normal,63,Q_40050000,29.1387,0.0
Normal,63,Q_40060001,5.8819,-25.148976871595014
Normal,63,Q_40100000,87.1825,-119.53613419652226
Normal,63,Q_40185000,7.3583,0.0
Normal,63,Q_40330000,32.9749,-57.70420861948692
Normal,63,Q_40800001,29.2371,-7.26194708914727
Normal,63,Q_40850000,45.7634,-43.22498883021329
Normal,63,Q_40930000,3.1479,-30.37228978745329
Normal,64,P_1944059,6.0,0.0
Normal,64,P_1944063,0.0,-15.646607585877298
Normal,64,P_1945002,0.0,0.0
Normal,64,P_1945008,0.0,-14.72325779856985
Normal,64,P_1946000,0.0,7.597253603488151
Normal,64,P_2044008,4.1,0.0
Normal,64,P_2044016,6.3,0.0
Normal,64,P_2044024,5.6,0.0
Normal,64,P_2044042,0.1,0.0
Normal,64,P_2045002,0.0,0.0
Normal,64,P_2046013,0.0,0.0
Normal,64,Q_40032000,55.8804,54.542808261687924
Normal,64,Q_40050000,236.632,0.0
Normal,64,Q_40060001,12.8551,9.190006728469491
Normal,64,Q_40100000,259.841,106.10654824416885
Normal,64,Q_40185000,32.4602,0.0
Normal,64,Q_40330000,94.3623,15.643456233168902
Normal,64,Q_40800001,102.169,4.0200018677277285
Normal,64,Q_40850000,132.103,38.66290517390467
Normal,64,Q_40930000,20.0467,7.458095279498967
Normal,65,P_1944059,37.2,14.747698598802332
Normal,65,P_1944063,29.4,38.13708175352582
Normal,65,P_1945002,8.3,0.0
Normal,65,P_1945008,2.352380952,0.0
Normal,65,P_1946000,80.0,0.0
Normal,65,P_2044008,37.3,31.44951796973181
Normal,65,P_2044016,31.7,14.281269121138239
Normal,65,P_2044024,41.0,0.0
Normal,65,P_2044042,91.7,50.78272797544411
Normal,65,P_2045002,65.9,53.864995548591
Normal,65,P_2046013,60.0,28.1734431351959
Normal,65,Q_40032000,44.1565,5.870454016117378
Normal,65,Q_40050000,172.105,0.0
Normal,65,Q_40060001,38.0305,133.13906766081024
Normal,65,Q_40100000,191.955,0.0
Normal,65,Q_40185000,85.5723,0.0
Normal,65,Q_40330000,90.7417,0.0
Normal,65,Q_40800001,85.3866,0.0
Normal,65,Q_40850000,91.0744,0.0
Normal,65,Q_40930000,27.042,16.829575810341943
Normal,66,P_1944059,0.0,0.0
Normal,66,P_1944063,0.0,-13.739332953291596
Normal,66,P_1945002,0.0,-11.439941075607775
Normal,66,P_1945008,0.0,-13.668444375758018
Normal,66,P_1946000,0.0,7.353560309995743
Normal,66,P_2044008,5.6,0.0
Normal,66,P_2044016,1.5,0.0
Normal,66,P_2044024,0.0,0.0
Normal,66,P_2044042,9.3,0.0
Normal,66,P_2045002,27.4,16.442889741290593
Normal,66,P_2046013,0.0,0.0
Normal,66,Q_40032000,25.6396,0.0
Normal,66,Q_40050000,109.99,0.0
Normal,66,Q_40060001,16.8064,29.321668832128783
Normal,66,Q_40100000,300.067,158.17281234010832
Normal,66,Q_40185000,27.1366,0.0
Normal,66,Q_40330000,74.0858,-8.896642750131958
Normal,66,Q_40800001,86.3456,0.0
Normal,66,Q_40850000,132.103,39.685955428396426
Normal,66,Q_40930000,12.4945,-9.805631895712983
Normal,67,P_1944059,0.0,0.0
Normal,67,P_1944063,0.0,-13.938333001616433
Normal,67,P_1945002,0.0,-11.673952831194681
Normal,67,P_1945008,0.0,-13.619144943939846
Normal,67,P_1946000,5.2,0.0
Normal,67,P_2044008,0.0,-6.621884684427606
Normal,67,P_2044016,0.0,-5.291385475108469
Normal,67,P_2044024,0.0,0.0
Normal,67,P_2044042,0.0,0.0
Normal,67,P_2045002,3.0,0.0
Normal,67,P_2046013,0.0,-5.4472949726660005
Normal,67,Q_40032000,19.0965,0.0
Normal,67,Q_40050000,86.2178,0.0
Normal,67,Q_40060001,11.4632,0.0
Normal,67,Q_40100000,245.011,88.04037007203226
Normal,67,Q_40185000,28.2927,0.0
Normal,67,Q_40330000,107.688,32.34204969456784
Normal,67,Q_40800001,39.1013,0.0
Normal,67,Q_40850000,64.0885,-25.692447914894835
Normal,67,Q_40930000,9.7831,-15.841614567897194
Normal,68,P_1944059,0.0,0.0
Normal,68,P_1944063,0.0,-12.62812481867615
Normal,68,P_1945002,0.0,-10.476779378063576
Normal,68,P_1945008,0.0,-13.30243441359919
Normal,68,P_1946000,0.0,0.0
Normal,68,P_2044008,0.0,-6.6431739039423405
Normal,68,P_2044016,0.0,0.0
Normal,68,P_2044024,0.0,0.0
Normal,68,P_2044042,0.0,0.0
Normal,68,P_2045002,0.0,0.0
Normal,68,P_2046013,0.0,0.0
Normal,68,Q_40032000,13.1428,0.0
Normal,68,Q_40050000,77.2589,0.0
Normal,68,Q_40060001,7.9113,-15.564969665972756
Normal,68,Q_40100000,129.524,-66.50120792824968
Normal,68,Q_40185000,9.3129,0.0
Normal,68,Q_40330000,29.0651,-62.25872895428079
Normal,68,Q_40800001,28.858,-7.4309834609991645
Normal,68,Q_40850000,36.7667,-52.580272452997896
Normal,68,Q_40930000,9.7831,-16.1001734872306
Normal,69,P_1944059,1.0,0.0
Normal,69,P_1944063,0.0,-10.383733277200957
Normal,69,P_1945002,0.0,-8.58502009088357
Normal,69,P_1945008,20.0,43.3865001862749
Normal,69,P_1946000,0.0,0.0
Normal,69,P_2044008,0.0,-6.152375495973331
Normal,69,P_2044016,0.0,0.0
Normal,69,P_2044024,0.0,0.0
Normal,69,P_2044042,0.0,0.0
Normal,69,P_2045002,0.0,0.0
Normal,69,P_2046013,0.0,0.0
Normal,69,Q_40032000,6.784,-7.7480114195083765
Normal,69,Q_40050000,26.1697,0.0
Normal,69,Q_40060001,4.9855,-29.513083378435688
Normal,69,Q_40100000,120.635,-76.81489765761378
Normal,69,Q_40185000,8.1222,0.0
Normal,69,Q_40330000,28.5889,-64.15497400531008
Normal,69,Q_40800001,47.3624,0.0
Normal,69,Q_40850000,75.7264,-13.266317473188368
Normal,69,Q_40930000,10.905,-13.339057556274469
Normal,70,P_1944059,1.0,0.0
Normal,70,P_1944063,0.0,-7.3510405613044085
Normal,70,P_1945002,8.2,0.0
Normal,70,P_1945008,7.9,0.0
Normal,70,P_1946000,12.2,-10.884730825275483
Normal,70,P_2044008,0.0,-4.02554524888417
Normal,70,P_2044016,0.0,0.0
Normal,70,P_2044024,2.0,0.0
Normal,70,P_2044042,0.2,0.0
Normal,70,P_2045002,11.0,0.0
Normal,70,P_2046013,15.5,0.0
Normal,70,Q_40032000,15.7553,-3.34988742470307
Normal,70,Q_40050000,47.5382,0.0
Normal,70,Q_40060001,5.8819,-24.68851172533337
Normal,70,Q_40100000,95.2181,-110.36054093365189
Normal,70,Q_40185000,10.1356,0.0
Normal,70,Q_40330000,42.949,-45.328569152443926
Normal,70,Q_40800001,32.0679,-5.523482049142543
Normal,70,Q_40850000,48.8886,-40.15725684088391
Normal,70,Q_40930000,8.0325,-17.732505870358118
Normal,71,P_1944059,0.0,0.0
Normal,71,P_1944063,0.0,-9.555505237282624
Normal,71,P_1945002,8.9,0.0
Normal,71,P_1945008,0.0,-9.997456465097763
Normal,71,P_1946000,3.0,0.0
Normal,71,P_2044008,0.0,-3.5565685948007664
Normal,71,P_2044016,0.6,-2.229933676262476
Normal,71,P_2044024,0.0,0.0
Normal,71,P_2044042,0.1,0.0
Normal,71,P_2045002,0.0,0.0
Normal,71,P_2046013,3.4,0.0
Normal,71,Q_40032000,13.1428,-3.9612799986077296
Normal,71,Q_40050000,49.1731,0.0
Normal,71,Q_40060001,9.2602,-6.816365240399069
Normal,71,Q_40100000,154.188,-29.90473530418963
Normal,71,Q_40185000,10.9806,0.0
Normal,71,Q_40330000,49.1448,-37.023561970767034
Normal,71,Q_40800001,51.8873,0.0
Normal,71,Q_40850000,69.8027,-18.676638823282637
Normal,71,Q_40930000,7.9986,-18.262560111330217
Normal,72,P_1944059,0.0,0.0
Normal,72,P_1944063,0.0,-12.15225631291662
Normal,72,P_1945002,0.0,-10.388892758599052
Normal,72,P_1945008,0.0,-12.315746172807092
Normal,72,P_1946000,0.0,0.0
Normal,72,P_2044008,0.0,-6.659726757824558
Normal,72,P_2044016,0.0,0.0
Normal,72,P_2044024,0.0,0.0
Normal,72,P_2044042,0.0,0.0
Normal,72,P_2045002,0.0,0.0
Normal,72,P_2046013,0.0,0.0
Normal,72,Q_40032000,8.3961,-8.79535066478998
Normal,72,Q_40050000,52.6737,0.0
Normal,72,Q_40060001,7.2136,-19.31889496969239
Normal,72,Q_40100000,118.48,-80.91988635787438
Normal,72,Q_40185000,9.7973,0.0
Normal,72,Q_40330000,34.9956,-55.107929571168945
Normal,72,Q_40800001,38.8079,0.0
Normal,72,Q_40850000,50.1556,-38.99898299881089
Normal,72,Q_40930000,5.4901,-25.19823097179389
Normal,73,P_1944059,11.6,8.624522784570539
Normal,73,P_1944063,5.1,7.066798501535147
Normal,73,P_1945002,7.5,9.214443117328248
Normal,73,P_1945008,0.0,0.0
Normal,73,P_1946000,0.0,6.955062440715122
Normal,73,P_2044008,20.2,18.026259042616093
Normal,73,P_2044016,12.8,0.0
Normal,73,P_2044024,1.0,0.0
Normal,73,P_2044042,0.0,0.0
Normal,73,P_2045002,17.3,0.0
Normal,73,P_2046013,0.0,0.0
Normal,73,Q_40032000,19.58,0.0
Normal,73,Q_40050000,92.9235,0.0
Normal,73,Q_40060001,13.3303,11.071032385529406
Normal,73,Q_40100000,246.85,90.35966209860075
Normal,73,Q_40185000,22.6724,0.0
Normal,73,Q_40330000,87.882,9.394170381473218
Normal,73,Q_40800001,112.924,5.324477719684438
Normal,73,Q_40850000,129.559,36.877891887177064
Normal,73,Q_40930000,10.395,0.0
Normal,74,P_1944059,0.0,0.0
Normal,74,P_1944063,3.0,0.0
Normal,74,P_1945002,0.0,-4.66023288253946
Normal,74,P_1945008,0.0,-9.722490744558144
Normal,74,P_1946000,0.0,0.0
Normal,74,P_2044008,20.3,0.0
Normal,74,P_2044016,27.3,29.490711041497175
Normal,74,P_2044024,8.4,0.0
Normal,74,P_2044042,1.8,0.0
Normal,74,P_2045002,0.0,0.0
Normal,74,P_2046013,52.0,48.35606690757467
Normal,74,Q_40032000,10.2156,-3.9691744367124784
Normal,74,Q_40050000,57.0191,0.0
Normal,74,Q_40060001,8.6292,-11.848252627183951
Normal,74,Q_40100000,58.1525,-155.2893847005971
Normal,74,Q_40185000,4.8876,0.0
Normal,74,Q_40330000,18.8556,-73.66241205858041
Normal,74,Q_40800001,45.9382,0.0
Normal,74,Q_40850000,23.6691,-63.155723896637944
Normal,74,Q_40930000,6.0141,-23.487197742055827
Normal,75,P_1944059,0.0,0.0
Normal,75,P_1944063,0.0,-11.090505410514117
Normal,75,P_1945002,0.0,-8.712180468321167
Normal,75,P_1945008,0.0,-12.085949860361113
Normal,75,P_1946000,0.0,0.0
Normal,75,P_2044008,47.9,81.40788567712691
Normal,75,P_2044016,0.0,-4.17753110223628
Normal,75,P_2044024,3.8,0.0
Normal,75,P_2044042,0.0,0.0
Normal,75,P_2045002,0.0,0.0
Normal,75,P_2046013,0.0,0.0
Normal,75,Q_40032000,11.4834,-6.07321552357631
Normal,75,Q_40050000,78.9255,0.0
Normal,75,Q_40060001,12.3855,0.0
Normal,75,Q_40100000,233.636,67.48508676426385
Normal,75,Q_40185000,15.0211,0.0
Normal,75,Q_40330000,55.0332,-30.43780429355651
Normal,75,Q_40800001,57.0666,0.0
Normal,75,Q_40850000,69.8027,-19.76923606394629
Normal,75,Q_40930000,9.9136,-14.94704869558646
Normal,76,P_1944059,0.0,0.0
Normal,76,P_1944063,0.0,-8.766476417001327
Normal,76,P_1945002,5.9,0.0
Normal,76,P_1945008,0.0,-10.06777588130977
Normal,76,P_1946000,6.2,-3.471562957595041
Normal,76,P_2044008,7.1,0.0
Normal,76,P_2044016,1.3,-2.3708580242596327
Normal,76,P_2044024,17.8,0.0
Normal,76,P_2044042,2.1,0.0
Normal,76,P_2045002,0.0,0.0
Normal,76,P_2046013,0.0,0.0
Normal,76,Q_40032000,9.0278,-5.4145068184157985
Normal,76,Q_40050000,38.1813,0.0
Normal,76,Q_40060001,6.0668,-23.184547651218466
Normal,76,Q_40100000,47.4535,-167.74147705360045
Normal,76,Q_40185000,7.7372,0.0
Normal,76,Q_40330000,18.8556,-72.34481593137075
Normal,76,Q_40800001,70.5534,0.0
Normal,76,Q_40850000,56.6319,-31.39633140329962
Normal,76,Q_40930000,7.6895,-18.97054649683975
Normal,77,P_1944059,0.0,0.0
Normal,77,P_1944063,0.0,-12.217242540210488
Normal,77,P_1945002,0.0,-10.014457477153035
Normal,77,P_1945008,0.0,-12.911139784343693
Normal,77,P_1946000,0.0,0.0
Normal,77,P_2044008,0.0,-6.582604080664993
Normal,77,P_2044016,0.0,0.0
Normal,77,P_2044024,0.0,0.0
Normal,77,P_2044042,0.0,0.0
Normal,77,P_2045002,0.0,0.0
Normal,77,P_2046013,0.0,0.0
Normal,77,Q_40032000,11.0303,-7.516985400468923
Normal,77,Q_40050000,38.335,0.0
Normal,77,Q_40060001,7.6098,-17.201491867723252
Normal,77,Q_40100000,119.173,-78.9343612412932
Normal,77,Q_40185000,10.1356,0.0
Normal,77,Q_40330000,41.855,-47.037792880208535
Normal,77,Q_40800001,40.28,0.0
Normal,77,Q_40850000,54.6647,-35.06489791781688
Normal,77,Q_40930000,4.7209,-26.853897735066663
Normal,78,P_1944059,0.0,0.0
Normal,78,P_1944063,0.0,-13.209422749075665
Normal,78,P_1945002,0.0,-11.080991293101775
Normal,78,P_1945008,0.0,-12.548619612926084
Normal,78,P_1946000,0.0,0.0
Normal,78,P_2044008,0.0,-5.722959639724256
Normal,78,P_2044016,0.0,0.0
Normal,78,P_2044024,0.0,0.0
Normal,78,P_2044042,0.0,0.0
Normal,78,P_2045002,0.0,0.0
Normal,78,P_2046013,12.7,7.935016342020958
Normal,78,Q_40032000,47.872,39.10562535817697
Normal,78,Q_40050000,142.171,0.0
Normal,78,Q_40060001,13.932,16.68118495544547
Normal,78,Q_40100000,274.947,130.91031190928496
Normal,78,Q_40185000,15.0433,0.0
Normal,78,Q_40330000,54.4336,-31.79488805437399
Normal,78,Q_40800001,42.374,0.0
Normal,78,Q_40850000,68.5147,-21.14658138774656
Normal,78,Q_40930000,15.3374,0.0
Normal,79,P_1944059,0.0,0.0
Normal,79,P_1944063,0.0,-12.552197759838595
Normal,79,P_1945002,0.0,-10.504531579247042
Normal,79,P_1945008,0.0,-13.451588298798363
Normal,79,P_1946000,0.0,0.0
Normal,79,P_2044008,0.0,-6.656520561241897
Normal,79,P_2044016,0.0,0.0
Normal,79,P_2044024,0.0,0.0
Normal,79,P_2044042,0.0,0.0
Normal,79,P_2045002,0.0,0.0
Normal,79,P_2046013,0.0,0.0
Normal,79,Q_40032000,12.7119,-5.7182955502907475
Normal,79,Q_40050000,48.459,0.0
Normal,79,Q_40060001,9.2602,-9.390786050320136
Normal,79,Q_40100000,160.565,-25.436009983681473
Normal,79,Q_40185000,16.4869,0.0
Normal,79,Q_40330000,55.0332,-31.974038922465784
Normal,79,Q_40800001,49.1637,0.0
Normal,79,Q_40850000,64.0885,-25.434350286925717
Normal,79,Q_40930000,5.8669,-24.412551077647677
Normal,80,P_1944059,0.0,0.0
Normal,80,P_1944063,0.0,-11.656577536163708
Normal,80,P_1945002,0.0,-9.300356451313661
Normal,80,P_1945008,0.0,-12.928127767391066
Normal,80,P_1946000,0.0,0.0
Normal,80,P_2044008,0.0,-6.6016547906524465
Normal,80,P_2044016,0.0,0.0
Normal,80,P_2044024,0.0,0.0
Normal,80,P_2044042,0.0,0.0
Normal,80,P_2045002,0.0,0.0
Normal,80,P_2046013,0.0,0.0
Normal,80,Q_40032000,9.4191,-7.915419203032021
Normal,80,Q_40050000,32.204,0.0
Normal,80,Q_40060001,6.5369,-21.444511982488756
Normal,80,Q_40100000,97.9464,-105.85422752244823
Normal,80,Q_40185000,8.5132,0.0
Normal,80,Q_40330000,32.4766,-58.27825349443853
Normal,80,Q_40800001,34.2567,0.0
Normal,80,Q_40850000,43.918,-45.51285652322512
Normal,80,Q_40930000,3.9737,-28.439366977038407
Normal,81,P_1944059,0.0,0.0
Normal,81,P_1944063,0.0,-12.619538874172314
Normal,81,P_1945002,18.2,38.400411314009276
Normal,81,P_1945008,6.1,0.0
Normal,81,P_1946000,15.4,-18.764027419839163
Normal,81,P_2044008,0.0,0.0
Normal,81,P_2044016,5.5,0.0
Normal,81,P_2044024,4.6,0.0
Normal,81,P_2044042,1.2,0.0
Normal,81,P_2045002,4.1,0.0
Normal,81,P_2046013,0.0,0.0
Normal,81,Q_40032000,49.1294,37.232615337159466
Normal,81,Q_40050000,186.939,8.507933953013719
Normal,81,Q_40060001,12.5024,9.834801975438946
Normal,81,Q_40100000,257.972,111.58195385610692
Normal,81,Q_40185000,12.735,0.0
Normal,81,Q_40330000,47.9961,-41.0358803359021
Normal,81,Q_40800001,48.7077,0.0
Normal,81,Q_40850000,65.3401,-25.497695893806345
Normal,81,Q_40930000,31.5568,36.63055797065913
Normal,82,P_1944059,0.0,0.0
Normal,82,P_1944063,0.0,-12.951533226337263
Normal,82,P_1945002,0.0,-10.346843081889832
Normal,82,P_1945008,0.0,-13.071351239757801
Normal,82,P_1946000,0.0,0.0
Normal,82,P_2044008,0.0,-6.408336017085674
Normal,82,P_2044016,0.0,0.0
Normal,82,P_2044024,0.0,0.0
Normal,82,P_2044042,0.0,0.0
Normal,82,P_2045002,0.0,0.0
Normal,82,P_2046013,0.0,0.0
Normal,82,Q_40032000,12.2852,-6.3700042882899135
Normal,82,Q_40050000,46.5785,0.0
Normal,82,Q_40060001,8.8379,-11.116623800026078
Normal,82,Q_40100000,146.333,-44.51878580811139
Normal,82,Q_40185000,15.0433,0.0
Normal,82,Q_40330000,50.3033,-37.31708026085802
Normal,82,Q_40800001,49.1637,0.0
Normal,82,Q_40850000,64.0885,-25.82257577674809
Normal,82,Q_40930000,5.4736,-24.95154760650964
Normal,83,P_1944059,0.0,0.0
Normal,83,P_1944063,0.0,-12.524243316752846
Normal,83,P_1945002,0.0,-11.266633656349347
Normal,83,P_1945008,0.0,-13.223628671479032
Normal,83,P_1946000,0.0,0.0
Normal,83,P_2044008,0.2,-6.2086425008093284
Normal,83,P_2044016,0.0,0.0
Normal,83,P_2044024,0.0,0.0
Normal,83,P_2044042,0.0,0.0
Normal,83,P_2045002,0.0,0.0
Normal,83,P_2046013,0.0,0.0
Normal,83,Q_40032000,15.0559,-3.6958757959979494
Normal,83,Q_40050000,58.6392,0.0
Normal,83,Q_40060001,8.3191,-12.87670153868676
Normal,83,Q_40100000,215.927,48.33090473530148
Normal,83,Q_40185000,13.0142,0.0
Normal,83,Q_40330000,47.9961,-39.586854791984614
Normal,83,Q_40800001,58.9345,0.0
Normal,83,Q_40850000,79.107,-11.024194875904268
Normal,83,Q_40930000,13.3039,-7.2933785640448034
Normal,84,P_1944059,0.0,-2.526171818200273
Normal,84,P_1944063,0.0,-10.696913867696418
Normal,84,P_1945002,0.0,-9.755249239552294
Normal,84,P_1945008,0.0,-10.759738395689773
Normal,84,P_1946000,0.0,0.0
Normal,84,P_2044008,0.0,0.0
Normal,84,P_2044016,0.0,-2.5533765890862554
Normal,84,P_2044024,0.0,0.0
Normal,84,P_2044042,0.0,0.0
Normal,84,P_2045002,0.0,0.0
Normal,84,P_2046013,0.0,-2.971295421571088
Normal,84,Q_40032000,18.3779,0.0
Normal,84,Q_40050000,116.695,0.0
Normal,84,Q_40060001,8.6292,-9.425666310234671
Normal,84,Q_40100000,195.362,0.0
Normal,84,Q_40185000,21.5977,0.0
Normal,84,Q_40330000,47.9961,-37.71835242938573
Normal,84,Q_40800001,40.9814,0.0
Normal,84,Q_40850000,60.3967,-27.105631046985952
Normal,84,Q_40930000,10.8599,-9.781597510648744
Normal,85,P_1944059,6.0,0.0
Normal,85,P_1944063,1.0,-6.449321788502053
Normal,85,P_1945002,0.0,-6.397150798198061
Normal,85,P_1945008,0.0,-10.588859072592328
Normal,85,P_1946000,9.2,-5.465945756644572
Normal,85,P_2044008,10.5,0.0
Normal,85,P_2044016,2.1,0.0
Normal,85,P_2044024,4.4,0.0
Normal,85,P_2044042,46.0,30.80526677855341
Normal,85,P_2045002,0.0,0.0
Normal,85,P_2046013,5.0,0.0
Normal,85,Q_40032000,10.2156,-5.699488388645393
Normal,85,Q_40050000,23.6445,0.0
Normal,85,Q_40060001,5.8819,-24.056924830833516
Normal,85,Q_40100000,110.523,-88.53265553383366
Normal,85,Q_40185000,12.735,0.0
Normal,85,Q_40330000,42.949,-44.92631911625591
Normal,85,Q_40800001,55.5582,0.0
Normal,85,Q_40850000,94.732,0.0
Normal,85,Q_40930000,4.54,-25.709705938505365
Normal,86,P_1944059,8.0,0.0
Normal,86,P_1944063,0.0,-9.113378742064706
Normal,86,P_1945002,9.1,12.96570568477609
Normal,86,P_1945008,0.0,-9.869234175852254
Normal,86,P_1946000,0.0,0.0
Normal,86,P_2044008,0.0,-4.246305806550528
Normal,86,P_2044016,0.0,-1.9645249994070468
Normal,86,P_2044024,0.0,0.0
Normal,86,P_2044042,0.0,0.0
Normal,86,P_2045002,0.0,0.0
Normal,86,P_2046013,0.0,0.0
Normal,86,Q_40032000,6.784,-7.516669792616102
Normal,86,Q_40050000,29.326,0.0
Normal,86,Q_40060001,5.8819,-23.819989598029053
Normal,86,Q_40100000,106.277,-94.15896615091626
Normal,86,Q_40185000,10.9806,0.0
Normal,86,Q_40330000,38.1066,-50.451013901918486
Normal,86,Q_40800001,50.9766,0.0
Normal,86,Q_40850000,48.8886,-38.81486661131659
Normal,86,Q_40930000,18.4181,0.0
Normal,87,P_1944059,16.0,19.732760433056363
Normal,87,P_1944063,0.4,-10.576255027018014
Normal,87,P_1945002,3.6,0.0
Normal,87,P_1945008,0.0,-12.165319449753968
Normal,87,P_1946000,0.0,0.0
Normal,87,P_2044008,15.0,11.288497251889874
Normal,87,P_2044016,3.1,0.0
Normal,87,P_2044024,3.1,0.0
Normal,87,P_2044042,0.2,0.0
Normal,87,P_2045002,0.0,0.0
Normal,87,P_2046013,0.0,0.0
Normal,87,Q_40032000,16.0405,0.0
Normal,87,Q_40050000,70.0004,0.0
Normal,87,Q_40060001,8.7334,-12.114527720352864
Normal,87,Q_40100000,113.384,-87.32917164222472
Normal,87,Q_40185000,17.473,0.0
Normal,87,Q_40330000,58.0662,-27.445585837671647
Normal,87,Q_40800001,123.464,9.320558323248669
Normal,87,Q_40850000,169.939,76.82891316436958
Normal,87,Q_40930000,14.1721,-6.084167300375741
Normal,88,P_1944059,1.2,0.0
Normal,88,P_1944063,4.4,0.0
Normal,88,P_1945002,28.8,66.37887050210016
Normal,88,P_1945008,0.0,-12.57437133717359
Normal,88,P_1946000,4.2,0.0
Normal,88,P_2044008,8.6,0.0
Normal,88,P_2044016,0.7,0.0
Normal,88,P_2044024,1.0,0.0
Normal,88,P_2044042,6.3,0.0
Normal,88,P_2045002,21.5,3.314062443402817
Normal,88,P_2046013,0.0,0.0
Normal,88,Q_40032000,14.0168,0.0
Normal,88,Q_40050000,233.868,9.553083526038685
Normal,88,Q_40060001,8.2165,-14.069978490643663
Normal,88,Q_40100000,181.85,3.782169399687483
Normal,88,Q_40185000,21.5977,0.0
Normal,88,Q_40330000,63.0395,-22.407037831428976
Normal,88,Q_40800001,108.713,8.476525715153938
Normal,88,Q_40850000,130.404,41.04390936824068
Normal,88,Q_40930000,7.3307,-21.467068209584998
Normal,89,P_1944059,0.0,0.0
Normal,89,P_1944063,0.0,-12.362604662018846
Normal,89,P_1945002,0.0,-11.323325266775806
Normal,89,P_1945008,0.0,-13.157350274137851
Normal,89,P_1946000,0.0,0.0
Normal,89,P_2044008,0.0,-6.661231765251841
Normal,89,P_2044016,0.0,0.0
Normal,89,P_2044024,0.0,0.0
Normal,89,P_2044042,0.0,0.0
Normal,89,P_2045002,0.0,0.0
Normal,89,P_2046013,0.0,0.0
Normal,89,Q_40032000,9.8987,-8.12528956589714
Normal,89,Q_40050000,60.8265,0.0
Normal,89,Q_40060001,9.581,-7.048969386618245
Normal,89,Q_40100000,168.635,-14.95519604746594
Normal,89,Q_40185000,8.9491,0.0
Normal,89,Q_40330000,31.9809,-59.316694857096316
Normal,89,Q_40800001,45.4647,0.0
Normal,89,Q_40850000,60.3967,-28.945833054648183
Normal,89,Q_40930000,7.0195,-21.661871528437942
Normal,90,P_1944059,67.4,106.88440098805775
Normal,90,P_1944063,38.2,62.75147891765707
Normal,90,P_1945002,5.8,0.0
Normal,90,P_1945008,4.176190476,0.0
Normal,90,P_1946000,0.0,0.0
Normal,90,P_2044008,17.6,0.0
Normal,90,P_2044016,45.7,23.379018566194418
Normal,90,P_2044024,24.4,0.0
Normal,90,P_2044042,25.2,-16.518706119174603
Normal,90,P_2045002,32.8,14.528752209300803
Normal,90,P_2046013,29.0,0.0
Normal,90,Q_40032000,6.4284,-6.107081612392321
Normal,90,Q_40050000,28.7656,0.0
Normal,90,Q_40060001,5.161,-29.124042532046293
Normal,90,Q_40100000,100.699,-103.45997914166497
Normal,90,Q_40185000,8.9101,0.0
Normal,90,Q_40330000,31.488,-57.54051820729298
Normal,90,Q_40800001,39.4092,0.0
Normal,90,Q_40850000,44.5306,-44.17258181097133
Normal,90,Q_40930000,15.6359,0.0
Normal,91,P_1944059,10.0,0.0
Normal,91,P_1944063,4.9,0.0
Normal,91,P_1945002,0.0,-6.384713264537756
Normal,91,P_1945008,15.9,27.13992460263691
Normal,91,P_1946000,5.2,0.0
Normal,91,P_2044008,11.0,6.510521755154144
Normal,91,P_2044016,10.7,0.0
Normal,91,P_2044024,12.0,0.0
Normal,91,P_2044042,2.0,0.0
Normal,91,P_2045002,4.6,0.0
Normal,91,P_2046013,0.0,0.0
Normal,91,Q_40032000,13.7968,-4.544956193450718
Normal,91,Q_40050000,79.2594,0.0
Normal,91,Q_40060001,8.0126,-15.179543632352791
Normal,91,Q_40100000,132.531,-59.967892894365015
Normal,91,Q_40185000,9.3129,0.0
Normal,91,Q_40330000,32.4766,-59.97474372801197
Normal,91,Q_40800001,31.8011,-5.3748365817410635
Normal,91,Q_40850000,37.3481,-52.9735596368516
Normal,91,Q_40930000,10.14,-14.025699403187579
Normal,92,P_1944059,0.0,0.0
Normal,92,P_1944063,0.0,-11.287068847166198
Normal,92,P_1945002,0.0,-9.631137805803867
Normal,92,P_1945008,0.0,-12.977347654258155
Normal,92,P_1946000,0.0,0.0
Normal,92,P_2044008,0.0,-7.140024478604971
Normal,92,P_2044016,0.0,0.0
Normal,92,P_2044024,0.0,0.0
Normal,92,P_2044042,0.0,0.0
Normal,92,P_2045002,0.0,0.0
Normal,92,P_2046013,0.0,0.0
Normal,92,Q_40032000,9.815,-7.953705936220662
Normal,92,Q_40050000,34.3941,0.0
Normal,92,Q_40060001,6.7281,-21.28539925085336
Normal,92,Q_40100000,104.874,-96.8847511031778
Normal,92,Q_40185000,8.9101,0.0
Normal,92,Q_40330000,36.5392,-53.40030877796936
Normal,92,Q_40800001,36.8171,0.0
Normal,92,Q_40850000,47.6312,-41.4189779443037
Normal,92,Q_40930000,4.1869,-27.774575640263425
Normal,93,P_1944059,0.0,0.0
Normal,93,P_1944063,0.0,-12.674668766184116
Normal,93,P_1945002,0.0,-10.007317368328046
Normal,93,P_1945008,0.0,-12.841242446737985
Normal,93,P_1946000,0.0,0.0
Normal,93,P_2044008,0.0,0.0
Normal,93,P_2044016,0.0,0.0
Normal,93,P_2044024,0.0,0.0
Normal,93,P_2044042,0.0,0.0
Normal,93,P_2045002,0.0,0.0
Normal,93,P_2046013,0.0,0.0
Normal,93,Q_40032000,12.2852,-6.754922768481208
Normal,93,Q_40050000,67.5747,0.0
Normal,93,Q_40060001,7.1157,-19.3865167052177
Normal,93,Q_40100000,110.523,-90.23158210490266
Normal,93,Q_40185000,8.1222,0.0
Normal,93,Q_40330000,30.0259,-61.591002282387024
Normal,93,Q_40800001,23.4079,-7.632999217300073
Normal,93,Q_40850000,30.0057,-58.929621189854565
Normal,93,Q_40930000,7.0112,-21.94671072204056
Normal,94,P_1944059,0.0,0.0
Normal,94,P_1944063,0.0,-13.92671862667882
Normal,94,P_1945002,12.8,22.052985940890053
Normal,94,P_1945008,0.0,-14.320394573755278
Normal,94,P_1946000,30.2,-32.27164123568229
Normal,94,P_2044008,0.0,0.0
Normal,94,P_2044016,0.0,0.0
Normal,94,P_2044024,34.6,11.832708677464593
Normal,94,P_2044042,0.0,0.0
Normal,94,P_2045002,0.1,0.0
Normal,94,P_2046013,5.4,0.0
Normal,94,Q_40032000,33.8303,12.585687373437759
Normal,94,Q_40050000,101.397,0.0
Normal,94,Q_40060001,17.8458,31.10500683952097
Normal,94,Q_40100000,178.521,0.0
Normal,94,Q_40185000,27.7127,0.0
Normal,94,Q_40330000,84.354,0.0
Normal,94,Q_40800001,150.444,11.441828948166874
Normal,94,Q_40850000,241.923,141.2926484205872
Normal,94,Q_40930000,7.1134,-21.927840232846062
Normal,95,P_1944059,0.0,0.0
Normal,95,P_1944063,0.0,-12.012048206473118
Normal,95,P_1945002,0.0,-9.513353998462712
Normal,95,P_1945008,0.0,-11.900972472247652
Normal,95,P_1946000,0.0,0.0
Normal,95,P_2044008,0.0,0.0
Normal,95,P_2044016,0.0,0.0
Normal,95,P_2044024,0.0,0.0
Normal,95,P_2044042,0.0,0.0
Normal,95,P_2045002,0.0,0.0
Normal,95,P_2046013,0.0,0.0
Normal,95,Q_40032000,9.0278,-7.499064549235621
Normal,95,Q_40050000,29.8916,0.0
Normal,95,Q_40060001,6.0668,-24.22993283324883
Normal,95,Q_40100000,88.506,-118.01267726799489
Normal,95,Q_40185000,7.3583,0.0
Normal,95,Q_40330000,32.9749,-57.552926742595766
Normal,95,Q_40800001,31.7295,-7.448276672702434
Normal,95,Q_40850000,50.7927,-38.26645711871073
Normal,95,Q_40930000,3.1479,-30.256705008590362
Normal,96,P_1944059,0.0,0.0
Normal,96,P_1944063,0.0,-11.483329461434709
Normal,96,P_1945002,0.0,-10.548507244193397
Normal,96,P_1945008,0.0,-12.662912630259346
Normal,96,P_1946000,0.0,0.0
Normal,96,P_2044008,0.0,-6.177386726611928
Normal,96,P_2044016,0.0,0.0
Normal,96,P_2044024,0.0,0.0
Normal,96,P_2044042,0.0,0.0
Normal,96,P_2045002,0.0,0.0
Normal,96,P_2046013,0.0,0.0
Normal,96,Q_40032000,10.6207,-7.389500815286963
Normal,96,Q_40050000,35.8228,0.0
Normal,96,Q_40060001,7.1157,-19.617095995896673
Normal,96,Q_40100000,110.523,-90.25704584232619
Normal,96,Q_40185000,9.3129,0.0
Normal,96,Q_40330000,37.5815,-52.424959766153854
Normal,96,Q_40800001,38.5417,0.0
Normal,96,Q_40850000,49.5209,-39.94362415967935
Normal,96,Q_40930000,4.362,-27.26657395693536
Normal,97,P_1944059,0.0,0.0
Normal,97,P_1944063,0.0,-11.959365803500413
Normal,97,P_1945002,0.0,-9.665335110627433
Normal,97,P_1945008,0.0,-12.730171060515469
Normal,97,P_1946000,0.0,0.0
Normal,97,P_2044008,0.0,-6.643431415897169
Normal,97,P_2044016,0.0,0.0
Normal,97,P_2044024,0.0,0.0
Normal,97,P_2044042,0.0,0.0
Normal,97,P_2045002,0.0,0.0
Normal,97,P_2046013,0.0,0.0
Normal,97,Q_40032000,9.815,-7.576508800215758
Normal,97,Q_40050000,34.5966,0.0
Normal,97,Q_40060001,6.8243,-19.976051523569545
Normal,97,Q_40100000,106.277,-95.61575443881434
Normal,97,Q_40185000,8.9101,0.0
Normal,97,Q_40330000,37.059,-53.31869754700594
Normal,97,Q_40800001,36.8171,0.0
Normal,97,Q_40850000,47.6312,-41.79032751569275
Normal,97,Q_40930000,4.1869,-27.8192985098921
Normal,98,P_1944059,5.2,0.0
Normal,98,P_1944063,0.9,0.0
Normal,98,P_1945002,0.0,-14.228988743907928
Normal,98,P_1945008,0.0,-15.906904410987613
Normal,98,P_1946000,16.2,-18.442319172069247
Normal,98,P_2044008,0.0,0.0
Normal,98,P_2044016,4.6,0.0
Normal,98,P_2044024,4.0,0.0
Normal,98,P_2044042,9.7,0.0
Normal,98,P_2045002,0.3,0.0
Normal,98,P_2046013,2.7,0.0
Normal,98,Q_40032000,26.1651,10.432881930479502
Normal,98,Q_40050000,173.079,0.0
Normal,98,Q_40060001,26.4328,85.12955271884934
Normal,98,Q_40100000,368.977,253.74210584492013
Normal,98,Q_40185000,47.3917,-10.75855204962761
Normal,98,Q_40330000,127.127,54.438455121547676
Normal,98,Q_40800001,114.863,0.0
Normal,98,Q_40850000,138.992,45.87971165808149
Normal,98,Q_40930000,65.3409,114.9318442588192
Normal,99,P_1944059,0.0,0.0
Normal,99,P_1944063,0.0,-12.59169385399016
Normal,99,P_1945002,0.0,-9.776055102516157
Normal,99,P_1945008,0.0,-12.95596005601783
Normal,99,P_1946000,0.0,0.0
Normal,99,P_2044008,0.0,-6.652468891714136
Normal,99,P_2044016,0.0,0.0
Normal,99,P_2044024,0.0,0.0
Normal,99,P_2044042,0.0,0.0
Normal,99,P_2045002,0.0,0.0
Normal,99,P_2046013,0.0,0.0
Normal,99,Q_40032000,13.7968,0.0
Normal,99,Q_40050000,79.662,0.0
Normal,99,Q_40060001,8.2165,-14.11816075888208
Normal,99,Q_40100000,132.531,-62.589467848279114
Normal,99,Q_40185000,9.3129,0.0
Normal,99,Q_40330000,34.4864,-56.815778661802725
Normal,99,Q_40800001,26.7461,-7.669518424470938
Normal,99,Q_40850000,37.9323,-51.47280300368202
Normal,99,Q_40930000,10.4989,-14.371141203477306
Normal,100,P_1944059,0.0,0.0
Normal,100,P_1944063,0.0,-12.72734202363264
Normal,100,P_1945002,0.0,-10.97861595609017
Normal,100,P_1945008,0.0,-13.893535909094322
Normal,100,P_1946000,6.2,0.0
Normal,100,P_2044008,0.0,-7.764081284763165
Normal,100,P_2044016,0.0,0.0
Normal,100,P_2044024,0.0,0.0
Normal,100,P_2044042,0.0,0.0
Normal,100,P_2045002,0.1,0.0
Normal,100,P_2046013,0.0,0.0
Normal,100,Q_40032000,10.6207,-7.95309783679849
Normal,100,Q_40050000,37.069,0.0
Normal,100,Q_40060001,5.161,-28.822764288001444
Normal,100,Q_40100000,110.523,-91.27066169446594
Normal,100,Q_40185000,14.5717,0.0
Normal,100,Q_40330000,49.1448,-39.50606794674314
Normal,100,Q_40800001,52.8009,0.0
Normal,100,Q_40850000,59.7906,-30.573913874218427
Normal,100,Q_40930000,4.54,-27.394014964657572
Normal,101,P_1944059,4.0,0.0
Normal,101,P_1944063,10.5,24.454022642036954
Normal,101,P_1945002,25.8,54.96650586777283
Normal,101,P_1945008,0.0,-13.327122317809398
Normal,101,P_1946000,8.0,0.0
Normal,101,P_2044008,33.2,37.553665054122945
Normal,101,P_2044016,2.8,0.0
Normal,101,P_2044024,35.5,6.25309161972865
Normal,101,P_2044042,0.4,0.0
Normal,101,P_2045002,4.1,0.0
Normal,101,P_2046013,2.7,0.0
Normal,101,Q_40032000,17.1979,0.0
Normal,101,Q_40050000,123.575,0.0
Normal,101,Q_40060001,8.6292,-13.614176262277894
Normal,101,Q_40100000,274.947,126.3175634601341
Normal,101,Q_40185000,29.4644,0.0
Normal,101,Q_40330000,70.1141,-14.813487400813223
Normal,101,Q_40800001,167.148,14.985876391256078
Normal,101,Q_40850000,271.411,178.2187035707041
Normal,101,Q_40930000,13.6033,0.0
Normal,102,P_1944059,19.4,23.16200261531896
Normal,102,P_1944063,0.0,-8.198973645273174
Normal,102,P_1945002,0.0,-6.415593027893203
Normal,102,P_1945008,9.3,11.15733618811484
Normal,102,P_1946000,0.0,0.0
Normal,102,P_2044008,10.1,0.0
Normal,102,P_2044016,0.0,0.0
Normal,102,P_2044024,11.3,0.0
Normal,102,P_2044042,0.2,0.0
Normal,102,P_2045002,1.6,0.0
Normal,102,P_2046013,7.8,0.0
Normal,102,Q_40032000,10.2156,-5.3531045514984665
Normal,102,Q_40050000,24.6215,0.0
Normal,102,Q_40060001,5.5177,-25.605388103033086
Normal,102,Q_40100000,114.822,-83.60686479262051
Normal,102,Q_40185000,10.5553,0.0
Normal,102,Q_40330000,36.022,-52.65843870521103
Normal,102,Q_40800001,77.452,0.0
Normal,102,Q_40850000,59.7906,-29.331827114515473
Normal,102,Q_40930000,5.4736,-23.168361219002545
Normal,103,P_1944059,0.0,0.0
Normal,103,P_1944063,0.0,-11.751980151316546
Normal,103,P_1945002,0.0,-9.539285491700904
Normal,103,P_1945008,0.0,-12.06735881137314
Normal,103,P_1946000,0.0,0.0
Normal,103,P_2044008,0.0,0.0
Normal,103,P_2044016,0.0,0.0
Normal,103,P_2044024,0.0,0.0
Normal,103,P_2044042,0.0,0.0
Normal,103,P_2045002,0.0,0.0
Normal,103,P_2046013,0.0,0.0
Normal,103,Q_40032000,9.0278,-8.414377277520796
Normal,103,Q_40050000,29.326,0.0
Normal,103,Q_40060001,5.9741,-24.541829018087853
Normal,103,Q_40100000,87.1825,-118.9776605169405
Normal,103,Q_40185000,7.3583,0.0
Normal,103,Q_40330000,32.9749,-57.36127754953437
Normal,103,Q_40800001,29.2371,-7.785658721626817
Normal,103,Q_40850000,47.0062,-42.160886260929644
Normal,103,Q_40930000,3.1479,-30.23400780951282
Normal,104,P_1944059,0.0,0.0
Normal,104,P_1944063,0.0,-13.195534386103484
Normal,104,P_1945002,0.0,-9.836973090004557
Normal,104,P_1945008,0.0,-13.028684783172073
Normal,104,P_1946000,0.0,0.0
Normal,104,P_2044008,0.0,-6.051694986248918
Normal,104,P_2044016,0.0,0.0
Normal,104,P_2044024,0.0,0.0
Normal,104,P_2044042,0.2,0.0
Normal,104,P_2045002,0.0,0.0
Normal,104,P_2046013,0.0,-4.631852216099929
Normal,104,Q_40032000,16.7322,0.0
Normal,104,Q_40050000,70.6155,0.0
Normal,104,Q_40060001,6.8243,-20.9569003199703
Normal,104,Q_40100000,141.684,-49.614549612488666
Normal,104,Q_40185000,7.3583,0.0
Normal,104,Q_40330000,41.855,-47.54408041535288
Normal,104,Q_40800001,38.1247,0.0
Normal,104,Q_40850000,57.9547,-31.352829683156198
Normal,104,Q_40930000,8.4572,-19.008505441141715
Normal,105,P_1944059,0.0,0.0
Normal,105,P_1944063,0.0,-12.22760124508336
Normal,105,P_1945002,0.0,-10.683828394371655
Normal,105,P_1945008,0.0,-12.855485968052845
Normal,105,P_1946000,0.0,0.0
Normal,105,P_2044008,0.0,-5.624107394917716
Normal,105,P_2044016,0.0,-4.612759087092883
Normal,105,P_2044024,0.0,0.0
Normal,105,P_2044042,0.0,0.0
Normal,105,P_2045002,0.4,0.0
Normal,105,P_2046013,0.0,-4.3940657560900735
Normal,105,Q_40032000,10.439,-6.859101245987672
Normal,105,Q_40050000,65.6012,0.0
Normal,105,Q_40060001,10.3429,0.0
Normal,105,Q_40100000,178.536,0.0
Normal,105,Q_40185000,9.3692,0.0
Normal,105,Q_40330000,33.9799,-56.24554167448183
Normal,105,Q_40800001,54.3056,0.0
Normal,105,Q_40850000,67.2371,-21.950238463374188
Normal,105,Q_40930000,7.648,-19.83311520623961
Normal,106,P_1944059,24.8,9.78371596576642
Normal,106,P_1944063,22.6,43.52282383637432
Normal,106,P_1945002,0.0,0.0
Normal,106,P_1945008,5.4,0.0
Normal,106,P_1946000,5.4,0.0
Normal,106,P_2044008,22.9,11.928279311214983
Normal,106,P_2044016,54.0,61.43986764527689
Normal,106,P_2044024,17.0,0.0
Normal,106,P_2044042,24.7,-15.161249628405201
Normal,106,P_2045002,52.9,53.15532911083124
Normal,106,P_2046013,13.3,0.0
Normal,106,Q_40032000,17.9032,0.0
Normal,106,Q_40050000,105.337,0.0
Normal,106,Q_40060001,11.0107,0.0
Normal,106,Q_40100000,165.402,-22.97034785690238
Normal,106,Q_40185000,10.9806,0.0
Normal,106,Q_40330000,39.6976,-53.07257728369361
Normal,106,Q_40800001,53.5073,0.0
Normal,106,Q_40850000,56.6319,-36.52740972545828
Normal,106,Q_40930000,34.5425,40.47323761703815
Normal,107,P_1944059,0.0,0.0
Normal,107,P_1944063,0.0,-12.25612513899111
Normal,107,P_1945002,0.0,-10.319737076196844
Normal,107,P_1945008,0.0,-12.67737503978376
Normal,107,P_1946000,0.0,0.0
Normal,107,P_2044008,0.0,-6.7697927905562665
Normal,107,P_2044016,0.0,0.0
Normal,107,P_2044024,0.0,0.0
Normal,107,P_2044042,0.0,0.0
Normal,107,P_2045002,0.0,0.0
Normal,107,P_2046013,0.0,0.0
Normal,107,Q_40032000,8.6394,-8.489513989599105
Normal,107,Q_40050000,52.9905,0.0
Normal,107,Q_40060001,7.312,-18.318210936020005
Normal,107,Q_40100000,121.596,-76.13027288202893
Normal,107,Q_40185000,8.5372,0.0
Normal,107,Q_40330000,29.5441,-61.92061290836278
Normal,107,Q_40800001,38.8079,0.0
Normal,107,Q_40850000,51.4322,-38.52710457777137
Normal,107,Q_40930000,5.7909,-24.1745081539989
Normal,108,P_1944059,0.0,0.0
Normal,108,P_1944063,0.7,-7.430808820986181
Normal,108,P_1945002,5.3,0.0
Normal,108,P_1945008,4.2,0.0
Normal,108,P_1946000,2.1,0.0
Normal,108,P_2044008,5.0,0.0
Normal,108,P_2044016,0.0,-2.864128954531602
Normal,108,P_2044024,0.0,0.0
Normal,108,P_2044042,0.0,0.0
Normal,108,P_2045002,16.4,0.0
Normal,108,P_2046013,1.3,-2.3376789569696825
Normal,108,Q_40032000,17.6672,-2.278555222115555
Normal,108,Q_40050000,79.2594,0.0
Normal,108,Q_40060001,6.442,-21.54760234969886
Normal,108,Q_40100000,97.9464,-105.65937331644338
Normal,108,Q_40185000,10.9806,0.0
Normal,108,Q_40330000,32.9749,-56.81723397379667
Normal,108,Q_40800001,38.483,-4.006171432136552
Normal,108,Q_40850000,42.7002,-45.456773407997765
Normal,108,Q_40930000,8.0325,-18.815176082070273
Normal,109,P_1944059,0.0,0.0
Normal,109,P_1944063,20.0,46.50571481928593
Normal,109,P_1945002,12.6,14.479067421937051
Normal,109,P_1945008,7.2,4.154402535375034
Normal,109,P_1946000,0.0,7.282635105491832
Normal,109,P_2044008,38.9,45.12618455102561
Normal,109,P_2044016,0.0,0.0
Normal,109,P_2044024,23.0,0.0
Normal,109,P_2044042,6.7,0.0
Normal,109,P_2045002,1.5,0.0
Normal,109,P_2046013,0.0,0.0
Normal,109,Q_40032000,16.5126,0.0
Normal,109,Q_40050000,100.617,0.0
Normal,109,Q_40060001,6.8243,-24.148973795795115
Normal,109,Q_40100000,191.955,18.03482819262512
Normal,109,Q_40185000,12.735,0.0
Normal,109,Q_40330000,53.8364,-35.29839412924704
Normal,109,Q_40800001,78.1549,0.0
Normal,109,Q_40850000,67.8746,-23.83229399988476
Normal,109,Q_40930000,20.0467,7.198552002166363
Normal,110,P_1944059,1.0,0.0
Normal,110,P_1944063,1.8,0.0
Normal,110,P_1945002,0.0,-6.525754657467843
Normal,110,P_1945008,0.0,-10.259043919158547
Normal,110,P_1946000,0.0,0.0
Normal,110,P_2044008,0.0,-4.21473460552421
Normal,110,P_2044016,77.7,148.49031764694232
Normal,110,P_2044024,5.8,0.0
Normal,110,P_2044042,20.6,-5.79383322115376
Normal,110,P_2045002,0.0,0.0
Normal,110,P_2046013,0.0,-3.3333266469788043
Normal,110,Q_40032000,18.8561,0.0
Normal,110,Q_40050000,91.274,0.0
Normal,110,Q_40060001,12.8551,0.0
Normal,110,Q_40100000,276.854,120.86692014390209
Normal,110,Q_40185000,34.3023,0.0
Normal,110,Q_40330000,61.7824,-22.283332950334934
Normal,110,Q_40800001,47.0851,0.0
Normal,110,Q_40850000,77.071,-13.00443174532923
Normal,110,Q_40930000,9.4285,-15.93599142394829
Normal,111,P_1944059,0.0,0.0
Normal,111,P_1944063,0.0,-16.146081825964217
Normal,111,P_1945002,11.6,24.015256373864958
Normal,111,P_1945008,0.0,-15.403437381570091
Normal,111,P_1946000,11.2,-10.611995231111086
Normal,111,P_2044008,0.0,-7.152155979388056
Normal,111,P_2044016,0.0,0.0
Normal,111,P_2044024,0.0,0.0
Normal,111,P_2044042,0.0,0.0
Normal,111,P_2045002,2.5,0.0
Normal,111,P_2046013,1.6,0.0
Normal,111,Q_40032000,18.5825,0.0
Normal,111,Q_40050000,159.963,0.0
Normal,111,Q_40060001,19.0386,40.18275966954362
Normal,111,Q_40100000,314.505,181.6597510943017
Normal,111,Q_40185000,40.4972,-6.4702449018699575
Normal,111,Q_40330000,144.086,76.51363201843675
Normal,111,Q_40800001,81.9191,0.0
Normal,111,Q_40850000,128.715,36.661858495642626
Normal,111,Q_40930000,15.0575,0.0
Normal,112,P_1944059,0.0,0.0
Normal,112,P_1944063,0.0,-7.876403498714979
Normal,112,P_1945002,0.0,-5.387799393223938
Normal,112,P_1945008,0.0,-7.713471231741809
Normal,112,P_1946000,0.0,0.0
Normal,112,P_2044008,0.0,-3.4210876517360145
Normal,112,P_2044016,0.0,-1.712517946270907
Normal,112,P_2044024,19.5,0.0
Normal,112,P_2044042,19.7,-3.1304351286292103
Normal,112,P_2045002,0.0,0.0
Normal,112,P_2046013,0.0,0.0
Normal,112,Q_40032000,15.1315,0.0
Normal,112,Q_40050000,70.0004,0.0
Normal,112,Q_40060001,9.581,-5.532142398565953
Normal,112,Q_40100000,128.028,-66.12238619141671
Normal,112,Q_40185000,13.1866,0.0
Normal,112,Q_40330000,45.1672,-39.86901694736036
Normal,112,Q_40800001,76.4744,0.0
Normal,112,Q_40850000,116.352,0.0
Normal,112,Q_40930000,10.395,-12.366989077328858
Normal,113,P_1944059,0.0,0.0
Normal,113,P_1944063,0.0,-14.806423699920165
Normal,113,P_1945002,0.0,-12.438360744368877
Normal,113,P_1945008,0.0,-13.979033210835603
Normal,113,P_1946000,0.0,8.073549938708322
Normal,113,P_2044008,0.0,-6.962852536361138
Normal,113,P_2044016,0.0,-4.606371803838158
Normal,113,P_2044024,0.0,0.0
Normal,113,P_2044042,0.0,0.0
Normal,113,P_2045002,0.0,0.0
Normal,113,P_2046013,3.4,0.0
Normal,113,Q_40032000,25.1171,0.0
Normal,113,Q_40050000,104.831,0.0
Normal,113,Q_40060001,17.8458,34.86484395569131
Normal,113,Q_40100000,340.053,216.02091136298048
Normal,113,Q_40185000,38.0842,0.0
Normal,113,Q_40330000,78.1355,0.0
Normal,113,Q_40800001,91.358,0.0
Normal,113,Q_40850000,154.13,62.117520662415004
Normal,113,Q_40930000,13.3224,-7.593706729303618
Normal,114,P_1944059,0.0,0.0
Normal,114,P_1944063,40.4,125.90386737870281
Normal,114,P_1945002,0.0,-7.236756486174549
Normal,114,P_1945008,28.9,63.12785388464443
Normal,114,P_1946000,0.0,10.367338431950179
Normal,114,P_2044008,0.0,-4.573431899461713
Normal,114,P_2044016,0.0,0.0
Normal,114,P_2044024,0.0,0.0
Normal,114,P_2044042,0.0,0.0
Normal,114,P_2045002,0.0,0.0
Normal,114,P_2046013,3.3,0.0
Normal,114,Q_40032000,24.3392,0.0
Normal,114,Q_40050000,100.617,0.0
Normal,114,Q_40060001,9.9052,-4.543041746253391
Normal,114,Q_40100000,168.651,-13.304755659573589
Normal,114,Q_40185000,57.5112,0.0
Normal,114,Q_40330000,76.101,-5.296197008316094
Normal,114,Q_40800001,57.1916,0.0
Normal,114,Q_40850000,62.8474,-28.25732372029981
Normal,114,Q_40930000,14.5737,-3.292641995675723
Normal,115,P_1944059,0.0,0.0
Normal,115,P_1944063,0.0,-15.219294162613531
Normal,115,P_1945002,6.3,6.703830607151467
Normal,115,P_1945008,0.0,-14.836204228535726
Normal,115,P_1946000,0.0,7.301957298337669
Normal,115,P_2044008,0.0,0.0
Normal,115,P_2044016,0.0,0.0
Normal,115,P_2044024,0.0,0.0
Normal,115,P_2044042,0.0,0.0
Normal,115,P_2045002,0.0,0.0
Normal,115,P_2046013,0.0,0.0
Normal,115,Q_40032000,51.0328,44.02567993618821
Normal,115,Q_40050000,162.499,0.0
Normal,115,Q_40060001,12.5024,7.564416363701801
Normal,115,Q_40100000,333.954,208.62472764129436
Normal,115,Q_40185000,18.4774,0.0
Normal,115,Q_40330000,56.846,-30.635950294151776
Normal,115,Q_40800001,45.0334,0.0
Normal,115,Q_40850000,65.9698,-25.615112266623722
Normal,115,Q_40930000,22.4758,13.336329034793765
Normal,116,P_1944059,0.0,0.0
Normal,116,P_1944063,0.0,-12.558240570231437
Normal,116,P_1945002,0.0,-10.268385813866782
Normal,116,P_1945008,0.0,-13.39166391185148
Normal,116,P_1946000,0.0,0.0
Normal,116,P_2044008,0.0,-6.4085468428346815
Normal,116,P_2044016,0.0,0.0
Normal,116,P_2044024,0.0,0.0
Normal,116,P_2044042,0.0,0.0
Normal,116,P_2045002,0.0,0.0
Normal,116,P_2046013,0.0,0.0
Normal,116,Q_40032000,16.5007,0.0
Normal,116,Q_40050000,102.18,0.0
Normal,116,Q_40060001,9.4737,-8.093423451847864
Normal,116,Q_40100000,175.211,-5.46448564136161
Normal,116,Q_40185000,11.4112,0.0
Normal,116,Q_40330000,37.5815,-52.868850818134824
Normal,116,Q_40800001,31.8011,-5.994678581706088
Normal,116,Q_40850000,43.918,-46.20221195486558
Normal,116,Q_40930000,11.9547,-10.406847327507103
Normal,117,P_1944059,0.0,0.0
Normal,117,P_1944063,0.0,-11.608838638166132
Normal,117,P_1945002,0.0,-9.879286009015495
Normal,117,P_1945008,0.0,-12.560088793150014
Normal,117,P_1946000,0.0,0.0
Normal,117,P_2044008,0.0,0.0
Normal,117,P_2044016,0.0,0.0
Normal,117,P_2044024,0.0,0.0
Normal,117,P_2044042,0.0,0.0
Normal,117,P_2045002,0.0,0.0
Normal,117,P_2046013,0.0,0.0
Normal,117,Q_40032000,9.0278,-8.114211655841297
Normal,117,Q_40050000,30.6534,0.0
Normal,117,Q_40060001,6.2535,-22.64988291942556
Normal,117,Q_40100000,91.172,-114.3279112664196
Normal,117,Q_40185000,7.7372,0.0
Normal,117,Q_40330000,33.9799,-56.959323537648196
Normal,117,Q_40800001,32.5681,-6.682400282207766
Normal,117,Q_40850000,41.4926,-47.30047224388563
Normal,117,Q_40930000,3.4196,-29.51924024715872
Normal,118,P_1944059,12.0,0.0
Normal,118,P_1944063,34.6,83.1309099780871
Normal,118,P_1945002,12.8,0.0
Normal,118,P_1945008,32.7,68.07933423108626
Normal,118,P_1946000,18.3,-20.06390379602542
Normal,118,P_2044008,7.6,0.0
Normal,118,P_2044016,3.5,0.0
Normal,118,P_2044024,5.6,0.0
Normal,118,P_2044042,14.4,-11.752835503858993
Normal,118,P_2045002,6.7,0.0
Normal,118,P_2046013,8.4,0.0
Normal,118,Q_40032000,8.2597,-5.4801759422863885
Normal,118,Q_40050000,25.464,0.0
Normal,118,Q_40060001,11.2362,0.0
Normal,118,Q_40100000,89.8358,-122.10232159790306
Normal,118,Q_40185000,8.1222,0.0
Normal,118,Q_40330000,28.1156,-66.17564268692338
Normal,118,Q_40800001,41.1542,-4.7623607351474675
Normal,118,Q_40850000,41.4926,-49.49303302091755
Normal,118,Q_40930000,6.2714,-22.5821361625842
Normal,119,P_1944059,0.0,0.0
Normal,119,P_1944063,0.0,-13.637281775235525
Normal,119,P_1945002,0.0,-11.28300529452591
Normal,119,P_1945008,0.0,-12.766570852218168
Normal,119,P_1946000,0.0,0.0
Normal,119,P_2044008,0.0,-6.226833868386198
Normal,119,P_2044016,0.0,0.0
Normal,119,P_2044024,0.0,0.0
Normal,119,P_2044042,0.0,0.0
Normal,119,P_2045002,0.0,0.0
Normal,119,P_2046013,0.0,0.0
Normal,119,Q_40032000,15.5841,0.0
Normal,119,Q_40050000,95.1436,0.0
Normal,119,Q_40060001,9.154,-9.575160406805999
Normal,119,Q_40100000,214.438,47.33339554430447
Normal,119,Q_40185000,10.1356,0.0
Normal,119,Q_40330000,40.2331,-49.798464160281284
Normal,119,Q_40800001,31.0516,-5.891296736692213
Normal,119,Q_40850000,45.7634,-43.224102779136416
Normal,119,Q_40930000,54.0509,86.69195367648852
Normal,120,P_1944059,0.0,0.0
Normal,120,P_1944063,0.0,-12.396800475685692
Normal,120,P_1945002,0.0,-9.836861693151866
Normal,120,P_1945008,0.0,-13.01908815379627
Normal,120,P_1946000,0.0,0.0
Normal,120,P_2044008,0.0,-6.897415530995758
Normal,120,P_2044016,0.0,0.0
Normal,120,P_2044024,0.0,0.0
Normal,120,P_2044042,0.0,0.0
Normal,120,P_2045002,0.0,0.0
Normal,120,P_2046013,0.0,0.0
Normal,120,Q_40032000,13.1428,-5.22854774432642
Normal,120,Q_40050000,49.8922,0.0
Normal,120,Q_40060001,9.2602,-8.57810988387194
Normal,120,Q_40100000,157.366,-29.229006267780026
Normal,120,Q_40185000,10.5553,0.0
Normal,120,Q_40330000,50.8861,-36.641978392962216
Normal,120,Q_40800001,53.7173,0.0
Normal,120,Q_40850000,70.4506,-19.45850533652583
Normal,120,Q_40930000,7.5507,-20.632526562064548
Normal,121,P_1944059,0.0,0.0
Normal,121,P_1944063,0.0,-14.365426429632729
Normal,121,P_1945002,0.0,-10.879721406027421
Normal,121,P_1945008,0.0,-13.63668895106701
Normal,121,P_1946000,0.0,8.033539770972615
Normal,121,P_2044008,0.0,0.0
Normal,121,P_2044016,0.0,-5.307556957544392
Normal,121,P_2044024,0.8,0.0
Normal,121,P_2044042,0.0,0.0
Normal,121,P_2045002,0.0,0.0
Normal,121,P_2046013,0.0,0.0
Normal,121,Q_40032000,50.3961,43.12471233778074
Normal,121,Q_40050000,157.312,0.0
Normal,121,Q_40060001,12.269,0.0
Normal,121,Q_40100000,307.935,173.1509368122439
Normal,121,Q_40185000,17.473,0.0
Normal,121,Q_40330000,55.0332,-32.47200342991119
Normal,121,Q_40800001,41.5058,0.0
Normal,121,Q_40850000,64.0885,-26.42759830282809
Normal,121,Q_40930000,21.6609,12.335606407431078
Normal,122,P_1944059,0.0,0.0
Normal,122,P_1944063,0.0,-11.713935289761706
Normal,122,P_1945002,0.0,-9.86054329850045
Normal,122,P_1945008,0.0,-11.437039608983573
Normal,122,P_1946000,0.0,0.0
Normal,122,P_2044008,0.0,-4.6552865816158215
Normal,122,P_2044016,0.6,-3.044021216147641
Normal,122,P_2044024,0.0,0.0
Normal,122,P_2044042,0.0,0.0
Normal,122,P_2045002,0.0,0.0
Normal,122,P_2046013,0.0,0.0
Normal,122,Q_40032000,13.1428,-4.668318345383169
Normal,122,Q_40050000,54.3083,0.0
Normal,122,Q_40060001,9.3667,-6.828482158795187
Normal,122,Q_40100000,186.881,0.0
Normal,122,Q_40185000,17.473,0.0
Normal,122,Q_40330000,55.6351,-29.47811852283851
Normal,122,Q_40800001,56.4827,0.0
Normal,122,Q_40850000,83.9466,-4.587224002105264
Normal,122,Q_40930000,7.9986,-18.01745304827928
Normal,123,P_1944059,0.0,0.0
Normal,123,P_1944063,0.0,-11.594505154475673
Normal,123,P_1945002,0.0,-10.048582421356654
Normal,123,P_1945008,0.0,-12.717909391727797
Normal,123,P_1946000,0.0,0.0
Normal,123,P_2044008,0.0,-6.845512847868974
Normal,123,P_2044016,0.0,0.0
Normal,123,P_2044024,0.0,0.0
Normal,123,P_2044042,0.0,0.0
Normal,123,P_2045002,0.0,0.0
Normal,123,P_2046013,0.0,0.0
Normal,123,Q_40032000,7.6833,-8.73965752691973
Normal,123,Q_40050000,49.8578,0.0
Normal,123,Q_40060001,6.5369,-22.55753374708996
Normal,123,Q_40100000,91.9631,-113.44570518650647
Normal,123,Q_40185000,9.7973,0.0
Normal,123,Q_40330000,35.5075,-54.377105089617295
Normal,123,Q_40800001,37.2036,0.0
Normal,123,Q_40850000,48.2587,-40.9913176112182
Normal,123,Q_40930000,5.192,-25.70622041496582
Normal,124,P_1944059,0.0,0.0
Normal,124,P_1944063,0.0,-10.282224776629848
Normal,124,P_1945002,18.9,27.940425861162378
Normal,124,P_1945008,0.0,-12.561039134794852
Normal,124,P_1946000,16.4,-17.219523060066827
Normal,124,P_2044008,12.1,0.0
Normal,124,P_2044016,3.1,0.0
Normal,124,P_2044024,17.4,0.0
Normal,124,P_2044042,14.6,-13.796770147479734
Normal,124,P_2045002,0.0,0.0
Normal,124,P_2046013,13.9,0.0
Normal,124,Q_40032000,13.7968,0.0
Normal,124,Q_40050000,47.5144,0.0
Normal,124,Q_40060001,6.7281,-21.20400002070154
Normal,124,Q_40100000,119.173,-80.55543479777941
Normal,124,Q_40185000,16.4869,0.0
Normal,124,Q_40330000,55.6351,-31.58128848859879
Normal,124,Q_40800001,138.487,15.866011048498848
Normal,124,Q_40850000,173.755,87.47060894397919
Normal,124,Q_40930000,13.3224,0.0
Normal,125,P_1944059,0.0,0.0
Normal,125,P_1944063,0.0,-11.914595919381894
Normal,125,P_1945002,0.0,-9.97721182147762
Normal,125,P_1945008,0.0,-12.661491927110573
Normal,125,P_1946000,0.0,0.0
Normal,125,P_2044008,0.0,-6.582349039788994
Normal,125,P_2044016,0.0,0.0
Normal,125,P_2044024,0.0,0.0
Normal,125,P_2044042,0.0,0.0
Normal,125,P_2045002,0.0,0.0
Normal,125,P_2046013,0.0,0.0
Normal,125,Q_40032000,8.3961,-8.278269192573699
Normal,125,Q_40050000,50.7893,0.0
Normal,125,Q_40060001,6.8243,-21.08734990952391
Normal,125,Q_40100000,104.877,-97.97694611228981
Normal,125,Q_40185000,9.7973,0.0
Normal,125,Q_40330000,34.9956,-55.0477877925261
Normal,125,Q_40800001,38.0027,0.0
Normal,125,Q_40850000,51.4322,-38.153836024391516
Normal,125,Q_40930000,5.4901,-25.30078513901053
Normal,126,P_1944059,7.0,0.0
Normal,126,P_1944063,4.0,0.0
Normal,126,P_1945002,0.0,-9.21874537684674
Normal,126,P_1945008,0.0,-11.394750537603365
Normal,126,P_1946000,7.0,-3.091479997908168
Normal,126,P_2044008,0.9,-4.0385169211426915
Normal,126,P_2044016,1.6,-3.315449542753106
Normal,126,P_2044024,16.4,0.0
Normal,126,P_2044042,0.0,0.0
Normal,126,P_2045002,0.0,0.0
Normal,126,P_2046013,0.0,0.0
Normal,126,Q_40032000,17.4321,0.0
Normal,126,Q_40050000,114.631,0.0
Normal,126,Q_40060001,9.0483,-9.161639914493833
Normal,126,Q_40100000,259.841,108.11946856583074
Normal,126,Q_40185000,12.735,0.0
Normal,126,Q_40330000,41.3118,-47.08164749697752
Normal,126,Q_40800001,43.2513,0.0
Normal,126,Q_40850000,57.9547,-30.474127426755032
Normal,126,Q_40930000,21.6609,13.027751976629741
Normal,127,P_1944059,0.0,0.0
Normal,127,P_1944063,0.0,-11.610585552009118
Normal,127,P_1945002,0.0,-9.569321592976502
Normal,127,P_1945008,0.0,-12.97792814966818
Normal,127,P_1946000,0.0,0.0
Normal,127,P_2044008,0.0,0.0
Normal,127,P_2044016,0.0,0.0
Normal,127,P_2044024,0.0,0.0
Normal,127,P_2044042,0.0,0.0
Normal,127,P_2045002,0.0,0.0
Normal,127,P_2046013,0.0,0.0
Normal,127,Q_40032000,9.0278,-7.855226723166993
Normal,127,Q_40050000,29.7025,0.0
Normal,127,Q_40060001,5.9741,-24.252924017824366
Normal,127,Q_40100000,88.506,-118.0727186762701
Normal,127,Q_40185000,7.3583,0.0
Normal,127,Q_40330000,32.9749,-57.36435010265406
Normal,127,Q_40800001,30.0639,-7.329923037152613
Normal,127,Q_40850000,49.5209,-39.716535984486946
Normal,127,Q_40930000,3.1479,-29.856826204951687
Normal,128,P_1944059,0.0,0.0
Normal,128,P_1944063,0.0,-11.1597841588241
Normal,128,P_1945002,0.0,-9.200262534586084
Normal,128,P_1945008,0.0,-12.192629067497602
Normal,128,P_1946000,4.2,0.0
Normal,128,P_2044008,0.0,-6.424461161391832
Normal,128,P_2044016,0.0,0.0
Normal,128,P_2044024,0.0,0.0
Normal,128,P_2044042,0.2,0.0
Normal,128,P_2045002,0.0,0.0
Normal,128,P_2046013,11.5,0.0
Normal,128,Q_40032000,9.0278,-7.540848759925866
Normal,128,Q_40050000,39.4052,0.0
Normal,128,Q_40060001,5.5177,-26.575617230067955
Normal,128,Q_40100000,111.951,-88.24041307188018
Normal,128,Q_40185000,15.5197,0.0
Normal,128,Q_40330000,52.0591,-34.96570300635547
Normal,128,Q_40800001,51.8873,0.0
Normal,128,Q_40850000,77.7471,-12.25498774505695
Normal,128,Q_40930000,8.4572,-18.116239018465205
Normal,129,P_1944059,0.0,0.0
Normal,129,P_1944063,0.0,-11.24130465103786
Normal,129,P_1945002,0.0,-9.63515572374492
Normal,129,P_1945008,0.0,-12.535300502832927
Normal,129,P_1946000,0.0,0.0
Normal,129,P_2044008,0.0,0.0
Normal,129,P_2044016,0.0,0.0
Normal,129,P_2044024,0.0,0.0
Normal,129,P_2044042,0.0,0.0
Normal,129,P_2045002,0.0,0.0
Normal,129,P_2046013,0.0,0.0
Normal,129,Q_40032000,8.2597,-7.821883696299153
Normal,129,Q_40050000,27.2957,0.0
Normal,129,Q_40060001,5.2495,-27.823031755559068
Normal,129,Q_40100000,80.6614,-127.92007574456518
Normal,129,Q_40185000,6.6193,0.0
Normal,129,Q_40330000,38.1066,-51.6654450807622
Normal,129,Q_40800001,25.9716,-8.572362406157438
Normal,129,Q_40850000,32.7733,-55.87930048135467
Normal,129,Q_40930000,2.88,-30.510908343573792
Normal,130,P_1944059,35.2,33.997209281736936
Normal,130,P_1944063,25.2,69.54033982627337
Normal,130,P_1945002,25.8,36.935539385166656
Normal,130,P_1945008,0.0,-10.926801715862439
Normal,130,P_1946000,10.6,0.0
Normal,130,P_2044008,0.0,0.0
Normal,130,P_2044016,0.0,0.0
Normal,130,P_2044024,0.0,0.0
Normal,130,P_2044042,0.0,2.445245639993955
Normal,130,P_2045002,0.0,0.0
Normal,130,P_2046013,0.0,0.0
Normal,130,Q_40032000,150.564,213.71311289915792
Normal,130,Q_40050000,99.4506,0.0
Normal,130,Q_40060001,11.4632,0.0
Normal,130,Q_40100000,261.715,101.42661327325362
Normal,130,Q_40185000,16.4869,0.0
Normal,130,Q_40330000,80.1893,0.0
Normal,130,Q_40800001,94.6218,4.45978817199882
Normal,130,Q_40850000,137.255,41.631717945027596
Normal,130,Q_40930000,27.8552,23.86776414857731
Normal,131,P_1944059,2.0,0.0
Normal,131,P_1944063,45.0,84.74840850353057
Normal,131,P_1945002,38.9,32.45125728014244
Normal,131,P_1945008,32.2,58.665481985809144
Normal,131,P_1946000,52.0,-49.19643079687824
Normal,131,P_2044008,26.0,22.40522469148759
Normal,131,P_2044016,15.9,0.0
Normal,131,P_2044024,7.2,0.0
Normal,131,P_2044042,0.4,0.0
Normal,131,P_2045002,53.2,54.80583168662166
Normal,131,P_2046013,90.0,72.7472654813995
Normal,131,Q_40032000,28.2974,0.0
Normal,131,Q_40050000,136.822,0.0
Normal,131,Q_40060001,11.2362,0.0
Normal,131,Q_40100000,123.575,-75.82164252234708
Normal,131,Q_40185000,12.2885,0.0
Normal,131,Q_40330000,31.488,-60.5616904419809
Normal,131,Q_40800001,50.5511,0.0
Normal,131,Q_40850000,47.6312,-43.296548594492194
Normal,131,Q_40930000,15.3374,0.0
Normal,132,P_1944059,0.0,0.0
Normal,132,P_1944063,0.0,-11.163390227423482
Normal,132,P_1945002,0.0,-9.272715765157258
Normal,132,P_1945008,0.0,-12.633278444961828
Normal,132,P_1946000,0.0,0.0
Normal,132,P_2044008,0.0,-6.710163319420076
Normal,132,P_2044016,0.0,0.0
Normal,132,P_2044024,0.0,0.0
Normal,132,P_2044042,0.0,0.0
Normal,132,P_2045002,0.0,0.0
Normal,132,P_2046013,0.0,0.0
Normal,132,Q_40032000,10.6207,-7.4667544627455
Normal,132,Q_40050000,35.8228,0.0
Normal,132,Q_40060001,7.0181,-20.22646319877348
Normal,132,Q_40100000,109.102,-91.83592472967014
Normal,132,Q_40185000,9.3129,0.0
Normal,132,Q_40330000,37.5815,-52.49162107200351
Normal,132,Q_40800001,38.5417,0.0
Normal,132,Q_40850000,49.5209,-40.66229659549732
Normal,132,Q_40930000,4.362,-27.40857902726584
Normal,133,P_1944059,13.2,10.631991624706005
Normal,133,P_1944063,15.5,41.09487338122596
Normal,133,P_1945002,0.0,-8.585744475518808
Normal,133,P_1945008,0.0,-11.615971165357912
Normal,133,P_1946000,4.0,0.0
Normal,133,P_2044008,47.1,69.04476609418192
Normal,133,P_2044016,6.7,0.0
Normal,133,P_2044024,14.8,0.0
Normal,133,P_2044042,3.8,0.0
Normal,133,P_2045002,1.0,0.0
Normal,133,P_2046013,2.2,0.0
Normal,133,Q_40032000,14.0168,0.0
Normal,133,Q_40050000,92.9856,0.0
Normal,133,Q_40060001,11.4632,0.0
Normal,133,Q_40100000,147.894,-41.63571350647229
Normal,133,Q_40185000,19.4999,0.0
Normal,133,Q_40330000,73.4184,-9.040773243605354
Normal,133,Q_40800001,114.217,8.50259226563406
Normal,133,Q_40850000,150.507,60.736420138424315
Normal,133,Q_40930000,8.9262,-18.255047023519136
Normal,134,P_1944059,30.8,15.34409089474934
Normal,134,P_1944063,33.7,79.11302442688614
Normal,134,P_1945002,12.6,9.546858908938418
Normal,134,P_1945008,23.2,32.002574208828186
Normal,134,P_1946000,0.0,0.0
Normal,134,P_2044008,27.0,19.35098852373482
Normal,134,P_2044016,42.2,32.53272940446469
Normal,134,P_2044024,43.8,0.0
Normal,134,P_2044042,31.0,0.0
Normal,134,P_2045002,20.0,0.0
Normal,134,P_2046013,0.0,0.0
Normal,134,Q_40032000,74.4039,55.41419218394084
Normal,134,Q_40050000,154.512,0.0
Normal,134,Q_40060001,8.7334,0.0
Normal,134,Q_40100000,252.391,89.84643854521259
Normal,134,Q_40185000,14.5717,0.0
Normal,134,Q_40330000,64.3056,0.0
Normal,134,Q_40800001,93.5516,0.0
Normal,134,Q_40850000,109.194,13.091070337557086
Normal,134,Q_40930000,58.8061,97.7792865186679
Normal,135,P_1944059,20.0,15.376232837831584
Normal,135,P_1944063,7.4,15.831549081778633
Normal,135,P_1945002,3.1,0.0
Normal,135,P_1945008,31.5,81.49791501450827
Normal,135,P_1946000,6.2,0.0
Normal,135,P_2044008,9.6,0.0
Normal,135,P_2044016,3.4,0.0
Normal,135,P_2044024,7.5,0.0
Normal,135,P_2044042,9.7,0.0
Normal,135,P_2045002,3.5,0.0
Normal,135,P_2046013,13.2,0.0
Normal,135,Q_40032000,50.3961,42.964896136588095
Normal,135,Q_40050000,352.625,18.309462122419628
Normal,135,Q_40060001,33.7083,138.65674478947622
Normal,135,Q_40100000,193.656,18.05322083641062
Normal,135,Q_40185000,84.427,0.0
Normal,135,Q_40330000,116.833,44.287789170374474
Normal,135,Q_40800001,116.503,0.0
Normal,135,Q_40850000,113.944,21.589947459507055
Normal,135,Q_40930000,37.1612,46.35645060564791
Normal,136,P_1944059,0.0,0.0
Normal,136,P_1944063,1.2,-7.648712405322414
Normal,136,P_1945002,0.0,-9.658281727082283
Normal,136,P_1945008,0.0,-13.017483440053804
Normal,136,P_1946000,0.0,0.0
Normal,136,P_2044008,0.0,-7.048390046830036
Normal,136,P_2044016,0.0,0.0
Normal,136,P_2044024,0.0,0.0
Normal,136,P_2044042,0.0,0.0
Normal,136,P_2045002,0.0,0.0
Normal,136,P_2046013,0.0,0.0
Normal,136,Q_40032000,8.3961,-8.026708195881481
Normal,136,Q_40050000,52.3577,0.0
Normal,136,Q_40060001,7.0181,-19.571643645683157
Normal,136,Q_40100000,115.398,-84.58237461064556
Normal,136,Q_40185000,9.7973,0.0
Normal,136,Q_40330000,36.022,-54.06407145680679
Normal,136,Q_40800001,38.8079,0.0
Normal,136,Q_40850000,50.1556,-39.42664310255869
Normal,136,Q_40930000,5.4901,-25.417149208147887
Normal,137,P_1944059,0.0,0.0
Normal,137,P_1944063,0.0,-13.549826321699513
Normal,137,P_1945002,4.6,0.0
Normal,137,P_1945008,0.0,-13.49601901316174
Normal,137,P_1946000,7.5,0.0
Normal,137,P_2044008,0.0,-6.328755714295724
Normal,137,P_2044016,0.0,-4.249115585551394
Normal,137,P_2044024,0.0,0.0
Normal,137,P_2044042,0.0,0.0
Normal,137,P_2045002,0.0,0.0
Normal,137,P_2046013,0.0,0.0
Normal,137,Q_40032000,48.4995,39.903719850685526
Normal,137,Q_40050000,160.132,0.0
Normal,137,Q_40060001,13.45,13.562673435075336
Normal,137,Q_40100000,250.54,96.32360801635485
Normal,137,Q_40185000,16.4869,0.0
Normal,137,Q_40330000,54.4336,-32.66980159213389
Normal,137,Q_40800001,56.4974,0.0
Normal,137,Q_40850000,69.8027,-20.310174135787314
Normal,137,Q_40930000,24.1201,18.302413275212658
Normal,138,P_1944059,23.2,12.736889754672973
Normal,138,P_1944063,35.4,81.40550976723256
Normal,138,P_1945002,0.0,0.0
Normal,138,P_1945008,7.0,0.0
Normal,138,P_1946000,0.0,7.420232657094019
Normal,138,P_2044008,31.0,25.66828870473319
Normal,138,P_2044016,9.5,0.0
Normal,138,P_2044024,18.0,0.0
Normal,138,P_2044042,10.7,0.0
Normal,138,P_2045002,37.0,18.4781222939959
Normal,138,P_2046013,12.0,0.0
Normal,138,Q_40032000,41.4269,19.35145858199837
Normal,138,Q_40050000,150.351,0.0
Normal,138,Q_40060001,10.0141,0.0
Normal,138,Q_40100000,96.5792,-115.24071985850237
Normal,138,Q_40185000,12.735,0.0
Normal,138,Q_40330000,39.6976,-54.17295896131902
Normal,138,Q_40800001,56.4974,0.0
Normal,138,Q_40850000,71.7541,-21.549995168437686
Normal,138,Q_40930000,51.2873,81.08165274401209
Normal,139,P_1944059,3.0,0.0
Normal,139,P_1944063,0.0,-9.724774072428879
Normal,139,P_1945002,0.0,-8.277962601229403
Normal,139,P_1945008,0.0,-11.636317042346597
Normal,139,P_1946000,6.2,0.0
Normal,139,P_2044008,8.5,0.0
Normal,139,P_2044016,7.8,0.0
Normal,139,P_2044024,9.6,0.0
Normal,139,P_2044042,1.0,0.0
Normal,139,P_2045002,0.0,0.0
Normal,139,P_2046013,0.0,0.0
Normal,139,Q_40032000,15.1905,-4.188008023388356
Normal,139,Q_40050000,73.7112,0.0
Normal,139,Q_40060001,6.0668,-23.76817308215564
Normal,139,Q_40100000,114.822,-84.04343777398756
Normal,139,Q_40185000,8.5132,0.0
Normal,139,Q_40330000,45.7281,-42.208888490665736
Normal,139,Q_40800001,39.9747,-4.151783580610925
Normal,139,Q_40850000,43.918,-44.7284728588119
Normal,139,Q_40930000,7.349,-20.22903215909024
Normal,140,P_1944059,0.0,0.0
Normal,140,P_1944063,0.0,-10.273486044634204
Normal,140,P_1945002,0.0,-7.7968286924812436
Normal,140,P_1945008,0.0,-11.264069067535495
Normal,140,P_1946000,0.0,0.0
Normal,140,P_2044008,0.0,-5.327131857823815
Normal,140,P_2044016,2.0,0.0
Normal,140,P_2044024,0.0,0.0
Normal,140,P_2044042,24.9,0.0
Normal,140,P_2045002,6.2,0.0
Normal,140,P_2046013,0.0,0.0
Normal,140,Q_40032000,12.9391,-5.4402958055876995
Normal,140,Q_40050000,87.5337,0.0
Normal,140,Q_40060001,6.8243,-20.085188072196587
Normal,140,Q_40100000,109.335,-91.96388149408313
Normal,140,Q_40185000,10.6773,0.0
Normal,140,Q_40330000,38.1066,-50.64206571915693
Normal,140,Q_40800001,46.3232,0.0
Normal,140,Q_40850000,59.1871,-29.73272311918711
Normal,140,Q_40930000,10.9131,-13.31031494386497
Normal,141,P_1944059,0.0,0.0
Normal,141,P_1944063,0.0,-11.46248727120701
Normal,141,P_1945002,35.9,82.23439254665428
Normal,141,P_1945008,3.7,0.0
Normal,141,P_1946000,0.0,8.638589900233713
Normal,141,P_2044008,0.0,-5.843009149927721
Normal,141,P_2044016,0.0,0.0
Normal,141,P_2044024,0.0,0.0
Normal,141,P_2044042,0.0,0.0
Normal,141,P_2045002,0.0,0.0
Normal,141,P_2046013,0.0,0.0
Normal,141,Q_40032000,12.7119,-5.400062133158684
Normal,141,Q_40050000,66.1091,0.0
Normal,141,Q_40060001,7.5101,-17.994917409679267
Normal,141,Q_40100000,248.693,100.64179702003038
Normal,141,Q_40185000,16.4869,0.0
Normal,141,Q_40330000,53.8364,-33.343267228776774
Normal,141,Q_40800001,66.8225,0.0
Normal,141,Q_40850000,102.997,15.267871626513717
Normal,141,Q_40930000,10.395,-13.889773088327615
Normal,142,P_1944059,26.0,0.0
Normal,142,P_1944063,24.9,45.90077823327207
Normal,142,P_1945002,18.1,0.0
Normal,142,P_1945008,46.3,84.76975532937804
Normal,142,P_1946000,20.2,0.0
Normal,142,P_2044008,22.4,0.0
Normal,142,P_2044016,45.5,50.19114091991818
Normal,142,P_2044024,58.0,0.0
Normal,142,P_2044042,45.6,0.0
Normal,142,P_2045002,49.6,22.149751151145438
Normal,142,P_2046013,65.4,35.577069794805865
Normal,142,Q_40032000,111.717,87.48947822108339
Normal,142,Q_40050000,369.105,21.598246221740624
Normal,142,Q_40060001,18.9049,38.66923987361743
Normal,142,Q_40100000,362.715,230.5588272399284
Normal,142,Q_40185000,82.1515,0.0
Normal,142,Q_40330000,93.6341,0.0
Normal,142,Q_40800001,126.382,0.0
Normal,142,Q_40850000,71.7541,0.0
Normal,142,Q_40930000,68.9697,115.21376872590305
Normal,143,P_1944059,0.0,0.0
Normal,143,P_1944063,12.7,40.87703094074273
Normal,143,P_1945002,0.0,-9.124531081016395
Normal,143,P_1945008,0.0,-11.488640606479287
Normal,143,P_1946000,0.0,0.0
Normal,143,P_2044008,0.0,-4.819418109951847
Normal,143,P_2044016,0.0,-3.6014413213839447
Normal,143,P_2044024,0.0,0.0
Normal,143,P_2044042,0.0,0.0
Normal,143,P_2045002,0.0,0.0
Normal,143,P_2046013,0.0,0.0
Normal,143,Q_40032000,11.1307,-6.8660268931244515
Normal,143,Q_40050000,70.8806,0.0
Normal,143,Q_40060001,11.1233,0.0
Normal,143,Q_40100000,186.839,13.065888067508656
Normal,143,Q_40185000,10.2333,0.0
Normal,143,Q_40330000,37.5815,-51.58871156512044
Normal,143,Q_40800001,54.3056,0.0
Normal,143,Q_40850000,75.0579,-13.908157371936941
Normal,143,Q_40930000,8.2852,-18.026752266414277
Normal,144,P_1944059,0.0,0.0
Normal,144,P_1944063,0.0,-12.099915078211517
Normal,144,P_1945002,0.0,-10.204033567854294
Normal,144,P_1945008,0.0,-12.801727390683872
Normal,144,P_1946000,0.0,0.0
Normal,144,P_2044008,0.0,-6.969095571538048
Normal,144,P_2044016,0.0,0.0
Normal,144,P_2044024,0.0,0.0
Normal,144,P_2044042,0.0,0.0
Normal,144,P_2045002,0.0,0.0
Normal,144,P_2046013,0.0,0.0
Normal,144,Q_40032000,13.1428,0.0
Normal,144,Q_40050000,76.4646,0.0
Normal,144,Q_40060001,7.8104,-16.925829905398093
Normal,144,Q_40100000,126.538,-70.50435620182283
Normal,144,Q_40185000,8.9101,0.0
Normal,144,Q_40330000,36.022,-54.646108737716524
Normal,144,Q_40800001,27.441,-6.970330256885242
Normal,144,Q_40850000,35.6119,-53.96058944766618
Normal,144,Q_40930000,9.4285,-16.561539552329332
Normal,145,P_1944059,36.2,45.97842376468187
Normal,145,P_1944063,11.6,17.31698356542984
Normal,145,P_1945002,0.0,0.0
Normal,145,P_1945008,33.8,56.899457199230156
Normal,145,P_1946000,0.0,0.0
Normal,145,P_2044008,12.5,0.0
Normal,145,P_2044016,39.2,28.4816906742161
Normal,145,P_2044024,31.2,0.0
Normal,145,P_2044042,9.9,-9.177983416869694
Normal,145,P_2045002,3.9,0.0
Normal,145,P_2046013,0.0,0.0
Normal,145,Q_40032000,14.9066,0.0
Normal,145,Q_40050000,53.2099,0.0
Normal,145,Q_40060001,7.5101,-16.81900881897498
Normal,145,Q_40100000,70.5712,-141.38818731284053
Normal,145,Q_40185000,16.4869,0.0
Normal,145,Q_40330000,56.2394,-29.238278174587972
Normal,145,Q_40800001,86.1183,0.0
Normal,145,Q_40850000,65.9698,-22.998203129014104
Normal,145,Q_40930000,6.0141,-23.35810328891566
Normal,146,P_1944059,0.0,0.0
Normal,146,P_1944063,5.6,10.120105845179086
Normal,146,P_1945002,8.6,14.23529991342338
Normal,146,P_1945008,0.0,-14.495361431441765
Normal,146,P_1946000,0.0,6.97499052687765
Normal,146,P_2044008,0.0,-7.036636252852304
Normal,146,P_2044016,0.0,0.0
Normal,146,P_2044024,8.9,0.0
Normal,146,P_2044042,0.1,0.0
Normal,146,P_2045002,0.0,0.0
Normal,146,P_2046013,0.0,0.0
Normal,146,Q_40032000,20.0669,0.0
Normal,146,Q_40050000,93.8902,0.0
Normal,146,Q_40060001,14.4194,16.710507449788853
Normal,146,Q_40100000,276.854,131.92844432333567
Normal,146,Q_40185000,21.5977,0.0
Normal,146,Q_40330000,108.507,33.73935158725553
Normal,146,Q_40800001,127.725,8.26038948087698
Normal,146,Q_40850000,175.677,82.15447501053696
Normal,146,Q_40930000,14.1721,0.0
Normal,147,P_1944059,0.0,0.0
Normal,147,P_1944063,0.0,-11.545718862385872
Normal,147,P_1945002,0.0,-9.552581419500841
Normal,147,P_1945008,0.0,-12.38972726728623
Normal,147,P_1946000,0.0,0.0
Normal,147,P_2044008,0.0,-5.466848172841907
Normal,147,P_2044016,0.0,0.0
Normal,147,P_2044024,0.0,0.0
Normal,147,P_2044042,0.0,0.0
Normal,147,P_2045002,0.3,0.0
Normal,147,P_2046013,7.0,0.0
Normal,147,Q_40032000,10.439,-6.446193536358134
Normal,147,Q_40050000,57.1798,0.0
Normal,147,Q_40060001,8.7334,-10.835189692646738
Normal,147,Q_40100000,152.828,-34.8535686393064
Normal,147,Q_40185000,8.5372,0.0
Normal,147,Q_40330000,30.0259,-61.6805255134302
Normal,147,Q_40800001,40.4364,0.0
Normal,147,Q_40850000,53.3647,-36.11423861363894
Normal,147,Q_40930000,6.4003,-22.68930813821847
Normal,148,P_1944059,0.0,0.0
Normal,148,P_1944063,0.0,-15.574168528177351
Normal,148,P_1945002,0.0,-13.058095226392021
Normal,148,P_1945008,0.0,-14.465264997702974
Normal,148,P_1946000,0.0,8.119433783475868
Normal,148,P_2044008,0.0,-7.0431782743795
Normal,148,P_2044016,0.0,0.0
Normal,148,P_2044024,0.0,0.0
Normal,148,P_2044042,0.0,0.0
Normal,148,P_2045002,0.0,0.0
Normal,148,P_2046013,0.0,0.0
Normal,148,Q_40032000,18.1401,0.0
Normal,148,Q_40050000,97.8037,0.0
Normal,148,Q_40060001,16.2942,25.476203519944775
Normal,148,Q_40100000,317.863,186.35075273944918
Normal,148,Q_40185000,20.5401,0.0
Normal,148,Q_40330000,88.5939,9.47931552363867
Normal,148,Q_40800001,117.12,0.0
Normal,148,Q_40850000,200.466,106.28271816812477
Normal,148,Q_40930000,10.905,-13.684035997188866
Normal,149,P_1944059,11.0,10.036843614610591
Normal,149,P_1944063,0.0,-17.244677680994755
Normal,149,P_1945002,0.0,0.0
Normal,149,P_1945008,11.0,20.32986854971173
Normal,149,P_1946000,0.0,6.000423226832571
Normal,149,P_2044008,8.8,0.0
Normal,149,P_2044016,0.0,0.0
Normal,149,P_2044024,0.0,0.0
Normal,149,P_2044042,0.1,0.0
Normal,149,P_2045002,0.6,0.0
Normal,149,P_2046013,0.0,0.0
Normal,149,Q_40032000,26.1651,8.851780937495665
Normal,149,Q_40050000,121.381,0.0
Normal,149,Q_40060001,16.8064,30.15930723128643
Normal,149,Q_40100000,309.913,173.8766222979102
Normal,149,Q_40185000,23.2161,0.0
Normal,149,Q_40330000,99.6193,20.206718403141366
Normal,149,Q_40800001,176.151,14.81891715537294
Normal,149,Q_40850000,155.041,61.39365334261324
Normal,149,Q_40930000,12.7681,0.0
Normal,150,P_1944059,0.0,-3.5083824432034305
Normal,150,P_1944063,3.5,0.0
Normal,150,P_1945002,0.0,-8.959598563184874
Normal,150,P_1945008,0.0,-11.973903260119581
Normal,150,P_1946000,0.0,0.0
Normal,150,P_2044008,0.0,-5.9789666747949015
Normal,150,P_2044016,0.0,0.0
Normal,150,P_2044024,0.0,0.0
Normal,150,P_2044042,0.0,0.0
Normal,150,P_2045002,0.0,0.0
Normal,150,P_2046013,0.0,0.0
Normal,150,Q_40032000,8.2597,-8.043591331205365
Normal,150,Q_40050000,34.3941,0.0
Normal,150,Q_40060001,4.8985,-29.441992261098086
Normal,150,Q_40100000,110.523,-89.14532875649334
Normal,150,Q_40185000,13.6433,0.0
Normal,150,Q_40330000,46.8571,-40.14296680092179
Normal,150,Q_40800001,46.4662,0.0
Normal,150,Q_40850000,65.3401,-24.059374064841055
Normal,150,Q_40930000,3.6949,-28.367632003462266
Normal,151,P_1944059,0.0,0.0
Normal,151,P_1944063,0.0,-12.053246041227773
Normal,151,P_1945002,0.0,-10.49523189552776
Normal,151,P_1945008,0.0,-12.734546963206673
Normal,151,P_1946000,0.0,0.0
Normal,151,P_2044008,0.5,-6.077148289518192
Normal,151,P_2044016,0.0,0.0
Normal,151,P_2044024,0.0,0.0
Normal,151,P_2044042,0.0,0.0
Normal,151,P_2045002,0.0,0.0
Normal,151,P_2046013,0.0,0.0
Normal,151,Q_40032000,12.2023,-6.8184830949352975
Normal,151,Q_40050000,42.4746,0.0
Normal,151,Q_40060001,7.4108,-18.02997643107627
Normal,151,Q_40100000,115.398,-84.19660202859048
Normal,151,Q_40185000,11.5888,0.0
Normal,151,Q_40330000,42.4007,-46.62659715179401
Normal,151,Q_40800001,48.0575,0.0
Normal,151,Q_40850000,63.4666,-26.435518778304733
Normal,151,Q_40930000,12.2696,-9.93839732596381
Normal,152,P_1944059,0.0,0.0
Normal,152,P_1944063,0.0,-14.137151244451958
Normal,152,P_1945002,31.9,84.50945913951135
Normal,152,P_1945008,0.0,-13.639101915123645
Normal,152,P_1946000,0.0,7.666371315604588
Normal,152,P_2044008,0.0,0.0
Normal,152,P_2044016,0.0,0.0
Normal,152,P_2044024,0.0,0.0
Normal,152,P_2044042,12.6,-10.17505378658591
Normal,152,P_2045002,0.0,0.0
Normal,152,P_2046013,0.0,0.0
Normal,152,Q_40032000,17.6672,0.0
Normal,152,Q_40050000,100.121,0.0
Normal,152,Q_40060001,12.5024,7.511030914590161
Normal,152,Q_40100000,288.386,151.392720575953
Normal,152,Q_40185000,25.9963,0.0
Normal,152,Q_40330000,74.0858,-8.994957644146325
Normal,152,Q_40800001,139.572,10.628185765321511
Normal,152,Q_40850000,182.475,91.41508530496353
Normal,152,Q_40930000,15.6359,0.0
Normal,153,P_1944059,0.0,0.0
Normal,153,P_1944063,0.0,-12.362089017187115
Normal,153,P_1945002,0.0,-9.689901901760587
Normal,153,P_1945008,0.0,-11.74044426870806
Normal,153,P_1946000,0.0,0.0
Normal,153,P_2044008,0.0,-4.213386353493266
Normal,153,P_2044016,0.0,-3.0922168513421298
Normal,153,P_2044024,0.0,0.0
Normal,153,P_2044042,0.0,0.0
Normal,153,P_2045002,0.0,0.0
Normal,153,P_2046013,0.0,-3.4926397554415933
Normal,153,Q_40032000,18.1401,0.0
Normal,153,Q_40050000,76.3245,0.0
Normal,153,Q_40060001,12.7372,0.0
Normal,153,Q_40100000,239.522,82.48379839870191
Normal,153,Q_40185000,22.6724,0.0
Normal,153,Q_40330000,70.1141,-10.638939542151993
Normal,153,Q_40800001,76.4744,0.0
Normal,153,Q_40850000,102.233,12.927312087416242
Normal,153,Q_40930000,10.905,-11.893759350865873
Normal,154,P_1944059,0.0,0.0
Normal,154,P_1944063,0.0,-11.619599238824573
Normal,154,P_1945002,0.0,-10.425018391443775
Normal,154,P_1945008,0.0,-12.84470821099111
Normal,154,P_1946000,0.0,0.0
Normal,154,P_2044008,0.0,-7.078206538695951
Normal,154,P_2044016,0.0,0.0
Normal,154,P_2044024,0.0,0.0
Normal,154,P_2044042,0.0,0.0
Normal,154,P_2045002,0.0,0.0
Normal,154,P_2046013,0.0,0.0
Normal,154,Q_40032000,9.815,-7.887447000354086
Normal,154,Q_40050000,33.7901,0.0
Normal,154,Q_40060001,6.6323,-21.213207849061426
Normal,154,Q_40100000,102.085,-100.70349972280795
Normal,154,Q_40185000,8.9101,0.0
Normal,154,Q_40330000,36.5392,-53.03225244204586
Normal,154,Q_40800001,35.1065,0.0
Normal,154,Q_40850000,46.3836,-42.24050367277478
Normal,154,Q_40930000,3.9737,-28.348075563028328
Normal,155,P_1944059,0.0,0.0
Normal,155,P_1944063,0.0,-9.52126286163707
Normal,155,P_1945002,55.5,87.61682819381679
Normal,155,P_1945008,19.3,29.945863915069506
Normal,155,P_1946000,0.0,8.770176217169315
Normal,155,P_2044008,23.9,22.400974085096312
Normal,155,P_2044016,56.2,67.28186301903028
Normal,155,P_2044024,17.4,0.0
Normal,155,P_2044042,0.0,0.0
Normal,155,P_2045002,0.0,0.0
Normal,155,P_2046013,0.0,0.0
Normal,155,Q_40032000,21.7975,0.0
Normal,155,Q_40050000,96.0125,0.0
Normal,155,Q_40060001,9.4737,0.0
Normal,155,Q_40100000,168.651,-17.404125402699314
Normal,155,Q_40185000,10.9806,0.0
Normal,155,Q_40330000,38.1066,-54.425303234262394
Normal,155,Q_40800001,35.6849,0.0
Normal,155,Q_40850000,45.7634,-47.14545080335606
Normal,155,Q_40930000,83.6929,160.46641250444023
Normal,156,P_1944059,0.0,0.0
Normal,156,P_1944063,0.0,-13.90414018560075
Normal,156,P_1945002,0.0,-10.827081896452723
Normal,156,P_1945008,0.0,-12.934288633387181
Normal,156,P_1946000,0.0,0.0
Normal,156,P_2044008,0.0,-6.339320374370542
Normal,156,P_2044016,0.0,0.0
Normal,156,P_2044024,0.0,0.0
Normal,156,P_2044042,0.0,0.0
Normal,156,P_2045002,0.0,0.0
Normal,156,P_2046013,0.0,0.0
Normal,156,Q_40032000,15.1315,0.0
Normal,156,Q_40050000,92.1282,0.0
Normal,156,Q_40060001,9.0483,-9.683627904284272
Normal,156,Q_40100000,202.233,30.566668321652884
Normal,156,Q_40185000,9.7214,0.0
Normal,156,Q_40330000,38.1066,-52.27577029054973
Normal,156,Q_40800001,30.3113,-6.138758654075303
Normal,156,Q_40850000,42.7002,-46.81145528073114
Normal,156,Q_40930000,34.9914,42.41791801093504
Normal,157,P_1944059,0.0,0.0
Normal,157,P_1944063,0.0,-12.705482603922585
Normal,157,P_1945002,0.0,-10.311015442504408
Normal,157,P_1945008,0.0,-12.983780439952916
Normal,157,P_1946000,0.0,0.0
Normal,157,P_2044008,0.0,-6.350171149166499
Normal,157,P_2044016,0.0,0.0
Normal,157,P_2044024,0.0,0.0
Normal,157,P_2044042,1.2,0.0
Normal,157,P_2045002,0.0,0.0
Normal,157,P_2046013,0.0,0.0
Normal,157,Q_40032000,14.6283,0.0
Normal,157,Q_40050000,70.2324,0.0
Normal,157,Q_40060001,6.2535,-23.965808873611614
Normal,157,Q_40100000,154.188,-34.0623311632243
Normal,157,Q_40185000,7.7372,0.0
Normal,157,Q_40330000,34.4864,-56.41782740501734
Normal,157,Q_40800001,27.5044,-7.000220706993275
Normal,157,Q_40850000,47.0062,-42.95421158495055
Normal,157,Q_40930000,8.378,-18.71483515423897
Normal,158,P_1944059,0.0,0.0
Normal,158,P_1944063,0.0,-11.87630272843528
Normal,158,P_1945002,0.0,-10.610141495051225
Normal,158,P_1945008,0.0,-13.323349744406734
Normal,158,P_1946000,0.0,0.0
Normal,158,P_2044008,0.0,-5.636272803877034
Normal,158,P_2044016,0.0,0.0
Normal,158,P_2044024,0.0,0.0
Normal,158,P_2044042,0.0,0.0
Normal,158,P_2045002,0.0,0.0
Normal,158,P_2046013,0.0,0.0
Normal,158,Q_40032000,11.4443,-7.186804119822679
Normal,158,Q_40050000,42.0296,0.0
Normal,158,Q_40060001,8.1144,-14.564933426911374
Normal,158,Q_40100000,131.025,-63.999882363061836
Normal,158,Q_40185000,10.9806,0.0
Normal,158,Q_40330000,37.5815,-52.278189258311315
Normal,158,Q_40800001,43.796,0.0
Normal,158,Q_40850000,59.7906,-30.374705290160534
Normal,158,Q_40930000,5.0915,-26.208120871669415
Normal,159,P_1944059,0.0,0.0
Normal,159,P_1944063,0.0,-15.700937388237744
Normal,159,P_1945002,8.5,13.492119336381144
Normal,159,P_1945008,0.0,-14.930962993629365
Normal,159,P_1946000,4.2,0.0
Normal,159,P_2044008,0.0,-7.19503573427963
Normal,159,P_2044016,0.0,0.0
Normal,159,P_2044024,0.0,0.0
Normal,159,P_2044042,0.0,0.0
Normal,159,P_2045002,0.0,0.0
Normal,159,P_2046013,0.0,-5.8618504261002045
Normal,159,Q_40032000,15.4548,0.0
Normal,159,Q_40050000,111.036,0.0
Normal,159,Q_40060001,18.3729,36.78285557003947
Normal,159,Q_40100000,296.97,158.3132187027096
Normal,159,Q_40185000,32.9908,0.0
Normal,159,Q_40330000,119.376,46.68509641705695
Normal,159,Q_40800001,73.6178,0.0
Normal,159,Q_40850000,100.713,9.391146570740348
Normal,159,Q_40930000,20.1449,7.381236222518262
Normal,160,P_1944059,0.0,0.0
Normal,160,P_1944063,0.0,-11.632467740283431
Normal,160,P_1945002,0.0,-9.370516595954166
Normal,160,P_1945008,0.0,-12.346776819786118
Normal,160,P_1946000,0.0,0.0
Normal,160,P_2044008,0.0,0.0
Normal,160,P_2044016,0.0,0.0
Normal,160,P_2044024,0.0,0.0
Normal,160,P_2044042,0.0,0.0
Normal,160,P_2045002,0.0,0.0
Normal,160,P_2046013,0.0,0.0
Normal,160,Q_40032000,7.6124,-8.654509591873206
Normal,160,Q_40050000,33.5407,0.0
Normal,160,Q_40060001,3.1903,-37.5226918297332
Normal,160,Q_40100000,68.1168,-144.01672121647104
Normal,160,Q_40185000,5.5598,0.0
Normal,160,Q_40330000,28.1156,-63.06589433052757
Normal,160,Q_40800001,31.2921,-6.923791542074184
Normal,160,Q_40850000,46.3836,-42.45767727534081
Normal,160,Q_40930000,8.378,-19.36417920751535
Normal,161,P_1944059,18.0,7.668434499902684
Normal,161,P_1944063,33.8,71.18103768785613
Normal,161,P_1945002,45.2,53.585108349040084
Normal,161,P_1945008,33.8,59.43557964012008
Normal,161,P_1946000,23.6,0.0
Normal,161,P_2044008,9.2,0.0
Normal,161,P_2044016,13.3,0.0
Normal,161,P_2044024,2.4,0.0
Normal,161,P_2044042,104.5,86.7537139456219
Normal,161,P_2045002,9.3,0.0
Normal,161,P_2046013,24.0,0.0
Normal,161,Q_40032000,25.6396,0.0
Normal,161,Q_40050000,144.877,5.998983577377303
Normal,161,Q_40060001,19.4417,43.34432202915906
Normal,161,Q_40100000,203.963,25.906870684417918
Normal,161,Q_40185000,29.4644,0.0
Normal,161,Q_40330000,78.818,0.0
Normal,161,Q_40800001,80.873,0.0
Normal,161,Q_40850000,112.351,15.18259109222599
Normal,161,Q_40930000,20.3759,5.388928853508901
Normal,162,P_1944059,0.0,0.0
Normal,162,P_1944063,0.0,-16.89679011483575
Normal,162,P_1945002,0.0,-14.11836666726772
Normal,162,P_1945008,0.0,-16.014882178376745
Normal,162,P_1946000,0.0,6.570251208590804
Normal,162,P_2044008,0.0,-8.57192631740856
Normal,162,P_2044016,0.0,0.0
Normal,162,P_2044024,0.0,0.0
Normal,162,P_2044042,0.0,0.0
Normal,162,P_2045002,0.0,0.0
Normal,162,P_2046013,0.0,0.0
Normal,162,Q_40032000,14.6612,0.0
Normal,162,Q_40050000,126.059,0.0
Normal,162,Q_40060001,18.2406,34.52977535216661
Normal,162,Q_40100000,312.542,177.70624177347395
Normal,162,Q_40185000,26.7943,0.0
Normal,162,Q_40330000,97.2953,18.725263144062158
Normal,162,Q_40800001,69.588,0.0
Normal,162,Q_40850000,103.763,10.977085035867024
Normal,162,Q_40930000,11.2497,-13.808981267666757
Normal,163,P_1944059,0.0,0.0
Normal,163,P_1944063,0.0,-10.918587632130363
Normal,163,P_1945002,23.4,53.10246893739332
Normal,163,P_1945008,0.0,-11.538093243196473
Normal,163,P_1946000,0.0,8.214030861870732
Normal,163,P_2044008,24.5,25.839691441204334
Normal,163,P_2044016,0.0,0.0
Normal,163,P_2044024,8.0,0.0
Normal,163,P_2044042,0.0,0.0
Normal,163,P_2045002,0.0,0.0
Normal,163,P_2046013,0.0,0.0
Normal,163,Q_40032000,13.126,-5.519861378820869
Normal,163,Q_40050000,77.8076,0.0
Normal,163,Q_40060001,11.3495,0.0
Normal,163,Q_40100000,200.365,31.208222307910944
Normal,163,Q_40185000,10.6773,0.0
Normal,163,Q_40330000,38.1066,-51.77938472399287
Normal,163,Q_40800001,61.7766,0.0
Normal,163,Q_40850000,81.8573,-7.012257556036099
Normal,163,Q_40930000,8.607,-17.918908166691377
Normal,164,P_1944059,0.0,0.0
Normal,164,P_1944063,0.0,-14.46567417085713
Normal,164,P_1945002,0.0,-12.008698993534889
Normal,164,P_1945008,0.0,-13.895777476268853
Normal,164,P_1946000,0.0,0.0
Normal,164,P_2044008,0.0,-6.712413650379549
Normal,164,P_2044016,0.0,0.0
Normal,164,P_2044024,0.0,0.0
Normal,164,P_2044042,0.0,0.0
Normal,164,P_2045002,0.0,0.0
Normal,164,P_2046013,0.0,0.0
Normal,164,Q_40032000,13.6935,-4.917870069852398
Normal,164,Q_40050000,88.4952,0.0
Normal,164,Q_40060001,14.6652,17.431520286289302
Normal,164,Q_40100000,287.364,144.3711587194404
Normal,164,Q_40185000,16.6046,0.0
Normal,164,Q_40330000,60.5345,-24.302102042178063
Normal,164,Q_40800001,58.9345,0.0
Normal,164,Q_40850000,86.0586,-4.20412336238378
Normal,164,Q_40930000,9.5841,-15.87535122479499
Normal,165,P_1944059,0.0,0.0
Normal,165,P_1944063,0.0,-11.91753714921663
Normal,165,P_1945002,0.0,-10.98859002383275
Normal,165,P_1945008,0.0,-13.290164706673485
Normal,165,P_1946000,0.0,0.0
Normal,165,P_2044008,0.0,-6.357255658632232
Normal,165,P_2044016,0.0,0.0
Normal,165,P_2044024,0.0,0.0
Normal,165,P_2044042,0.0,0.0
Normal,165,P_2045002,0.0,0.0
Normal,165,P_2046013,0.0,0.0
Normal,165,Q_40032000,11.0303,-6.179429684473206
Normal,165,Q_40050000,39.8371,0.0
Normal,165,Q_40060001,7.8104,-16.00034795391095
Normal,165,Q_40100000,122.102,-76.01306132490397
Normal,165,Q_40185000,10.5553,0.0
Normal,165,Q_40330000,41.855,-47.35377237289022
Normal,165,Q_40800001,40.28,0.0
Normal,165,Q_40850000,57.2922,-32.274518775675205
Normal,165,Q_40930000,4.7209,-27.117969153647227
Normal,166,P_1944059,0.0,-1.613052621115255
Normal,166,P_1944063,0.0,-12.117615476546527
Normal,166,P_1945002,0.0,-10.130555703869515
Normal,166,P_1945008,0.0,-12.240477146764302
Normal,166,P_1946000,0.0,0.0
Normal,166,P_2044008,0.0,-4.751383897162401
Normal,166,P_2044016,0.0,-2.8385149440229016
Normal,166,P_2044024,0.0,0.0
Normal,166,P_2044042,0.0,0.0
Normal,166,P_2045002,0.0,0.0
Normal,166,P_2046013,0.0,-3.5155026095983306
Normal,166,Q_40032000,17.1979,0.0
Normal,166,Q_40050000,75.1557,0.0
Normal,166,Q_40060001,11.4632,0.0
Normal,166,Q_40100000,221.514,57.80005314218925
Normal,166,Q_40185000,22.1329,0.0
Normal,166,Q_40330000,58.6798,-25.656472742449974
Normal,166,Q_40800001,68.7344,0.0
Normal,166,Q_40850000,92.53,0.0
Normal,166,Q_40930000,9.4055,-15.297609301586265
Normal,167,P_1944059,5.0,0.0
Normal,167,P_1944063,0.0,-10.47134056019045
Normal,167,P_1945002,0.0,-7.979237205270408
Normal,167,P_1945008,12.0,22.937259759172875
Normal,167,P_1946000,0.0,0.0
Normal,167,P_2044008,0.0,-5.492278875742805
Normal,167,P_2044016,25.4,20.69242243822544
Normal,167,P_2044024,0.8,0.0
Normal,167,P_2044042,0.1,0.0
Normal,167,P_2045002,0.0,0.0
Normal,167,P_2046013,0.0,0.0
Normal,167,Q_40032000,18.6166,0.0
Normal,167,Q_40050000,107.33,0.0
Normal,167,Q_40060001,7.6098,-16.966585885265992
Normal,167,Q_40100000,188.568,14.704359688054268
Normal,167,Q_40185000,14.5717,0.0
Normal,167,Q_40330000,46.2913,-42.01984475333938
Normal,167,Q_40800001,41.8251,0.0
Normal,167,Q_40850000,47.0062,-42.080998682057334
Normal,167,Q_40930000,9.7831,-15.469402605371803
Normal,168,P_1944059,0.0,0.0
Normal,168,P_1944063,0.0,-13.514679030646667
Normal,168,P_1945002,0.0,-10.946698239753914
Normal,168,P_1945008,11.3,23.153606017916662
Normal,168,P_1946000,6.2,0.0
Normal,168,P_2044008,27.5,35.815231567125174
Normal,168,P_2044016,9.5,4.500489818610303
Normal,168,P_2044024,0.0,0.0
Normal,168,P_2044042,2.3,0.0
Normal,168,P_2045002,0.0,0.0
Normal,168,P_2046013,5.0,0.0
Normal,168,Q_40032000,19.0173,0.0
Normal,168,Q_40050000,78.0935,0.0
Normal,168,Q_40060001,18.9049,44.09732671617527
Normal,168,Q_40100000,274.082,128.41299812258382
Normal,168,Q_40185000,22.3532,0.0
Normal,168,Q_40330000,81.5691,0.0
Normal,168,Q_40800001,107.507,5.090516925950767
Normal,168,Q_40850000,209.734,117.24468110851655
Normal,168,Q_40930000,28.223,28.49102313400207
Normal,169,P_1944059,8.6,0.0
Normal,169,P_1944063,6.5,9.461980870104204
Normal,169,P_1945002,16.8,23.887167852239404
Normal,169,P_1945008,50.0,114.55641148832126
Normal,169,P_1946000,2.1,0.0
Normal,169,P_2044008,20.2,19.676672427524643
Normal,169,P_2044016,9.0,0.0
Normal,169,P_2044024,11.0,0.0
Normal,169,P_2044042,14.6,0.0
Normal,169,P_2045002,29.0,10.998696633790864
Normal,169,P_2046013,15.0,6.600889666371927
Normal,169,Q_40032000,21.9436,0.0
Normal,169,Q_40050000,183.005,9.6222904078702
Normal,169,Q_40060001,18.6383,49.99545877298842
Normal,169,Q_40100000,300.84,173.96271969741738
Normal,169,Q_40185000,26.7943,0.0
Normal,169,Q_40330000,98.0341,23.74535529650801
Normal,169,Q_40800001,81.9191,0.0
Normal,169,Q_40850000,86.0586,0.0
Normal,169,Q_40930000,17.2076,0.0
Normal,170,P_1944059,0.0,0.0
Normal,170,P_1944063,0.0,-11.30467148967193
Normal,170,P_1945002,18.6,44.15970424849599
Normal,170,P_1945008,0.0,-11.007698179330584
Normal,170,P_1946000,1.4,0.0
Normal,170,P_2044008,0.0,-4.857238157932661
Normal,170,P_2044016,0.0,0.0
Normal,170,P_2044024,0.0,0.0
Normal,170,P_2044042,0.7,0.0
Normal,170,P_2045002,0.0,0.0
Normal,170,P_2046013,0.0,-2.5790377829889763
Normal,170,Q_40032000,11.4834,-5.615451931604993
Normal,170,Q_40050000,77.8076,0.0
Normal,170,Q_40060001,12.1528,0.0
Normal,170,Q_40100000,228.278,70.14195183324325
Normal,170,Q_40185000,14.5081,0.0
Normal,170,Q_40330000,52.6491,-33.37292813946292
Normal,170,Q_40800001,54.3056,0.0
Normal,170,Q_40850000,73.7287,-15.116001632626459
Normal,170,Q_40930000,9.5841,-14.783698057328177
Normal,171,P_1944059,0.0,0.0
Normal,171,P_1944063,0.0,-10.501866765312949
Normal,171,P_1945002,24.5,42.11525660598836
Normal,171,P_1945008,0.0,-11.851412219779816
Normal,171,P_1946000,0.0,0.0
Normal,171,P_2044008,0.0,-6.203328137628261
Normal,171,P_2044016,0.0,0.0
Normal,171,P_2044024,0.0,0.0
Normal,171,P_2044042,0.0,0.0
Normal,171,P_2045002,0.0,0.0
Normal,171,P_2046013,0.0,0.0
Normal,171,Q_40032000,13.3277,-5.080781847814819
Normal,171,Q_40050000,41.2063,0.0
Normal,171,Q_40060001,3.1903,-40.884330946557945
Normal,171,Q_40100000,71.8088,-143.9082838271895
Normal,171,Q_40185000,5.5598,0.0
Normal,171,Q_40330000,23.0998,-71.87167967760998
Normal,171,Q_40800001,43.5286,0.0
Normal,171,Q_40850000,67.8746,-22.293318095384002
Normal,171,Q_40930000,31.5568,33.178489098643944
Normal,172,P_1944059,0.0,0.0
Normal,172,P_1944063,1.2,-7.797696993766087
Normal,172,P_1945002,0.0,-10.020760729042781
Normal,172,P_1945008,0.0,-12.100763546196037
Normal,172,P_1946000,0.0,0.0
Normal,172,P_2044008,5.8,0.0
Normal,172,P_2044016,3.8,0.0
Normal,172,P_2044024,0.0,0.0
Normal,172,P_2044042,1.8,0.0
Normal,172,P_2045002,0.0,0.0
Normal,172,P_2046013,0.0,-4.166576136128071
Normal,172,Q_40032000,14.9066,-3.4659496819815843
Normal,172,Q_40050000,58.8987,0.0
Normal,172,Q_40060001,9.581,-6.936169479975717
Normal,172,Q_40100000,173.564,-6.470519824278893
Normal,172,Q_40185000,10.5553,0.0
Normal,172,Q_40330000,52.0591,-34.26806054379573
Normal,172,Q_40800001,59.2721,0.0
Normal,172,Q_40850000,71.1011,-18.43918225415924
Normal,172,Q_40930000,6.8988,-22.02235640847709
Normal,173,P_1944059,0.0,0.0
Normal,173,P_1944063,0.0,-12.047585383701033
Normal,173,P_1945002,0.0,-9.460831024662891
Normal,173,P_1945008,0.0,-12.649849878535164
Normal,173,P_1946000,0.0,0.0
Normal,173,P_2044008,0.0,-6.759509830933155
Normal,173,P_2044016,0.0,0.0
Normal,173,P_2044024,0.0,0.0
Normal,173,P_2044042,0.0,0.0
Normal,173,P_2045002,0.0,0.0
Normal,173,P_2046013,0.0,0.0
Normal,173,Q_40032000,10.6207,-7.617961667312208
Normal,173,Q_40050000,37.4888,0.0
Normal,173,Q_40060001,7.312,-18.319216528187237
Normal,173,Q_40100000,113.384,-86.56338621729219
Normal,173,Q_40185000,9.3129,0.0
Normal,173,Q_40330000,39.1647,-50.811529135173465
Normal,173,Q_40800001,38.5417,0.0
Normal,173,Q_40850000,50.7927,-38.76651321952591
Normal,173,Q_40930000,4.362,-27.63444751228265
Normal,174,P_1944059,0.0,0.0
Normal,174,P_1944063,0.0,-10.099446352573532
Normal,174,P_1945002,0.0,-9.030216935394156
Normal,174,P_1945008,0.0,-10.97664202808483
Normal,174,P_1946000,0.0,0.0
Normal,174,P_2044008,0.0,-3.7355665952961545
Normal,174,P_2044016,0.0,-2.7595071899527683
Normal,174,P_2044024,0.0,0.0
Normal,174,P_2044042,0.0,0.0
Normal,174,P_2045002,0.0,0.0
Normal,174,P_2046013,0.0,-3.050561182110999
Normal,174,Q_40032000,15.8119,0.0
Normal,174,Q_40050000,62.3219,0.0
Normal,174,Q_40060001,10.2329,-1.5445737750034567
Normal,174,Q_40100000,190.259,0.0
Normal,174,Q_40185000,13.1866,0.0
Normal,174,Q_40330000,54.4336,-30.878463076523563
Normal,174,Q_40800001,59.2721,0.0
Normal,174,Q_40850000,77.7471,-10.104994834954125
Normal,174,Q_40930000,7.3307,-18.859504057595135
Normal,175,P_1944059,0.0,0.0
Normal,175,P_1944063,0.0,-15.144243478454204
Normal,175,P_1945002,0.0,-12.469758690364323
Normal,175,P_1945008,0.0,-15.084445662182823
Normal,175,P_1946000,0.0,7.125949953846629
Normal,175,P_2044008,0.0,0.0
Normal,175,P_2044016,0.0,0.0
Normal,175,P_2044024,0.0,0.0
Normal,175,P_2044042,0.0,0.0
Normal,175,P_2045002,0.0,0.0
Normal,175,P_2046013,0.0,0.0
Normal,175,Q_40032000,49.1294,41.32443945917126
Normal,175,Q_40050000,184.932,0.0
Normal,175,Q_40060001,12.8551,9.089127665858282
Normal,175,Q_40100000,256.108,101.8636982921401
Normal,175,Q_40185000,14.5717,0.0
Normal,175,Q_40330000,53.2416,-34.4341713254302
Normal,175,Q_40800001,53.5073,0.0
Normal,175,Q_40850000,70.4506,-20.984534859127994
Normal,175,Q_40930000,25.9641,21.740563691273294
Normal,176,P_1944059,0.0,0.0
Normal,176,P_1944063,16.8,42.62332505712064
Normal,176,P_1945002,0.0,-7.891154088317771
Normal,176,P_1945008,0.0,-10.728702026404077
Normal,176,P_1946000,0.0,0.0
Normal,176,P_2044008,7.0,0.0
Normal,176,P_2044016,2.0,0.0
Normal,176,P_2044024,11.5,0.0
Normal,176,P_2044042,0.0,0.0
Normal,176,P_2045002,0.0,0.0
Normal,176,P_2046013,0.0,0.0
Normal,176,Q_40032000,10.2156,-6.562269548553245
Normal,176,Q_40050000,35.6171,0.0
Normal,176,Q_40060001,6.921,-20.429982872557957
Normal,176,Q_40100000,109.102,-92.76983826659226
Normal,176,Q_40185000,9.3129,0.0
Normal,176,Q_40330000,38.1066,-53.24067835463042
Normal,176,Q_40800001,40.28,-4.914380931626653
Normal,176,Q_40850000,49.5209,-40.66838692179412
Normal,176,Q_40930000,4.1869,-28.009287956945364
Normal,177,P_1944059,1.0,-0.9758433346673314
Normal,177,P_1944063,3.1,0.0
Normal,177,P_1945002,0.0,-8.433650596834369
Normal,177,P_1945008,4.7,0.0
Normal,177,P_1946000,0.0,8.441034622560364
Normal,177,P_2044008,4.7,0.0
Normal,177,P_2044016,9.0,0.0
Normal,177,P_2044024,0.0,0.0
Normal,177,P_2044042,1.5,0.0
Normal,177,P_2045002,2.2,0.0
Normal,177,P_2046013,6.5,0.0
Normal,177,Q_40032000,14.4597,-3.218170132058056
Normal,177,Q_40050000,55.0613,0.0
Normal,177,Q_40060001,9.4737,-6.7678818385511725
Normal,177,Q_40100000,162.172,-19.90285522599018
Normal,177,Q_40185000,12.735,0.0
Normal,177,Q_40330000,54.4336,-30.91699988885913
Normal,177,Q_40800001,54.6364,-1.124985156994784
Normal,177,Q_40850000,70.4506,-18.769015937753913
Normal,177,Q_40930000,6.2714,-22.639480120371374
Normal,178,P_1944059,0.0,0.0
Normal,178,P_1944063,0.0,-12.346950933467733
Normal,178,P_1945002,0.0,-10.418693375078703
Normal,178,P_1945008,0.0,-13.131901490597206
Normal,178,P_1946000,0.0,0.0
Normal,178,P_2044008,0.0,-5.635301917715449
Normal,178,P_2044016,6.0,0.0
Normal,178,P_2044024,0.0,0.0
Normal,178,P_2044042,0.0,0.0
Normal,178,P_2045002,0.0,0.0
Normal,178,P_2046013,0.0,-4.742426839216165
Normal,178,Q_40032000,13.5778,0.0
Normal,178,Q_40050000,51.3448,0.0
Normal,178,Q_40060001,9.4737,-7.701876413778573
Normal,178,Q_40100000,163.784,-19.713275462303795
Normal,178,Q_40185000,10.9806,0.0
Normal,178,Q_40330000,52.0591,-34.570828567398614
Normal,178,Q_40800001,54.6364,0.0
Normal,178,Q_40850000,73.0679,-16.167597429418496
Normal,178,Q_40930000,6.687,-21.95382428210774
Normal,179,P_1944059,0.0,0.0
Normal,179,P_1944063,2.3,0.0
Normal,179,P_1945002,6.8,0.0
Normal,179,P_1945008,72.1,177.13781972585076
Normal,179,P_1946000,0.0,0.0
Normal,179,P_2044008,0.0,-5.3707030605902455
Normal,179,P_2044016,4.2,0.0
Normal,179,P_2044024,0.0,0.0
Normal,179,P_2044042,3.8,0.0
Normal,179,P_2045002,0.2,0.0
Normal,179,P_2046013,10.9,0.0
Normal,179,Q_40032000,14.8154,-4.028619198567354
Normal,179,Q_40050000,33.5407,-4.050802454302598
Normal,179,Q_40060001,3.1903,-40.313765767387295
Normal,179,Q_40100000,71.8088,-141.6598050769595
Normal,179,Q_40185000,8.5132,0.0
Normal,179,Q_40330000,31.488,-60.02651734396545
Normal,179,Q_40800001,49.6554,-3.3804306528728034
Normal,179,Q_40850000,35.6119,-53.868258762484814
Normal,179,Q_40930000,9.4285,-16.764312625662566
Normal,180,P_1944059,0.0,0.0
Normal,180,P_1944063,0.0,-11.179181064010017
Normal,180,P_1945002,0.0,-8.875447783698096
Normal,180,P_1945008,0.0,-12.090460721795317
Normal,180,P_1946000,0.0,0.0
Normal,180,P_2044008,0.0,-5.729967559909805
Normal,180,P_2044016,0.0,0.0
Normal,180,P_2044024,0.0,0.0
Normal,180,P_2044042,1.3,0.0
Normal,180,P_2045002,2.0,0.0
Normal,180,P_2046013,9.5,0.0
Normal,180,Q_40032000,14.2709,-4.600146950823472
Normal,180,Q_40050000,68.5987,0.0
Normal,180,Q_40060001,7.0181,-19.1090525120701
Normal,180,Q_40100000,109.335,-91.66343260136942
Normal,180,Q_40185000,11.1292,0.0
Normal,180,Q_40330000,40.7711,-47.44751329574923
Normal,180,Q_40800001,46.3232,0.0
Normal,180,Q_40850000,59.1871,-30.164192033868886
Normal,180,Q_40930000,11.5881,-11.230862754194385
Normal,181,P_1944059,15.0,11.267872704178867
Normal,181,P_1944063,16.0,47.979682314507535
Normal,181,P_1945002,0.0,0.0
Normal,181,P_1945008,12.4,22.682720876153525
Normal,181,P_1946000,0.0,5.88698303590769
Normal,181,P_2044008,45.2,58.96709227432643
Normal,181,P_2044016,3.0,0.0
Normal,181,P_2044024,8.2,0.0
Normal,181,P_2044042,0.0,0.0
Normal,181,P_2045002,15.9,0.0
Normal,181,P_2046013,0.0,0.0
Normal,181,Q_40032000,18.5825,0.0
Normal,181,Q_40050000,76.618,0.0
Normal,181,Q_40060001,15.4102,24.87163733929795
Normal,181,Q_40100000,226.501,63.2014872130287
Normal,181,Q_40185000,27.4561,0.0
Normal,181,Q_40330000,99.6193,21.886743661217917
Normal,181,Q_40800001,172.353,13.874703299689855
Normal,181,Q_40850000,193.383,102.32664764092168
Normal,181,Q_40930000,13.6517,0.0
Normal,182,P_1944059,0.0,0.0
Normal,182,P_1944063,0.0,-12.441668674682006
Normal,182,P_1945002,0.0,-10.110097485061601
Normal,182,P_1945008,0.0,-13.120353834337974
Normal,182,P_1946000,0.0,0.0
Normal,182,P_2044008,0.0,-6.6331951924233525
Normal,182,P_2044016,0.0,0.0
Normal,182,P_2044024,0.0,0.0
Normal,182,P_2044042,0.0,0.0
Normal,182,P_2045002,0.0,0.0
Normal,182,P_2046013,0.0,0.0
Normal,182,Q_40032000,15.1905,0.0
Normal,182,Q_40050000,75.2794,0.0
Normal,182,Q_40060001,7.1157,-19.437335485652852
Normal,182,Q_40100000,132.531,-61.988811202737196
Normal,182,Q_40185000,9.3129,0.0
Normal,182,Q_40330000,34.9956,-55.86174966547996
Normal,182,Q_40800001,36.0345,-5.453122762006416
Normal,182,Q_40850000,54.0135,-36.14796075806644
Normal,182,Q_40930000,9.7831,-15.787258603759657
Normal,183,P_1944059,13.8,0.0
Normal,183,P_1944063,1.0,-4.307670210666315
Normal,183,P_1945002,0.0,-4.96186836034665
Normal,183,P_1945008,15.3,22.70767913292355
Normal,183,P_1946000,0.0,0.0
Normal,183,P_2044008,4.3,0.0
Normal,183,P_2044016,14.3,0.0
Normal,183,P_2044024,17.0,0.0
Normal,183,P_2044042,0.0,0.0
Normal,183,P_2045002,10.2,0.0
Normal,183,P_2046013,11.6,0.0
Normal,183,Q_40032000,7.441,-2.5361102799506057
Normal,183,Q_40050000,32.1416,0.0
Normal,183,Q_40060001,3.1903,-37.10216723605822
Normal,183,Q_40100000,68.1168,-144.10051314526888
Normal,183,Q_40185000,5.5598,0.0
Normal,183,Q_40330000,27.6451,-62.70221458213483
Normal,183,Q_40800001,32.0679,-4.41167897193423
Normal,183,Q_40850000,41.4926,-45.98363552190628
Normal,183,Q_40930000,9.076,-15.732315528904131
Normal,184,P_1944059,6.2,0.0
Normal,184,P_1944063,24.4,48.477971915274836
Normal,184,P_1945002,4.9,0.0
Normal,184,P_1945008,20.0,29.653918145266736
Normal,184,P_1946000,0.0,8.12207281559174
Normal,184,P_2044008,7.1,0.0
Normal,184,P_2044016,46.6,49.70894959519447
Normal,184,P_2044024,33.8,7.957078797637205
Normal,184,P_2044042,40.7,-6.002043102348637
Normal,184,P_2045002,2.5,0.0
Normal,184,P_2046013,3.0,0.0
Normal,184,Q_40032000,13.5778,0.0
Normal,184,Q_40050000,78.0565,0.0
Normal,184,Q_40060001,8.422,-14.092885668642275
Normal,184,Q_40100000,180.183,0.0
Normal,184,Q_40185000,67.3388,0.0
Normal,184,Q_40330000,61.1573,-25.26701702655581
Normal,184,Q_40800001,64.4782,0.0
Normal,184,Q_40850000,86.7676,-6.508670670222091
Normal,184,Q_40930000,11.4249,-12.563765379466137
Normal,185,P_1944059,6.4,0.0
Normal,185,P_1944063,2.1,0.0
Normal,185,P_1945002,8.6,0.0
Normal,185,P_1945008,0.0,-9.252646432342946
Normal,185,P_1946000,14.3,-13.53604157978427
Normal,185,P_2044008,9.0,0.0
Normal,185,P_2044016,15.7,0.0
Normal,185,P_2044024,8.2,0.0
Normal,185,P_2044042,30.1,-4.907088907828235
Normal,185,P_2045002,7.9,0.0
Normal,185,P_2046013,34.4,15.109028224122156
Normal,185,Q_40032000,63.2119,40.042502744279005
Normal,185,Q_40050000,122.111,0.0
Normal,185,Q_40060001,7.1157,-18.6377515867829
Normal,185,Q_40100000,154.188,-36.0669129577154
Normal,185,Q_40185000,24.872,0.0
Normal,185,Q_40330000,58.6798,-27.78263854075759
Normal,185,Q_40800001,70.6557,0.0
Normal,185,Q_40850000,79.107,-10.82930944031916
Normal,185,Q_40930000,11.9548,-9.168211056218754
Normal,186,P_1944059,7.4,0.0
Normal,186,P_1944063,55.8,165.93444150664078
Normal,186,P_1945002,0.0,-6.569501111717417
Normal,186,P_1945008,14.8,25.04910872482692
Normal,186,P_1946000,0.0,0.0
Normal,186,P_2044008,1.7,-3.1955077683716127
Normal,186,P_2044016,0.6,0.0
Normal,186,P_2044024,0.9,0.0
Normal,186,P_2044042,0.2,0.0
Normal,186,P_2045002,0.0,0.0
Normal,186,P_2046013,0.0,0.0
Normal,186,Q_40032000,16.893,0.0
Normal,186,Q_40050000,54.9279,0.0
Normal,186,Q_40060001,5.2495,-31.482746101288146
Normal,186,Q_40100000,79.3767,-135.86940569835332
Normal,186,Q_40185000,10.1356,0.0
Normal,186,Q_40330000,30.0259,-63.3300536801547
Normal,186,Q_40800001,40.9814,-4.8108858303485205
Normal,186,Q_40850000,66.6021,-24.409563263094785
Normal,186,Q_40930000,8.378,-17.974533948206044
Normal,187,P_1944059,4.7,0.0
Normal,187,P_1944063,0.0,0.0
Normal,187,P_1945002,0.0,0.0
Normal,187,P_1945008,0.0,0.0
Normal,187,P_1946000,0.0,4.908530442773472
Normal,187,P_2044008,12.2,7.518622039072492
Normal,187,P_2044016,9.9,0.0
Normal,187,P_2044024,5.0,0.0
Normal,187,P_2044042,0.0,0.0
Normal,187,P_2045002,1.7,0.0
Normal,187,P_2046013,32.7,29.73444819539806
Normal,187,Q_40032000,28.8196,8.900957891612995
Normal,187,Q_40050000,94.5373,0.0
Normal,187,Q_40060001,12.5024,6.083316721149627
Normal,187,Q_40100000,381.397,274.89729960362297
Normal,187,Q_40185000,23.5877,0.0
Normal,187,Q_40330000,85.0554,3.4086272489443004
Normal,187,Q_40800001,101.733,2.4549491015795866
Normal,187,Q_40850000,101.472,9.825160984553161
Normal,187,Q_40930000,44.6561,65.2766464117733
Normal,188,P_1944059,0.0,0.0
Normal,188,P_1944063,30.9,85.31881576729052
Normal,188,P_1945002,0.0,-8.521659575128464
Normal,188,P_1945008,0.0,-11.421044643070568
Normal,188,P_1946000,0.0,0.0
Normal,188,P_2044008,0.0,0.0
Normal,188,P_2044016,0.0,0.0
Normal,188,P_2044024,0.0,0.0
Normal,188,P_2044042,0.0,0.0
Normal,188,P_2045002,0.0,0.0
Normal,188,P_2046013,0.0,0.0
Normal,188,Q_40032000,8.303,-7.701426256370553
Normal,188,Q_40050000,37.884,0.0
Normal,188,Q_40060001,3.1903,-41.84606173737077
Normal,188,Q_40100000,102.085,-104.12954717436854
Normal,188,Q_40185000,8.1222,0.0
Normal,188,Q_40330000,30.5105,-63.6407643200809
Normal,188,Q_40800001,45.2532,-4.138286186635419
Normal,188,Q_40850000,59.1871,-32.11519480097156
Normal,188,Q_40930000,7.349,-21.699928438673112
Normal,189,P_1944059,0.0,0.0
Normal,189,P_1944063,0.0,-12.357568201091633
Normal,189,P_1945002,0.0,-10.426830952212523
Normal,189,P_1945008,0.0,-12.685752239289792
Normal,189,P_1946000,0.0,0.0
Normal,189,P_2044008,0.0,0.0
Normal,189,P_2044016,0.0,0.0
Normal,189,P_2044024,0.0,0.0
Normal,189,P_2044042,0.0,0.0
Normal,189,P_2045002,0.0,0.0
Normal,189,P_2046013,0.0,0.0
Normal,189,Q_40032000,12.7119,-6.794453615156101
Normal,189,Q_40050000,70.9995,0.0
Normal,189,Q_40060001,7.5101,-17.12508874844063
Normal,189,Q_40100000,116.267,-83.62437888567631
Normal,189,Q_40185000,8.5132,0.0
Normal,189,Q_40330000,31.488,-59.63779190809861
Normal,189,Q_40800001,24.716,-8.218431039667358
Normal,189,Q_40850000,31.1041,-57.957374372074604
Normal,189,Q_40930000,7.6895,-20.48632693980461
Normal,190,P_1944059,0.0,0.0
Normal,190,P_1944063,0.0,-11.510893864206604
Normal,190,P_1945002,0.0,-9.782961771171701
Normal,190,P_1945008,0.0,-13.097635897997773
Normal,190,P_1946000,0.0,0.0
Normal,190,P_2044008,0.0,0.0
Normal,190,P_2044016,0.0,0.0
Normal,190,P_2044024,0.0,0.0
Normal,190,P_2044042,0.0,0.0
Normal,190,P_2045002,0.0,0.0
Normal,190,P_2046013,0.0,0.0
Normal,190,Q_40032000,8.6394,-8.00457479194635
Normal,190,Q_40050000,45.3071,0.0
Normal,190,Q_40060001,6.1599,-23.28943126040369
Normal,190,Q_40100000,81.0774,-127.0680024427168
Normal,190,Q_40185000,7.7378,0.0
Normal,190,Q_40330000,27.6451,-64.00736360150334
Normal,190,Q_40800001,35.6238,-6.454017438254482
Normal,190,Q_40850000,45.7634,-43.444063115076204
Normal,190,Q_40930000,4.8967,-26.313393172336763
Normal,191,P_1944059,11.4,7.401627549602375
Normal,191,P_1944063,0.0,0.0
Normal,191,P_1945002,25.8,61.36842943035278
Normal,191,P_1945008,0.0,0.0
Normal,191,P_1946000,0.0,7.11413540013632
Normal,191,P_2044008,20.0,18.85161164836541
Normal,191,P_2044016,0.0,0.0
Normal,191,P_2044024,2.0,0.0
Normal,191,P_2044042,5.3,0.0
Normal,191,P_2045002,13.1,0.0
Normal,191,P_2046013,4.0,0.0
Normal,191,Q_40032000,35.2567,20.513716501229634
Normal,191,Q_40050000,143.521,0.0
Normal,191,Q_40060001,20.5297,55.831904246180244
Normal,191,Q_40100000,335.983,218.70028926534002
Normal,191,Q_40185000,25.9963,0.0
Normal,191,Q_40330000,110.981,37.14625009042843
Normal,191,Q_40800001,70.6759,0.0
Normal,191,Q_40850000,110.768,19.92076335232421
Normal,191,Q_40930000,57.4414,97.05008994558312
Normal,192,P_1944059,0.0,-3.2054697366843783
Normal,192,P_1944063,0.0,-13.095794470463067
Normal,192,P_1945002,3.7,0.0
Normal,192,P_1945008,0.0,-13.03299143121248
Normal,192,P_1946000,0.0,0.0
Normal,192,P_2044008,0.0,-5.565321531735863
Normal,192,P_2044016,0.0,0.0
Normal,192,P_2044024,0.0,0.0
Normal,192,P_2044042,0.0,0.0
Normal,192,P_2045002,0.0,0.0
Normal,192,P_2046013,0.0,0.0
Normal,192,Q_40032000,13.126,-5.72614463985894
Normal,192,Q_40050000,81.5595,0.0
Normal,192,Q_40060001,14.1751,15.614715676827856
Normal,192,Q_40100000,279.75,134.80750030374082
Normal,192,Q_40185000,16.0694,0.0
Normal,192,Q_40330000,59.914,-25.349645578594075
Normal,192,Q_40800001,57.0666,0.0
Normal,192,Q_40850000,77.071,-12.098275914166043
Normal,192,Q_40930000,12.2696,-10.154833373311313
Normal,193,P_1944059,0.0,0.0
Normal,193,P_1944063,0.0,-12.034318573491733
Normal,193,P_1945002,0.0,-10.391973087579625
Normal,193,P_1945008,0.0,-12.903533930664999
Normal,193,P_1946000,0.0,0.0
Normal,193,P_2044008,0.0,-6.762232079585535
Normal,193,P_2044016,0.0,0.0
Normal,193,P_2044024,0.0,0.0
Normal,193,P_2044042,0.9,0.0
Normal,193,P_2045002,0.0,0.0
Normal,193,P_2046013,0.0,-5.088996674141807
Normal,193,Q_40032000,13.8849,0.0
Normal,193,Q_40050000,50.8584,0.0
Normal,193,Q_40060001,7.9113,-15.486922291344271
Normal,193,Q_40100000,127.926,-68.13044461561377
Normal,193,Q_40185000,12.5314,0.0
Normal,193,Q_40330000,45.7281,-42.707435629991764
Normal,193,Q_40800001,54.3056,0.0
Normal,193,Q_40850000,71.7541,-18.67584624202958
Normal,193,Q_40930000,14.7039,-5.094772414764378
Normal,194,P_1944059,46.4,71.47988753360441
Normal,194,P_1944063,10.5,17.536803271831953
Normal,194,P_1945002,0.0,0.0
Normal,194,P_1945008,12.9,16.53765119762349
Normal,194,P_1946000,0.0,5.8364270901280975
Normal,194,P_2044008,10.7,0.0
Normal,194,P_2044016,6.4,0.0
Normal,194,P_2044024,2.4,0.0
Normal,194,P_2044042,0.0,0.0
Normal,194,P_2045002,0.0,0.0
Normal,194,P_2046013,36.2,15.359999531344
Normal,194,Q_40032000,18.1401,0.0
Normal,194,Q_40050000,110.55,0.0
Normal,194,Q_40060001,8.1144,-15.428147078456096
Normal,194,Q_40100000,175.211,0.0
Normal,194,Q_40185000,28.2927,0.0
Normal,194,Q_40330000,49.7228,-39.36787745984427
Normal,194,Q_40800001,124.236,13.175364899249272
Normal,194,Q_40850000,128.715,35.84600406290952
Normal,194,Q_40930000,7.5507,-21.555933314160352
Normal,195,P_1944059,0.0,0.0
Normal,195,P_1944063,0.0,-11.397708816484204
Normal,195,P_1945002,0.0,-9.622916994098778
Normal,195,P_1945008,0.0,-12.598055605913771
Normal,195,P_1946000,0.0,0.0
Normal,195,P_2044008,0.0,0.0
Normal,195,P_2044016,0.0,0.0
Normal,195,P_2044024,0.0,0.0
Normal,195,P_2044042,0.0,0.0
Normal,195,P_2045002,0.0,0.0
Normal,195,P_2046013,0.0,0.0
Normal,195,Q_40032000,8.6413,-7.619231616598772
Normal,195,Q_40050000,28.7656,0.0
Normal,195,Q_40060001,5.608,-25.92611383945022
Normal,195,Q_40100000,84.5546,-122.31990871088365
Normal,195,Q_40185000,6.9856,0.0
Normal,195,Q_40330000,32.4766,-58.61429252807857
Normal,195,Q_40800001,30.0639,-7.684092210456697
Normal,195,Q_40850000,42.7002,-46.54712362067546
Normal,195,Q_40930000,2.88,-30.623911479379796
Normal,196,P_1944059,0.0,0.0
Normal,196,P_1944063,0.5,-9.479782390870138
Normal,196,P_1945002,0.0,-9.820440338449135
Normal,196,P_1945008,0.0,-12.754906489094255
Normal,196,P_1946000,0.0,0.0
Normal,196,P_2044008,0.0,-6.493209732271879
Normal,196,P_2044016,0.0,0.0
Normal,196,P_2044024,0.0,0.0
Normal,196,P_2044042,0.0,0.0
Normal,196,P_2045002,0.0,0.0
Normal,196,P_2046013,0.0,0.0
Normal,196,Q_40032000,7.1451,-8.948573716983784
Normal,196,Q_40050000,24.9018,0.0
Normal,196,Q_40060001,5.161,-28.05055637277428
Normal,196,Q_40100000,128.028,-67.88164467332201
Normal,196,Q_40185000,10.5553,0.0
Normal,196,Q_40330000,36.022,-53.788963562556994
Normal,196,Q_40800001,57.4099,0.0
Normal,196,Q_40850000,74.3921,-15.16271432463546
Normal,196,Q_40930000,9.4055,-15.889458352312047
Normal,197,P_1944059,14.2,0.0
Normal,197,P_1944063,5.2,0.0
Normal,197,P_1945002,17.1,16.416086139530965
Normal,197,P_1945008,18.9,30.483541187526793
Normal,197,P_1946000,12.0,-10.85897388091909
Normal,197,P_2044008,20.8,18.754513052112223
Normal,197,P_2044016,12.5,0.0
Normal,197,P_2044024,12.9,0.0
Normal,197,P_2044042,18.2,-13.157034175437516
Normal,197,P_2045002,30.5,23.03040837132226
Normal,197,P_2046013,23.5,0.0
Normal,197,Q_40032000,15.8119,0.0
Normal,197,Q_40050000,55.3134,0.0
Normal,197,Q_40060001,9.4737,0.0
Normal,197,Q_40100000,158.963,-27.75278859410926
Normal,197,Q_40185000,16.4869,0.0
Normal,197,Q_40330000,53.8364,-33.43298329309706
Normal,197,Q_40800001,64.9201,0.0
Normal,197,Q_40850000,79.7908,-9.848950918242064
Normal,197,Q_40930000,8.4572,-18.049209443519732
Normal,198,P_1944059,21.4,9.682130382732446
Normal,198,P_1944063,27.0,47.939272400646495
Normal,198,P_1945002,0.0,0.0
Normal,198,P_1945008,19.8,22.587821019384403
Normal,198,P_1946000,0.0,3.2886172886199176
Normal,198,P_2044008,1.8,0.0
Normal,198,P_2044016,2.0,0.0
Normal,198,P_2044024,3.8,0.0
Normal,198,P_2044042,1.5,0.0
Normal,198,P_2045002,67.9,100.51642980783218
Normal,198,P_2046013,33.5,13.831775841306055
Normal,198,Q_40032000,14.4597,0.0
Normal,198,Q_40050000,102.966,0.0
Normal,198,Q_40060001,7.4108,0.0
Normal,198,Q_40100000,131.025,-70.30208164466015
Normal,198,Q_40185000,14.5717,0.0
Normal,198,Q_40330000,92.908,8.907715096217421
Normal,198,Q_40800001,98.9226,3.8445913751229175
Normal,198,Q_40850000,106.076,9.39954293265336
Normal,198,Q_40930000,7.5507,0.0
Normal,199,P_1944059,2.0,0.0
Normal,199,P_1944063,4.4,0.0
Normal,199,P_1945002,34.9,56.4793481725716
Normal,199,P_1945008,10.3,12.774606727138647
Normal,199,P_1946000,23.0,0.0
Normal,199,P_2044008,14.4,8.852815458267479
Normal,199,P_2044016,16.0,6.483244093723331
Normal,199,P_2044024,24.0,0.0
Normal,199,P_2044042,14.9,0.0
Normal,199,P_2045002,0.4,0.0
Normal,199,P_2046013,0.0,0.0
Normal,199,Q_40032000,25.902,0.0
Normal,199,Q_40050000,160.605,2.4314289841031496
Normal,199,Q_40060001,16.6778,31.91542994794458
Normal,199,Q_40100000,186.881,8.126339411778792
Normal,199,Q_40185000,25.9963,0.0
Normal,199,Q_40330000,80.8782,0.0
Normal,199,Q_40800001,125.324,8.478974150051037
Normal,199,Q_40850000,135.528,42.985015179640136
Normal,199,Q_40930000,58.3007,94.79873932776128
Normal,200,P_1944059,0.0,0.0
Normal,200,P_1944063,0.0,-12.400695689449964
Normal,200,P_1945002,0.0,-9.813404174642065
Normal,200,P_1945008,0.0,-11.751818377664105
Normal,200,P_1946000,0.0,0.0
Normal,200,P_2044008,0.0,-5.380279943535916
Normal,200,P_2044016,0.0,-2.8238753195243236
Normal,200,P_2044024,0.0,0.0
Normal,200,P_2044042,0.0,0.0
Normal,200,P_2045002,0.0,0.0
Normal,200,P_2046013,0.0,-3.587856396039144
Normal,200,Q_40032000,12.5685,0.0
Normal,200,Q_40050000,80.4263,0.0
Normal,200,Q_40060001,13.811,0.0
Normal,200,Q_40100000,248.111,93.9129526561109
Normal,200,Q_40185000,15.5416,0.0
Normal,200,Q_40330000,56.846,-27.590057390779663
Normal,200,Q_40800001,55.2205,0.0
Normal,200,Q_40850000,74.3921,-14.917131230398148
Normal,200,Q_40930000,11.2497,-9.951226177191291
Normal,201,P_1944059,0.0,0.0
Normal,201,P_1944063,0.0,-12.21511092271723
Normal,201,P_1945002,0.0,-9.789869686666535
Normal,201,P_1945008,0.0,-12.839382799758381
Normal,201,P_1946000,0.0,0.0
Normal,201,P_2044008,0.0,-6.486767544440312
Normal,201,P_2044016,0.0,0.0
Normal,201,P_2044024,0.0,0.0
Normal,201,P_2044042,0.0,0.0
Normal,201,P_2045002,0.0,0.0
Normal,201,P_2046013,0.0,0.0
Normal,201,Q_40032000,11.0303,-7.438958126994995
Normal,201,Q_40050000,39.8371,0.0
Normal,201,Q_40060001,7.7099,-16.473376952044994
Normal,201,Q_40100000,120.635,-77.61439722248531
Normal,201,Q_40185000,10.1356,0.0
Normal,201,Q_40330000,39.6976,-49.83454202747018
Normal,201,Q_40800001,42.0316,0.0
Normal,201,Q_40850000,56.6319,-32.94796900451967
Normal,201,Q_40930000,4.7209,-26.867836481602044
Normal,202,P_1944059,0.0,0.0
Normal,202,P_1944063,0.0,-15.06570192755672
Normal,202,P_1945002,0.0,-12.947347004832979
Normal,202,P_1945008,0.0,-14.736225957428221
Normal,202,P_1946000,0.0,7.935876458702233
Normal,202,P_2044008,0.0,-6.8520967598639775
Normal,202,P_2044016,0.0,0.0
Normal,202,P_2044024,0.0,0.0
Normal,202,P_2044042,0.0,0.0
Normal,202,P_2045002,0.0,0.0
Normal,202,P_2046013,0.0,-5.129553334705292
Normal,202,Q_40032000,17.303,0.0
Normal,202,Q_40050000,132.662,0.0
Normal,202,Q_40060001,18.5054,37.47531344479163
Normal,202,Q_40100000,318.444,186.14847002596946
Normal,202,Q_40185000,28.1246,0.0
Normal,202,Q_40330000,102.015,26.273734984995503
Normal,202,Q_40800001,81.9191,0.0
Normal,202,Q_40850000,96.9564,0.0
Normal,202,Q_40930000,11.2497,-11.897744297404124
Normal,203,P_1944059,0.0,0.0
Normal,203,P_1944063,0.0,-12.035976844224642
Normal,203,P_1945002,0.0,-9.930846054951605
Normal,203,P_1945008,0.0,-12.905772552025004
Normal,203,P_1946000,0.0,0.0
Normal,203,P_2044008,0.0,0.0
Normal,203,P_2044016,0.0,0.0
Normal,203,P_2044024,0.0,0.0
Normal,203,P_2044042,0.0,0.0
Normal,203,P_2045002,0.0,0.0
Normal,203,P_2046013,0.0,0.0
Normal,203,Q_40032000,9.4191,-7.908046992225989
Normal,203,Q_40050000,32.204,0.0
Normal,203,Q_40060001,6.442,-23.008373588114985
Normal,203,Q_40100000,96.5792,-107.74767972970749
Normal,203,Q_40185000,8.1222,0.0
Normal,203,Q_40330000,39.1647,-49.828958033022005
Normal,203,Q_40800001,34.2567,-6.258821192031405
Normal,203,Q_40850000,43.3078,-45.45759340815666
Normal,203,Q_40930000,3.9737,-27.797037759982064
Normal,204,P_1944059,0.0,0.0
Normal,204,P_1944063,0.0,-12.865398143025459
Normal,204,P_1945002,0.0,-10.357057927956317
Normal,204,P_1945008,0.0,-13.362160613361235
Normal,204,P_1946000,0.0,0.0
Normal,204,P_2044008,0.0,-6.715736963189897
Normal,204,P_2044016,0.0,0.0
Normal,204,P_2044024,0.0,0.0
Normal,204,P_2044042,0.0,0.0
Normal,204,P_2045002,0.0,0.0
Normal,204,P_2046013,0.0,0.0
Normal,204,Q_40032000,16.5007,0.0
Normal,204,Q_40050000,98.6386,0.0
Normal,204,Q_40060001,9.4737,-8.162527410642658
Normal,204,Q_40100000,170.284,-12.51203263993036
Normal,204,Q_40185000,10.9806,0.0
Normal,204,Q_40330000,38.1066,-51.72866139425567
Normal,204,Q_40800001,31.8011,-6.2041448047203955
Normal,204,Q_40850000,41.4926,-47.65649669616989
Normal,204,Q_40930000,10.14,-14.435739170564965
Normal,205,P_1944059,7.0,0.0
Normal,205,P_1944063,0.0,-6.370714609153467
Normal,205,P_1945002,0.0,-2.835300269121449
Normal,205,P_1945008,8.2,0.0
Normal,205,P_1946000,0.0,0.0
Normal,205,P_2044008,6.2,0.0
Normal,205,P_2044016,22.3,0.0
Normal,205,P_2044024,12.4,0.0
Normal,205,P_2044042,19.8,-8.745183595395106
Normal,205,P_2045002,2.3,0.0
Normal,205,P_2046013,15.0,0.0
Normal,205,Q_40032000,9.0278,-2.240972501115517
Normal,205,Q_40050000,45.5996,-0.7848639251627105
Normal,205,Q_40060001,6.921,-17.481117167498084
Normal,205,Q_40100000,48.6062,-167.15323124829163
Normal,205,Q_40185000,10.9806,0.0
Normal,205,Q_40330000,21.7942,-68.29894976030299
Normal,205,Q_40800001,69.5346,0.0
Normal,205,Q_40850000,67.8746,-19.171626786155844
Normal,205,Q_40930000,7.0112,-19.138714285409108
Normal,206,P_1944059,0.0,0.0
Normal,206,P_1944063,0.0,-12.594680003269405
Normal,206,P_1945002,0.0,-9.853538884074101
Normal,206,P_1945008,0.0,-13.174166466786014
Normal,206,P_1946000,0.0,0.0
Normal,206,P_2044008,0.0,-6.243365201932826
Normal,206,P_2044016,0.0,0.0
Normal,206,P_2044024,0.0,0.0
Normal,206,P_2044042,0.0,0.0
Normal,206,P_2045002,0.0,0.0
Normal,206,P_2046013,0.0,0.0
Normal,206,Q_40032000,14.0168,-5.013087087192275
Normal,206,Q_40050000,55.566,0.0
Normal,206,Q_40060001,9.4737,-7.740815349200777
Normal,206,Q_40100000,162.172,-22.992303150695136
Normal,206,Q_40185000,9.3129,0.0
Normal,206,Q_40330000,50.8861,-36.54726917825316
Normal,206,Q_40800001,54.6364,0.0
Normal,206,Q_40850000,73.0679,-16.472455724999822
Normal,206,Q_40930000,6.687,-22.244586973272703
Normal,207,P_1944059,26.0,36.9897537744532
Normal,207,P_1944063,1.3,-5.8388755450525975
Normal,207,P_1945002,0.0,-8.171662153831756
Normal,207,P_1945008,10.1,15.3578998493927
Normal,207,P_1946000,0.0,0.0
Normal,207,P_2044008,8.6,0.0
Normal,207,P_2044016,0.0,0.0
Normal,207,P_2044024,0.0,0.0
Normal,207,P_2044042,4.8,-3.577851362659743
Normal,207,P_2045002,1.8,0.0
Normal,207,P_2046013,2.0,0.0
Normal,207,Q_40032000,17.0836,0.0
Normal,207,Q_40050000,92.5565,0.0
Normal,207,Q_40060001,6.8243,-20.052873291042555
Normal,207,Q_40100000,186.881,9.899815439019175
Normal,207,Q_40185000,13.6433,0.0
Normal,207,Q_40330000,47.4254,-39.913006739868436
Normal,207,Q_40800001,71.601,0.0
Normal,207,Q_40850000,61.0054,-28.37984356768992
Normal,207,Q_40930000,8.0325,-18.29411660989627
Normal,208,P_1944059,0.0,0.0
Normal,208,P_1944063,0.0,-11.572272808435164
Normal,208,P_1945002,0.0,-10.854369226919005
Normal,208,P_1945008,0.0,-12.53674033122451
Normal,208,P_1946000,0.0,0.0
Normal,208,P_2044008,0.0,-6.659605431671363
Normal,208,P_2044016,0.0,0.0
Normal,208,P_2044024,0.0,0.0
Normal,208,P_2044042,0.0,0.0
Normal,208,P_2045002,0.0,0.0
Normal,208,P_2046013,0.0,0.0
Normal,208,Q_40032000,12.2023,-6.411590721041108
Normal,208,Q_40050000,45.4208,0.0
Normal,208,Q_40060001,7.6098,-16.636369158229858
Normal,208,Q_40100000,121.596,-76.87235856195724
Normal,208,Q_40185000,12.0563,0.0
Normal,208,Q_40330000,44.0531,-44.79867426170458
Normal,208,Q_40800001,48.9332,0.0
Normal,208,Q_40850000,68.5147,-21.22911900593361
Normal,208,Q_40930000,12.9576,-9.12535894224729
Normal,209,P_1944059,0.0,0.0
Normal,209,P_1944063,0.0,-11.807450942783454
Normal,209,P_1945002,0.0,-9.747579251628073
Normal,209,P_1945008,0.0,-11.926853870014162
Normal,209,P_1946000,0.0,0.0
Normal,209,P_2044008,0.0,-5.32747661370436
Normal,209,P_2044016,0.0,0.0
Normal,209,P_2044024,0.0,0.0
Normal,209,P_2044042,0.0,0.0
Normal,209,P_2045002,0.0,0.0
Normal,209,P_2046013,0.0,-3.680139615270008
Normal,209,Q_40032000,13.1428,-4.1751960898734675
Normal,209,Q_40050000,51.8333,0.0
Normal,209,Q_40060001,9.2602,-7.5507730477867465
Normal,209,Q_40100000,185.199,0.0
Normal,209,Q_40185000,16.9776,0.0
Normal,209,Q_40330000,53.2416,-32.520170124188944
Normal,209,Q_40800001,51.8873,0.0
Normal,209,Q_40850000,73.7287,-15.098817796710962
Normal,209,Q_40930000,7.1134,-20.636048948966046
Normal,210,P_1944059,0.0,0.0
Normal,210,P_1944063,0.0,-11.835470732049288
Normal,210,P_1945002,0.0,-10.247583831421426
Normal,210,P_1945008,0.0,-13.093366911770627
Normal,210,P_1946000,0.0,0.0
Normal,210,P_2044008,0.0,-6.255794554061765
Normal,210,P_2044016,0.0,0.0
Normal,210,P_2044024,0.0,0.0
Normal,210,P_2044042,0.0,0.0
Normal,210,P_2045002,0.0,0.0
Normal,210,P_2046013,0.0,0.0
Normal,210,Q_40032000,9.1347,-8.944184739662179
Normal,210,Q_40050000,53.3081,0.0
Normal,210,Q_40060001,7.4108,-18.47345764892115
Normal,210,Q_40100000,131.141,-64.17267697861443
Normal,210,Q_40185000,8.1334,0.0
Normal,210,Q_40330000,29.0651,-62.247255182002796
Normal,210,Q_40800001,39.6191,0.0
Normal,210,Q_40850000,51.4322,-37.61988148721885
Normal,210,Q_40930000,5.7909,-24.515892828953714
Normal,211,P_1944059,1.0,0.0
Normal,211,P_1944063,12.3,19.500596203532883
Normal,211,P_1945002,5.8,0.0
Normal,211,P_1945008,0.0,-9.72121272983032
Normal,211,P_1946000,5.2,0.0
Normal,211,P_2044008,77.5,130.86085674051495
Normal,211,P_2044016,8.6,0.0
Normal,211,P_2044024,2.6,0.0
Normal,211,P_2044042,17.5,-13.98639360073115
Normal,211,P_2045002,24.3,13.672259270671958
Normal,211,P_2046013,51.7,37.00673234363508
Normal,211,Q_40032000,23.3129,0.0
Normal,211,Q_40050000,144.934,0.0
Normal,211,Q_40060001,6.7281,-20.39919419460885
Normal,211,Q_40100000,163.784,-23.819138897885463
Normal,211,Q_40185000,29.4644,0.0
Normal,211,Q_40330000,59.914,-25.2752984154546
Normal,211,Q_40800001,107.718,0.0
Normal,211,Q_40850000,87.4791,0.0
Normal,211,Q_40930000,11.4249,-10.553426399676983
Normal,212,P_1944059,0.0,0.0
Normal,212,P_1944063,0.0,-11.675037764344182
Normal,212,P_1945002,0.0,-9.781089521671065
Normal,212,P_1945008,0.0,-12.632429669024638
Normal,212,P_1946000,0.0,0.0
Normal,212,P_2044008,0.0,-6.674806679101891
Normal,212,P_2044016,0.0,0.0
Normal,212,P_2044024,0.0,0.0
Normal,212,P_2044042,0.0,0.0
Normal,212,P_2045002,0.0,0.0
Normal,212,P_2046013,0.0,0.0
Normal,212,Q_40032000,8.3961,-8.301284812717062
Normal,212,Q_40050000,40.9373,0.0
Normal,212,Q_40060001,4.812,-29.231677979126292
Normal,212,Q_40100000,65.8237,-146.24580681584638
Normal,212,Q_40185000,9.7973,0.0
Normal,212,Q_40330000,34.9956,-55.03032672698059
Normal,212,Q_40800001,38.0027,0.0
Normal,212,Q_40850000,54.0135,-35.15605538563449
Normal,212,Q_40930000,4.0291,-28.31065549726089
Normal,213,P_1944059,0.0,0.0
Normal,213,P_1944063,0.0,-12.315450982795475
Normal,213,P_1945002,0.0,-10.362899770097043
Normal,213,P_1945008,0.0,-13.10567708857872
Normal,213,P_1946000,0.0,0.0
Normal,213,P_2044008,0.0,-6.285608013046385
Normal,213,P_2044016,0.0,0.0
Normal,213,P_2044024,0.0,0.0
Normal,213,P_2044042,0.0,0.0
Normal,213,P_2045002,0.0,0.0
Normal,213,P_2046013,0.0,0.0
Normal,213,Q_40032000,13.1428,0.0
Normal,213,Q_40050000,72.9321,0.0
Normal,213,Q_40060001,7.6098,-17.287476758784308
Normal,213,Q_40100000,120.635,-77.81063380509804
Normal,213,Q_40185000,8.9101,0.0
Normal,213,Q_40330000,34.4864,-56.53675074177726
Normal,213,Q_40800001,26.7461,-7.459350310154113
Normal,213,Q_40850000,33.9004,-55.35546957304341
Normal,213,Q_40930000,8.7258,-18.36197111790307
Normal,214,P_1944059,0.0,0.0
Normal,214,P_1944063,0.0,-10.675825025628052
Normal,214,P_1945002,0.0,-9.03670895612884
Normal,214,P_1945008,0.0,-10.815965404826105
Normal,214,P_1946000,0.0,0.0
Normal,214,P_2044008,0.0,-4.7490212790723945
Normal,214,P_2044016,0.0,0.0
Normal,214,P_2044024,0.0,0.0
Normal,214,P_2044042,0.0,0.0
Normal,214,P_2045002,0.0,0.0
Normal,214,P_2046013,0.0,0.0
Normal,214,Q_40032000,14.6827,-3.219247024358765
Normal,214,Q_40050000,87.0523,0.0
Normal,214,Q_40060001,8.8379,-9.30534683811402
Normal,214,Q_40100000,165.402,-16.70494576459514
Normal,214,Q_40185000,9.7214,0.0
Normal,214,Q_40330000,36.5392,-51.92082264827619
Normal,214,Q_40800001,28.1449,-4.6845544381023645
Normal,214,Q_40850000,39.1085,-48.61591193940244
Normal,214,Q_40930000,22.885,0.0
Normal,215,P_1944059,0.0,0.0
Normal,215,P_1944063,0.0,-12.46809364844629
Normal,215,P_1945002,0.0,-10.002926741766968
Normal,215,P_1945008,0.0,-12.497741932337137
Normal,215,P_1946000,0.0,0.0
Normal,215,P_2044008,0.0,-4.8677708056582105
Normal,215,P_2044016,0.0,-3.4884525867657517
Normal,215,P_2044024,0.0,0.0
Normal,215,P_2044042,0.0,0.0
Normal,215,P_2045002,0.0,0.0
Normal,215,P_2046013,0.0,-3.9499657400579054
Normal,215,Q_40032000,22.5515,0.0
Normal,215,Q_40050000,125.525,0.0
Normal,215,Q_40060001,10.4533,0.0
Normal,215,Q_40100000,223.295,59.74564619317975
Normal,215,Q_40185000,13.6433,0.0
Normal,215,Q_40330000,45.1672,-42.2919087388357
Normal,215,Q_40800001,38.9563,-3.857066557671344
Normal,215,Q_40850000,54.0135,-34.77861490272291
Normal,215,Q_40930000,16.1074,0.0
Normal,216,P_1944059,100.0,172.20506958863206
Normal,216,P_1944063,5.7,0.0
Normal,216,P_1945002,0.0,0.0
Normal,216,P_1945008,45.0,75.84717745126174
Normal,216,P_1946000,0.0,0.0
Normal,216,P_2044008,145.6,281.0284343284446
Normal,216,P_2044016,59.5,35.72644102897313
Normal,216,P_2044024,0.0,0.0
Normal,216,P_2044042,10.6,0.0
Normal,216,P_2045002,45.5,8.984074995647871
Normal,216,P_2046013,1.5,0.0
Normal,216,Q_40032000,18.1401,0.0
Normal,216,Q_40050000,108.533,0.0
Normal,216,Q_40060001,8.1144,0.0
Normal,216,Q_40100000,167.024,-23.95103242026075
Normal,216,Q_40185000,30.056,0.0
Normal,216,Q_40330000,70.7706,-18.03232786501826
Normal,216,Q_40800001,290.785,40.48799436119996
Normal,216,Q_40850000,169.939,67.13058312278606
Normal,216,Q_40930000,7.5507,-22.102548333998882
Normal,217,P_1944059,0.0,0.0
Normal,217,P_1944063,0.0,-13.44494842245374
Normal,217,P_1945002,0.0,-10.868640965619424
Normal,217,P_1945008,0.0,-13.609157312365596
Normal,217,P_1946000,0.0,0.0
Normal,217,P_2044008,0.0,0.0
Normal,217,P_2044016,0.0,-4.6984839225069965
Normal,217,P_2044024,0.0,0.0
Normal,217,P_2044042,0.0,0.0
Normal,217,P_2045002,0.0,0.0
Normal,217,P_2046013,0.0,0.0
Normal,217,Q_40032000,17.0836,0.0
Normal,217,Q_40050000,91.274,0.0
Normal,217,Q_40060001,7.7099,-17.507259324838902
Normal,217,Q_40100000,155.774,-30.942910432221833
Normal,217,Q_40185000,10.1356,0.0
Normal,217,Q_40330000,38.1066,-51.81192576517508
Normal,217,Q_40800001,31.2921,-5.425227222071328
Normal,217,Q_40850000,47.0062,-42.58647309831516
Normal,217,Q_40930000,56.1611,92.10921254745433
Normal,218,P_1944059,0.0,0.0
Normal,218,P_1944063,0.0,-11.559301613922642
Normal,218,P_1945002,0.0,-9.864023903054326
Normal,218,P_1945008,0.0,-12.663247602090248
Normal,218,P_1946000,0.0,0.0
Normal,218,P_2044008,0.0,-6.905645812026421
Normal,218,P_2044016,0.0,0.0
Normal,218,P_2044024,0.0,0.0
Normal,218,P_2044042,0.0,0.0
Normal,218,P_2045002,0.0,0.0
Normal,218,P_2046013,0.0,0.0
Normal,218,Q_40032000,9.815,-7.260172223962227
Normal,218,Q_40050000,32.5972,0.0
Normal,218,Q_40060001,6.5369,-22.387196649434124
Normal,218,Q_40100000,97.9464,-105.78685351319783
Normal,218,Q_40185000,8.5132,0.0
Normal,218,Q_40330000,34.9956,-55.14248237421573
Normal,218,Q_40800001,34.2567,0.0
Normal,218,Q_40850000,44.5306,-44.300130454225126
Normal,218,Q_40930000,3.9737,-28.451290411633483
Normal,219,P_1944059,1.0,0.0
Normal,219,P_1944063,0.0,-10.793966236790032
Normal,219,P_1945002,51.2,90.72853534871714
Normal,219,P_1945008,59.8,136.18446202691345
Normal,219,P_1946000,0.0,9.410801160995435
Normal,219,P_2044008,0.0,-5.271602849127817
Normal,219,P_2044016,0.6,0.0
Normal,219,P_2044024,0.0,0.0
Normal,219,P_2044042,0.0,0.0
Normal,219,P_2045002,0.3,0.0
Normal,219,P_2046013,1.3,0.0
Normal,219,Q_40032000,17.4321,0.0
Normal,219,Q_40050000,120.027,0.0
Normal,219,Q_40060001,11.6916,6.361191310444534
Normal,219,Q_40100000,167.024,-17.574977899014563
Normal,219,Q_40185000,10.5553,0.0
Normal,219,Q_40330000,43.4998,-48.38374400993768
Normal,219,Q_40800001,47.7754,0.0
Normal,219,Q_40850000,68.5147,-23.124358949060614
Normal,219,Q_40930000,58.7321,103.38091014359019
Normal,220,P_1944059,0.0,0.0
Normal,220,P_1944063,0.0,-12.815070794414035
Normal,220,P_1945002,0.0,-10.150947495445253
Normal,220,P_1945008,0.0,-11.959770380146919
Normal,220,P_1946000,0.0,0.0
Normal,220,P_2044008,0.0,-5.513171270566826
Normal,220,P_2044016,0.0,0.0
Normal,220,P_2044024,0.0,0.0
Normal,220,P_2044042,0.0,0.0
Normal,220,P_2045002,0.0,0.0
Normal,220,P_2046013,0.0,-4.135868817892669
Normal,220,Q_40032000,22.2994,0.0
Normal,220,Q_40050000,122.552,0.0
Normal,220,Q_40060001,10.1233,-4.331520685662037
Normal,220,Q_40100000,217.967,52.57550973799498
Normal,220,Q_40185000,13.1866,0.0
Normal,220,Q_40330000,44.0531,-44.24807697363916
Normal,220,Q_40800001,36.489,-4.024416184750578
Normal,220,Q_40850000,52.7182,-35.4944622547631
Normal,220,Q_40930000,16.1074,0.0
Normal,221,P_1944059,0.0,0.0
Normal,221,P_1944063,4.2,0.0
Normal,221,P_1945002,0.0,-6.085728159787486
Normal,221,P_1945008,0.0,-9.588375413152761
Normal,221,P_1946000,2.0,0.0
Normal,221,P_2044008,6.2,0.0
Normal,221,P_2044016,1.7,-2.3922892063421393
Normal,221,P_2044024,0.0,0.0
Normal,221,P_2044042,36.0,0.0
Normal,221,P_2045002,1.8,0.0
Normal,221,P_2046013,0.0,-2.1158591501368846
Normal,221,Q_40032000,9.4191,-5.069024621760252
Normal,221,Q_40050000,25.6049,0.0
Normal,221,Q_40060001,5.3384,-26.427685734290346
Normal,221,Q_40100000,116.267,-81.47556105493433
Normal,221,Q_40185000,10.1356,0.0
Normal,221,Q_40330000,34.4864,-53.139603840657216
Normal,221,Q_40800001,49.1637,0.0
Normal,221,Q_40850000,39.1085,-47.47523292995809
Normal,221,Q_40930000,6.2714,-20.86308771822703
Normal,222,P_1944059,0.0,0.0
Normal,222,P_1944063,0.0,-8.106518922623676
Normal,222,P_1945002,0.0,0.0
Normal,222,P_1945008,0.0,-8.070403588046181
Normal,222,P_1946000,6.2,0.0
Normal,222,P_2044008,0.0,0.0
Normal,222,P_2044016,3.7,0.0
Normal,222,P_2044024,1.6,0.0
Normal,222,P_2044042,6.7,-4.948582242046626
Normal,222,P_2045002,31.6,44.36560524419294
Normal,222,P_2046013,29.2,0.0
Normal,222,Q_40032000,14.2378,0.0
Normal,222,Q_40050000,44.2768,0.0
Normal,222,Q_40060001,4.4709,-30.508531541200362
Normal,222,Q_40100000,103.476,-99.37229378600775
Normal,222,Q_40185000,11.8472,0.0
Normal,222,Q_40330000,41.3118,-47.55097031878024
Normal,222,Q_40800001,30.8947,-7.934556780099237
Normal,222,Q_40850000,40.8927,-47.49104554820274
Normal,222,Q_40930000,2.3568,-30.783567704831114
Normal,223,P_1944059,0.0,0.0
Normal,223,P_1944063,0.3,-8.298182334074369
Normal,223,P_1945002,0.0,-7.189410310596468
Normal,223,P_1945008,0.0,-10.682601598934301
Normal,223,P_1946000,0.0,0.0
Normal,223,P_2044008,0.0,-5.220538804147063
Normal,223,P_2044016,1.5,0.0
Normal,223,P_2044024,0.0,0.0
Normal,223,P_2044042,8.4,0.0
Normal,223,P_2045002,30.0,30.86463901729473
Normal,223,P_2046013,14.2,12.38713178087204
Normal,223,Q_40032000,18.6166,0.0
Normal,223,Q_40050000,97.3219,0.0
Normal,223,Q_40060001,7.0181,-18.37005850044354
Normal,223,Q_40100000,188.568,0.0
Normal,223,Q_40185000,13.6433,0.0
Normal,223,Q_40330000,45.1672,-42.616256377106
Normal,223,Q_40800001,44.3882,0.0
Normal,223,Q_40850000,55.3181,-33.331950408112945
Normal,223,Q_40930000,8.7258,-17.79895381450643
Normal,224,P_1944059,0.0,0.0
Normal,224,P_1944063,0.0,-11.719847244787386
Normal,224,P_1945002,0.0,-9.494135893742065
Normal,224,P_1945008,0.0,-12.075755999610443
Normal,224,P_1946000,0.0,0.0
Normal,224,P_2044008,0.0,-4.755419971359543
Normal,224,P_2044016,0.0,-3.7320829049704947
Normal,224,P_2044024,0.0,0.0
Normal,224,P_2044042,0.0,0.0
Normal,224,P_2045002,0.0,0.0
Normal,224,P_2046013,0.0,-3.645401574610972
Normal,224,Q_40032000,15.3573,0.0
Normal,224,Q_40050000,61.5239,0.0
Normal,224,Q_40060001,10.0141,-3.7725470877414353
Normal,224,Q_40100000,183.522,0.0
Normal,224,Q_40185000,12.2885,0.0
Normal,224,Q_40330000,50.8861,-35.04116686940095
Normal,224,Q_40800001,55.5582,0.0
Normal,224,Q_40850000,74.3921,-14.69468934662373
Normal,224,Q_40930000,7.1134,-20.698944271360453
Normal,225,P_1944059,0.0,0.0
Normal,225,P_1944063,0.0,-11.480058978089584
Normal,225,P_1945002,0.0,-9.461771878214618
Normal,225,P_1945008,0.0,-13.180058201535365
Normal,225,P_1946000,0.0,0.0
Normal,225,P_2044008,0.0,-6.753948040101079
Normal,225,P_2044016,0.0,0.0
Normal,225,P_2044024,0.0,0.0
Normal,225,P_2044042,0.0,0.0
Normal,225,P_2045002,0.0,0.0
Normal,225,P_2046013,0.0,0.0
Normal,225,Q_40032000,8.6394,-8.003760338545908
Normal,225,Q_40050000,45.3071,0.0
Normal,225,Q_40060001,6.0668,-23.842122604904276
Normal,225,Q_40100000,79.7565,-128.54320671538088
Normal,225,Q_40185000,8.1334,0.0
Normal,225,Q_40330000,28.5889,-63.270570609066695
Normal,225,Q_40800001,35.6238,0.0
Normal,225,Q_40850000,45.7634,-43.39744192899957
Normal,225,Q_40930000,4.6044,-26.654006825424183
Normal,226,P_1944059,17.8,10.150349049279725
Normal,226,P_1944063,24.8,81.9146530280203
Normal,226,P_1945002,0.0,0.0
Normal,226,P_1945008,0.0,0.0
Normal,226,P_1946000,5.2,0.0
Normal,226,P_2044008,7.9,0.0
Normal,226,P_2044016,0.0,0.0
Normal,226,P_2044024,9.2,0.0
Normal,226,P_2044042,8.8,0.0
Normal,226,P_2045002,20.3,0.0
Normal,226,P_2046013,36.3,23.863470552982054
Normal,226,Q_40032000,47.2468,35.62146653772217
Normal,226,Q_40050000,398.172,17.422418127301974
Normal,226,Q_40060001,18.2406,39.42275742183493
Normal,226,Q_40100000,292.263,150.8804672838508
Normal,226,Q_40185000,84.427,0.0
Normal,226,Q_40330000,139.546,69.63585631275855
Normal,226,Q_40800001,113.313,0.0
Normal,226,Q_40850000,164.283,70.33215046541103
Normal,226,Q_40930000,35.7094,41.366654431630934
Normal,227,P_1944059,0.0,-3.047424068788551
Normal,227,P_1944063,0.0,-12.575009262681398
Normal,227,P_1945002,0.0,-10.517538166049317
Normal,227,P_1945008,0.0,-12.348635351078048
Normal,227,P_1946000,0.0,0.0
Normal,227,P_2044008,0.0,-5.8157298101297785
Normal,227,P_2044016,0.0,-3.5242295019275227
Normal,227,P_2044024,0.0,0.0
Normal,227,P_2044042,0.0,0.0
Normal,227,P_2045002,0.0,0.0
Normal,227,P_2046013,0.0,-4.280282567296494
Normal,227,Q_40032000,16.7322,0.0
Normal,227,Q_40050000,71.9849,0.0
Normal,227,Q_40060001,11.0107,0.0
Normal,227,Q_40100000,219.739,54.528507267917234
Normal,227,Q_40185000,21.0667,0.0
Normal,227,Q_40330000,56.846,-28.497540587720966
Normal,227,Q_40800001,64.9201,0.0
Normal,227,Q_40850000,88.1932,0.0
Normal,227,Q_40930000,7.9986,-18.926620835202627
Normal,228,P_1944059,0.0,0.0
Normal,228,P_1944063,0.0,-11.39065078294863
Normal,228,P_1945002,0.0,-9.57059311474148
Normal,228,P_1945008,0.0,-12.52021729151872
Normal,228,P_1946000,0.0,0.0
Normal,228,P_2044008,0.0,0.0
Normal,228,P_2044016,0.0,0.0
Normal,228,P_2044024,0.0,0.0
Normal,228,P_2044042,0.0,0.0
Normal,228,P_2045002,0.0,0.0
Normal,228,P_2046013,0.0,0.0
Normal,228,Q_40032000,8.6413,-8.339832980404173
Normal,228,Q_40050000,28.7656,0.0
Normal,228,Q_40060001,5.6989,-25.433422443693033
Normal,228,Q_40100000,85.8653,-121.20836486391296
Normal,228,Q_40185000,6.9856,0.0
Normal,228,Q_40330000,32.9749,-57.267609300420844
Normal,228,Q_40800001,29.2371,-7.302154822641455
Normal,228,Q_40850000,44.5306,-44.95621059313413
Normal,228,Q_40930000,2.88,-30.6881304053623
Normal,229,P_1944059,0.0,0.0
Normal,229,P_1944063,0.0,-11.386519872679457
Normal,229,P_1945002,0.0,-9.218339517355242
Normal,229,P_1945008,0.0,-11.325180546083493
Normal,229,P_1946000,0.0,0.0
Normal,229,P_2044008,3.0,0.0
Normal,229,P_2044016,0.0,-3.157932609338794
Normal,229,P_2044024,0.0,0.0
Normal,229,P_2044042,0.0,0.0
Normal,229,P_2045002,0.0,0.0
Normal,229,P_2046013,0.0,-3.0583619762050667
Normal,229,Q_40032000,16.5126,0.0
Normal,229,Q_40050000,84.5589,0.0
Normal,229,Q_40060001,7.4108,-15.844533367074863
Normal,229,Q_40100000,143.229,-46.86680653328259
Normal,229,Q_40185000,12.735,0.0
Normal,229,Q_40330000,37.5815,-51.05805871138037
Normal,229,Q_40800001,36.8451,-2.832349770243411
Normal,229,Q_40850000,43.3078,-44.81251128790794
Normal,229,Q_40930000,21.2554,0.0
Normal,230,P_1944059,96.4,212.16268200678212
Normal,230,P_1944063,3.0,0.0
Normal,230,P_1945002,60.2,69.75908937461855
Normal,230,P_1945008,7.1,0.0
Normal,230,P_1946000,62.0,-45.9729995216284
Normal,230,P_2044008,24.9,19.592046580211342
Normal,230,P_2044016,30.8,0.0
Normal,230,P_2044024,23.2,0.0
Normal,230,P_2044042,12.7,-12.031687001678733
Normal,230,P_2045002,26.7,0.0
Normal,230,P_2046013,20.0,0.0
Normal,230,Q_40032000,104.641,90.08453139495593
Normal,230,Q_40050000,115.868,0.0
Normal,230,Q_40060001,9.4737,0.0
Normal,230,Q_40100000,111.951,-86.86859756441082
Normal,230,Q_40185000,8.5132,0.0
Normal,230,Q_40330000,38.6343,-49.25621131973025
Normal,230,Q_40800001,69.5346,0.0
Normal,230,Q_40850000,46.3836,-41.750886425015715
Normal,230,Q_40930000,70.0333,103.63214385075104
Normal,231,P_1944059,1.0,0.0
Normal,231,P_1944063,2.2,0.0
Normal,231,P_1945002,0.0,-8.600968953916631
Normal,231,P_1945008,0.0,-11.243121190788548
Normal,231,P_1946000,0.0,0.0
Normal,231,P_2044008,0.0,-4.373123197985709
Normal,231,P_2044016,1.1,0.0
Normal,231,P_2044024,2.4,0.0
Normal,231,P_2044042,10.5,-3.0549377400771505
Normal,231,P_2045002,25.2,0.0
Normal,231,P_2046013,0.0,-3.674462793405663
Normal,231,Q_40032000,20.0669,0.0
Normal,231,Q_40050000,101.007,0.0
Normal,231,Q_40060001,8.0126,-13.38283490205245
Normal,231,Q_40100000,366.886,249.7814313586773
Normal,231,Q_40185000,10.5553,0.0
Normal,231,Q_40330000,49.7228,-36.501654161527924
Normal,231,Q_40800001,53.2681,0.0
Normal,231,Q_40850000,82.5512,-6.216668777504142
Normal,231,Q_40930000,13.8167,-4.459842211876543
Normal,232,P_1944059,0.0,-1.4944962262995034
Normal,232,P_1944063,0.0,-10.975741431710718
Normal,232,P_1945002,0.0,-9.571199243765182
Normal,232,P_1945008,0.0,-11.343715198958028
Normal,232,P_1946000,0.0,0.0
Normal,232,P_2044008,0.0,-4.955556816129804
Normal,232,P_2044016,9.0,0.0
Normal,232,P_2044024,0.0,0.0
Normal,232,P_2044042,0.1,0.0
Normal,232,P_2045002,0.0,0.0
Normal,232,P_2046013,0.0,-3.146333188464607
Normal,232,Q_40032000,20.8035,0.0
Normal,232,Q_40050000,103.754,0.0
Normal,232,Q_40060001,10.4533,0.0
Normal,232,Q_40100000,180.183,0.0
Normal,232,Q_40185000,10.5553,0.0
Normal,232,Q_40330000,44.6089,-42.5866481497847
Normal,232,Q_40800001,40.6468,-2.722412651164074
Normal,232,Q_40850000,61.0054,-27.18380394927995
Normal,232,Q_40930000,44.7304,67.60406608197411
Normal,233,P_1944059,9.8,0.0
Normal,233,P_1944063,0.0,-10.618774438026287
Normal,233,P_1945002,0.0,-7.532763628480236
Normal,233,P_1945008,0.0,-10.761480158224408
Normal,233,P_1946000,0.0,0.0
Normal,233,P_2044008,0.0,-3.962977411754633
Normal,233,P_2044016,0.0,-1.8432503164116594
Normal,233,P_2044024,1.2,0.0
Normal,233,P_2044042,0.0,0.0
Normal,233,P_2045002,0.0,0.0
Normal,233,P_2046013,0.0,-1.1885040353972727
Normal,233,Q_40032000,16.5007,0.0
Normal,233,Q_40050000,106.93,0.0
Normal,233,Q_40060001,9.2602,-7.440713145205628
Normal,233,Q_40100000,181.85,0.0
Normal,233,Q_40185000,12.2885,0.0
Normal,233,Q_40330000,42.949,-43.82971653518834
Normal,233,Q_40800001,34.104,-2.6394830782558953
Normal,233,Q_40850000,46.3836,-40.34092338796622
Normal,233,Q_40930000,16.8836,0.0
Normal,234,P_1944059,43.6,15.505767047472423
Normal,234,P_1944063,43.4,71.37141858277005
Normal,234,P_1945002,42.6,18.546693612172994
Normal,234,P_1945008,21.0,15.691653239639086
Normal,234,P_1946000,90.0,-88.38063856424951
Normal,234,P_2044008,28.4,0.0
Normal,234,P_2044016,40.4,11.084730776240917
Normal,234,P_2044024,45.0,0.0
Normal,234,P_2044042,51.2,0.0
Normal,234,P_2045002,105.2,111.40632115779272
Normal,234,P_2046013,36.2,0.0
Normal,234,Q_40032000,49.1294,10.224472450442283
Normal,234,Q_40050000,187.946,0.0
Normal,234,Q_40060001,37.2111,120.99512241710349
Normal,234,Q_40100000,152.607,0.0
Normal,234,Q_40185000,15.5197,0.0
Normal,234,Q_40330000,40.2331,0.0
Normal,234,Q_40800001,67.9175,0.0
Normal,234,Q_40850000,52.7182,0.0
Normal,234,Q_40930000,114.473,196.061186866408
Normal,235,P_1944059,0.0,0.0
Normal,235,P_1944063,0.0,-12.386996326223036
Normal,235,P_1945002,0.0,-9.425274012803674
Normal,235,P_1945008,0.0,-11.4359502593248
Normal,235,P_1946000,0.0,0.0
Normal,235,P_2044008,0.0,-4.381823309492673
Normal,235,P_2044016,0.0,0.0
Normal,235,P_2044024,0.0,0.0
Normal,235,P_2044042,0.0,0.0
Normal,235,P_2045002,0.0,0.0
Normal,235,P_2046013,0.0,-2.4908400899142342
Normal,235,Q_40032000,25.6396,0.0
Normal,235,Q_40050000,108.533,0.0
Normal,235,Q_40060001,10.0141,-2.3247838937634953
Normal,235,Q_40100000,424.647,333.9246018159717
Normal,235,Q_40185000,7.7372,0.0
Normal,235,Q_40330000,41.855,-44.79816605197841
Normal,235,Q_40800001,37.6612,-1.7876305806168489
Normal,235,Q_40850000,73.7287,-14.450557655280761
Normal,235,Q_40930000,19.6464,0.0
Normal,236,P_1944059,0.0,0.0
Normal,236,P_1944063,0.0,-14.547926925345338
Normal,236,P_1945002,0.0,-11.823448155935989
Normal,236,P_1945008,0.0,-13.912154421601949
Normal,236,P_1946000,0.0,8.500808788242523
Normal,236,P_2044008,0.0,-6.008456876515539
Normal,236,P_2044016,2.6,0.0
Normal,236,P_2044024,0.0,0.0
Normal,236,P_2044042,0.0,0.0
Normal,236,P_2045002,0.0,0.0
Normal,236,P_2046013,0.0,0.0
Normal,236,Q_40032000,48.4995,41.3880907020485
Normal,236,Q_40050000,154.977,0.0
Normal,236,Q_40060001,12.8551,10.720981596985425
Normal,236,Q_40100000,385.839,279.3836856734581
Normal,236,Q_40185000,16.4869,0.0
Normal,236,Q_40330000,52.6491,-34.37526517996502
Normal,236,Q_40800001,39.797,0.0
Normal,236,Q_40850000,56.6319,-32.84595480307817
Normal,236,Q_40930000,19.2475,0.0
Normal,237,P_1944059,0.0,0.0
Normal,237,P_1944063,0.0,-10.27962785997735
Normal,237,P_1945002,0.0,-7.957330353227162
Normal,237,P_1945008,0.0,-12.427760137208516
Normal,237,P_1946000,0.0,0.0
Normal,237,P_2044008,0.0,0.0
Normal,237,P_2044016,12.3,0.0
Normal,237,P_2044024,1.6,0.0
Normal,237,P_2044042,20.7,0.0
Normal,237,P_2045002,2.9,0.0
Normal,237,P_2046013,0.0,0.0
Normal,237,Q_40032000,8.6413,-8.014844021508033
Normal,237,Q_40050000,24.6215,0.0
Normal,237,Q_40060001,4.6405,-31.485549582384454
Normal,237,Q_40100000,122.102,-76.25627069730282
Normal,237,Q_40185000,7.7372,0.0
Normal,237,Q_40330000,26.7127,-65.23313882179912
Normal,237,Q_40800001,30.8947,-6.753599604482872
Normal,237,Q_40850000,43.3078,-45.60467405325771
Normal,237,Q_40930000,7.1134,-21.35909361606722
Normal,238,P_1944059,71.4,101.75141448666103
Normal,238,P_1944063,0.8,0.0
Normal,238,P_1945002,0.0,0.0
Normal,238,P_1945008,0.0,0.0
Normal,238,P_1946000,22.7,0.0
Normal,238,P_2044008,17.2,9.866785163279099
Normal,238,P_2044016,23.3,9.658779934415406
Normal,238,P_2044024,6.5,0.0
Normal,238,P_2044042,31.2,0.0
Normal,238,P_2045002,29.2,9.601604721223492
Normal,238,P_2046013,39.6,30.385898056252856
Normal,238,Q_40032000,25.6396,0.0
Normal,238,Q_40050000,253.494,0.0
Normal,238,Q_40060001,37.2111,123.03584995554316
Normal,238,Q_40100000,203.963,15.800626999592875
Normal,238,Q_40185000,105.185,0.0
Normal,238,Q_40330000,127.127,44.98026178907575
Normal,238,Q_40800001,160.918,12.29187852699513
Normal,238,Q_40850000,114.744,13.07906252306631
Normal,238,Q_40930000,17.7836,0.0
Normal,239,P_1944059,0.0,0.0
Normal,239,P_1944063,0.0,-10.94765881310213
Normal,239,P_1945002,24.1,39.0016594301924
Normal,239,P_1945008,0.0,-11.673394706135742
Normal,239,P_1946000,0.0,0.0
Normal,239,P_2044008,0.0,-6.463468980005949
Normal,239,P_2044016,0.0,0.0
Normal,239,P_2044024,0.0,0.0
Normal,239,P_2044042,0.0,0.0
Normal,239,P_2045002,0.0,0.0
Normal,239,P_2046013,0.0,0.0
Normal,239,Q_40032000,12.5918,0.0
Normal,239,Q_40050000,36.7046,0.0
Normal,239,Q_40060001,3.1903,-40.250529569834704
Normal,239,Q_40100000,69.3405,-146.72268904180928
Normal,239,Q_40185000,5.5598,0.0
Normal,239,Q_40330000,25.3358,-68.4747420039047
Normal,239,Q_40800001,32.8495,-7.137175389470628
Normal,239,Q_40850000,57.2922,-33.66258393101081
Normal,239,Q_40930000,25.9641,19.454238691460034
Normal,240,P_1944059,0.0,0.0
Normal,240,P_1944063,0.0,-12.320325414604296
Normal,240,P_1945002,0.0,-10.550750900320127
Normal,240,P_1945008,0.0,-11.546495689291008
Normal,240,P_1946000,0.0,0.0
Normal,240,P_2044008,0.0,-5.884060977472193
Normal,240,P_2044016,0.0,-2.972607594405491
Normal,240,P_2044024,0.0,0.0
Normal,240,P_2044042,0.0,0.0
Normal,240,P_2045002,0.0,0.0
Normal,240,P_2046013,0.0,-3.3277667418620283
Normal,240,Q_40032000,13.5778,-3.6614351841983295
Normal,240,Q_40050000,84.9724,0.0
Normal,240,Q_40060001,8.2165,-12.361957072988067
Normal,240,Q_40100000,276.854,131.18988530163747
Normal,240,Q_40185000,33.0706,0.0
Normal,240,Q_40330000,71.4293,-10.103046226640918
Normal,240,Q_40800001,66.4931,0.0
Normal,240,Q_40850000,102.997,0.0
Normal,240,Q_40930000,15.0433,0.0
Normal,241,P_1944059,0.0,0.0
Normal,241,P_1944063,0.0,-12.117153546784289
Normal,241,P_1945002,0.0,-10.133151172364819
Normal,241,P_1945008,0.0,-12.486175263613926
Normal,241,P_1946000,0.0,0.0
Normal,241,P_2044008,0.0,-6.642572378779647
Normal,241,P_2044016,0.0,0.0
Normal,241,P_2044024,0.0,0.0
Normal,241,P_2044042,0.0,0.0
Normal,241,P_2045002,0.0,0.0
Normal,241,P_2046013,0.0,0.0
Normal,241,Q_40032000,9.1347,-8.16843694512927
Normal,241,Q_40050000,53.9456,0.0
Normal,241,Q_40060001,7.5101,-17.453860153739768
Normal,241,Q_40100000,144.325,-47.28959242969132
Normal,241,Q_40185000,8.1334,0.0
Normal,241,Q_40330000,29.0651,-62.29114420620032
Normal,241,Q_40800001,40.4364,0.0
Normal,241,Q_40850000,52.7182,-36.90902356678124
Normal,241,Q_40930000,6.0943,-24.789150055810396
Normal,242,P_1944059,0.0,-2.2663990401661636
Normal,242,P_1944063,0.0,-11.28994674057918
Normal,242,P_1945002,0.0,-8.303642442400797
Normal,242,P_1945008,0.0,-10.663133894833186
Normal,242,P_1946000,0.0,0.0
Normal,242,P_2044008,0.0,-4.41031198191774
Normal,242,P_2044016,0.0,-2.342793488287844
Normal,242,P_2044024,0.0,0.0
Normal,242,P_2044042,0.0,0.0
Normal,242,P_2045002,0.0,0.0
Normal,242,P_2046013,0.0,0.0
Normal,242,Q_40032000,16.9646,0.0
Normal,242,Q_40050000,112.583,0.0
Normal,242,Q_40060001,9.6887,-4.4324294369295405
Normal,242,Q_40100000,186.881,0.0
Normal,242,Q_40185000,12.735,0.0
Normal,242,Q_40330000,41.855,-45.81265635773525
Normal,242,Q_40800001,34.104,-3.472355668719969
Normal,242,Q_40850000,46.3836,-41.437408538419064
Normal,242,Q_40930000,17.6658,0.0
Normal,243,P_1944059,0.0,0.0
Normal,243,P_1944063,0.0,-12.1915630616557
Normal,243,P_1945002,0.0,-10.461844184868701
Normal,243,P_1945008,0.0,-12.754323139801132
Normal,243,P_1946000,0.0,0.0
Normal,243,P_2044008,0.0,0.0
Normal,243,P_2044016,0.0,0.0
Normal,243,P_2044024,0.0,0.0
Normal,243,P_2044042,0.0,0.0
Normal,243,P_2045002,0.0,0.0
Normal,243,P_2046013,0.0,0.0
Normal,243,Q_40032000,13.1428,-6.042650600273589
Normal,243,Q_40050000,72.5439,0.0
Normal,243,Q_40060001,7.6098,-17.298144432350114
Normal,243,Q_40100000,122.102,-76.5793933308402
Normal,243,Q_40185000,8.5132,0.0
Normal,243,Q_40330000,32.9749,-57.80766196042721
Normal,243,Q_40800001,26.7461,-7.533056852245599
Normal,243,Q_40850000,33.9004,-55.49872525708252
Normal,243,Q_40930000,8.378,-19.223431567318997
Normal,244,P_1944059,0.0,0.0
Normal,244,P_1944063,0.0,-12.326380704447244
Normal,244,P_1945002,0.0,-10.678208717914371
Normal,244,P_1945008,0.0,-12.586171660647063
Normal,244,P_1946000,0.0,0.0
Normal,244,P_2044008,0.0,-6.21823988421923
Normal,244,P_2044016,0.0,0.0
Normal,244,P_2044024,0.0,0.0
Normal,244,P_2044042,0.0,0.0
Normal,244,P_2045002,0.0,0.0
Normal,244,P_2046013,0.0,0.0
Normal,244,Q_40032000,10.1001,-8.215519621350678
Normal,244,Q_40050000,62.1755,0.0
Normal,244,Q_40060001,9.7968,-6.5878569701659675
Normal,244,Q_40100000,171.978,-11.103265409432282
Normal,244,Q_40185000,9.3692,0.0
Normal,244,Q_40330000,33.476,-57.46491793589368
Normal,244,Q_40800001,46.3232,0.0
Normal,244,Q_40850000,61.6168,-28.24733008083712
Normal,244,Q_40930000,7.3326,-20.986829183206073
Normal,245,P_1944059,1.6,0.0
Normal,245,P_1944063,0.0,-12.188385222112728
Normal,245,P_1945002,0.0,-9.662242844793075
Normal,245,P_1945008,0.0,-12.53975762978972
Normal,245,P_1946000,0.0,0.0
Normal,245,P_2044008,2.2,-4.527350078280193
Normal,245,P_2044016,0.0,0.0
Normal,245,P_2044024,0.0,0.0
Normal,245,P_2044042,0.0,0.0
Normal,245,P_2045002,0.0,0.0
Normal,245,P_2046013,0.0,0.0
Normal,245,Q_40032000,16.5126,0.0
Normal,245,Q_40050000,85.8019,0.0
Normal,245,Q_40060001,7.5101,-17.475058416839623
Normal,245,Q_40100000,147.894,-41.838143156799184
Normal,245,Q_40185000,11.8472,0.0
Normal,245,Q_40330000,39.6976,-50.188733324192086
Normal,245,Q_40800001,30.5224,-6.0395350711930975
Normal,245,Q_40850000,43.3078,-46.14197300806168
Normal,245,Q_40930000,35.7094,44.359066005822655
Normal,246,P_1944059,0.0,0.0
Normal,246,P_1944063,0.3,-13.966073904795504
Normal,246,P_1945002,0.0,-11.924013930814548
Normal,246,P_1945008,0.0,-14.325033733337188
Normal,246,P_1946000,0.0,7.767108280777096
Normal,246,P_2044008,0.0,-6.914524290810675
Normal,246,P_2044016,0.0,0.0
Normal,246,P_2044024,3.6,0.0
Normal,246,P_2044042,0.0,0.0
Normal,246,P_2045002,0.0,0.0
Normal,246,P_2046013,0.0,0.0
Normal,246,Q_40032000,47.872,39.59776728694938
Normal,246,Q_40050000,151.733,0.0
Normal,246,Q_40060001,13.57,13.718926590300722
Normal,246,Q_40100000,409.415,310.12668737270616
Normal,246,Q_40185000,16.001,0.0
Normal,246,Q_40330000,52.6491,-34.725550978669666
Normal,246,Q_40800001,39.797,0.0
Normal,246,Q_40850000,55.9738,-34.31267643463819
Normal,246,Q_40930000,17.6658,0.0
Normal,247,P_1944059,0.0,0.0
Normal,247,P_1944063,0.0,-14.320583672117472
Normal,247,P_1945002,0.0,-11.49191197475483
Normal,247,P_1945008,0.0,-14.146287136615074
Normal,247,P_1946000,26.2,-29.294238224977498
Normal,247,P_2044008,4.0,0.0
Normal,247,P_2044016,0.0,-4.796249652897416
Normal,247,P_2044024,0.0,0.0
Normal,247,P_2044042,0.0,0.0
Normal,247,P_2045002,5.4,0.0
Normal,247,P_2046013,2.4,0.0
Normal,247,Q_40032000,33.2644,18.725482301553992
Normal,247,Q_40050000,147.604,0.0
Normal,247,Q_40060001,17.4536,34.08756679079755
Normal,247,Q_40100000,313.88,179.9818466099837
Normal,247,Q_40185000,21.5977,0.0
Normal,247,Q_40330000,63.6714,-20.887450408201747
Normal,247,Q_40800001,61.5838,0.0
Normal,247,Q_40850000,95.471,0.0
Normal,247,Q_40930000,52.799,85.93285471083382
Normal,248,P_1944059,4.6,0.0
Normal,248,P_1944063,13.0,24.117791492933566
Normal,248,P_1945002,0.0,0.0
Normal,248,P_1945008,0.0,0.0
Normal,248,P_1946000,17.3,0.0
Normal,248,P_2044008,22.7,16.27490757134765
Normal,248,P_2044016,18.7,9.242376382614799
Normal,248,P_2044024,29.3,0.0
Normal,248,P_2044042,15.7,0.0
Normal,248,P_2045002,3.9,0.0
Normal,248,P_2046013,24.6,3.6727820644680724
Normal,248,Q_40032000,68.2491,48.1522025551016
Normal,248,Q_40050000,237.741,6.627905655131987
Normal,248,Q_40060001,29.9262,110.39018313746388
Normal,248,Q_40100000,261.715,104.14060112274774
Normal,248,Q_40185000,35.5486,0.0
Normal,248,Q_40330000,77.4552,0.0
Normal,248,Q_40800001,114.217,2.875099692249478
Normal,248,Q_40850000,74.3921,0.0
Normal,248,Q_40930000,21.2554,5.869994610952519
Normal,249,P_1944059,0.0,0.0
Normal,249,P_1944063,0.0,-12.771099148259763
Normal,249,P_1945002,0.0,-10.963155820115425
Normal,249,P_1945008,0.0,-12.257996717956447
Normal,249,P_1946000,0.0,0.0
Normal,249,P_2044008,0.0,-5.778229921305121
Normal,249,P_2044016,0.0,-4.3045894225568775
Normal,249,P_2044024,0.0,0.0
Normal,249,P_2044042,0.0,0.0
Normal,249,P_2045002,0.0,0.0
Normal,249,P_2046013,0.0,-4.121320292944475
Normal,249,Q_40032000,16.2702,0.0
Normal,249,Q_40050000,66.3836,0.0
Normal,249,Q_40060001,10.564,0.0
Normal,249,Q_40100000,203.963,32.95147728057706
Normal,249,Q_40185000,16.4869,0.0
Normal,249,Q_40330000,55.0332,-31.21126840165405
Normal,249,Q_40800001,62.0848,0.0
Normal,249,Q_40850000,83.2476,-6.565560118962969
Normal,249,Q_40930000,7.5507,-20.226138005326266
Normal,250,P_1944059,0.0,0.0
Normal,250,P_1944063,7.7,18.109590674355438
Normal,250,P_1945002,12.8,23.058723710849378
Normal,250,P_1945008,9.3,13.81664705687946
Normal,250,P_1946000,1.2,5.025222382750485
Normal,250,P_2044008,0.0,0.0
Normal,250,P_2044016,0.0,0.0
Normal,250,P_2044024,0.0,0.0
Normal,250,P_2044042,9.6,0.0
Normal,250,P_2045002,0.0,0.0
Normal,250,P_2046013,27.7,17.39523202096582
Normal,250,Q_40032000,53.9263,49.001836217365685
Normal,250,Q_40050000,265.58,8.642491810997562
Normal,250,Q_40060001,16.6778,31.770983065616736
Normal,250,Q_40100000,564.821,538.585657139193
Normal,250,Q_40185000,24.872,0.0
Normal,250,Q_40330000,78.818,0.0
Normal,250,Q_40800001,89.2914,0.0
Normal,250,Q_40850000,73.7287,0.0
Normal,250,Q_40930000,49.5131,78.5098894052564
Normal,251,P_1944059,0.0,0.0
Normal,251,P_1944063,0.0,-13.92674862296188
Normal,251,P_1945002,0.0,-12.073639846007628
Normal,251,P_1945008,0.0,-13.542739362905886
Normal,251,P_1946000,0.0,8.564314908404361
Normal,251,P_2044008,0.0,-5.605611348479215
Normal,251,P_2044016,0.0,0.0
Normal,251,P_2044024,0.0,0.0
Normal,251,P_2044042,0.0,0.0
Normal,251,P_2045002,0.0,0.0
Normal,251,P_2046013,5.7,0.0
Normal,251,Q_40032000,19.58,0.0
Normal,251,Q_40050000,83.8198,0.0
Normal,251,Q_40060001,13.57,12.88476989901185
Normal,251,Q_40100000,261.715,111.63427664829
Normal,251,Q_40185000,19.4999,0.0
Normal,251,Q_40330000,93.6341,16.266839121610126
Normal,251,Q_40800001,99.4788,0.0
Normal,251,Q_40850000,149.607,57.591519442446646
Normal,251,Q_40930000,9.8952,-15.038694659865866
Normal,252,P_1944059,0.0,0.0
Normal,252,P_1944063,0.0,-9.581675668210293
Normal,252,P_1945002,0.0,-7.261118176579595
Normal,252,P_1945008,0.0,-11.053186011042392
Normal,252,P_1946000,10.5,-7.551979570955825
Normal,252,P_2044008,0.0,-5.749544686485024
Normal,252,P_2044016,39.0,55.669088319710326
Normal,252,P_2044024,3.5,0.0
Normal,252,P_2044042,0.0,0.0
Normal,252,P_2045002,10.1,0.0
Normal,252,P_2046013,0.0,0.0
Normal,252,Q_40032000,18.6166,0.0
Normal,252,Q_40050000,111.768,0.0
Normal,252,Q_40060001,8.0126,-14.752122811783606
Normal,252,Q_40100000,188.568,0.0
Normal,252,Q_40185000,15.5197,0.0
Normal,252,Q_40330000,47.4254,-40.23965939104238
Normal,252,Q_40800001,37.6612,0.0
Normal,252,Q_40850000,49.5209,-38.64321978116472
Normal,252,Q_40930000,10.14,-14.564992576107091
Normal,253,P_1944059,0.0,0.0
Normal,253,P_1944063,0.0,-12.943219817999706
Normal,253,P_1945002,0.0,-10.68560754762051
Normal,253,P_1945008,0.0,-13.147752296410182
Normal,253,P_1946000,0.0,0.0
Normal,253,P_2044008,0.0,-5.719816035503779
Normal,253,P_2044016,0.0,0.0
Normal,253,P_2044024,0.0,0.0
Normal,253,P_2044042,0.0,0.0
Normal,253,P_2045002,0.0,0.0
Normal,253,P_2046013,0.0,0.0
Normal,253,Q_40032000,13.5778,-5.248269636458929
Normal,253,Q_40050000,60.7308,0.0
Normal,253,Q_40060001,9.4737,-7.844268565698938
Normal,253,Q_40100000,163.784,-20.959014014129036
Normal,253,Q_40185000,18.9864,0.0
Normal,253,Q_40330000,58.0662,-28.09709906064001
Normal,253,Q_40800001,63.9725,0.0
Normal,253,Q_40850000,83.9466,-6.499480212651274
Normal,253,Q_40930000,8.2266,-19.55840098881386
Normal,254,P_1944059,20.4,28.188658938852655
Normal,254,P_1944063,14.2,0.0
Normal,254,P_1945002,0.0,0.0
Normal,254,P_1945008,0.0,-8.8090745896865
Normal,254,P_1946000,28.4,-18.118087876554398
Normal,254,P_2044008,2.9,-4.314420938614583
Normal,254,P_2044016,4.0,0.0
Normal,254,P_2044024,18.2,0.0
Normal,254,P_2044042,6.6,-5.714586360525333
Normal,254,P_2045002,2.9,0.0
Normal,254,P_2046013,0.0,0.0
Normal,254,Q_40032000,9.0278,0.0
Normal,254,Q_40050000,37.884,0.0
Normal,254,Q_40060001,5.7902,-22.591264499580124
Normal,254,Q_40100000,47.4535,-165.79416262269498
Normal,254,Q_40185000,4.8876,0.0
Normal,254,Q_40330000,16.8519,-73.84044863827506
Normal,254,Q_40800001,75.6839,0.0
Normal,254,Q_40850000,50.1556,-38.20312745030581
Normal,254,Q_40930000,8.0325,-18.50215693639363
Normal,255,P_1944059,0.0,0.0
Normal,255,P_1944063,0.0,-12.648256267044461
Normal,255,P_1945002,0.0,-10.328443835602013
Normal,255,P_1945008,0.0,-12.862847213356485
Normal,255,P_1946000,0.0,0.0
Normal,255,P_2044008,0.0,-6.546829168788491
Normal,255,P_2044016,0.0,0.0
Normal,255,P_2044024,0.0,0.0
Normal,255,P_2044042,0.0,0.0
Normal,255,P_2045002,0.0,0.0
Normal,255,P_2046013,0.0,0.0
Normal,255,Q_40032000,13.7968,0.0
Normal,255,Q_40050000,80.4698,0.0
Normal,255,Q_40060001,8.5254,-12.655311983756631
Normal,255,Q_40100000,147.894,-42.33748497795146
Normal,255,Q_40185000,9.7214,0.0
Normal,255,Q_40330000,34.4864,-56.88787524368177
Normal,255,Q_40800001,27.441,-7.010795261598542
Normal,255,Q_40850000,36.1879,-52.77801013501695
Normal,255,Q_40930000,11.9547,-11.744669303973183
Normal,256,P_1944059,0.0,0.0
Normal,256,P_1944063,0.0,-14.208202924956918
Normal,256,P_1945002,0.0,-12.255847987305494
Normal,256,P_1945008,0.0,-13.899482733476294
Normal,256,P_1946000,0.0,0.0
Normal,256,P_2044008,0.0,-6.464377101037424
Normal,256,P_2044016,0.0,-4.716565885581957
Normal,256,P_2044024,0.0,0.0
Normal,256,P_2044042,0.0,0.0
Normal,256,P_2045002,0.0,0.0
Normal,256,P_2046013,0.0,0.0
Normal,256,Q_40032000,15.0559,0.0
Normal,256,Q_40050000,93.2478,0.0
Normal,256,Q_40060001,17.584,33.063076730378434
Normal,256,Q_40100000,298.903,160.09942351167376
Normal,256,Q_40185000,18.8182,0.0
Normal,256,Q_40330000,68.8078,-14.14757163949197
Normal,256,Q_40800001,64.6666,0.0
Normal,256,Q_40850000,81.1659,-9.132078678721394
Normal,256,Q_40930000,10.5782,-13.919963576781988
Normal,257,P_1944059,0.0,0.0
Normal,257,P_1944063,0.0,-11.491906661391148
Normal,257,P_1945002,0.0,-10.23535045294367
Normal,257,P_1945008,0.0,-12.570065498423357
Normal,257,P_1946000,0.0,0.0
Normal,257,P_2044008,0.0,-6.768249734924268
Normal,257,P_2044016,0.0,0.0
Normal,257,P_2044024,0.0,0.0
Normal,257,P_2044042,0.0,0.0
Normal,257,P_2045002,0.0,0.0
Normal,257,P_2046013,0.0,0.0
Normal,257,Q_40032000,7.6833,-8.84429713106092
Normal,257,Q_40050000,49.8578,0.0
Normal,257,Q_40060001,6.6323,-21.572775787489874
Normal,257,Q_40100000,96.1899,-108.48986416065256
Normal,257,Q_40185000,9.7973,0.0
Normal,257,Q_40330000,36.022,-54.195969511175655
Normal,257,Q_40800001,37.2036,0.0
Normal,257,Q_40850000,48.2587,-41.073870559283876
Normal,257,Q_40930000,5.192,-25.649635075065245
Normal,258,P_1944059,0.0,0.0
Normal,258,P_1944063,0.0,-13.341157570349091
Normal,258,P_1945002,0.0,-12.00672949835995
Normal,258,P_1945008,0.0,-13.352933267186055
Normal,258,P_1946000,0.0,0.0
Normal,258,P_2044008,0.0,-6.104164041330962
Normal,258,P_2044016,0.0,-4.623768722839595
Normal,258,P_2044024,0.0,0.0
Normal,258,P_2044042,0.0,0.0
Normal,258,P_2045002,0.0,0.0
Normal,258,P_2046013,0.0,-4.3811962736306995
Normal,258,Q_40032000,17.4321,0.0
Normal,258,Q_40050000,112.176,0.0
Normal,258,Q_40060001,10.3429,0.0
Normal,258,Q_40100000,245.011,88.53768632339931
Normal,258,Q_40185000,10.1356,0.0
Normal,258,Q_40330000,42.4007,-46.18142885326341
Normal,258,Q_40800001,38.1247,0.0
Normal,258,Q_40850000,54.0135,-35.18122614391978
Normal,258,Q_40930000,48.3009,74.68864270358527
Normal,259,P_1944059,0.0,0.0
Normal,259,P_1944063,12.5,44.447302504066734
Normal,259,P_1945002,0.0,-12.816992980900238
Normal,259,P_1945008,0.0,-15.213433657877989
Normal,259,P_1946000,0.0,8.392949574116004
Normal,259,P_2044008,0.0,0.0
Normal,259,P_2044016,0.0,0.0
Normal,259,P_2044024,0.0,0.0
Normal,259,P_2044042,8.9,0.0
Normal,259,P_2045002,4.2,0.0
Normal,259,P_2046013,6.6,0.0
Normal,259,Q_40032000,38.4533,29.11172639641289
Normal,259,Q_40050000,165.835,0.0
Normal,259,Q_40060001,22.619,66.522390076273
Normal,259,Q_40100000,350.296,233.03156397124937
Normal,259,Q_40185000,32.4602,0.0
Normal,259,Q_40330000,108.507,33.20152130941298
Normal,259,Q_40800001,88.7179,0.0
Normal,259,Q_40850000,121.232,29.211606668311912
Normal,259,Q_40930000,38.2638,52.780447240352835
Normal,260,P_1944059,5.0,0.0
Normal,260,P_1944063,43.3,114.23684399770566
Normal,260,P_1945002,38.4,53.9850824995781
Normal,260,P_1945008,34.9,72.60195377324767
Normal,260,P_1946000,0.0,10.778209556087013
Normal,260,P_2044008,0.0,0.0
Normal,260,P_2044016,0.0,0.0
Normal,260,P_2044024,0.5,0.0
Normal,260,P_2044042,0.0,0.0
Normal,260,P_2045002,52.0,28.40917613117557
Normal,260,P_2046013,11.3,2.6103216457429426
Normal,260,Q_40032000,19.58,0.0
Normal,260,Q_40050000,122.552,0.0
Normal,260,Q_40060001,9.0483,0.0
Normal,260,Q_40100000,265.474,116.76857432335248
Normal,260,Q_40185000,14.105,0.0
Normal,260,Q_40330000,56.846,-30.749887742655467
Normal,260,Q_40800001,78.7905,0.0
Normal,260,Q_40850000,156.871,67.94332185333498
Normal,260,Q_40930000,61.4058,108.48843916541098
Normal,261,P_1944059,0.0,0.0
Normal,261,P_1944063,0.0,-12.172484212281187
Normal,261,P_1945002,0.0,-9.623492179263561
Normal,261,P_1945008,0.0,-11.354505210377264
Normal,261,P_1946000,0.0,0.0
Normal,261,P_2044008,0.0,-4.976232469240339
Normal,261,P_2044016,0.0,-3.003332079292263
Normal,261,P_2044024,0.0,0.0
Normal,261,P_2044042,0.0,0.0
Normal,261,P_2045002,0.0,0.0
Normal,261,P_2046013,0.0,-3.2786208098752354
Normal,261,Q_40032000,47.2468,39.40279060695268
Normal,261,Q_40050000,146.692,0.0
Normal,261,Q_40060001,11.9215,0.0
Normal,261,Q_40100000,352.356,234.8042245074822
Normal,261,Q_40185000,15.5197,0.0
Normal,261,Q_40330000,52.0591,-33.46345461719124
Normal,261,Q_40800001,41.5058,0.0
Normal,261,Q_40850000,55.9738,-32.09293645893376
Normal,261,Q_40930000,16.8836,0.0
Normal,262,P_1944059,0.0,0.0
Normal,262,P_1944063,11.7,37.3941201164252
Normal,262,P_1945002,0.0,-8.414557421254603
Normal,262,P_1945008,0.0,-11.150607660981205
Normal,262,P_1946000,0.0,9.341386025162524
Normal,262,P_2044008,12.4,0.0
Normal,262,P_2044016,0.0,0.0
Normal,262,P_2044024,0.0,0.0
Normal,262,P_2044042,0.0,0.0
Normal,262,P_2045002,0.0,0.0
Normal,262,P_2046013,2.6,0.0
Normal,262,Q_40032000,16.893,0.0
Normal,262,Q_40050000,87.4707,0.0
Normal,262,Q_40060001,7.6098,-17.15138683948905
Normal,262,Q_40100000,151.03,-34.93560863499572
Normal,262,Q_40185000,9.3129,0.0
Normal,262,Q_40330000,53.2416,-32.964635916015304
Normal,262,Q_40800001,30.5224,-5.134440057999602
Normal,262,Q_40850000,44.5306,-43.975906272812104
Normal,262,Q_40930000,51.9703,86.51136473603364
Normal,263,P_1944059,0.0,0.0
Normal,263,P_1944063,0.0,-11.761035411283585
Normal,263,P_1945002,0.0,-9.45755027979816
Normal,263,P_1945008,0.0,-12.451789519761194
Normal,263,P_1946000,0.0,0.0
Normal,263,P_2044008,0.0,0.0
Normal,263,P_2044016,0.0,0.0
Normal,263,P_2044024,0.0,0.0
Normal,263,P_2044042,0.0,0.0
Normal,263,P_2045002,0.0,0.0
Normal,263,P_2046013,0.0,0.0
Normal,263,Q_40032000,8.6413,-7.928964819984003
Normal,263,Q_40050000,28.5799,0.0
Normal,263,Q_40060001,5.5177,-26.336040928691194
Normal,263,Q_40100000,84.5546,-122.27351972959428
Normal,263,Q_40185000,6.9856,0.0
Normal,263,Q_40330000,32.9749,-57.917377990169825
Normal,263,Q_40800001,29.2371,-7.494070482669071
Normal,263,Q_40850000,42.7002,-46.13022492599997
Normal,263,Q_40930000,2.88,-31.17670406356086
Normal,264,P_1944059,0.0,0.0
Normal,264,P_1944063,0.0,-10.733479769508904
Normal,264,P_1945002,0.0,-9.850069654702795
Normal,264,P_1945008,0.0,-12.5258486025669
Normal,264,P_1946000,0.0,0.0
Normal,264,P_2044008,0.0,0.0
Normal,264,P_2044016,0.0,0.0
Normal,264,P_2044024,0.0,0.0
Normal,264,P_2044042,0.0,0.0
Normal,264,P_2045002,0.0,0.0
Normal,264,P_2046013,0.0,0.0
Normal,264,Q_40032000,9.0278,-7.951212070412964
Normal,264,Q_40050000,39.3799,0.0
Normal,264,Q_40060001,5.2495,-28.279897560122908
Normal,264,Q_40100000,53.308,-161.85639599372894
Normal,264,Q_40185000,4.8876,0.0
Normal,264,Q_40330000,14.5561,-79.59602951661607
Normal,264,Q_40800001,32.5596,-7.453874426411961
Normal,264,Q_40850000,36.7667,-52.19146874449279
Normal,264,Q_40930000,9.4285,-17.23939854146359
Normal,265,P_1944059,0.0,0.0
Normal,265,P_1944063,0.0,-11.651010353276577
Normal,265,P_1945002,0.0,-9.919698903907136
Normal,265,P_1945008,0.0,-11.518693564189642
Normal,265,P_1946000,0.0,0.0
Normal,265,P_2044008,0.0,-4.898367828191874
Normal,265,P_2044016,0.0,-3.308808720486155
Normal,265,P_2044024,0.0,0.0
Normal,265,P_2044042,0.0,0.0
Normal,265,P_2045002,0.0,0.0
Normal,265,P_2046013,0.0,0.0
Normal,265,Q_40032000,18.8561,0.0
Normal,265,Q_40050000,115.868,0.0
Normal,265,Q_40060001,9.2602,-7.907584971816507
Normal,265,Q_40100000,212.681,45.78283954322701
Normal,265,Q_40185000,12.735,0.0
Normal,265,Q_40330000,41.3118,-46.688668752271624
Normal,265,Q_40800001,36.489,-3.178753280424817
Normal,265,Q_40850000,54.0135,-34.387844674667015
Normal,265,Q_40930000,20.0467,0.0
Normal,266,P_1944059,0.0,0.0
Normal,266,P_1944063,0.0,-13.89754866524597
Normal,266,P_1945002,0.0,-12.129595102812196
Normal,266,P_1945008,0.0,-13.389774901792991
Normal,266,P_1946000,0.0,0.0
Normal,266,P_2044008,0.0,-5.451116031938965
Normal,266,P_2044016,0.0,-4.498986237774635
Normal,266,P_2044024,0.0,0.0
Normal,266,P_2044042,0.0,0.0
Normal,266,P_2045002,0.0,0.0
Normal,266,P_2046013,0.0,-4.495821525548692
Normal,266,Q_40032000,22.048,0.0
Normal,266,Q_40050000,149.433,0.0
Normal,266,Q_40060001,15.1605,21.600771900492365
Normal,266,Q_40100000,278.766,134.56810411718592
Normal,266,Q_40185000,20.5401,0.0
Normal,266,Q_40330000,94.3623,17.290195494115995
Normal,266,Q_40800001,54.1836,0.0
Normal,266,Q_40850000,86.7676,0.0
Normal,266,Q_40930000,13.0665,-7.6251459921382825
Normal,267,P_1944059,0.0,0.0
Normal,267,P_1944063,0.0,-11.005215634380148
Normal,267,P_1945002,0.0,-10.16382753283122
Normal,267,P_1945008,0.0,-11.593178219196812
Normal,267,P_1946000,0.0,0.0
Normal,267,P_2044008,0.0,-4.560545637605505
Normal,267,P_2044016,0.0,-2.8376305154444594
Normal,267,P_2044024,0.0,0.0
Normal,267,P_2044042,0.0,0.0
Normal,267,P_2045002,0.0,0.0
Normal,267,P_2046013,0.0,0.0
Normal,267,Q_40032000,14.9066,-3.0567376396764776
Normal,267,Q_40050000,77.2589,0.0
Normal,267,Q_40060001,6.8243,-19.21533227791446
Normal,267,Q_40100000,186.881,0.0
Normal,267,Q_40185000,7.7372,0.0
Normal,267,Q_40330000,47.9961,-38.59851513504693
Normal,267,Q_40800001,45.9382,0.0
Normal,267,Q_40850000,70.4506,-17.666002197072075
Normal,267,Q_40930000,9.4055,-14.77288064261751
Normal,268,P_1944059,0.0,0.0
Normal,268,P_1944063,16.8,51.69183734378601
Normal,268,P_1945002,0.0,0.0
Normal,268,P_1945008,0.0,-15.64131275740923
Normal,268,P_1946000,42.2,-45.85368265425248
Normal,268,P_2044008,0.0,0.0
Normal,268,P_2044016,2.7,0.0
Normal,268,P_2044024,13.7,0.0
Normal,268,P_2044042,1.1,0.0
Normal,268,P_2045002,2.5,0.0
Normal,268,P_2046013,16.8,8.555717331846392
Normal,268,Q_40032000,19.58,0.0
Normal,268,Q_40050000,109.99,0.0
Normal,268,Q_40060001,16.4218,25.06135782654392
Normal,268,Q_40100000,298.109,153.06061826792705
Normal,268,Q_40185000,28.2927,0.0
Normal,268,Q_40330000,71.4293,-13.095544156782353
Normal,268,Q_40800001,145.016,9.801351850813061
Normal,268,Q_40850000,212.863,117.32714894095946
Normal,268,Q_40930000,21.726,8.651908932204458
Normal,269,P_1944059,0.0,0.0
Normal,269,P_1944063,0.0,-11.786816316380765
Normal,269,P_1945002,0.0,-9.937122352770928
Normal,269,P_1945008,0.0,-12.830504331697753
Normal,269,P_1946000,0.0,0.0
Normal,269,P_2044008,0.0,-6.136393943778785
Normal,269,P_2044016,0.0,0.0
Normal,269,P_2044024,0.0,0.0
Normal,269,P_2044042,0.0,0.0
Normal,269,P_2045002,0.0,0.0
Normal,269,P_2046013,0.0,0.0
Normal,269,Q_40032000,8.6394,-8.325654449557264
Normal,269,Q_40050000,45.0101,0.0
Normal,269,Q_40060001,6.0668,-24.386018467297582
Normal,269,Q_40100000,78.4446,-130.0831653424385
Normal,269,Q_40185000,7.7378,0.0
Normal,269,Q_40330000,26.7127,-64.95490810886055
Normal,269,Q_40800001,34.8431,0.0
Normal,269,Q_40850000,45.7634,-43.47604437262726
Normal,269,Q_40930000,4.6044,-26.54240400614187
Normal,270,P_1944059,0.0,0.0
Normal,270,P_1944063,0.0,-11.75288254943312
Normal,270,P_1945002,0.0,-9.717287575520919
Normal,270,P_1945008,0.0,-13.070100843431424
Normal,270,P_1946000,0.0,0.0
Normal,270,P_2044008,0.0,-6.522584391729367
Normal,270,P_2044016,0.0,0.0
Normal,270,P_2044024,0.0,0.0
Normal,270,P_2044042,0.0,0.0
Normal,270,P_2045002,0.0,0.0
Normal,270,P_2046013,0.0,0.0
Normal,270,Q_40032000,10.6207,-7.4305885058898795
Normal,270,Q_40050000,36.0291,0.0
Normal,270,Q_40060001,7.2136,-18.79487195379118
Normal,270,Q_40100000,111.951,-88.72175837927578
Normal,270,Q_40185000,9.3129,0.0
Normal,270,Q_40330000,38.1066,-52.00883899563748
Normal,270,Q_40800001,38.5417,0.0
Normal,270,Q_40850000,50.1556,-39.36733840969286
Normal,270,Q_40930000,4.362,-27.097361996328893
Normal,271,P_1944059,0.0,0.0
Normal,271,P_1944063,0.0,-12.667224993237701
Normal,271,P_1945002,0.0,-10.184414700527132
Normal,271,P_1945008,0.0,-12.851584863557902
Normal,271,P_1946000,0.0,0.0
Normal,271,P_2044008,0.0,-6.023605763201917
Normal,271,P_2044016,0.0,0.0
Normal,271,P_2044024,0.0,0.0
Normal,271,P_2044042,0.0,0.0
Normal,271,P_2045002,0.0,0.0
Normal,271,P_2046013,0.0,0.0
Normal,271,Q_40032000,15.3784,0.0
Normal,271,Q_40050000,77.2589,0.0
Normal,271,Q_40060001,7.0181,-20.053177535497536
Normal,271,Q_40100000,134.043,-60.29515692015246
Normal,271,Q_40185000,9.3129,0.0
Normal,271,Q_40330000,34.9956,-56.190242691650596
Normal,271,Q_40800001,37.6612,-4.902379445681021
Normal,271,Q_40850000,59.1871,-30.717915965873853
Normal,271,Q_40930000,10.14,-15.458948929358636
Normal,272,P_1944059,0.0,0.0
Normal,272,P_1944063,0.0,-12.444807767037585
Normal,272,P_1945002,0.0,-9.908505657576791
Normal,272,P_1945008,0.0,-12.85916880072565
Normal,272,P_1946000,0.0,0.0
Normal,272,P_2044008,0.0,-6.936297817454431
Normal,272,P_2044016,0.0,0.0
Normal,272,P_2044024,0.0,0.0
Normal,272,P_2044042,0.0,0.0
Normal,272,P_2045002,0.0,0.0
Normal,272,P_2046013,0.0,0.0
Normal,272,Q_40032000,9.3865,-8.179069595651285
Normal,272,Q_40050000,57.5075,0.0
Normal,272,Q_40060001,9.0483,-10.55899936280745
Normal,272,Q_40100000,156.285,-31.57981843034854
Normal,272,Q_40185000,8.5372,0.0
Normal,272,Q_40330000,30.5105,-60.729999687314695
Normal,272,Q_40800001,42.0889,0.0
Normal,272,Q_40850000,54.6647,-35.23533151725712
Normal,272,Q_40930000,6.4003,-23.034601414752675
Normal,273,P_1944059,0.0,0.0
Normal,273,P_1944063,0.0,-9.640284633260356
Normal,273,P_1945002,6.8,0.0
Normal,273,P_1945008,0.0,-10.748866835788306
Normal,273,P_1946000,14.3,-13.321093627312653
Normal,273,P_2044008,0.0,-4.792854725047786
Normal,273,P_2044016,0.8,-2.4503958832114816
Normal,273,P_2044024,4.5,0.0
Normal,273,P_2044042,0.0,0.0
Normal,273,P_2045002,0.2,0.0
Normal,273,P_2046013,7.2,0.0
Normal,273,Q_40032000,17.6672,0.0
Normal,273,Q_40050000,56.0728,0.0
Normal,273,Q_40060001,13.45,14.837033241320682
Normal,273,Q_40100000,119.173,-77.71604005646991
Normal,273,Q_40185000,11.8472,0.0
Normal,273,Q_40330000,41.3118,-46.116215072594635
Normal,273,Q_40800001,88.3446,0.0
Normal,273,Q_40850000,42.7002,-45.15782400559076
Normal,273,Q_40930000,11.9548,-9.016613628752243
Normal,274,P_1944059,0.0,0.0
Normal,274,P_1944063,0.0,-13.396573309693785
Normal,274,P_1945002,0.0,-10.710944438554725
Normal,274,P_1945008,0.0,-13.036868457961843
Normal,274,P_1946000,0.0,0.0
Normal,274,P_2044008,0.0,-5.8308092580701265
Normal,274,P_2044016,0.0,0.0
Normal,274,P_2044024,0.0,0.0
Normal,274,P_2044042,0.0,0.0
Normal,274,P_2045002,0.0,0.0
Normal,274,P_2046013,0.0,-4.370427363129153
Normal,274,Q_40032000,18.8561,0.0
Normal,274,Q_40050000,106.531,0.0
Normal,274,Q_40060001,10.564,0.0
Normal,274,Q_40100000,200.508,29.606170857502118
Normal,274,Q_40185000,10.5553,0.0
Normal,274,Q_40330000,43.4998,-45.012672875221725
Normal,274,Q_40800001,38.1247,-3.92863875121812
Normal,274,Q_40850000,57.2922,-31.979354455055457
Normal,274,Q_40930000,45.9095,68.65390618407035
Normal,275,P_1944059,0.0,0.0
Normal,275,P_1944063,0.0,-12.070973397259738
Normal,275,P_1945002,0.0,-9.138692202029848
Normal,275,P_1945008,0.0,-12.263280268159114
Normal,275,P_1946000,0.0,0.0
Normal,275,P_2044008,0.0,-6.385525485159803
Normal,275,P_2044016,0.0,0.0
Normal,275,P_2044024,0.0,0.0
Normal,275,P_2044042,0.0,0.0
Normal,275,P_2045002,0.0,0.0
Normal,275,P_2046013,0.0,0.0
Normal,275,Q_40032000,9.0278,-7.799127618015769
Normal,275,Q_40050000,31.6183,0.0
Normal,275,Q_40060001,6.442,-22.37691969815497
Normal,275,Q_40100000,93.8632,-111.27755645321311
Normal,275,Q_40185000,8.1222,0.0
Normal,275,Q_40330000,34.4864,-55.92686733486206
Normal,275,Q_40800001,33.4105,0.0
Normal,275,Q_40850000,42.7002,-46.49749384638018
Normal,275,Q_40930000,3.6949,-29.343277151011897
Normal,276,P_1944059,0.0,0.0
Normal,276,P_1944063,0.0,-15.08541064855344
Normal,276,P_1945002,0.0,-12.249559831510634
Normal,276,P_1945008,0.0,-14.008426535881519
Normal,276,P_1946000,0.0,0.0
Normal,276,P_2044008,0.0,-6.6784359733046585
Normal,276,P_2044016,0.0,0.0
Normal,276,P_2044024,0.0,0.0
Normal,276,P_2044042,0.0,0.0
Normal,276,P_2045002,0.0,0.0
Normal,276,P_2046013,0.0,0.0
Normal,276,Q_40032000,51.3521,47.964572424293436
Normal,276,Q_40050000,187.442,0.0
Normal,276,Q_40060001,13.811,15.984733663082972
Normal,276,Q_40100000,411.58,313.1755977985224
Normal,276,Q_40185000,20.5401,0.0
Normal,276,Q_40330000,71.4293,-11.555653377362432
Normal,276,Q_40800001,48.7077,0.0
Normal,276,Q_40850000,75.0579,-15.239441739968495
Normal,276,Q_40930000,24.1201,18.74172055647482
Normal,277,P_1944059,27.2,24.038882643177875
Normal,277,P_1944063,10.0,0.0
Normal,277,P_1945002,0.0,0.0
Normal,277,P_1945008,5.8,0.0
Normal,277,P_1946000,20.5,-20.006456146643306
Normal,277,P_2044008,33.0,25.61559814794681
Normal,277,P_2044016,25.3,9.32454467761255
Normal,277,P_2044024,45.0,17.559749882386157
Normal,277,P_2044042,28.4,-15.821975731962516
Normal,277,P_2045002,22.7,0.0
Normal,277,P_2046013,25.3,0.0
Normal,277,Q_40032000,11.6797,0.0
Normal,277,Q_40050000,31.04,0.0
Normal,277,Q_40060001,7.8104,-16.798218903254458
Normal,277,Q_40100000,69.3405,-141.2867304963566
Normal,277,Q_40185000,6.2595,0.0
Normal,277,Q_40330000,28.5889,-63.32350143104765
Normal,277,Q_40800001,52.3575,0.0
Normal,277,Q_40850000,35.0386,-52.81475734122256
Normal,277,Q_40930000,18.4539,0.0
Normal,278,P_1944059,37.2,32.73570522290451
Normal,278,P_1944063,0.0,0.0
Normal,278,P_1945002,18.9,16.774951238482384
Normal,278,P_1945008,11.2,8.38003375487295
Normal,278,P_1946000,0.0,5.283520218393293
Normal,278,P_2044008,31.1,33.19255838433327
Normal,278,P_2044016,57.7,61.37896136282925
Normal,278,P_2044024,28.7,7.288239247581861
Normal,278,P_2044042,4.6,0.0
Normal,278,P_2045002,1.9,0.0
Normal,278,P_2046013,0.0,0.0
Normal,278,Q_40032000,12.2852,0.0
Normal,278,Q_40050000,61.7894,0.0
Normal,278,Q_40060001,7.2136,0.0
Normal,278,Q_40100000,246.85,84.87044471339176
Normal,278,Q_40185000,13.6433,0.0
Normal,278,Q_40330000,58.6798,-32.20625554080948
Normal,278,Q_40800001,86.3456,0.0
Normal,278,Q_40850000,84.6481,0.0
Normal,278,Q_40930000,31.7488,31.27878382756272
Normal,279,P_1944059,0.0,0.0
Normal,279,P_1944063,0.0,-11.582327149393599
Normal,279,P_1945002,0.0,-10.2714605771317
Normal,279,P_1945008,0.0,-12.054238141849385
Normal,279,P_1946000,0.0,0.0
Normal,279,P_2044008,0.0,-5.040370323646307
Normal,279,P_2044016,0.0,-3.4109498182337363
Normal,279,P_2044024,0.0,0.0
Normal,279,P_2044042,0.0,0.0
Normal,279,P_2045002,3.1,0.0
Normal,279,P_2046013,12.8,0.0
Normal,279,Q_40032000,13.5778,-3.4910192529774173
Normal,279,Q_40050000,115.455,0.0
Normal,279,Q_40060001,9.2602,-6.60137525245122
Normal,279,Q_40100000,234.073,75.3071334266804
Normal,279,Q_40185000,18.9864,0.0
Normal,279,Q_40330000,64.942,-18.325519893746126
Normal,279,Q_40800001,66.4931,0.0
Normal,279,Q_40850000,89.6288,0.0
Normal,279,Q_40930000,11.4249,-10.461438888489623
Normal,280,P_1944059,38.2,50.73264026539615
Normal,280,P_1944063,19.8,37.50486132858114
Normal,280,P_1945002,0.0,-6.518501701081874
Normal,280,P_1945008,17.8,25.848106292907076
Normal,280,P_1946000,0.0,0.0
Normal,280,P_2044008,3.1,0.0
Normal,280,P_2044016,15.0,0.0
Normal,280,P_2044024,2.0,0.0
Normal,280,P_2044042,0.9,0.0
Normal,280,P_2045002,10.8,0.0
Normal,280,P_2046013,32.0,10.292450975344574
Normal,280,Q_40032000,20.0669,0.0
Normal,280,Q_40050000,22.5363,0.0
Normal,280,Q_40060001,6.2535,-24.260055522198826
Normal,280,Q_40100000,110.523,-94.62674124791204
Normal,280,Q_40185000,15.0433,0.0
Normal,280,Q_40330000,50.8861,-38.12625105817387
Normal,280,Q_40800001,55.5582,0.0
Normal,280,Q_40850000,71.1011,-20.715910681922256
Normal,280,Q_40930000,3.6949,-28.447509981163204
Normal,281,P_1944059,0.0,0.0
Normal,281,P_1944063,0.0,-12.392086160298115
Normal,281,P_1945002,0.0,-9.68249013807387
Normal,281,P_1945008,0.0,-12.698548301413261
Normal,281,P_1946000,0.0,0.0
Normal,281,P_2044008,0.0,-6.692990589663111
Normal,281,P_2044016,0.0,0.0
Normal,281,P_2044024,0.0,0.0
Normal,281,P_2044042,0.0,0.0
Normal,281,P_2045002,0.0,0.0
Normal,281,P_2046013,0.0,0.0
Normal,281,Q_40032000,9.1347,-7.8121351599875455
Normal,281,Q_40050000,49.2407,0.0
Normal,281,Q_40060001,6.442,-22.37921356719971
Normal,281,Q_40100000,86.4497,-120.66762471287623
Normal,281,Q_40185000,9.3692,0.0
Normal,281,Q_40330000,33.9799,-55.95031577196264
Normal,281,Q_40800001,36.4106,0.0
Normal,281,Q_40850000,48.2587,-40.876781778190384
Normal,281,Q_40930000,5.192,-26.09732707926919
Normal,282,P_1944059,0.0,0.0
Normal,282,P_1944063,0.0,-17.212992664608635
Normal,282,P_1945002,0.0,0.0
Normal,282,P_1945008,17.3,40.492018224903134
Normal,282,P_1946000,0.0,5.359777856887774
Normal,282,P_2044008,2.1,0.0
Normal,282,P_2044016,12.9,2.4594433892679772
Normal,282,P_2044024,4.7,0.0
Normal,282,P_2044042,13.3,0.0
Normal,282,P_2045002,0.0,0.0
Normal,282,P_2046013,0.0,0.0
Normal,282,Q_40032000,25.1171,4.849857756510935
Normal,282,Q_40050000,118.484,0.0
Normal,282,Q_40060001,16.5496,27.36461468744824
Normal,282,Q_40100000,319.86,187.36835073845484
Normal,282,Q_40185000,22.1329,0.0
Normal,282,Q_40330000,92.908,11.34591974230098
Normal,282,Q_40800001,167.148,10.921121407702186
Normal,282,Q_40850000,209.734,111.33730297036266
Normal,282,Q_40930000,11.4249,0.0
Normal,283,P_1944059,0.0,0.0
Normal,283,P_1944063,0.0,-11.750412226234971
Normal,283,P_1945002,21.3,44.16485983864468
Normal,283,P_1945008,0.0,-11.82800493064191
Normal,283,P_1946000,5.2,0.0
Normal,283,P_2044008,0.5,0.0
Normal,283,P_2044016,38.0,41.81703733158265
Normal,283,P_2044024,5.0,0.0
Normal,283,P_2044042,0.0,0.0
Normal,283,P_2045002,1.8,0.0
Normal,283,P_2046013,0.0,0.0
Normal,283,Q_40032000,47.2468,36.34007298540984
Normal,283,Q_40050000,152.657,0.0
Normal,283,Q_40060001,12.8551,12.457217574223025
Normal,283,Q_40100000,263.592,116.142107599033
Normal,283,Q_40185000,13.6433,0.0
Normal,283,Q_40330000,48.5692,-39.63705066074623
Normal,283,Q_40800001,50.6,0.0
Normal,283,Q_40850000,60.3967,-29.852628679222633
Normal,283,Q_40930000,102.058,215.27663666390131
Normal,284,P_1944059,0.0,0.0
Normal,284,P_1944063,0.0,-15.437696334676502
Normal,284,P_1945002,0.0,0.0
Normal,284,P_1945008,0.0,-15.652426110751914
Normal,284,P_1946000,18.2,-21.062855256636666
Normal,284,P_2044008,0.0,0.0
Normal,284,P_2044016,15.0,9.474664070221426
Normal,284,P_2044024,0.0,0.0
Normal,284,P_2044042,0.0,0.0
Normal,284,P_2045002,6.5,0.0
Normal,284,P_2046013,17.0,12.371178195913712
Normal,284,Q_40032000,52.6347,49.45671016532771
Normal,284,Q_40050000,252.355,0.0
Normal,284,Q_40060001,25.8112,82.14975703968582
Normal,284,Q_40100000,453.404,367.0182063488423
Normal,284,Q_40185000,36.1772,0.0
Normal,284,Q_40330000,103.624,26.275640787578563
Normal,284,Q_40800001,87.1739,0.0
Normal,284,Q_40850000,94.732,0.0
Normal,284,Q_40930000,24.9494,19.301732274038073
Normal,285,P_1944059,61.6,88.83217767883613
Normal,285,P_1944063,0.5,0.0
Normal,285,P_1945002,3.2,0.0
Normal,285,P_1945008,0.0,0.0
Normal,285,P_1946000,0.0,4.9612050668641094
Normal,285,P_2044008,2.5,0.0
Normal,285,P_2044016,1.7,0.0
Normal,285,P_2044024,22.9,0.0
Normal,285,P_2044042,10.6,0.0
Normal,285,P_2045002,14.2,0.0
Normal,285,P_2046013,32.8,20.220441589955037
Normal,285,Q_40032000,26.4291,3.256193133649287
Normal,285,Q_40050000,208.02,0.0
Normal,285,Q_40060001,26.7452,81.41998273652327
Normal,285,Q_40100000,478.558,386.95419584959814
Normal,285,Q_40185000,25.9963,0.0
Normal,285,Q_40330000,110.154,31.809860169027374
Normal,285,Q_40800001,92.6355,0.502542238300066
Normal,285,Q_40850000,109.194,12.793514391489522
Normal,285,Q_40930000,45.5152,60.02761082529961
Normal,286,P_1944059,0.0,0.0
Normal,286,P_1944063,0.0,-17.123125411409987
Normal,286,P_1945002,12.2,27.089719173128728
Normal,286,P_1945008,0.0,-16.182297514812944
Normal,286,P_1946000,0.0,7.327445762527056
Normal,286,P_2044008,0.0,0.0
Normal,286,P_2044016,0.0,0.0
Normal,286,P_2044024,0.0,0.0
Normal,286,P_2044042,0.0,0.0
Normal,286,P_2045002,0.0,0.0
Normal,286,P_2046013,0.0,0.0
Normal,286,Q_40032000,24.0814,7.054006245208993
Normal,286,Q_40050000,210.127,0.0
Normal,286,Q_40060001,23.8208,70.0345701534917
Normal,286,Q_40100000,407.253,307.12207119930895
Normal,286,Q_40185000,27.1366,0.0
Normal,286,Q_40330000,103.624,26.48148493641543
Normal,286,Q_40800001,78.1549,0.0
Normal,286,Q_40850000,141.614,48.26674021227453
Normal,286,Q_40930000,28.1403,26.15803665778522
Normal,287,P_1944059,0.0,0.0
Normal,287,P_1944063,2.2,0.0
Normal,287,P_1945002,0.0,-8.827793156931337
Normal,287,P_1945008,0.0,-11.601485941045462
Normal,287,P_1946000,0.0,0.0
Normal,287,P_2044008,0.0,-4.9838136987698505
Normal,287,P_2044016,0.0,-3.311670974005665
Normal,287,P_2044024,0.0,0.0
Normal,287,P_2044042,0.0,0.0
Normal,287,P_2045002,0.0,0.0
Normal,287,P_2046013,0.0,-3.777482780654635
Normal,287,Q_40032000,8.6413,-7.546662782637397
Normal,287,Q_40050000,40.9265,0.0
Normal,287,Q_40060001,4.9855,-28.659296637755368
Normal,287,Q_40100000,114.822,-84.01979921217116
Normal,287,Q_40185000,16.4869,0.0
Normal,287,Q_40330000,55.0332,-30.730809023757246
Normal,287,Q_40800001,61.1447,0.0
Normal,287,Q_40850000,94.732,0.0
Normal,287,Q_40930000,11.4249,-10.808658645932494
Normal,288,P_1944059,0.0,0.0
Normal,288,P_1944063,0.0,-12.276957853676931
Normal,288,P_1945002,0.0,-10.238357553439403
Normal,288,P_1945008,0.0,-12.71345494237092
Normal,288,P_1946000,0.0,0.0
Normal,288,P_2044008,0.0,-6.089656460744472
Normal,288,P_2044016,0.0,-5.117368474849371
Normal,288,P_2044024,0.0,0.0
Normal,288,P_2044042,0.0,0.0
Normal,288,P_2045002,0.0,0.0
Normal,288,P_2046013,0.0,0.0
Normal,288,Q_40032000,14.4597,0.0
Normal,288,Q_40050000,56.5818,0.0
Normal,288,Q_40060001,9.4737,-7.742869074040383
Normal,288,Q_40100000,170.284,-11.623802966283654
Normal,288,Q_40185000,10.1356,0.0
Normal,288,Q_40330000,49.1448,-38.27951710384539
Normal,288,Q_40800001,63.9725,0.0
Normal,288,Q_40850000,83.9466,-5.870233795613416
Normal,288,Q_40930000,6.687,-22.36771434559354
Normal,289,P_1944059,0.0,0.0
Normal,289,P_1944063,0.0,-12.288551354963866
Normal,289,P_1945002,0.0,-10.120096181177438
Normal,289,P_1945008,0.0,-12.582950516508742
Normal,289,P_1946000,0.0,0.0
Normal,289,P_2044008,0.0,-7.067581676774353
Normal,289,P_2044016,0.0,0.0
Normal,289,P_2044024,0.0,0.0
Normal,289,P_2044042,0.0,0.0
Normal,289,P_2045002,0.0,0.0
Normal,289,P_2046013,0.0,0.0
Normal,289,Q_40032000,12.2852,0.0
Normal,289,Q_40050000,67.9518,0.0
Normal,289,Q_40060001,7.2136,-19.381152491069088
Normal,289,Q_40100000,111.951,-88.46242085226577
Normal,289,Q_40185000,8.1222,0.0
Normal,289,Q_40330000,30.0259,-60.687859581419744
Normal,289,Q_40800001,23.4079,-8.05357307653137
Normal,289,Q_40850000,30.5535,-58.469686478132566
Normal,289,Q_40930000,7.349,-21.554983091106685
Normal,290,P_1944059,0.0,0.0
Normal,290,P_1944063,0.0,-13.883488925241238
Normal,290,P_1945002,0.0,-11.316296477269068
Normal,290,P_1945008,0.0,-13.934209957930886
Normal,290,P_1946000,0.0,0.0
Normal,290,P_2044008,0.0,-6.342965474225451
Normal,290,P_2044016,0.0,0.0
Normal,290,P_2044024,0.0,0.0
Normal,290,P_2044042,0.0,0.0
Normal,290,P_2045002,0.0,0.0
Normal,290,P_2046013,0.0,0.0
Normal,290,Q_40032000,18.6166,0.0
Normal,290,Q_40050000,122.552,0.0
Normal,290,Q_40060001,9.2602,-9.383693384000711
Normal,290,Q_40100000,221.514,55.78797876177895
Normal,290,Q_40185000,22.6724,0.0
Normal,290,Q_40330000,52.6491,-34.29394897497575
Normal,290,Q_40800001,45.2532,-3.790187157855929
Normal,290,Q_40850000,66.6021,-23.40535959424761
Normal,290,Q_40930000,11.5878,-11.480112460708522
Normal,291,P_1944059,0.0,0.0
Normal,291,P_1944063,0.0,-11.952297694887346
Normal,291,P_1945002,0.0,-9.525003076835029
Normal,291,P_1945008,0.0,-12.7362211903593
Normal,291,P_1946000,0.0,0.0
Normal,291,P_2044008,0.0,-6.840861281047694
Normal,291,P_2044016,0.0,0.0
Normal,291,P_2044024,0.0,0.0
Normal,291,P_2044042,0.0,0.0
Normal,291,P_2045002,0.0,0.0
Normal,291,P_2046013,0.0,0.0
Normal,291,Q_40032000,9.0278,-7.733803635610519
Normal,291,Q_40050000,30.0812,0.0
Normal,291,Q_40060001,6.0668,-23.902689007506442
Normal,291,Q_40100000,89.8358,-116.03953551930172
Normal,291,Q_40185000,7.3583,0.0
Normal,291,Q_40330000,32.9749,-57.51641685202752
Normal,291,Q_40800001,31.7295,0.0
Normal,291,Q_40850000,47.0062,-41.85724764901752
Normal,291,Q_40930000,3.1479,-30.560842625778427
Normal,292,P_1944059,0.0,0.0
Normal,292,P_1944063,0.0,-11.649239893783525
Normal,292,P_1945002,0.0,-9.3453465287117
Normal,292,P_1945008,0.0,-11.989264057610454
Normal,292,P_1946000,0.0,0.0
Normal,292,P_2044008,0.0,0.0
Normal,292,P_2044016,0.0,0.0
Normal,292,P_2044024,0.0,0.0
Normal,292,P_2044042,0.0,0.0
Normal,292,P_2045002,0.0,0.0
Normal,292,P_2046013,0.0,0.0
Normal,292,Q_40032000,8.6413,-7.8709655631619
Normal,292,Q_40050000,28.2101,0.0
Normal,292,Q_40060001,5.4278,-26.9782964736003
Normal,292,Q_40100000,83.2504,-124.59109269068786
Normal,292,Q_40185000,6.9856,0.0
Normal,292,Q_40330000,38.1066,-51.56456934449229
Normal,292,Q_40800001,29.2371,-7.8390429669311175
Normal,292,Q_40850000,40.2954,-48.52843742459699
Normal,292,Q_40930000,2.88,-30.929452163014098
Normal,293,P_1944059,0.0,0.0
Normal,293,P_1944063,2.6,0.0
Normal,293,P_1945002,0.0,-9.756630582481305
Normal,293,P_1945008,0.0,-12.355974065355872
Normal,293,P_1946000,0.0,0.0
Normal,293,P_2044008,0.0,-5.979003213460274
Normal,293,P_2044016,0.0,0.0
Normal,293,P_2044024,0.0,0.0
Normal,293,P_2044042,0.0,0.0
Normal,293,P_2045002,0.0,0.0
Normal,293,P_2046013,0.0,-4.449857762459601
Normal,293,Q_40032000,9.3865,-7.704710548171958
Normal,293,Q_40050000,57.5075,0.0
Normal,293,Q_40060001,8.9429,-10.25970863438891
Normal,293,Q_40100000,154.553,-33.69190841463245
Normal,293,Q_40185000,8.5372,0.0
Normal,293,Q_40330000,30.9979,-60.08525815626257
Normal,293,Q_40800001,41.2597,0.0
Normal,293,Q_40850000,54.6647,-34.44420977841305
Normal,293,Q_40930000,6.4003,-23.685627957800218
Normal,294,P_1944059,0.0,0.0
Normal,294,P_1944063,0.9,-8.40668016639765
Normal,294,P_1945002,38.5,66.7389924144105
Normal,294,P_1945008,13.1,16.847192419936583
Normal,294,P_1946000,8.6,-6.93189150683736
Normal,294,P_2044008,0.0,0.0
Normal,294,P_2044016,0.0,0.0
Normal,294,P_2044024,0.2,0.0
Normal,294,P_2044042,0.0,0.0
Normal,294,P_2045002,0.0,0.0
Normal,294,P_2046013,0.0,0.0
Normal,294,Q_40032000,150.564,216.47560407340643
Normal,294,Q_40050000,85.8019,0.0
Normal,294,Q_40060001,15.0362,20.841193248647805
Normal,294,Q_40100000,243.177,78.80752134308683
Normal,294,Q_40185000,17.9729,0.0
Normal,294,Q_40330000,63.0395,-22.622426270611715
Normal,294,Q_40800001,72.5984,0.0
Normal,294,Q_40850000,133.811,39.19910747649978
Normal,294,Q_40930000,23.1116,13.443978811463872
Normal,295,P_1944059,1.0,0.0
Normal,295,P_1944063,0.0,-11.70179912074589
Normal,295,P_1945002,5.8,0.0
Normal,295,P_1945008,0.0,-11.457701296260032
Normal,295,P_1946000,0.0,9.78260687271804
Normal,295,P_2044008,0.0,0.0
Normal,295,P_2044016,0.0,0.0
Normal,295,P_2044024,0.0,0.0
Normal,295,P_2044042,0.0,0.0
Normal,295,P_2045002,0.0,0.0
Normal,295,P_2046013,35.6,28.193354130688306
Normal,295,Q_40032000,53.9263,41.33983719349675
Normal,295,Q_40050000,155.443,0.0
Normal,295,Q_40060001,13.0921,13.324655323382066
Normal,295,Q_40100000,243.177,90.1212920593823
Normal,295,Q_40185000,14.5717,0.0
Normal,295,Q_40330000,48.5692,-39.78423331424962
Normal,295,Q_40800001,41.5058,0.0
Normal,295,Q_40850000,64.0885,-26.10738594402876
Normal,295,Q_40930000,20.8512,11.209126583753113
Normal,296,P_1944059,24.2,20.11192588110668
Normal,296,P_1944063,33.1,85.54118233376155
Normal,296,P_1945002,4.5,0.0
Normal,296,P_1945008,0.0,-12.813768574709519
Normal,296,P_1946000,14.0,-16.951679120111883
Normal,296,P_2044008,20.7,18.873200911220987
Normal,296,P_2044016,27.7,15.746064011465377
Normal,296,P_2044024,0.0,0.0
Normal,296,P_2044042,5.8,0.0
Normal,296,P_2045002,6.6,0.0
Normal,296,P_2046013,2.0,0.0
Normal,296,Q_40032000,21.5477,0.0
Normal,296,Q_40050000,98.1989,0.0
Normal,296,Q_40060001,13.932,17.324804426561837
Normal,296,Q_40100000,168.651,-14.95451456441595
Normal,296,Q_40185000,33.6846,0.0
Normal,296,Q_40330000,77.4552,0.0
Normal,296,Q_40800001,50.7181,0.0
Normal,296,Q_40850000,59.1871,-33.159739964528484
Normal,296,Q_40930000,12.3235,-10.61156562565185
Normal,297,P_1944059,0.0,0.0
Normal,297,P_1944063,12.3,29.576802799052587
Normal,297,P_1945002,0.0,-8.752943795928388
Normal,297,P_1945008,0.0,-11.23130880741409
Normal,297,P_1946000,0.0,0.0
Normal,297,P_2044008,0.0,-5.360840387174663
Normal,297,P_2044016,0.0,0.0
Normal,297,P_2044024,0.0,0.0
Normal,297,P_2044042,0.0,0.0
Normal,297,P_2045002,0.0,0.0
Normal,297,P_2046013,0.0,0.0
Normal,297,Q_40032000,9.0011,-7.8638146094803645
Normal,297,Q_40050000,46.8883,0.0
Normal,297,Q_40060001,3.2663,-39.00658006880771
Normal,297,Q_40100000,95.2181,-110.4643418793771
Normal,297,Q_40185000,9.3129,0.0
Normal,297,Q_40330000,32.9749,-58.611273302651234
Normal,297,Q_40800001,54.1836,0.0
Normal,297,Q_40850000,51.4322,-38.353134692736056
Normal,297,Q_40930000,7.349,-21.08019557984665
Normal,298,P_1944059,2.0,0.0
Normal,298,P_1944063,4.5,0.0
Normal,298,P_1945002,0.0,-5.733404830128297
Normal,298,P_1945008,0.0,-9.717390352498617
Normal,298,P_1946000,5.4,0.0
Normal,298,P_2044008,0.3,0.0
Normal,298,P_2044016,30.7,27.23524072376173
Normal,298,P_2044024,11.0,0.0
Normal,298,P_2044042,33.3,0.0
Normal,298,P_2045002,0.0,0.0
Normal,298,P_2046013,0.0,0.0
Normal,298,Q_40032000,14.8154,-4.404334577772029
Normal,298,Q_40050000,43.38,-2.8355215791462456
Normal,298,Q_40060001,3.3428,-36.22276911749668
Normal,298,Q_40100000,66.9,-141.62716424721202
Normal,298,Q_40185000,6.2595,0.0
Normal,298,Q_40330000,20.5161,-70.36749035142495
Normal,298,Q_40800001,56.0293,0.0
Normal,298,Q_40850000,43.3078,-44.363000038341404
Normal,298,Q_40930000,4.727,-26.085016779300457
Normal,299,P_1944059,0.0,0.0
Normal,299,P_1944063,0.0,-11.57929330299279
Normal,299,P_1945002,0.0,-9.121851761282924
Normal,299,P_1945008,0.0,-12.312666748618868
Normal,299,P_1946000,0.0,0.0
Normal,299,P_2044008,0.0,-7.0585385695329705
Normal,299,P_2044016,0.0,0.0
Normal,299,P_2044024,0.0,0.0
Normal,299,P_2044042,0.0,0.0
Normal,299,P_2045002,0.0,0.0
Normal,299,P_2046013,0.0,0.0
Normal,299,Q_40032000,9.0278,-8.481628766360275
Normal,299,Q_40050000,31.813,0.0
Normal,299,Q_40060001,6.442,-22.334687845286798
Normal,299,Q_40100000,93.8632,-111.09774552091456
Normal,299,Q_40185000,8.1222,0.0
Normal,299,Q_40330000,34.4864,-55.286657706694676
Normal,299,Q_40800001,33.4105,0.0
Normal,299,Q_40850000,42.7002,-46.79031016268719
Normal,299,Q_40930000,3.6949,-29.02506109721922
Normal,300,P_1944059,0.0,0.0
Normal,300,P_1944063,0.0,-11.19252685408998
Normal,300,P_1945002,0.0,-9.665779564410569
Normal,300,P_1945008,0.0,-12.178922858120918
Normal,300,P_1946000,0.0,0.0
Normal,300,P_2044008,0.0,-6.85433904896729
Normal,300,P_2044016,0.0,0.0
Normal,300,P_2044024,0.0,0.0
Normal,300,P_2044042,0.0,0.0
Normal,300,P_2045002,0.0,0.0
Normal,300,P_2046013,0.0,0.0
Normal,300,Q_40032000,8.6394,-8.394176728334244
Normal,300,Q_40050000,40.9373,0.0
Normal,300,Q_40060001,4.8985,-29.110847508480752
Normal,300,Q_40100000,65.8237,-146.52896150427625
Normal,300,Q_40185000,10.2333,0.0
Normal,300,Q_40330000,36.5392,-53.072724228263624
Normal,300,Q_40800001,41.2597,0.0
Normal,300,Q_40850000,61.6168,-28.09682342762458
Normal,300,Q_40930000,4.0291,-28.06459830394397
Normal,301,P_1944059,0.0,0.0
Normal,301,P_1944063,0.0,-10.340920161784544
Normal,301,P_1945002,4.6,0.0
Normal,301,P_1945008,19.8,39.727612941022684
Normal,301,P_1946000,0.0,0.0
Normal,301,P_2044008,0.0,-5.419366031106364
Normal,301,P_2044016,0.0,0.0
Normal,301,P_2044024,0.0,0.0
Normal,301,P_2044042,0.0,0.0
Normal,301,P_2045002,0.0,0.0
Normal,301,P_2046013,0.0,0.0
Normal,301,Q_40032000,8.6413,-6.922885383625721
Normal,301,Q_40050000,23.923,0.0
Normal,301,Q_40060001,4.726,-31.673242357581906
Normal,301,Q_40100000,122.102,-75.21104835724033
Normal,301,Q_40185000,7.7372,0.0
Normal,301,Q_40330000,27.1774,-65.54742306676394
Normal,301,Q_40800001,34.2567,-5.935173801448827
Normal,301,Q_40850000,52.7182,-37.15828691831086
Normal,301,Q_40930000,6.8988,-21.89803732424266
Normal,302,P_1944059,0.0,0.0
Normal,302,P_1944063,0.7,-9.527604704794086
Normal,302,P_1945002,0.0,-10.753223057939769
Normal,302,P_1945008,0.0,-12.661743780930212
Normal,302,P_1946000,0.0,0.0
Normal,302,P_2044008,0.0,-5.103731221514543
Normal,302,P_2044016,0.0,-3.888432474686219
Normal,302,P_2044024,0.0,0.0
Normal,302,P_2044042,0.0,0.0
Normal,302,P_2045002,20.7,0.0
Normal,302,P_2046013,3.0,0.0
Normal,302,Q_40032000,14.0168,0.0
Normal,302,Q_40050000,175.032,0.0
Normal,302,Q_40060001,9.0483,-8.9686391947821
Normal,302,Q_40100000,298.109,156.22907187635283
Normal,302,Q_40185000,21.0667,0.0
Normal,302,Q_40330000,70.1141,-12.344774784520979
Normal,302,Q_40800001,110.909,0.0
Normal,302,Q_40850000,101.472,11.824590718455
Normal,302,Q_40930000,14.1721,-4.821368797659897
Normal,303,P_1944059,0.0,0.0
Normal,303,P_1944063,0.0,-12.930061566646264
Normal,303,P_1945002,0.0,-11.020634398547735
Normal,303,P_1945008,0.0,-12.998479790382163
Normal,303,P_1946000,0.0,0.0
Normal,303,P_2044008,0.0,-6.427638714398573
Normal,303,P_2044016,0.0,0.0
Normal,303,P_2044024,0.0,0.0
Normal,303,P_2044042,0.0,0.0
Normal,303,P_2045002,0.0,0.0
Normal,303,P_2046013,0.0,0.0
Normal,303,Q_40032000,13.1428,-5.321395172229501
Normal,303,Q_40050000,61.5239,0.0
Normal,303,Q_40060001,9.4737,-7.453767756217395
Normal,303,Q_40100000,173.564,-8.101255134533988
Normal,303,Q_40185000,17.473,0.0
Normal,303,Q_40330000,58.0662,-27.860917742003274
Normal,303,Q_40800001,64.9201,0.0
Normal,303,Q_40850000,83.2476,-7.099604657949193
Normal,303,Q_40930000,7.9986,-19.593665430518136
Normal,304,P_1944059,11.3,4.951237696093961
Normal,304,P_1944063,3.0,0.0
Normal,304,P_1945002,0.0,0.0
Normal,304,P_1945008,0.0,-13.973749253302003
Normal,304,P_1946000,0.0,5.634948701136033
Normal,304,P_2044008,0.0,0.0
Normal,304,P_2044016,13.8,7.394440235359078
Normal,304,P_2044024,24.3,3.7012923165850684
Normal,304,P_2044042,45.0,5.083631314968578
Normal,304,P_2045002,1.6,0.0
Normal,304,P_2046013,0.0,0.0
Normal,304,Q_40032000,12.7119,0.0
Normal,304,Q_40050000,52.0784,0.0
Normal,304,Q_40060001,11.4632,0.0
Normal,304,Q_40100000,352.356,221.0464922064089
Normal,304,Q_40185000,24.872,0.0
Normal,304,Q_40330000,80.1893,0.0
Normal,304,Q_40800001,109.795,4.08896840953652
Normal,304,Q_40850000,127.036,30.528289672696257
Normal,304,Q_40930000,72.8246,125.66128370818518
Normal,305,P_1944059,0.0,0.0
Normal,305,P_1944063,0.0,-12.739895639525319
Normal,305,P_1945002,0.0,-10.205645837231907
Normal,305,P_1945008,0.0,-12.45655335119509
Normal,305,P_1946000,0.0,0.0
Normal,305,P_2044008,0.0,-6.41682899054754
Normal,305,P_2044016,0.0,-4.667647204203973
Normal,305,P_2044024,0.0,0.0
Normal,305,P_2044042,0.0,0.0
Normal,305,P_2045002,0.0,0.0
Normal,305,P_2046013,0.0,0.0
Normal,305,Q_40032000,14.0168,0.0
Normal,305,Q_40050000,55.8191,0.0
Normal,305,Q_40060001,9.4737,-7.848236467667914
Normal,305,Q_40100000,165.402,-18.433176387871015
Normal,305,Q_40185000,9.3129,0.0
Normal,305,Q_40330000,52.0591,-35.01938272624581
Normal,305,Q_40800001,56.4827,0.0
Normal,305,Q_40850000,75.7264,-14.081470746777066
Normal,305,Q_40930000,6.687,-22.509200687941842
Normal,306,P_1944059,0.0,0.0
Normal,306,P_1944063,0.0,-11.869604737780847
Normal,306,P_1945002,0.0,-10.169715980444066
Normal,306,P_1945008,0.0,-12.100847779356698
Normal,306,P_1946000,0.0,0.0
Normal,306,P_2044008,0.0,-5.0377506168780455
Normal,306,P_2044016,0.0,0.0
Normal,306,P_2044024,0.0,0.0
Normal,306,P_2044042,0.0,0.0
Normal,306,P_2045002,0.0,0.0
Normal,306,P_2046013,0.0,-4.048167835012606
Normal,306,Q_40032000,19.0965,0.0
Normal,306,Q_40050000,97.3219,0.0
Normal,306,Q_40060001,8.3191,-11.793515231608232
Normal,306,Q_40100000,183.522,0.0
Normal,306,Q_40185000,14.5717,0.0
Normal,306,Q_40330000,45.7281,-41.069745300424636
Normal,306,Q_40800001,38.483,-3.5539979753013498
Normal,306,Q_40850000,55.9738,-32.91856698797823
Normal,306,Q_40930000,57.0135,95.75406483526474
Normal,307,P_1944059,0.0,0.0
Normal,307,P_1944063,0.0,-11.789682931370667
Normal,307,P_1945002,0.0,-9.112167744259184
Normal,307,P_1945008,0.0,-12.45792926041214
Normal,307,P_1946000,0.0,0.0
Normal,307,P_2044008,0.0,-6.778482523098091
Normal,307,P_2044016,0.0,0.0
Normal,307,P_2044024,2.0,0.0
Normal,307,P_2044042,0.0,0.0
Normal,307,P_2045002,0.0,0.0
Normal,307,P_2046013,0.0,0.0
Normal,307,Q_40032000,15.0028,0.0
Normal,307,Q_40050000,69.8501,0.0
Normal,307,Q_40060001,6.0668,-24.973099372625374
Normal,307,Q_40100000,134.043,-60.36812097925696
Normal,307,Q_40185000,6.9856,0.0
Normal,307,Q_40330000,34.4864,-56.576143175535655
Normal,307,Q_40800001,24.5869,-7.09708463991584
Normal,307,Q_40850000,34.4681,-54.800549428144876
Normal,307,Q_40930000,8.0325,-20.33771133419805
Normal,308,P_1944059,0.0,0.0
Normal,308,P_1944063,0.0,-9.228144194028076
Normal,308,P_1945002,0.0,-7.8223016543059005
Normal,308,P_1945008,17.3,37.11303982023593
Normal,308,P_1946000,18.2,-14.926621006570384
Normal,308,P_2044008,0.0,-5.74396160499854
Normal,308,P_2044016,3.8,0.0
Normal,308,P_2044024,0.3,0.0
Normal,308,P_2044042,6.1,0.0
Normal,308,P_2045002,11.2,0.0
Normal,308,P_2046013,4.4,0.0
Normal,308,Q_40032000,11.8626,-5.798940245611618
Normal,308,Q_40050000,86.5982,0.0
Normal,308,Q_40060001,6.3475,-21.907439096985204
Normal,308,Q_40100000,135.561,-56.9689497378787
Normal,308,Q_40185000,14.5717,0.0
Normal,308,Q_40330000,49.1448,-37.503077456700495
Normal,308,Q_40800001,65.8701,0.0
Normal,308,Q_40850000,96.9564,0.0
Normal,308,Q_40930000,9.8952,-14.937651163145784
Normal,309,P_1944059,0.0,0.0
Normal,309,P_1944063,0.0,-12.015506825575233
Normal,309,P_1945002,0.0,-10.340888211745634
Normal,309,P_1945008,0.0,-12.76219716411507
Normal,309,P_1946000,0.0,0.0
Normal,309,P_2044008,0.0,-6.021373634615884
Normal,309,P_2044016,0.0,0.0
Normal,309,P_2044024,0.0,0.0
Normal,309,P_2044042,0.0,0.0
Normal,309,P_2045002,0.0,0.0
Normal,309,P_2046013,0.0,0.0
Normal,309,Q_40032000,11.8626,-6.672679118495631
Normal,309,Q_40050000,44.2768,0.0
Normal,309,Q_40060001,8.422,-13.350287156034861
Normal,309,Q_40100000,137.083,-56.2922193915507
Normal,309,Q_40185000,11.8472,0.0
Normal,309,Q_40330000,38.1066,-52.06386900650523
Normal,309,Q_40800001,46.4662,0.0
Normal,309,Q_40850000,61.6168,-28.639219534298853
Normal,309,Q_40930000,5.0915,-26.174998191582848
Normal,310,P_1944059,0.0,0.0
Normal,310,P_1944063,0.0,-12.78317015961147
Normal,310,P_1945002,0.0,-10.165297100908878
Normal,310,P_1945008,0.0,-13.074475829378045
Normal,310,P_1946000,0.0,0.0
Normal,310,P_2044008,0.0,-6.710602463853434
Normal,310,P_2044016,0.0,0.0
Normal,310,P_2044024,0.0,0.0
Normal,310,P_2044042,0.0,0.0
Normal,310,P_2045002,0.0,0.0
Normal,310,P_2046013,0.0,0.0
Normal,310,Q_40032000,13.7968,0.0
Normal,310,Q_40050000,80.0655,0.0
Normal,310,Q_40060001,8.422,-13.04979760308815
Normal,310,Q_40100000,132.531,-62.52634977737563
Normal,310,Q_40185000,9.3129,0.0
Normal,310,Q_40330000,33.9799,-56.98865972016008
Normal,310,Q_40800001,27.441,-7.137084445834311
Normal,310,Q_40850000,36.7667,-52.83572397888792
Normal,310,Q_40930000,11.2229,-12.845692267726713
Normal,311,P_1944059,0.0,0.0
Normal,311,P_1944063,0.0,-11.640534099433552
Normal,311,P_1945002,0.0,-9.531310315684879
Normal,311,P_1945008,0.0,-12.654604921514842
Normal,311,P_1946000,0.0,0.0
Normal,311,P_2044008,0.0,-6.618064471900311
Normal,311,P_2044016,0.0,0.0
Normal,311,P_2044024,0.0,0.0
Normal,311,P_2044042,0.0,0.0
Normal,311,P_2045002,0.0,0.0
Normal,311,P_2046013,0.0,0.0
Normal,311,Q_40032000,9.815,-7.467803503579277
Normal,311,Q_40050000,32.9926,0.0
Normal,311,Q_40060001,6.5369,-21.951166100626022
Normal,311,Q_40100000,99.3198,-104.37856303631258
Normal,311,Q_40185000,8.5132,0.0
Normal,311,Q_40330000,35.5075,-54.979174381233406
Normal,311,Q_40800001,35.1065,0.0
Normal,311,Q_40850000,45.7634,-43.15897393561947
Normal,311,Q_40930000,3.9737,-28.404398449084404
Normal,312,P_1944059,0.0,0.0
Normal,312,P_1944063,0.0,-11.755353953101444
Normal,312,P_1945002,0.0,-9.23040210908413
Normal,312,P_1945008,0.0,-12.884884196003599
Normal,312,P_1946000,0.0,0.0
Normal,312,P_2044008,0.0,-7.158867968829213
Normal,312,P_2044016,0.0,0.0
Normal,312,P_2044024,0.0,0.0
Normal,312,P_2044042,0.0,0.0
Normal,312,P_2045002,0.0,0.0
Normal,312,P_2046013,0.0,0.0
Normal,312,Q_40032000,8.6413,-8.555575132548121
Normal,312,Q_40050000,28.3947,0.0
Normal,312,Q_40060001,5.5177,-26.610225932032282
Normal,312,Q_40100000,83.2504,-124.24252711075704
Normal,312,Q_40185000,6.9856,0.0
Normal,312,Q_40330000,35.5075,-54.40714869026662
Normal,312,Q_40800001,29.2371,0.0
Normal,312,Q_40850000,41.4926,-47.3578153882653
Normal,312,Q_40930000,2.88,-30.571111581757183
Normal,313,P_1944059,0.0,0.0
Normal,313,P_1944063,0.0,-12.278549260482249
Normal,313,P_1945002,0.0,-9.711018731344614
Normal,313,P_1945008,0.0,-12.988520575865152
Normal,313,P_1946000,0.0,0.0
Normal,313,P_2044008,0.0,-6.394225768838567
Normal,313,P_2044016,0.0,0.0
Normal,313,P_2044024,0.0,0.0
Normal,313,P_2044042,0.0,0.0
Normal,313,P_2045002,0.0,0.0
Normal,313,P_2046013,0.0,0.0
Normal,313,Q_40032000,10.2156,-7.244587291495551
Normal,313,Q_40050000,35.0031,0.0
Normal,313,Q_40060001,6.921,-19.955604762199386
Normal,313,Q_40100000,107.687,-93.96350353186016
Normal,313,Q_40185000,9.3129,0.0
Normal,313,Q_40330000,37.5815,-52.13654237178672
Normal,313,Q_40800001,39.4092,0.0
Normal,313,Q_40850000,48.8886,-40.81505340073616
Normal,313,Q_40930000,4.1869,-27.37836264245051
Normal,314,P_1944059,19.2,12.681818285258029
Normal,314,P_1944063,13.9,20.63398036777295
Normal,314,P_1945002,24.3,27.761752635073044
Normal,314,P_1945008,40.0,65.32566831441018
Normal,314,P_1946000,0.0,0.0
Normal,314,P_2044008,12.5,0.0
Normal,314,P_2044016,32.5,17.222828694561606
Normal,314,P_2044024,61.0,57.946053914887145
Normal,314,P_2044042,13.5,0.0
Normal,314,P_2045002,8.3,0.0
Normal,314,P_2046013,0.0,0.0
Normal,314,Q_40032000,16.7026,0.0
Normal,314,Q_40050000,72.5439,0.0
Normal,314,Q_40060001,6.0668,-27.356222228366956
Normal,314,Q_40100000,111.951,-92.1465539746448
Normal,314,Q_40185000,8.9101,0.0
Normal,314,Q_40330000,47.4254,-43.367063759004296
Normal,314,Q_40800001,67.6398,0.0
Normal,314,Q_40850000,61.0054,-31.10703368759187
Normal,314,Q_40930000,17.6658,0.0
Normal,315,P_1944059,13.6,12.33666335691188
Normal,315,P_1944063,19.7,72.97839830279473
Normal,315,P_1945002,0.0,0.0
Normal,315,P_1945008,0.0,-14.785782003827364
Normal,315,P_1946000,5.1,0.0
Normal,315,P_2044008,10.7,4.0041543595691955
Normal,315,P_2044016,0.0,0.0
Normal,315,P_2044024,0.2,0.0
Normal,315,P_2044042,6.1,0.0
Normal,315,P_2045002,1.4,0.0
Normal,315,P_2046013,1.2,0.0
Normal,315,Q_40032000,25.0402,6.515873440601482
Normal,315,Q_40050000,77.2066,0.0
Normal,315,Q_40060001,15.5355,24.713822254420663
Normal,315,Q_40100000,228.278,67.807114244661
Normal,315,Q_40185000,26.7943,0.0
Normal,315,Q_40330000,97.2953,19.797401657982693
Normal,315,Q_40800001,156.183,12.584760799983501
Normal,315,Q_40850000,172.798,82.53375232503858
Normal,315,Q_40930000,15.7689,0.0
Normal,316,P_1944059,0.0,0.0
Normal,316,P_1944063,0.0,-9.221083788019618
Normal,316,P_1945002,9.9,0.0
Normal,316,P_1945008,0.0,-11.327026247558345
Normal,316,P_1946000,0.0,0.0
Normal,316,P_2044008,0.0,-4.965120428729961
Normal,316,P_2044016,0.0,0.0
Normal,316,P_2044024,0.0,0.0
Normal,316,P_2044042,0.0,0.0
Normal,316,P_2045002,0.0,0.0
Normal,316,P_2046013,0.0,0.0
Normal,316,Q_40032000,10.6207,-6.1601260364814205
Normal,316,Q_40050000,48.5199,0.0
Normal,316,Q_40060001,5.2495,-27.28095653005763
Normal,316,Q_40100000,65.6775,-147.52736568913681
Normal,316,Q_40185000,6.2595,0.0
Normal,316,Q_40330000,11.688,-82.47704023271842
Normal,316,Q_40800001,18.5374,-7.304053835706054
Normal,316,Q_40850000,24.6941,-62.85998602688478
Normal,316,Q_40930000,6.676,-20.73778502225427
Normal,317,P_1944059,0.0,0.0
Normal,317,P_1944063,0.6,-10.600406603283476
Normal,317,P_1945002,0.0,-10.983323649414787
Normal,317,P_1945008,0.0,-13.255954227219485
Normal,317,P_1946000,6.2,0.0
Normal,317,P_2044008,0.0,-5.6955786497521865
Normal,317,P_2044016,0.0,-4.361329274748826
Normal,317,P_2044024,0.0,0.0
Normal,317,P_2044042,0.0,0.0
Normal,317,P_2045002,0.0,0.0
Normal,317,P_2046013,0.0,0.0
Normal,317,Q_40032000,12.0209,-5.598204306871133
Normal,317,Q_40050000,79.6744,0.0
Normal,317,Q_40060001,13.3303,0.0
Normal,317,Q_40100000,242.652,84.77473540060413
Normal,317,Q_40185000,15.0211,0.0
Normal,317,Q_40330000,55.6351,-29.959342720290707
Normal,317,Q_40800001,53.3963,0.0
Normal,317,Q_40850000,71.7541,-18.26912168034087
Normal,317,Q_40930000,10.5782,-13.02643615601513
Normal,318,P_1944059,5.2,0.0
Normal,318,P_1944063,7.0,17.611097901792437
Normal,318,P_1945002,0.0,-7.933452038309797
Normal,318,P_1945008,5.2,0.0
Normal,318,P_1946000,0.0,0.0
Normal,318,P_2044008,0.0,-4.165218620502122
Normal,318,P_2044016,0.5,-2.1773518395910827
Normal,318,P_2044024,5.5,0.0
Normal,318,P_2044042,0.3,0.0
Normal,318,P_2045002,0.0,0.0
Normal,318,P_2046013,0.0,0.0
Normal,318,Q_40032000,14.4597,-2.67722360183303
Normal,318,Q_40050000,54.8098,0.0
Normal,318,Q_40060001,9.4737,-5.930480885699306
Normal,318,Q_40100000,162.172,-19.722250805959263
Normal,318,Q_40185000,12.2885,0.0
Normal,318,Q_40330000,56.2394,-28.345545300808993
Normal,318,Q_40800001,59.2721,0.0
Normal,318,Q_40850000,70.4506,-17.319164612395227
Normal,318,Q_40930000,6.2714,-21.66662938824483
Normal,319,P_1944059,0.0,0.0
Normal,319,P_1944063,0.0,-12.183517632964117
Normal,319,P_1945002,0.0,-10.375960536311696
Normal,319,P_1945008,0.0,-12.393538327385281
Normal,319,P_1946000,0.0,0.0
Normal,319,P_2044008,0.0,-6.59462062370671
Normal,319,P_2044016,0.0,0.0
Normal,319,P_2044024,0.0,0.0
Normal,319,P_2044042,0.0,0.0
Normal,319,P_2045002,0.0,0.0
Normal,319,P_2046013,0.0,0.0
Normal,319,Q_40032000,15.8119,0.0
Normal,319,Q_40050000,77.6573,0.0
Normal,319,Q_40060001,6.8243,-20.777326710131785
Normal,319,Q_40100000,128.028,-68.4536814583691
Normal,319,Q_40185000,9.7214,0.0
Normal,319,Q_40330000,40.7711,-49.142044577509026
Normal,319,Q_40800001,40.6468,-4.857373582624319
Normal,319,Q_40850000,59.1871,-30.761861221611486
Normal,319,Q_40930000,6.676,-22.847390712343937
Normal,320,P_1944059,0.0,0.0
Normal,320,P_1944063,0.0,-11.825038072826931
Normal,320,P_1945002,0.0,-10.313239205066983
Normal,320,P_1945008,0.0,-12.3316755333202
Normal,320,P_1946000,0.0,0.0
Normal,320,P_2044008,0.0,-6.7200393939988885
Normal,320,P_2044016,0.0,0.0
Normal,320,P_2044024,0.0,0.0
Normal,320,P_2044042,0.0,0.0
Normal,320,P_2045002,0.0,0.0
Normal,320,P_2046013,0.0,0.0
Normal,320,Q_40032000,10.6207,-6.8457516402423595
Normal,320,Q_40050000,37.6995,0.0
Normal,320,Q_40060001,7.312,-19.12603314869284
Normal,320,Q_40100000,114.822,-85.06608747298245
Normal,320,Q_40185000,9.3129,0.0
Normal,320,Q_40330000,40.2331,-49.02420280583981
Normal,320,Q_40800001,38.5417,0.0
Normal,320,Q_40850000,51.4322,-38.22661736221185
Normal,320,Q_40930000,4.54,-27.161026377657915
Normal,321,P_1944059,0.0,0.0
Normal,321,P_1944063,0.0,-12.13858343676142
Normal,321,P_1945002,0.0,-10.680087733646221
Normal,321,P_1945008,0.0,-12.701038161336397
Normal,321,P_1946000,0.0,0.0
Normal,321,P_2044008,0.0,-6.817843493923135
Normal,321,P_2044016,0.0,0.0
Normal,321,P_2044024,0.0,0.0
Normal,321,P_2044042,0.0,0.0
Normal,321,P_2045002,0.0,0.0
Normal,321,P_2046013,0.0,0.0
Normal,321,Q_40032000,12.2852,0.0
Normal,321,Q_40050000,69.4688,0.0
Normal,321,Q_40060001,7.312,-19.255029645149452
Normal,321,Q_40100000,113.384,-86.71859645743011
Normal,321,Q_40185000,8.1222,0.0
Normal,321,Q_40330000,32.4766,-58.35847067800155
Normal,321,Q_40800001,24.0574,-8.083907935205797
Normal,321,Q_40850000,31.1041,-57.51990550917388
Normal,321,Q_40930000,7.349,-21.081000159477945
Normal,322,P_1944059,0.0,0.0
Normal,322,P_1944063,14.3,48.6680945813806
Normal,322,P_1945002,0.0,-9.898972005214905
Normal,322,P_1945008,0.0,-12.442073633073784
Normal,322,P_1946000,0.0,8.158101752967632
Normal,322,P_2044008,0.0,-5.81578451999681
Normal,322,P_2044016,0.0,0.0
Normal,322,P_2044024,0.0,0.0
Normal,322,P_2044042,0.0,0.0
Normal,322,P_2045002,0.0,0.0
Normal,322,P_2046013,2.0,0.0
Normal,322,Q_40032000,20.8035,0.0
Normal,322,Q_40050000,116.281,0.0
Normal,322,Q_40060001,9.7968,-5.808613788860193
Normal,322,Q_40100000,235.885,80.09109670060333
Normal,322,Q_40185000,12.735,0.0
Normal,322,Q_40330000,40.7711,-49.54557553592387
Normal,322,Q_40800001,37.3023,0.0
Normal,322,Q_40850000,59.1871,-30.761340923105692
Normal,322,Q_40930000,20.4483,9.140298374984964
Normal,323,P_1944059,12.7,8.469572513250368
Normal,323,P_1944063,0.0,-14.595825127401554
Normal,323,P_1945002,0.0,0.0
Normal,323,P_1945008,23.9,59.48698594963853
Normal,323,P_1946000,6.2,0.0
Normal,323,P_2044008,23.4,23.243584718977715
Normal,323,P_2044016,3.5,0.0
Normal,323,P_2044024,20.0,0.0
Normal,323,P_2044042,4.1,0.0
Normal,323,P_2045002,0.0,0.0
Normal,323,P_2046013,0.0,0.0
Normal,323,Q_40032000,26.0266,5.354730642470854
Normal,323,Q_40050000,90.686,0.0
Normal,323,Q_40060001,10.7866,0.0
Normal,323,Q_40100000,322.398,189.8229063234847
Normal,323,Q_40185000,32.2758,0.0
Normal,323,Q_40330000,116.833,41.61176240009304
Normal,323,Q_40800001,215.984,18.931456635311104
Normal,323,Q_40850000,125.366,31.40331272214499
Normal,323,Q_40930000,41.4673,56.43558944063534
Normal,324,P_1944059,0.0,0.0
Normal,324,P_1944063,0.0,-14.776701503733223
Normal,324,P_1945002,0.0,-12.466248365705562
Normal,324,P_1945008,0.0,-14.017434350744612
Normal,324,P_1946000,0.0,7.323518571666185
Normal,324,P_2044008,0.0,-7.208061200580006
Normal,324,P_2044016,0.7,0.0
Normal,324,P_2044024,0.0,0.0
Normal,324,P_2044042,0.0,0.0
Normal,324,P_2045002,0.0,0.0
Normal,324,P_2046013,0.0,-5.389127499681833
Normal,324,Q_40032000,41.4269,27.470804151049464
Normal,324,Q_40050000,161.077,0.0
Normal,324,Q_40060001,9.4737,-7.803966178567492
Normal,324,Q_40100000,186.881,10.243972291894375
Normal,324,Q_40185000,16.4869,0.0
Normal,324,Q_40330000,78.818,0.0
Normal,324,Q_40800001,76.7171,0.0
Normal,324,Q_40850000,163.348,70.15585057644523
Normal,324,Q_40930000,15.0433,0.0
Normal,325,P_1944059,0.0,0.0
Normal,325,P_1944063,0.0,-12.25924833951267
Normal,325,P_1945002,0.0,-10.16474303589429
Normal,325,P_1945008,0.0,-12.659602438383606
Normal,325,P_1946000,0.0,0.0
Normal,325,P_2044008,0.0,-5.788479001111005
Normal,325,P_2044016,0.0,-3.876745001365205
Normal,325,P_2044024,0.0,0.0
Normal,325,P_2044042,0.0,0.0
Normal,325,P_2045002,0.0,0.0
Normal,325,P_2046013,0.0,-3.9038443979970623
Normal,325,Q_40032000,10.6102,-6.85467150660365
Normal,325,Q_40050000,67.6928,0.0
Normal,325,Q_40060001,10.4533,0.0
Normal,325,Q_40100000,180.187,0.0
Normal,325,Q_40185000,10.2333,0.0
Normal,325,Q_40330000,36.5392,-52.77585722194703
Normal,325,Q_40800001,51.5942,0.0
Normal,325,Q_40850000,67.2371,-21.994500413340205
Normal,325,Q_40930000,7.648,-19.755925296334013
Normal,326,P_1944059,0.0,0.0
Normal,326,P_1944063,0.0,-11.964186007361107
Normal,326,P_1945002,0.0,-10.166259980129166
Normal,326,P_1945008,0.0,-12.884821266613741
Normal,326,P_1946000,0.0,0.0
Normal,326,P_2044008,0.0,-7.1380588762582695
Normal,326,P_2044016,0.0,0.0
Normal,326,P_2044024,0.0,0.0
Normal,326,P_2044042,0.0,0.0
Normal,326,P_2045002,0.0,0.0
Normal,326,P_2046013,0.0,0.0
Normal,326,Q_40032000,11.0303,-7.21309550466529
Normal,326,Q_40050000,37.9108,0.0
Normal,326,Q_40060001,7.5101,-17.05759444841902
Normal,326,Q_40100000,116.267,-83.17602608796447
Normal,326,Q_40185000,9.7214,0.0
Normal,326,Q_40330000,39.6976,-49.53280660315121
Normal,326,Q_40800001,40.28,0.0
Normal,326,Q_40850000,53.3647,-36.45440620347562
Normal,326,Q_40930000,4.54,-26.798885478161775
Normal,327,P_1944059,0.0,0.0
Normal,327,P_1944063,0.4,-5.523431598639709
Normal,327,P_1945002,9.8,0.0
Normal,327,P_1945008,0.0,-9.676499411399108
Normal,327,P_1946000,0.0,0.0
Normal,327,P_2044008,0.0,0.0
Normal,327,P_2044016,13.0,0.0
Normal,327,P_2044024,0.0,0.0
Normal,327,P_2044042,2.0,0.0
Normal,327,P_2045002,38.2,55.79946058726679
Normal,327,P_2046013,42.9,43.223299198078685
Normal,327,Q_40032000,14.2378,-2.6985177373953064
Normal,327,Q_40050000,38.335,0.0
Normal,327,Q_40060001,5.8819,-23.689972654147486
Normal,327,Q_40100000,110.523,-89.81099622472495
Normal,327,Q_40185000,14.5717,0.0
Normal,327,Q_40330000,49.7228,-37.62877757668523
Normal,327,Q_40800001,47.3624,0.0
Normal,327,Q_40850000,65.3401,-23.586620279133193
Normal,327,Q_40930000,5.8669,-23.017488690084217
Normal,328,P_1944059,3.0,0.0
Normal,328,P_1944063,13.5,24.553428440996758
Normal,328,P_1945002,0.0,0.0
Normal,328,P_1945008,52.5,113.09476655820498
Normal,328,P_1946000,15.0,-17.371787327348358
Normal,328,P_2044008,3.7,0.0
Normal,328,P_2044016,6.3,0.0
Normal,328,P_2044024,14.5,0.0
Normal,328,P_2044042,18.8,0.0
Normal,328,P_2045002,24.4,13.074691069517458
Normal,328,P_2046013,28.2,12.417160023010721
Normal,328,Q_40032000,42.0292,12.99825786563777
Normal,328,Q_40050000,130.255,0.0
Normal,328,Q_40060001,11.1233,0.0
Normal,328,Q_40100000,163.784,-23.61069167476824
Normal,328,Q_40185000,18.4774,0.0
Normal,328,Q_40330000,63.6714,-23.211103816077106
Normal,328,Q_40800001,105.432,0.0
Normal,328,Q_40850000,142.493,52.823329206436064
Normal,328,Q_40930000,8.4572,-20.989533209036253
Normal,329,P_1944059,0.0,0.0
Normal,329,P_1944063,0.0,-9.454717797187772
Normal,329,P_1945002,0.0,-5.8131763119079505
Normal,329,P_1945008,34.0,73.96366175677255
Normal,329,P_1946000,0.0,0.0
Normal,329,P_2044008,0.0,-4.587086887520193
Normal,329,P_2044016,0.0,0.0
Normal,329,P_2044024,0.0,0.0
Normal,329,P_2044042,0.0,0.0
Normal,329,P_2045002,0.0,0.0
Normal,329,P_2046013,0.0,0.0
Normal,329,Q_40032000,11.8614,-4.573670792018078
Normal,329,Q_40050000,32.1416,0.0
Normal,329,Q_40060001,3.1903,-38.29757966617259
Normal,329,Q_40100000,66.9,-147.43133805391489
Normal,329,Q_40185000,5.5598,0.0
Normal,329,Q_40330000,26.2508,-66.265967392577
Normal,329,Q_40800001,26.7654,-7.190303140350775
Normal,329,Q_40850000,43.3078,-46.15533472991671
Normal,329,Q_40930000,21.6609,0.0
Normal,330,P_1944059,0.0,0.0
Normal,330,P_1944063,0.0,-14.790500605412268
Normal,330,P_1945002,6.7,8.22768404962231
Normal,330,P_1945008,0.0,-14.186208452340663
Normal,330,P_1946000,7.1,-3.6002120923505743
Normal,330,P_2044008,3.2,0.0
Normal,330,P_2044016,0.0,-4.953555168160404
Normal,330,P_2044024,0.0,0.0
Normal,330,P_2044042,0.0,0.0
Normal,330,P_2045002,0.0,0.0
Normal,330,P_2046013,0.0,-5.0757668439452175
Normal,330,Q_40032000,15.4548,0.0
Normal,330,Q_40050000,86.2874,0.0
Normal,330,Q_40060001,18.5054,38.244605643922014
Normal,330,Q_40100000,300.84,164.80400209925955
Normal,330,Q_40185000,27.4561,0.0
Normal,330,Q_40330000,100.415,24.28978084504655
Normal,330,Q_40800001,68.5934,0.0
Normal,330,Q_40850000,94.732,0.0
Normal,330,Q_40930000,19.4034,6.3136217429637345
Normal,331,P_1944059,0.0,0.0
Normal,331,P_1944063,0.0,-13.291302671205349
Normal,331,P_1945002,0.0,-11.01328681184859
Normal,331,P_1945008,0.0,-12.865012137742177
Normal,331,P_1946000,0.0,0.0
Normal,331,P_2044008,0.0,-5.866777311846225
Normal,331,P_2044016,0.0,0.0
Normal,331,P_2044024,0.0,0.0
Normal,331,P_2044042,0.0,0.0
Normal,331,P_2045002,0.0,0.0
Normal,331,P_2046013,0.0,-4.644925634453454
Normal,331,Q_40032000,15.8581,0.0
Normal,331,Q_40050000,65.0164,0.0
Normal,331,Q_40060001,8.5254,-12.351666245458992
Normal,331,Q_40100000,274.082,126.99013524580313
Normal,331,Q_40185000,14.0026,0.0
Normal,331,Q_40330000,50.8861,-36.02251102493529
Normal,331,Q_40800001,60.8239,0.0
Normal,331,Q_40850000,82.5512,-7.364695737595588
Normal,331,Q_40930000,15.0575,-3.3925757880499408
Normal,332,P_1944059,0.0,0.0
Normal,332,P_1944063,0.0,-11.638127490062738
Normal,332,P_1945002,0.0,-9.558824056140484
Normal,332,P_1945008,0.0,-12.771208011465745
Normal,332,P_1946000,0.0,0.0
Normal,332,P_2044008,0.0,-7.283435978818375
Normal,332,P_2044016,0.0,0.0
Normal,332,P_2044024,0.0,0.0
Normal,332,P_2044042,0.0,0.0
Normal,332,P_2045002,0.0,0.0
Normal,332,P_2046013,0.0,0.0
Normal,332,Q_40032000,10.2156,-7.205764560102312
Normal,332,Q_40050000,34.7996,0.0
Normal,332,Q_40060001,6.8243,-20.324447145817842
Normal,332,Q_40100000,107.687,-94.0575766909572
Normal,332,Q_40185000,9.3129,0.0
Normal,332,Q_40330000,38.1066,-51.820365875788205
Normal,332,Q_40800001,37.6777,0.0
Normal,332,Q_40850000,48.2587,-41.155246846701615
Normal,332,Q_40930000,4.1869,-27.654487306204537
Normal,333,P_1944059,31.8,19.729098590564433
Normal,333,P_1944063,96.0,279.3101610783773
Normal,333,P_1945002,0.0,0.0
Normal,333,P_1945008,28.0,55.45135540550769
Normal,333,P_1946000,1.2,0.0
Normal,333,P_2044008,27.8,25.276626129102
Normal,333,P_2044016,19.5,0.0
Normal,333,P_2044024,22.4,0.0
Normal,333,P_2044042,1.3,0.0
Normal,333,P_2045002,5.0,0.0
Normal,333,P_2046013,71.0,34.23564709340698
Normal,333,Q_40032000,32.4208,11.265652421894174
Normal,333,Q_40050000,217.567,13.791816826470988
Normal,333,Q_40060001,21.6364,66.28670055725264
Normal,333,Q_40100000,521.913,483.0319302379579
Normal,333,Q_40185000,26.5645,0.0
Normal,333,Q_40330000,74.0858,0.0
Normal,333,Q_40800001,68.6053,0.0
Normal,333,Q_40850000,82.5512,0.0
Normal,333,Q_40930000,29.2588,31.162651354633333
Normal,334,P_1944059,0.0,0.0
Normal,334,P_1944063,0.0,-12.727634886362736
Normal,334,P_1945002,0.0,-10.70324104325681
Normal,334,P_1945008,0.0,-13.138439796758663
Normal,334,P_1946000,0.0,0.0
Normal,334,P_2044008,0.0,-5.663701366004092
Normal,334,P_2044016,0.0,0.0
Normal,334,P_2044024,0.0,0.0
Normal,334,P_2044042,0.0,0.0
Normal,334,P_2045002,0.0,0.0
Normal,334,P_2046013,0.0,-4.69952226852884
Normal,334,Q_40032000,16.2702,-2.8941238085393235
Normal,334,Q_40050000,64.4733,0.0
Normal,334,Q_40060001,10.4533,0.0
Normal,334,Q_40100000,198.788,26.38513343078347
Normal,334,Q_40185000,14.5717,0.0
Normal,334,Q_40330000,53.8364,-32.51910227324972
Normal,334,Q_40800001,61.1447,0.0
Normal,334,Q_40850000,80.4771,-9.514309325180403
Normal,334,Q_40930000,7.5507,-20.66673805953222
Normal,335,P_1944059,0.0,0.0
Normal,335,P_1944063,0.0,-12.290759527274822
Normal,335,P_1945002,0.0,-10.165237334160363
Normal,335,P_1945008,0.0,-12.661539626231184
Normal,335,P_1946000,0.0,0.0
Normal,335,P_2044008,0.0,-6.157145532886286
Normal,335,P_2044016,0.0,0.0
Normal,335,P_2044024,0.0,0.0
Normal,335,P_2044042,0.0,0.0
Normal,335,P_2045002,0.0,0.0
Normal,335,P_2046013,0.0,-4.928357451341412
Normal,335,Q_40032000,14.4597,0.0
Normal,335,Q_40050000,56.327,0.0
Normal,335,Q_40060001,9.4737,-7.955543979508926
Normal,335,Q_40100000,167.024,-15.951709766261532
Normal,335,Q_40185000,9.7214,0.0
Normal,335,Q_40330000,50.3033,-36.80627049333089
Normal,335,Q_40800001,58.3397,0.0
Normal,335,Q_40850000,83.2476,-6.7337720458172186
Normal,335,Q_40930000,6.687,-22.88328089567607
Normal,336,P_1944059,0.0,0.0
Normal,336,P_1944063,0.0,-12.389096095206833
Normal,336,P_1945002,0.0,-10.433325308659402
Normal,336,P_1945008,0.0,-12.712807451893728
Normal,336,P_1946000,0.0,0.0
Normal,336,P_2044008,0.0,-5.469768336640538
Normal,336,P_2044016,0.0,-4.141479399754495
Normal,336,P_2044024,0.0,0.0
Normal,336,P_2044042,0.0,0.0
Normal,336,P_2045002,0.0,0.0
Normal,336,P_2046013,0.0,-4.523758691957361
Normal,336,Q_40032000,16.2702,0.0
Normal,336,Q_40050000,67.4869,0.0
Normal,336,Q_40060001,10.7866,0.0
Normal,336,Q_40100000,212.681,44.69917258066003
Normal,336,Q_40185000,19.4999,0.0
Normal,336,Q_40330000,55.6351,-30.41965014500001
Normal,336,Q_40800001,63.9725,0.0
Normal,336,Q_40850000,84.6481,-5.7076664531952135
Normal,336,Q_40930000,7.7733,-19.68249076880991
Normal,337,P_1944059,3.8,0.0
Normal,337,P_1944063,0.0,0.0
Normal,337,P_1945002,3.3,0.0
Normal,337,P_1945008,0.0,0.0
Normal,337,P_1946000,0.0,6.925273028859124
Normal,337,P_2044008,13.3,0.0
Normal,337,P_2044016,24.4,20.477388100589497
Normal,337,P_2044024,42.0,20.181203017213424
Normal,337,P_2044042,29.7,0.0
Normal,337,P_2045002,3.9,0.0
Normal,337,P_2046013,5.9,0.0
Normal,337,Q_40032000,73.5679,61.1259095358627
Normal,337,Q_40050000,202.273,11.022028417340167
Normal,337,Q_40060001,20.2559,51.01605477818181
Normal,337,Q_40100000,252.391,86.96672826401092
Normal,337,Q_40185000,25.9963,0.0
Normal,337,Q_40330000,59.914,-27.5298693662599
Normal,337,Q_40800001,60.48,0.0
Normal,337,Q_40850000,59.1871,-33.69296779135069
Normal,337,Q_40930000,21.6609,8.631068468533014
Normal,338,P_1944059,0.0,0.0
Normal,338,P_1944063,0.0,-12.162725120278498
Normal,338,P_1945002,0.0,-10.570956685945372
Normal,338,P_1945008,0.0,-13.244866890961928
Normal,338,P_1946000,0.0,0.0
Normal,338,P_2044008,0.0,-7.180067990012014
Normal,338,P_2044016,0.0,0.0
Normal,338,P_2044024,0.0,0.0
Normal,338,P_2044042,0.0,0.0
Normal,338,P_2045002,0.0,0.0
Normal,338,P_2046013,0.0,0.0
Normal,338,Q_40032000,14.6283,0.0
Normal,338,Q_40050000,79.662,0.0
Normal,338,Q_40060001,7.2136,-18.685588464735716
Normal,338,Q_40100000,128.028,-68.35556491505754
Normal,338,Q_40185000,10.1356,0.0
Normal,338,Q_40330000,38.6343,-51.72181574488483
Normal,338,Q_40800001,30.5224,-6.477362059536063
Normal,338,Q_40850000,48.2587,-40.88722010431151
Normal,338,Q_40930000,9.4285,-16.80617975586683
Normal,339,P_1944059,8.0,0.0
Normal,339,P_1944063,23.2,68.08710928025724
Normal,339,P_1945002,0.0,0.0
Normal,339,P_1945008,77.9,201.74855383273626
Normal,339,P_1946000,18.4,-26.048165063860438
Normal,339,P_2044008,0.0,0.0
Normal,339,P_2044016,6.7,0.0
Normal,339,P_2044024,4.5,0.0
Normal,339,P_2044042,10.9,0.0
Normal,339,P_2045002,3.0,0.0
Normal,339,P_2046013,7.9,0.0
Normal,339,Q_40032000,62.5348,50.63739103201367
Normal,339,Q_40050000,256.923,10.621962810819216
Normal,339,Q_40060001,28.3228,104.4554482200752
Normal,339,Q_40100000,239.522,78.55582296615445
Normal,339,Q_40185000,91.3746,0.0
Normal,339,Q_40330000,136.848,66.16931430929594
Normal,339,Q_40800001,177.439,17.321321520902274
Normal,339,Q_40850000,201.486,107.58223625552381
Normal,339,Q_40930000,14.1721,0.0
Normal,340,P_1944059,0.0,0.0
Normal,340,P_1944063,0.0,-13.829245626732472
Normal,340,P_1945002,0.0,0.0
Normal,340,P_1945008,51.8,146.26204321798056
Normal,340,P_1946000,0.0,8.104586931327386
Normal,340,P_2044008,0.0,0.0
Normal,340,P_2044016,7.2,0.0
Normal,340,P_2044024,0.0,0.0
Normal,340,P_2044042,24.9,-14.751537742364883
Normal,340,P_2045002,0.0,0.0
Normal,340,P_2046013,1.2,0.0
Normal,340,Q_40032000,50.7142,41.81866514967354
Normal,340,Q_40050000,237.741,9.021479817271072
Normal,340,Q_40060001,19.4417,50.99782844630271
Normal,340,Q_40100000,418.097,329.57820992890487
Normal,340,Q_40185000,28.2927,0.0
Normal,340,Q_40330000,79.5026,0.0
Normal,340,Q_40800001,73.6245,0.0
Normal,340,Q_40850000,109.979,18.101598177056683
Normal,340,Q_40930000,58.7321,102.11349967699819
Normal,341,P_1944059,0.0,-2.907128107096412
Normal,341,P_1944063,0.0,-10.492625450823324
Normal,341,P_1945002,12.9,21.77227665765388
Normal,341,P_1945008,0.0,-10.945289847293623
Normal,341,P_1946000,0.0,0.0
Normal,341,P_2044008,0.0,-5.280271661098743
Normal,341,P_2044016,0.0,0.0
Normal,341,P_2044024,0.0,0.0
Normal,341,P_2044042,0.0,0.0
Normal,341,P_2045002,0.0,0.0
Normal,341,P_2046013,0.0,0.0
Normal,341,Q_40032000,7.8831,-7.421773205894434
Normal,341,Q_40050000,25.887,0.0
Normal,341,Q_40060001,6.0668,-23.51847530839271
Normal,341,Q_40100000,87.1825,-119.45081096579057
Normal,341,Q_40185000,7.3583,0.0
Normal,341,Q_40330000,26.2508,-65.69094292285988
Normal,341,Q_40800001,66.8225,0.0
Normal,341,Q_40850000,88.1932,0.0
Normal,341,Q_40930000,10.395,-13.26105142683043
Normal,342,P_1944059,6.2,0.0
Normal,342,P_1944063,13.0,17.947477707177367
Normal,342,P_1945002,10.1,0.0
Normal,342,P_1945008,0.0,-9.467547264376817
Normal,342,P_1946000,2.6,0.0
Normal,342,P_2044008,5.2,0.0
Normal,342,P_2044016,57.7,84.39224551810014
Normal,342,P_2044024,10.0,0.0
Normal,342,P_2044042,21.7,-7.455480190407542
Normal,342,P_2045002,25.5,18.843561016895595
Normal,342,P_2046013,2.7,0.0
Normal,342,Q_40032000,9.0278,0.0
Normal,342,Q_40050000,65.3304,0.0
Normal,342,Q_40060001,5.4278,-28.59154961021708
Normal,342,Q_40100000,50.939,-164.82900477469127
Normal,342,Q_40185000,16.9776,0.0
Normal,342,Q_40330000,50.3033,-37.98237706299194
Normal,342,Q_40800001,97.8444,0.0
Normal,342,Q_40850000,76.3974,-15.87684412482301
Normal,342,Q_40930000,6.676,-23.06735104098232
Normal,343,P_1944059,0.0,0.0
Normal,343,P_1944063,0.0,-12.43410916279018
Normal,343,P_1945002,22.3,53.26303491810864
Normal,343,P_1945008,0.0,-12.67330783442884
Normal,343,P_1946000,0.0,8.226625350691506
Normal,343,P_2044008,0.0,-6.9708637697035
Normal,343,P_2044016,0.0,0.0
Normal,343,P_2044024,0.0,0.0
Normal,343,P_2044042,0.0,0.0
Normal,343,P_2045002,3.7,0.0
Normal,343,P_2046013,0.0,0.0
Normal,343,Q_40032000,17.4321,0.0
Normal,343,Q_40050000,117.109,0.0
Normal,343,Q_40060001,9.2602,-8.62762826358877
Normal,343,Q_40100000,261.715,117.06637683691653
Normal,343,Q_40185000,12.735,0.0
Normal,343,Q_40330000,41.3118,-49.415632802730286
Normal,343,Q_40800001,43.2513,0.0
Normal,343,Q_40850000,47.6312,-42.85400967837732
Normal,343,Q_40930000,21.2554,11.111605761225993
Normal,344,P_1944059,4.0,0.0
Normal,344,P_1944063,16.4,32.53640678644839
Normal,344,P_1945002,0.0,-5.822750775675573
Normal,344,P_1945008,0.0,-11.729091893528054
Normal,344,P_1946000,48.0,-36.71342907762222
Normal,344,P_2044008,0.0,-5.5430347931116986
Normal,344,P_2044016,3.0,0.0
Normal,344,P_2044024,2.0,0.0
Normal,344,P_2044042,4.6,0.0
Normal,344,P_2045002,35.0,26.621977169016645
Normal,344,P_2046013,10.0,0.0
Normal,344,Q_40032000,21.7975,0.0
Normal,344,Q_40050000,115.868,0.0
Normal,344,Q_40060001,10.564,0.0
Normal,344,Q_40100000,173.564,-12.156864479023993
Normal,344,Q_40185000,10.5553,0.0
Normal,344,Q_40330000,45.7281,-43.46721633885886
Normal,344,Q_40800001,44.1378,0.0
Normal,344,Q_40850000,66.6021,-24.226394420843683
Normal,344,Q_40930000,45.5152,63.265792401179084
Normal,345,P_1944059,0.0,0.0
Normal,345,P_1944063,0.0,-13.089759493797727
Normal,345,P_1945002,0.0,-10.841452876862704
Normal,345,P_1945008,0.0,-12.516953695165697
Normal,345,P_1946000,0.0,0.0
Normal,345,P_2044008,0.0,-5.344860803191249
Normal,345,P_2044016,0.0,-3.5752113328506505
Normal,345,P_2044024,0.0,0.0
Normal,345,P_2044042,0.0,0.0
Normal,345,P_2045002,0.0,0.0
Normal,345,P_2046013,0.0,-3.7672675179248856
Normal,345,Q_40032000,15.8581,0.0
Normal,345,Q_40050000,73.7065,0.0
Normal,345,Q_40060001,9.0483,-8.990349992373238
Normal,345,Q_40100000,283.549,141.1947086025468
Normal,345,Q_40185000,15.5416,0.0
Normal,345,Q_40330000,56.846,-28.35209012789793
Normal,345,Q_40800001,63.698,0.0
Normal,345,Q_40850000,86.0586,-3.386243672783934
Normal,345,Q_40930000,17.5705,0.0
Normal,346,P_1944059,0.0,0.0
Normal,346,P_1944063,0.0,-12.117493511764303
Normal,346,P_1945002,0.0,-10.550104228205115
Normal,346,P_1945008,0.0,-13.061950087012198
Normal,346,P_1946000,0.0,0.0
Normal,346,P_2044008,0.0,-6.8337157452832
Normal,346,P_2044016,0.0,0.0
Normal,346,P_2044024,0.0,0.0
Normal,346,P_2044042,0.0,0.0
Normal,346,P_2045002,0.0,0.0
Normal,346,P_2046013,0.0,0.0
Normal,346,Q_40032000,13.1428,0.0
Normal,346,Q_40050000,76.8613,0.0
Normal,346,Q_40060001,7.9113,-15.81278428500333
Normal,346,Q_40100000,129.524,-66.58795558630935
Normal,346,Q_40185000,9.3129,0.0
Normal,346,Q_40330000,30.5105,-61.625925018670216
Normal,346,Q_40800001,28.858,-7.349684980424302
Normal,346,Q_40850000,35.6119,-53.176546189533916
Normal,346,Q_40930000,9.7831,-15.790122425556229
Normal,347,P_1944059,0.0,0.0
Normal,347,P_1944063,0.0,-12.281646437201898
Normal,347,P_1945002,0.0,-10.758705972176655
Normal,347,P_1945008,0.0,-12.532962404028655
Normal,347,P_1946000,0.0,0.0
Normal,347,P_2044008,0.0,-6.335188855669969
Normal,347,P_2044016,0.0,0.0
Normal,347,P_2044024,0.0,0.0
Normal,347,P_2044042,0.0,0.0
Normal,347,P_2045002,0.0,0.0
Normal,347,P_2046013,0.0,0.0
Normal,347,Q_40032000,11.8626,-6.30025228216967
Normal,347,Q_40050000,43.3713,0.0
Normal,347,Q_40060001,8.2165,-14.71482508975945
Normal,347,Q_40100000,134.043,-59.89730108659525
Normal,347,Q_40185000,11.4112,0.0
Normal,347,Q_40330000,44.0531,-44.7952252322598
Normal,347,Q_40800001,44.683,0.0
Normal,347,Q_40850000,60.3967,-29.48179773867787
Normal,347,Q_40930000,5.0915,-26.339153936762024
Normal,348,P_1944059,0.0,0.0
Normal,348,P_1944063,0.0,-15.873667043695377
Normal,348,P_1945002,35.8,96.98443145898969
Normal,348,P_1945008,0.0,0.0
Normal,348,P_1946000,0.0,7.305663472782125
Normal,348,P_2044008,0.0,0.0
Normal,348,P_2044016,0.0,0.0
Normal,348,P_2044024,0.0,0.0
Normal,348,P_2044042,0.0,0.0
Normal,348,P_2045002,0.0,0.0
Normal,348,P_2046013,4.9,0.0
Normal,348,Q_40032000,51.9922,46.86168650046966
Normal,348,Q_40050000,250.083,6.149927515019082
Normal,348,Q_40060001,27.0586,93.65996790382387
Normal,348,Q_40100000,429.032,343.5361055311043
Normal,348,Q_40185000,36.1772,0.0
Normal,348,Q_40330000,87.882,7.452617976107982
Normal,348,Q_40800001,76.7171,0.0
Normal,348,Q_40850000,122.054,29.06407087381159
Normal,348,Q_40930000,105.246,214.9119439051922
Normal,349,P_1944059,50.0,35.11565738469389
Normal,349,P_1944063,29.2,71.5362056975195
Normal,349,P_1945002,3.9,0.0
Normal,349,P_1945008,24.7,46.448743225838136
Normal,349,P_1946000,0.0,0.0
Normal,349,P_2044008,11.0,0.0
Normal,349,P_2044016,10.5,0.0
Normal,349,P_2044024,28.4,0.0
Normal,349,P_2044042,7.6,0.0
Normal,349,P_2045002,70.2,43.95105107682278
Normal,349,P_2046013,30.0,17.37863034154556
Normal,349,Q_40032000,50.0785,29.751219631522382
Normal,349,Q_40050000,245.003,0.0
Normal,349,Q_40060001,24.5809,78.19170232363543
Normal,349,Q_40100000,420.277,317.7128894828615
Normal,349,Q_40185000,28.2927,0.0
Normal,349,Q_40330000,78.1355,0.0
Normal,349,Q_40800001,108.713,0.0
Normal,349,Q_40850000,105.302,13.76756064790004
Normal,349,Q_40930000,68.0558,115.18163222657832
Normal,350,P_1944059,0.0,0.0
Normal,350,P_1944063,0.0,-13.494364685506914
Normal,350,P_1945002,0.0,-11.212790541519412
Normal,350,P_1945008,0.0,-13.558592851464171
Normal,350,P_1946000,0.0,0.0
Normal,350,P_2044008,0.0,-5.8166377508685345
Normal,350,P_2044016,0.0,0.0
Normal,350,P_2044024,0.0,0.0
Normal,350,P_2044042,0.0,0.0
Normal,350,P_2045002,0.0,0.0
Normal,350,P_2046013,0.0,-4.511569419751149
Normal,350,Q_40032000,18.1401,0.0
Normal,350,Q_40050000,78.3902,0.0
Normal,350,Q_40060001,12.8551,9.738508161970135
Normal,350,Q_40100000,241.347,84.05658856810413
Normal,350,Q_40185000,22.6724,0.0
Normal,350,Q_40330000,68.1579,-15.04940536636157
Normal,350,Q_40800001,78.4317,0.0
Normal,350,Q_40850000,108.411,17.67177304896614
Normal,350,Q_40930000,11.1637,-12.122140464494878
Normal,351,P_1944059,0.0,0.0
Normal,351,P_1944063,11.8,38.10599768784871
Normal,351,P_1945002,4.8,3.51890592792401
Normal,351,P_1945008,0.0,-13.242899682923355
Normal,351,P_1946000,0.0,7.756206749434454
Normal,351,P_2044008,0.0,-6.373755637570518
Normal,351,P_2044016,0.0,0.0
Normal,351,P_2044024,0.0,0.0
Normal,351,P_2044042,0.0,0.0
Normal,351,P_2045002,0.0,0.0
Normal,351,P_2046013,0.0,0.0
Normal,351,Q_40032000,18.1401,0.0
Normal,351,Q_40050000,84.7413,0.0
Normal,351,Q_40060001,12.9734,10.442650489232657
Normal,351,Q_40100000,256.108,106.04485296663161
Normal,351,Q_40185000,23.2161,0.0
Normal,351,Q_40330000,70.7706,-12.496197599472946
Normal,351,Q_40800001,83.3622,0.0
Normal,351,Q_40850000,117.969,27.92269555838811
Normal,351,Q_40930000,11.1637,-12.678076529950205
Normal,352,P_1944059,0.0,0.0
Normal,352,P_1944063,0.0,-12.49773228806196
Normal,352,P_1945002,0.0,-10.794455026153024
Normal,352,P_1945008,0.0,-12.623861503464667
Normal,352,P_1946000,0.0,0.0
Normal,352,P_2044008,0.0,-7.095956403177772
Normal,352,P_2044016,0.0,0.0
Normal,352,P_2044024,0.0,0.0
Normal,352,P_2044042,0.0,0.0
Normal,352,P_2045002,0.0,0.0
Normal,352,P_2046013,0.0,0.0
Normal,352,Q_40032000,13.1428,-4.807187623660013
Normal,352,Q_40050000,50.8584,0.0
Normal,352,Q_40060001,9.2602,-8.703132179726758
Normal,352,Q_40100000,160.565,-25.131671242171947
Normal,352,Q_40185000,10.9806,0.0
Normal,352,Q_40330000,52.0591,-34.70487363622525
Normal,352,Q_40800001,54.6364,0.0
Normal,352,Q_40850000,71.1011,-18.804027458470085
Normal,352,Q_40930000,7.1134,-21.53118071715847
Normal,353,P_1944059,0.0,0.0
Normal,353,P_1944063,0.0,-14.424203448219687
Normal,353,P_1945002,19.4,47.16946035368609
Normal,353,P_1945008,0.0,-13.96796367508021
Normal,353,P_1946000,0.0,7.8906070750381225
Normal,353,P_2044008,0.0,0.0
Normal,353,P_2044016,0.0,0.0
Normal,353,P_2044024,0.0,0.0
Normal,353,P_2044042,0.0,0.0
Normal,353,P_2045002,0.0,0.0
Normal,353,P_2046013,0.0,0.0
Normal,353,Q_40032000,28.8379,10.209412506854301
Normal,353,Q_40050000,136.38,0.0
Normal,353,Q_40060001,12.3855,7.202394244042138
Normal,353,Q_40100000,280.681,140.4894208619483
Normal,353,Q_40185000,17.473,0.0
Normal,353,Q_40330000,56.846,-29.877922364461245
Normal,353,Q_40800001,52.3575,0.0
Normal,353,Q_40850000,81.1659,-9.610829435752947
Normal,353,Q_40930000,27.042,24.34541885055018
Normal,354,P_1944059,0.0,0.0
Normal,354,P_1944063,0.0,-11.049307867659213
Normal,354,P_1945002,0.0,-8.302785067185152
Normal,354,P_1945008,0.0,-11.134267210249396
Normal,354,P_1946000,2.2,0.0
Normal,354,P_2044008,0.0,-4.000158275260473
Normal,354,P_2044016,0.0,-2.7168509779968764
Normal,354,P_2044024,0.0,0.0
Normal,354,P_2044042,0.0,0.0
Normal,354,P_2045002,0.0,0.0
Normal,354,P_2046013,0.0,-1.9629994419933041
Normal,354,Q_40032000,17.9032,0.0
Normal,354,Q_40050000,114.221,0.0
Normal,354,Q_40060001,9.6887,-4.048371828614825
Normal,354,Q_40100000,188.568,0.0
Normal,354,Q_40185000,12.735,0.0
Normal,354,Q_40330000,40.7711,-46.8001447109465
Normal,354,Q_40800001,35.6849,-3.2219984898764036
Normal,354,Q_40850000,49.5209,-37.724650263175356
Normal,354,Q_40930000,18.4539,0.0
Normal,355,P_1944059,27.4,28.333235623375295
Normal,355,P_1944063,0.0,-10.093025141437806
Normal,355,P_1945002,0.0,0.0
Normal,355,P_1945008,0.0,-11.282789381716352
Normal,355,P_1946000,0.0,7.336889216065433
Normal,355,P_2044008,3.0,0.0
Normal,355,P_2044016,6.7,0.0
Normal,355,P_2044024,5.5,0.0
Normal,355,P_2044042,44.5,0.0
Normal,355,P_2045002,5.6,0.0
Normal,355,P_2046013,12.5,0.0
Normal,355,Q_40032000,65.0751,54.88420297200141
Normal,355,Q_40050000,172.592,0.0
Normal,355,Q_40060001,12.269,6.31702212679218
Normal,355,Q_40100000,250.54,84.10649598935053
Normal,355,Q_40185000,11.8472,0.0
Normal,355,Q_40330000,52.0591,-35.64218986669273
Normal,355,Q_40800001,48.7077,0.0
Normal,355,Q_40850000,71.7541,-20.764672680168385
Normal,355,Q_40930000,27.5886,24.750889782910463
Normal,356,P_1944059,68.0,202.59999272346607
Normal,356,P_1944063,0.0,-7.499112907195994
Normal,356,P_1945002,0.0,-6.946863763002424
Normal,356,P_1945008,0.0,-8.97268611974639
Normal,356,P_1946000,0.0,0.0
Normal,356,P_2044008,7.4,0.0
Normal,356,P_2044016,0.7,0.0
Normal,356,P_2044024,0.0,0.0
Normal,356,P_2044042,0.0,0.0
Normal,356,P_2045002,0.0,0.0
Normal,356,P_2046013,2.6,0.0
Normal,356,Q_40032000,9.4191,-4.707516644103142
Normal,356,Q_40050000,59.1423,0.0
Normal,356,Q_40060001,5.3384,-23.16599545004039
Normal,356,Q_40100000,55.7127,-145.4604670586994
Normal,356,Q_40185000,19.4999,0.0
Normal,356,Q_40330000,53.2416,-31.349202547371565
Normal,356,Q_40800001,67.5044,0.0
Normal,356,Q_40850000,91.0744,-1.1544411346976489
Normal,356,Q_40930000,6.676,-19.132877950316576
Normal,357,P_1944059,0.0,0.0
Normal,357,P_1944063,0.0,-12.266667470161616
Normal,357,P_1945002,0.0,-10.457025095628694
Normal,357,P_1945008,0.0,-12.59852298390423
Normal,357,P_1946000,0.0,0.0
Normal,357,P_2044008,0.0,-6.80894335486172
Normal,357,P_2044016,0.0,0.0
Normal,357,P_2044024,0.0,0.0
Normal,357,P_2044042,0.0,0.0
Normal,357,P_2045002,0.0,0.0
Normal,357,P_2046013,0.0,0.0
Normal,357,Q_40032000,12.9391,-5.565564878803193
Normal,357,Q_40050000,47.2796,0.0
Normal,357,Q_40060001,7.8104,-15.736904332476787
Normal,357,Q_40100000,124.744,-72.14467607788674
Normal,357,Q_40185000,12.0563,0.0
Normal,357,Q_40330000,44.6089,-43.99213140309368
Normal,357,Q_40800001,52.4925,0.0
Normal,357,Q_40850000,70.4506,-19.841058167301775
Normal,357,Q_40930000,14.3518,-5.5607215211827565
Normal,358,P_1944059,1.0,0.0
Normal,358,P_1944063,5.0,0.0
Normal,358,P_1945002,12.8,0.0
Normal,358,P_1945008,0.0,0.0
Normal,358,P_1946000,14.2,-13.967890341261148
Normal,358,P_2044008,5.0,0.0
Normal,358,P_2044016,9.0,0.0
Normal,358,P_2044024,2.9,0.0
Normal,358,P_2044042,54.8,26.009023885115283
Normal,358,P_2045002,10.9,0.0
Normal,358,P_2046013,69.6,42.90557817212036
Normal,358,Q_40032000,71.1456,43.69975074284883
Normal,358,Q_40050000,33.3903,0.0
Normal,358,Q_40060001,13.0921,10.033882395835334
Normal,358,Q_40100000,113.384,-87.61625549269561
Normal,358,Q_40185000,17.473,0.0
Normal,358,Q_40330000,58.6798,-28.246230251804448
Normal,358,Q_40800001,141.745,16.857414038851154
Normal,358,Q_40850000,69.1574,-22.475021590179473
Normal,358,Q_40930000,7.9986,-18.93525370936587
Normal,359,P_1944059,0.0,0.0
Normal,359,P_1944063,0.0,-12.427382892466541
Normal,359,P_1945002,0.0,-10.284062149953677
Normal,359,P_1945008,0.0,-12.25985444301087
Normal,359,P_1946000,0.0,0.0
Normal,359,P_2044008,0.0,-6.565989196272882
Normal,359,P_2044016,0.0,-5.242049576915832
Normal,359,P_2044024,0.0,0.0
Normal,359,P_2044042,0.0,0.0
Normal,359,P_2045002,0.0,0.0
Normal,359,P_2046013,0.0,0.0
Normal,359,Q_40032000,14.9066,0.0
Normal,359,Q_40050000,72.1565,0.0
Normal,359,Q_40060001,6.8243,-20.569460299264783
Normal,359,Q_40100000,162.172,-23.189197228985606
Normal,359,Q_40185000,7.7372,0.0
Normal,359,Q_40330000,47.4254,-41.17852955084543
Normal,359,Q_40800001,40.6468,0.0
Normal,359,Q_40850000,67.8746,-22.557219291373265
Normal,359,Q_40930000,8.6904,-17.597396437462322
Normal,360,P_1944059,0.0,0.0
Normal,360,P_1944063,4.7,6.8026456242950175
Normal,360,P_1945002,0.0,-12.170357571942942
Normal,360,P_1945008,0.0,-13.898621760771404
Normal,360,P_1946000,0.0,7.308493501391947
Normal,360,P_2044008,0.0,-6.9850963714474785
Normal,360,P_2044016,0.0,0.0
Normal,360,P_2044024,0.0,0.0
Normal,360,P_2044042,0.0,0.0
Normal,360,P_2045002,0.0,0.0
Normal,360,P_2046013,6.3,0.0
Normal,360,Q_40032000,26.1651,8.456437566221492
Normal,360,Q_40050000,140.378,0.0
Normal,360,Q_40060001,13.6903,13.89788542805176
Normal,360,Q_40100000,252.391,99.14311945986151
Normal,360,Q_40185000,14.5717,0.0
Normal,360,Q_40330000,53.2416,-34.45235136135932
Normal,360,Q_40800001,40.6468,0.0
Normal,360,Q_40850000,61.6168,-28.671598803508044
Normal,360,Q_40930000,14.9547,0.0
Normal,361,P_1944059,0.0,0.0
Normal,361,P_1944063,0.0,-12.276594330329315
Normal,361,P_1945002,0.0,-10.284072959075676
Normal,361,P_1945008,0.0,-12.896968423619912
Normal,361,P_1946000,0.0,0.0
Normal,361,P_2044008,0.0,0.0
Normal,361,P_2044016,0.0,0.0
Normal,361,P_2044024,0.0,0.0
Normal,361,P_2044042,0.0,0.0
Normal,361,P_2045002,0.0,0.0
Normal,361,P_2046013,0.0,0.0
Normal,361,Q_40032000,13.1428,-6.164240462147347
Normal,361,Q_40050000,72.5439,0.0
Normal,361,Q_40060001,7.6098,-17.1338095135029
Normal,361,Q_40100000,120.635,-78.30921418993053
Normal,361,Q_40185000,8.5132,0.0
Normal,361,Q_40330000,33.9799,-57.052244014361904
Normal,361,Q_40800001,26.7461,-7.496390726579549
Normal,361,Q_40850000,33.3355,-56.08945028422374
Normal,361,Q_40930000,8.378,-18.919483677428786
Normal,362,P_1944059,0.0,0.0
Normal,362,P_1944063,0.0,-11.390519302691764
Normal,362,P_1945002,0.0,-8.60358504927113
Normal,362,P_1945008,0.0,-12.743256319639913
Normal,362,P_1946000,0.0,0.0
Normal,362,P_2044008,0.0,0.0
Normal,362,P_2044016,0.0,0.0
Normal,362,P_2044024,0.0,0.0
Normal,362,P_2044042,0.0,0.0
Normal,362,P_2045002,0.0,0.0
Normal,362,P_2046013,0.0,0.0
Normal,362,Q_40032000,8.2597,-8.027046591470253
Normal,362,Q_40050000,27.4774,0.0
Normal,362,Q_40060001,5.3384,-27.724030231683162
Normal,362,Q_40100000,81.9526,-126.31227192174708
Normal,362,Q_40185000,6.6193,0.0
Normal,362,Q_40330000,38.1066,-51.21288307579292
Normal,362,Q_40800001,26.7816,-8.359913205739174
Normal,362,Q_40850000,33.9004,-55.42142439782336
Normal,362,Q_40930000,2.88,-30.441094393543985
Normal,363,P_1944059,0.0,0.0
Normal,363,P_1944063,0.0,-11.37337355519618
Normal,363,P_1945002,12.2,24.329823647510047
Normal,363,P_1945008,0.0,-10.930980370364317
Normal,363,P_1946000,8.2,-5.458321264944472
Normal,363,P_2044008,0.0,-5.508733505344568
Normal,363,P_2044016,0.0,-3.318586179438313
Normal,363,P_2044024,0.0,0.0
Normal,363,P_2044042,0.0,0.0
Normal,363,P_2045002,0.0,0.0
Normal,363,P_2046013,0.0,0.0
Normal,363,Q_40032000,10.9561,-5.89813582474469
Normal,363,Q_40050000,70.5234,0.0
Normal,363,Q_40060001,11.0107,0.0
Normal,363,Q_40100000,185.169,0.0
Normal,363,Q_40185000,11.5888,0.0
Normal,363,Q_40330000,42.949,-45.043006518411886
Normal,363,Q_40800001,51.5942,0.0
Normal,363,Q_40850000,67.2371,-21.14793863977202
Normal,363,Q_40930000,7.9655,-19.378151062876093
Normal,364,P_1944059,0.0,0.0
Normal,364,P_1944063,0.0,-11.172198687662062
Normal,364,P_1945002,0.0,-9.318755599178157
Normal,364,P_1945008,0.0,-11.834314147363814
Normal,364,P_1946000,0.0,0.0
Normal,364,P_2044008,0.0,-4.966719936071175
Normal,364,P_2044016,0.0,-3.3155121908521497
Normal,364,P_2044024,0.0,0.0
Normal,364,P_2044042,0.0,0.0
Normal,364,P_2045002,0.0,0.0
Normal,364,P_2046013,11.7,0.0
Normal,364,Q_40032000,15.3573,-2.140652621788803
Normal,364,Q_40050000,92.9856,0.0
Normal,364,Q_40060001,6.8243,-19.208027609165132
Normal,364,Q_40100000,221.514,57.68611836432663
Normal,364,Q_40185000,9.3129,0.0
Normal,364,Q_40330000,52.6491,-33.20018651684419
Normal,364,Q_40800001,49.6492,0.0
Normal,364,Q_40850000,88.1932,0.0
Normal,364,Q_40930000,10.395,-13.095167024296117
Normal,365,P_1944059,0.0,0.0
Normal,365,P_1944063,0.0,-11.97830240351539
Normal,365,P_1945002,0.0,-9.420525696627436
Normal,365,P_1945008,0.0,-12.863335642834025
Normal,365,P_1946000,0.0,0.0
Normal,365,P_2044008,0.0,-6.602624454470458
Normal,365,P_2044016,0.0,0.0
Normal,365,P_2044024,0.0,0.0
Normal,365,P_2044042,0.0,0.0
Normal,365,P_2045002,0.0,0.0
Normal,365,P_2046013,0.0,0.0
Normal,365,Q_40032000,7.5115,-8.79023494299864
Normal,365,Q_40050000,27.2957,0.0
Normal,365,Q_40060001,4.6405,-30.471709658718325
Normal,365,Q_40100000,104.874,-97.2102702555204
Normal,365,Q_40185000,12.735,0.0
Normal,365,Q_40330000,44.0531,-44.47953694090936
Normal,365,Q_40800001,38.5417,0.0
Normal,365,Q_40850000,52.074,-37.016374042753746
Normal,365,Q_40930000,2.88,-30.473255104375315
Normal,366,P_1944059,0.0,0.0
Normal,366,P_1944063,0.0,-12.297788888630183
Normal,366,P_1945002,0.0,-9.72585411045667
Normal,366,P_1945008,0.0,-12.820756735487196
Normal,366,P_1946000,0.0,0.0
Normal,366,P_2044008,0.0,-6.155731002790219
Normal,366,P_2044016,0.0,0.0
Normal,366,P_2044024,0.0,0.0
Normal,366,P_2044042,0.0,0.0
Normal,366,P_2045002,0.0,0.0
Normal,366,P_2046013,0.0,0.0
Normal,366,Q_40032000,7.8831,-8.13136060568993
Normal,366,Q_40050000,23.6445,0.0
Normal,366,Q_40060001,4.726,-29.74268043090528
Normal,366,Q_40100000,122.102,-75.32228049834482
Normal,366,Q_40185000,8.9101,0.0
Normal,366,Q_40330000,30.9979,-59.907812039507405
Normal,366,Q_40800001,41.1542,0.0
Normal,366,Q_40850000,71.7541,-18.83686066155188
Normal,366,Q_40930000,7.5507,-20.46189170353914
Normal,367,P_1944059,0.0,0.0
Normal,367,P_1944063,0.0,-11.825346476310505
Normal,367,P_1945002,0.0,-10.599695496151499
Normal,367,P_1945008,0.0,-12.873813609238596
Normal,367,P_1946000,0.0,0.0
Normal,367,P_2044008,0.0,-6.643994363854347
Normal,367,P_2044016,0.0,0.0
Normal,367,P_2044024,0.0,0.0
Normal,367,P_2044042,0.0,0.0
Normal,367,P_2045002,0.0,0.0
Normal,367,P_2046013,0.0,0.0
Normal,367,Q_40032000,13.1428,0.0
Normal,367,Q_40050000,74.1019,0.0
Normal,367,Q_40060001,7.8104,-17.338922480449817
Normal,367,Q_40100000,122.102,-75.62161450771325
Normal,367,Q_40185000,8.9101,0.0
Normal,367,Q_40330000,31.9809,-58.98871692973598
Normal,367,Q_40800001,26.7461,-7.5659062586531585
Normal,367,Q_40850000,34.4681,-54.616706541836756
Normal,367,Q_40930000,9.076,-17.685859217060464
Normal,368,P_1944059,0.0,0.0
Normal,368,P_1944063,0.0,-12.624014619792874
Normal,368,P_1945002,0.0,-10.700151910775899
Normal,368,P_1945008,0.0,-12.167618642834766
Normal,368,P_1946000,0.0,0.0
Normal,368,P_2044008,0.0,-5.317256427947087
Normal,368,P_2044016,0.0,-3.6317091952456337
Normal,368,P_2044024,0.0,0.0
Normal,368,P_2044042,2.8,0.0
Normal,368,P_2045002,0.0,0.0
Normal,368,P_2046013,1.9,0.0
Normal,368,Q_40032000,13.6935,-5.050790805122625
Normal,368,Q_40050000,79.6744,0.0
Normal,368,Q_40060001,11.3495,0.0
Normal,368,Q_40100000,205.512,35.46052496992662
Normal,368,Q_40185000,11.5888,0.0
Normal,368,Q_40330000,41.855,-47.134236668523386
Normal,368,Q_40800001,63.698,0.0
Normal,368,Q_40850000,70.4506,-19.312643428617616
Normal,368,Q_40930000,8.607,-17.712580275117936
Normal,369,P_1944059,0.0,0.0
Normal,369,P_1944063,0.0,-12.985115170061308
Normal,369,P_1945002,0.0,-11.154533698036182
Normal,369,P_1945008,0.0,-12.99070513791098
Normal,369,P_1946000,0.0,0.0
Normal,369,P_2044008,0.0,-6.170459662955071
Normal,369,P_2044016,6.0,0.0
Normal,369,P_2044024,0.0,0.0
Normal,369,P_2044042,0.0,0.0
Normal,369,P_2045002,0.0,0.0
Normal,369,P_2046013,1.2,0.0
Normal,369,Q_40032000,13.5778,-4.93561883136735
Normal,369,Q_40050000,113.81,0.0
Normal,369,Q_40060001,8.9429,-10.547834667850063
Normal,369,Q_40100000,214.438,46.89093127884483
Normal,369,Q_40185000,18.4774,0.0
Normal,369,Q_40330000,57.455,-28.18669180949327
Normal,369,Q_40800001,60.48,0.0
Normal,369,Q_40850000,74.3921,-15.926416906653634
Normal,369,Q_40930000,9.4055,-15.905559498177574
Normal,370,P_1944059,0.0,0.0
Normal,370,P_1944063,0.0,-14.031364974687808
Normal,370,P_1945002,4.8,3.234739463516007
Normal,370,P_1945008,5.3,0.0
Normal,370,P_1946000,0.0,8.55103522249135
Normal,370,P_2044008,0.0,-6.771509004496249
Normal,370,P_2044016,0.0,0.0
Normal,370,P_2044024,0.0,0.0
Normal,370,P_2044042,0.0,0.0
Normal,370,P_2045002,0.0,0.0
Normal,370,P_2046013,0.0,0.0
Normal,370,Q_40032000,51.0328,46.18157650349473
Normal,370,Q_40050000,175.032,0.0
Normal,370,Q_40060001,12.8551,10.299105363128579
Normal,370,Q_40100000,368.977,258.221141887431
Normal,370,Q_40185000,19.4999,0.0
Normal,370,Q_40330000,58.6798,-27.38245920369961
Normal,370,Q_40800001,45.9382,0.0
Normal,370,Q_40850000,69.8027,-20.755601260804802
Normal,370,Q_40930000,23.2955,16.468974722231785
Normal,371,P_1944059,25.0,9.643415898923593
Normal,371,P_1944063,37.0,90.33607781184038
Normal,371,P_1945002,48.2,63.183718716822305
Normal,371,P_1945008,3.4,0.0
Normal,371,P_1946000,32.2,-53.0112362797282
Normal,371,P_2044008,0.0,0.0
Normal,371,P_2044016,22.1,11.447976719275724
Normal,371,P_2044024,28.0,0.0
Normal,371,P_2044042,19.1,0.0
Normal,371,P_2045002,15.2,0.0
Normal,371,P_2046013,36.8,0.0
Normal,371,Q_40032000,23.0583,0.0
Normal,371,Q_40050000,326.905,20.695671976195566
Normal,371,Q_40060001,29.9262,113.3282172538347
Normal,371,Q_40100000,162.172,-29.8724088524918
Normal,371,Q_40185000,31.8535,0.0
Normal,371,Q_40330000,59.2957,-33.08900592567188
Normal,371,Q_40800001,99.5853,0.0
Normal,371,Q_40850000,71.7541,0.0
Normal,371,Q_40930000,96.824,179.65399264960465
Normal,372,P_1944059,16.0,8.849048642719438
Normal,372,P_1944063,4.8,0.0
Normal,372,P_1945002,13.6,14.979714067010441
Normal,372,P_1945008,33.0,63.63637376274046
Normal,372,P_1946000,0.0,7.025734207583918
Normal,372,P_2044008,11.0,3.8607351242325763
Normal,372,P_2044016,9.7,0.0
Normal,372,P_2044024,7.4,0.0
Normal,372,P_2044042,6.2,0.0
Normal,372,P_2045002,6.6,0.0
Normal,372,P_2046013,0.0,0.0
Normal,372,Q_40032000,122.226,150.79321635686026
Normal,372,Q_40050000,124.247,0.0
Normal,372,Q_40060001,8.7334,0.0
Normal,372,Q_40100000,261.715,108.46291268169651
Normal,372,Q_40185000,15.5197,0.0
Normal,372,Q_40330000,66.2217,0.0
Normal,372,Q_40800001,101.085,4.298452035950244
Normal,372,Q_40850000,143.374,50.735763608958266
Normal,372,Q_40930000,49.3542,76.89736987147795
Normal,373,P_1944059,0.0,0.0
Normal,373,P_1944063,0.0,-16.73589633000873
Normal,373,P_1945002,0.0,-13.946574796803345
Normal,373,P_1945008,0.0,-16.143150826628293
Normal,373,P_1946000,0.0,7.288387815871417
Normal,373,P_2044008,0.0,0.0
Normal,373,P_2044016,0.0,0.0
Normal,373,P_2044024,0.0,0.0
Normal,373,P_2044042,0.0,0.0
Normal,373,P_2045002,0.0,0.0
Normal,373,P_2046013,0.0,0.0
Normal,373,Q_40032000,55.2268,54.25068116059694
Normal,373,Q_40050000,218.639,0.0
Normal,373,Q_40060001,14.6652,18.978772106029812
Normal,373,Q_40100000,493.521,422.64016337210444
Normal,373,Q_40185000,24.872,0.0
Normal,373,Q_40330000,97.2953,17.918633157728028
Normal,373,Q_40800001,58.4971,0.0
Normal,373,Q_40850000,97.7028,4.744324265764135
Normal,373,Q_40930000,27.042,23.936802700200662
Normal,374,P_1944059,0.0,0.0
Normal,374,P_1944063,0.0,-12.619838949775264
Normal,374,P_1945002,7.9,13.705024591838516
Normal,374,P_1945008,0.0,-12.95372519861858
Normal,374,P_1946000,0.0,0.0
Normal,374,P_2044008,0.0,-5.1273305952992425
Normal,374,P_2044016,1.1,0.0
Normal,374,P_2044024,0.0,0.0
Normal,374,P_2044042,0.0,0.0
Normal,374,P_2045002,0.0,0.0
Normal,374,P_2046013,0.0,-4.0223301990825675
Normal,374,Q_40032000,26.1651,0.0
Normal,374,Q_40050000,119.19,0.0
Normal,374,Q_40060001,13.45,13.21534557288654
Normal,374,Q_40100000,235.885,77.53386918543575
Normal,374,Q_40185000,38.0842,0.0
Normal,374,Q_40330000,60.5345,-23.663095507156505
Normal,374,Q_40800001,60.0088,0.0
Normal,374,Q_40850000,70.4506,-19.2430849663454
Normal,374,Q_40930000,10.8599,-12.675406152778212
Normal,375,P_1944059,0.0,0.0
Normal,375,P_1944063,0.0,-16.853000966093248
Normal,375,P_1945002,7.9,11.588926387430895
Normal,375,P_1945008,0.0,0.0
Normal,375,P_1946000,0.0,6.544887601667206
Normal,375,P_2044008,0.0,0.0
Normal,375,P_2044016,0.0,0.0
Normal,375,P_2044024,0.0,0.0
Normal,375,P_2044042,0.0,0.0
Normal,375,P_2045002,0.0,0.0
Normal,375,P_2046013,11.0,4.333854509455377
Normal,375,Q_40032000,46.624,35.10600422361282
Normal,375,Q_40050000,115.265,0.0
Normal,375,Q_40060001,16.8064,29.12273274302362
Normal,375,Q_40100000,303.993,168.6036257253919
Normal,375,Q_40185000,25.9963,0.0
Normal,375,Q_40330000,88.5939,7.47299416507253
Normal,375,Q_40800001,120.285,5.162077069627614
Normal,375,Q_40850000,135.528,41.857975735978876
Normal,375,Q_40930000,15.9357,0.0
Normal,376,P_1944059,52.4,95.89616265819059
Normal,376,P_1944063,1.7,0.0
Normal,376,P_1945002,0.0,-9.532626127433835
Normal,376,P_1945008,2.4,0.0
Normal,376,P_1946000,0.0,7.431102339388659
Normal,376,P_2044008,0.0,-6.114533960541223
Normal,376,P_2044016,6.5,0.0
Normal,376,P_2044024,33.6,14.136282246356593
Normal,376,P_2044042,1.4,0.0
Normal,376,P_2045002,7.7,0.0
Normal,376,P_2046013,8.2,0.0
Normal,376,Q_40032000,20.5571,0.0
Normal,376,Q_40050000,136.822,0.0
Normal,376,Q_40060001,9.154,-10.045540725660416
Normal,376,Q_40100000,210.928,31.79489611490271
Normal,376,Q_40185000,16.001,0.0
Normal,376,Q_40330000,62.4098,-23.575871336533968
Normal,376,Q_40800001,77.7526,0.0
Normal,376,Q_40850000,153.221,53.77316490526992
Normal,376,Q_40930000,23.1116,11.30436041716601
Normal,377,P_1944059,4.0,0.0
Normal,377,P_1944063,0.0,-7.406329400796567
Normal,377,P_1945002,0.0,-3.8301237938593884
Normal,377,P_1945008,0.0,-8.520549189009285
Normal,377,P_1946000,0.0,0.0
Normal,377,P_2044008,0.0,-2.4890618947588905
Normal,377,P_2044016,6.4,0.0
Normal,377,P_2044024,15.2,0.0
Normal,377,P_2044042,3.9,0.0
Normal,377,P_2045002,18.9,0.0
Normal,377,P_2046013,41.2,42.01619819037618
Normal,377,Q_40032000,15.3573,0.0
Normal,377,Q_40050000,60.2159,0.0
Normal,377,Q_40060001,7.4108,-15.445653395930758
Normal,377,Q_40100000,81.9526,-124.58713862628132
Normal,377,Q_40185000,15.5197,0.0
Normal,377,Q_40330000,58.0662,-26.617103994932062
Normal,377,Q_40800001,79.8306,0.0
Normal,377,Q_40850000,71.7541,-16.398344276726203
Normal,377,Q_40930000,6.0141,-21.69490236041416
Normal,378,P_1944059,0.0,0.0
Normal,378,P_1944063,0.0,-11.335472365489128
Normal,378,P_1945002,0.0,-9.555655577526377
Normal,378,P_1945008,0.0,-13.183054065637611
Normal,378,P_1946000,0.0,0.0
Normal,378,P_2044008,0.0,-6.196502506600723
Normal,378,P_2044016,0.3,0.0
Normal,378,P_2044024,0.0,0.0
Normal,378,P_2044042,0.0,0.0
Normal,378,P_2045002,0.0,0.0
Normal,378,P_2046013,0.0,0.0
Normal,378,Q_40032000,11.0303,-7.452059163734226
Normal,378,Q_40050000,38.7614,0.0
Normal,378,Q_40060001,7.6098,-16.9804896903941
Normal,378,Q_40100000,119.173,-79.44538550138967
Normal,378,Q_40185000,10.1356,0.0
Normal,378,Q_40330000,40.7711,-48.97565876156603
Normal,378,Q_40800001,41.1542,0.0
Normal,378,Q_40850000,55.3181,-34.62283454193111
Normal,378,Q_40930000,4.7209,-27.040517539743195
Normal,379,P_1944059,0.0,0.0
Normal,379,P_1944063,0.0,-14.346706470547874
Normal,379,P_1945002,20.1,51.33511676602285
Normal,379,P_1945008,0.0,-13.808149309280623
Normal,379,P_1946000,0.0,7.823581236071014
Normal,379,P_2044008,0.9,0.0
Normal,379,P_2044016,0.0,0.0
Normal,379,P_2044024,0.0,0.0
Normal,379,P_2044042,0.0,0.0
Normal,379,P_2045002,0.0,0.0
Normal,379,P_2046013,3.0,0.0
Normal,379,Q_40032000,20.0669,0.0
Normal,379,Q_40050000,85.6674,0.0
Normal,379,Q_40060001,13.811,14.60678889653009
Normal,379,Q_40100000,271.145,125.83176024940617
Normal,379,Q_40185000,20.5401,0.0
Normal,379,Q_40330000,99.6193,23.48717511275243
Normal,379,Q_40800001,110.837,5.972454899170531
Normal,379,Q_40850000,159.633,68.88656932518658
Normal,379,Q_40930000,11.6886,-11.373904135143619
Normal,380,P_1944059,0.0,0.0
Normal,380,P_1944063,0.0,-8.89269684418014
Normal,380,P_1945002,19.6,33.21994855048507
Normal,380,P_1945008,0.0,-9.72752525426737
Normal,380,P_1946000,0.0,8.913358106854716
Normal,380,P_2044008,11.2,0.0
Normal,380,P_2044016,54.0,75.12595948752046
Normal,380,P_2044024,0.6,0.0
Normal,380,P_2044042,0.0,0.0
Normal,380,P_2045002,0.0,0.0
Normal,380,P_2046013,0.0,0.0
Normal,380,Q_40032000,18.1401,0.0
Normal,380,Q_40050000,112.176,0.0
Normal,380,Q_40060001,8.422,-11.344117463234266
Normal,380,Q_40100000,183.522,0.0
Normal,380,Q_40185000,27.1366,0.0
Normal,380,Q_40330000,49.1448,-36.91080010845153
Normal,380,Q_40800001,109.81,9.93946233889592
Normal,380,Q_40850000,78.4258,-10.314517310557394
Normal,380,Q_40930000,8.4572,-17.748193526647928
Normal,381,P_1944059,0.0,0.0
Normal,381,P_1944063,0.0,-11.827484452933424
Normal,381,P_1945002,0.0,-9.04948395803516
Normal,381,P_1945008,0.0,-12.91011916240206
Normal,381,P_1946000,0.0,0.0
Normal,381,P_2044008,0.0,0.0
Normal,381,P_2044016,0.0,0.0
Normal,381,P_2044024,0.0,0.0
Normal,381,P_2044042,7.2,-7.72489207124913
Normal,381,P_2045002,8.5,0.0
Normal,381,P_2046013,0.0,0.0
Normal,381,Q_40032000,9.815,-8.384323442989
Normal,381,Q_40050000,44.6428,0.0
Normal,381,Q_40060001,6.2535,-24.34963402476488
Normal,381,Q_40100000,55.7127,-158.96498639200942
Normal,381,Q_40185000,4.8876,0.0
Normal,381,Q_40330000,14.9303,-78.54916315125904
Normal,381,Q_40800001,37.3023,0.0
Normal,381,Q_40850000,41.4926,-48.23703424340671
Normal,381,Q_40930000,8.7258,-19.74724251857659
Normal,382,P_1944059,19.4,12.85908134765319
Normal,382,P_1944063,35.5,122.19849790182779
Normal,382,P_1945002,15.9,26.847175500552822
Normal,382,P_1945008,0.0,-13.498101615951384
Normal,382,P_1946000,6.3,0.0
Normal,382,P_2044008,7.5,0.0
Normal,382,P_2044016,20.8,7.497484776497745
Normal,382,P_2044024,7.8,0.0
Normal,382,P_2044042,4.1,0.0
Normal,382,P_2045002,1.0,0.0
Normal,382,P_2046013,1.5,0.0
Normal,382,Q_40032000,24.0814,4.40576665866689
Normal,382,Q_40050000,136.354,0.0
Normal,382,Q_40060001,9.2602,0.0
Normal,382,Q_40100000,237.701,84.1785287220232
Normal,382,Q_40185000,31.8535,0.0
Normal,382,Q_40330000,68.1579,-17.62532859611226
Normal,382,Q_40800001,215.294,27.04255975025844
Normal,382,Q_40850000,296.29,216.6161998591261
Normal,382,Q_40930000,13.6033,0.0
Normal,383,P_1944059,0.0,0.0
Normal,383,P_1944063,0.0,-11.637255748764805
Normal,383,P_1945002,0.0,-9.986895510874179
Normal,383,P_1945008,0.0,-12.49826054871662
Normal,383,P_1946000,0.0,0.0
Normal,383,P_2044008,0.0,-6.388206252167322
Normal,383,P_2044016,0.0,0.0
Normal,383,P_2044024,0.0,0.0
Normal,383,P_2044042,0.0,0.0
Normal,383,P_2045002,0.0,0.0
Normal,383,P_2046013,0.0,0.0
Normal,383,Q_40032000,10.6207,-7.342765096960608
Normal,383,Q_40050000,37.2786,0.0
Normal,383,Q_40060001,7.2136,-18.75195544150373
Normal,383,Q_40100000,111.951,-88.68406456023018
Normal,383,Q_40185000,9.3129,0.0
Normal,383,Q_40330000,37.5815,-52.45062813029927
Normal,383,Q_40800001,38.5417,0.0
Normal,383,Q_40850000,50.1556,-39.57156347382556
Normal,383,Q_40930000,4.362,-27.855734657701152
Normal,384,P_1944059,0.0,0.0
Normal,384,P_1944063,5.2,7.42900585669936
Normal,384,P_1945002,35.6,98.34035636991555
Normal,384,P_1945008,0.0,0.0
Normal,384,P_1946000,0.0,7.031845952932144
Normal,384,P_2044008,4.2,0.0
Normal,384,P_2044016,0.0,0.0
Normal,384,P_2044024,3.3,0.0
Normal,384,P_2044042,0.1,0.0
Normal,384,P_2045002,0.0,0.0
Normal,384,P_2046013,7.6,0.0
Normal,384,Q_40032000,25.5314,9.895801140209647
Normal,384,Q_40050000,225.12,0.0
Normal,384,Q_40060001,19.0386,44.345753597224245
Normal,384,Q_40100000,304.725,171.22908455195562
Normal,384,Q_40185000,50.2064,0.0
Normal,384,Q_40330000,193.44,138.87643360802753
Normal,384,Q_40800001,131.474,6.92280635173935
Normal,384,Q_40850000,200.466,105.92224384756977
Normal,384,Q_40930000,86.0717,165.84896759858177
Normal,385,P_1944059,22.6,21.88769056708779
Normal,385,P_1944063,2.5,0.0
Normal,385,P_1945002,14.6,27.2460122991886
Normal,385,P_1945008,19.2,46.24594244978471
Normal,385,P_1946000,8.2,0.0
Normal,385,P_2044008,8.6,0.0
Normal,385,P_2044016,25.5,20.04127361506814
Normal,385,P_2044024,19.0,0.0
Normal,385,P_2044042,5.0,0.0
Normal,385,P_2045002,5.1,0.0
Normal,385,P_2046013,11.8,0.0
Normal,385,Q_40032000,26.7767,0.0
Normal,385,Q_40050000,87.8466,0.0
Normal,385,Q_40060001,13.211,14.171338253568592
Normal,385,Q_40100000,295.041,159.3969890284371
Normal,385,Q_40185000,28.1246,0.0
Normal,385,Q_40330000,102.015,27.22414341460546
Normal,385,Q_40800001,266.613,31.72481188488985
Normal,385,Q_40850000,267.934,177.8891607301167
Normal,385,Q_40930000,37.9841,51.121992296170546
Normal,386,P_1944059,0.0,0.0
Normal,386,P_1944063,0.0,-12.444678999136954
Normal,386,P_1945002,0.0,-9.926026491763112
Normal,386,P_1945008,0.0,-13.134365276400333
Normal,386,P_1946000,0.0,0.0
Normal,386,P_2044008,0.4,-6.209643121497521
Normal,386,P_2044016,0.0,0.0
Normal,386,P_2044024,0.0,0.0
Normal,386,P_2044042,0.0,0.0
Normal,386,P_2045002,0.0,0.0
Normal,386,P_2046013,0.0,0.0
Normal,386,Q_40032000,11.4443,-6.722876623159011
Normal,386,Q_40050000,42.9219,0.0
Normal,386,Q_40060001,8.1144,-14.474442153833047
Normal,386,Q_40100000,132.531,-61.89683221144495
Normal,386,Q_40185000,11.4112,0.0
Normal,386,Q_40330000,40.7711,-48.66380851668088
Normal,386,Q_40800001,43.796,0.0
Normal,386,Q_40850000,59.7906,-30.68752232661329
Normal,386,Q_40930000,5.0915,-26.09302542414713
Normal,387,P_1944059,0.0,0.0
Normal,387,P_1944063,0.0,-12.140802696394577
Normal,387,P_1945002,0.0,-10.11450407827414
Normal,387,P_1945008,0.0,-12.913129647622902
Normal,387,P_1946000,0.0,0.0
Normal,387,P_2044008,0.0,-6.183914217609811
Normal,387,P_2044016,0.0,0.0
Normal,387,P_2044024,0.0,0.0
Normal,387,P_2044042,0.0,0.0
Normal,387,P_2045002,0.0,0.0
Normal,387,P_2046013,0.0,0.0
Normal,387,Q_40032000,11.4443,-7.16877928352074
Normal,387,Q_40050000,41.146,0.0
Normal,387,Q_40060001,8.0126,-15.098549619354642
Normal,387,Q_40100000,129.524,-65.97765080045575
Normal,387,Q_40185000,10.9806,0.0
Normal,387,Q_40330000,38.1066,-51.716835263104095
Normal,387,Q_40800001,42.0316,0.0
Normal,387,Q_40850000,59.7906,-30.182048483349917
Normal,387,Q_40930000,4.9048,-26.935046605770914
Normal,388,P_1944059,0.0,0.0
Normal,388,P_1944063,0.0,-10.688044311109866
Normal,388,P_1945002,0.0,-8.558380424859292
Normal,388,P_1945008,0.0,-12.736291469181907
Normal,388,P_1946000,46.4,-23.897771380173747
Normal,388,P_2044008,0.0,-5.137316102193536
Normal,388,P_2044016,0.0,0.0
Normal,388,P_2044024,0.0,0.0
Normal,388,P_2044042,0.0,0.0
Normal,388,P_2045002,0.0,0.0
Normal,388,P_2046013,14.2,0.0
Normal,388,Q_40032000,13.5778,-4.296909676264997
Normal,388,Q_40050000,146.692,0.0
Normal,388,Q_40060001,10.564,-3.7774513375191
Normal,388,Q_40100000,237.701,67.57585191779694
Normal,388,Q_40185000,20.0178,0.0
Normal,388,Q_40330000,69.4598,-13.730824942725302
Normal,388,Q_40800001,103.255,0.0
Normal,388,Q_40850000,107.63,15.503865312023345
Normal,388,Q_40930000,15.9357,0.0
Normal,389,P_1944059,0.0,0.0
Normal,389,P_1944063,0.0,-11.937753855183637
Normal,389,P_1945002,0.0,-9.520614857911593
Normal,389,P_1945008,0.0,-12.990652000904541
Normal,389,P_1946000,0.0,0.0
Normal,389,P_2044008,0.0,-6.955831391713559
Normal,389,P_2044016,0.0,0.0
Normal,389,P_2044024,0.0,0.0
Normal,389,P_2044042,0.0,0.0
Normal,389,P_2045002,0.0,0.0
Normal,389,P_2046013,0.0,0.0
Normal,389,Q_40032000,9.0278,-7.832503148814218
Normal,389,Q_40050000,31.4242,0.0
Normal,389,Q_40060001,6.3475,-22.558514903723765
Normal,389,Q_40100000,93.8632,-111.36728647863984
Normal,389,Q_40185000,7.7372,0.0
Normal,389,Q_40330000,34.9956,-54.97151043023066
Normal,389,Q_40800001,33.4105,0.0
Normal,389,Q_40850000,42.0951,-46.65606454848858
Normal,389,Q_40930000,3.4196,-29.193644924573583
Normal,390,P_1944059,10.0,7.052523913149926
Normal,390,P_1944063,0.0,0.0
Normal,390,P_1945002,6.4,6.955797572109771
Normal,390,P_1945008,0.0,-16.352322608616145
Normal,390,P_1946000,0.0,7.002482168913791
Normal,390,P_2044008,0.0,0.0
Normal,390,P_2044016,0.0,0.0
Normal,390,P_2044024,17.4,0.0
Normal,390,P_2044042,5.2,0.0
Normal,390,P_2045002,4.1,0.0
Normal,390,P_2046013,5.6,0.0
Normal,390,Q_40032000,52.6347,47.62992574531204
Normal,390,Q_40050000,255.778,0.0
Normal,390,Q_40060001,14.5421,16.804585733078977
Normal,390,Q_40100000,476.439,399.8470956336408
Normal,390,Q_40185000,36.1772,0.0
Normal,390,Q_40330000,109.33,31.46166968459842
Normal,390,Q_40800001,67.5044,0.0
Normal,390,Q_40850000,76.3974,-16.892350546178704
Normal,390,Q_40930000,28.1403,25.569585914783737
Normal,391,P_1944059,0.0,0.0
Normal,391,P_1944063,0.0,-11.493024171211053
Normal,391,P_1945002,0.0,-9.271614963452317
Normal,391,P_1945008,0.0,-12.393708429667422
Normal,391,P_1946000,0.0,0.0
Normal,391,P_2044008,0.0,-5.923173210146842
Normal,391,P_2044016,0.0,0.0
Normal,391,P_2044024,0.0,0.0
Normal,391,P_2044042,0.0,0.0
Normal,391,P_2045002,0.0,0.0
Normal,391,P_2046013,0.0,0.0
Normal,391,Q_40032000,6.784,-9.368287701670782
Normal,391,Q_40050000,26.9338,0.0
Normal,391,Q_40060001,5.2495,-27.090063712366728
Normal,391,Q_40100000,111.951,-88.26815842491402
Normal,391,Q_40185000,8.9101,0.0
Normal,391,Q_40330000,31.488,-58.486865653954865
Normal,391,Q_40800001,61.1447,0.0
Normal,391,Q_40850000,62.8474,-26.642892784430668
Normal,391,Q_40930000,14.1721,-6.244127771572477
Normal,392,P_1944059,8.0,0.0
Normal,392,P_1944063,0.0,-8.316631448856999
Normal,392,P_1945002,25.4,43.84970482999513
Normal,392,P_1945008,0.0,-10.481212018474894
Normal,392,P_1946000,0.0,0.0
Normal,392,P_2044008,0.0,-5.4439281376642725
Normal,392,P_2044016,0.0,0.0
Normal,392,P_2044024,0.0,0.0
Normal,392,P_2044042,0.0,0.0
Normal,392,P_2045002,0.0,0.0
Normal,392,P_2046013,0.0,0.0
Normal,392,Q_40032000,7.8831,-5.677105261300138
Normal,392,Q_40050000,25.7459,0.0
Normal,392,Q_40060001,6.5369,-21.811638608166675
Normal,392,Q_40100000,87.1825,-122.15429201991066
Normal,392,Q_40185000,5.9063,0.0
Normal,392,Q_40330000,21.3651,-71.98833140352431
Normal,392,Q_40800001,72.5863,0.0
Normal,392,Q_40850000,50.7927,-38.40806191379273
Normal,392,Q_40930000,7.9986,-18.338418278215073
Normal,393,P_1944059,0.0,0.0
Normal,393,P_1944063,0.0,-12.53232672139231
Normal,393,P_1945002,0.0,-9.910990335008444
Normal,393,P_1945008,0.0,-11.675947160666194
Normal,393,P_1946000,0.0,0.0
Normal,393,P_2044008,0.0,-4.608155958310119
Normal,393,P_2044016,0.0,-3.246914109124055
Normal,393,P_2044024,0.0,0.0
Normal,393,P_2044042,0.0,0.0
Normal,393,P_2045002,0.0,0.0
Normal,393,P_2046013,0.0,-3.3541079271404186
Normal,393,Q_40032000,17.6672,0.0
Normal,393,Q_40050000,74.8648,0.0
Normal,393,Q_40060001,12.6196,10.517112122077783
Normal,393,Q_40100000,230.462,69.54499011405602
Normal,393,Q_40185000,22.6724,0.0
Normal,393,Q_40330000,68.8078,-13.348833392954338
Normal,393,Q_40800001,74.5259,0.0
Normal,393,Q_40850000,99.203,0.0
Normal,393,Q_40930000,10.905,-11.068894944182892
Normal,394,P_1944059,0.0,0.0
Normal,394,P_1944063,0.0,-15.148929597876148
Normal,394,P_1945002,13.9,31.432036850662858
Normal,394,P_1945008,0.0,-14.61389453731008
Normal,394,P_1946000,0.0,7.625067497367187
Normal,394,P_2044008,1.7,0.0
Normal,394,P_2044016,0.0,0.0
Normal,394,P_2044024,0.0,0.0
Normal,394,P_2044042,3.0,0.0
Normal,394,P_2045002,0.0,0.0
Normal,394,P_2046013,12.0,6.736961176252505
Normal,394,Q_40032000,19.4562,0.0
Normal,394,Q_40050000,143.055,0.0
Normal,394,Q_40060001,18.7714,40.57984327050376
Normal,394,Q_40100000,316.473,186.64901757782914
Normal,394,Q_40185000,29.4817,0.0
Normal,394,Q_40330000,107.688,32.48217817893901
Normal,394,Q_40800001,75.6631,0.0
Normal,394,Q_40850000,105.302,13.841640886139679
Normal,394,Q_40930000,11.5881,-12.623092154215385
Normal,395,P_1944059,0.0,0.0
Normal,395,P_1944063,0.0,-12.310605862239267
Normal,395,P_1945002,0.0,-10.248594442131775
Normal,395,P_1945008,0.0,-12.930314273588928
Normal,395,P_1946000,0.0,0.0
Normal,395,P_2044008,0.0,-6.477544141427223
Normal,395,P_2044016,0.0,0.0
Normal,395,P_2044024,0.0,0.0
Normal,395,P_2044042,0.0,0.0
Normal,395,P_2045002,0.0,0.0
Normal,395,P_2046013,0.0,0.0
Normal,395,Q_40032000,12.2852,-5.936425181231698
Normal,395,Q_40050000,46.1138,0.0
Normal,395,Q_40060001,8.422,-13.434187322328158
Normal,395,Q_40100000,144.779,-46.70071863865805
Normal,395,Q_40185000,14.5717,0.0
Normal,395,Q_40330000,49.1448,-39.18161075173902
Normal,395,Q_40800001,49.1637,0.0
Normal,395,Q_40850000,63.4666,-26.317626011399792
Normal,395,Q_40930000,5.4736,-25.234820594151056
Normal,396,P_1944059,1.2,0.0
Normal,396,P_1944063,31.9,68.96362915869263
Normal,396,P_1945002,28.6,37.448100797149955
Normal,396,P_1945008,0.0,0.0
Normal,396,P_1946000,13.2,-18.66484290840472
Normal,396,P_2044008,29.4,28.71759897455785
Normal,396,P_2044016,7.7,0.0
Normal,396,P_2044024,48.0,11.453242708886139
Normal,396,P_2044042,5.6,0.0
Normal,396,P_2045002,19.0,0.0
Normal,396,P_2046013,15.6,0.0
Normal,396,Q_40032000,19.0965,0.0
Normal,396,Q_40050000,113.401,0.0
Normal,396,Q_40060001,7.6098,-20.001031984603358
Normal,396,Q_40100000,186.881,6.9181244839268965
Normal,396,Q_40185000,21.5977,0.0
Normal,396,Q_40330000,56.846,-32.68000320001685
Normal,396,Q_40800001,100.588,5.652979818378697
Normal,396,Q_40850000,83.9466,0.0
Normal,396,Q_40930000,65.7906,113.1776895028503
Normal,397,P_1944059,0.0,0.0
Normal,397,P_1944063,0.0,-12.682739015539395
Normal,397,P_1945002,0.0,-10.91018887631058
Normal,397,P_1945008,0.0,-13.809268357561084
Normal,397,P_1946000,0.0,0.0
Normal,397,P_2044008,0.0,-6.31068770870144
Normal,397,P_2044016,0.0,0.0
Normal,397,P_2044024,0.0,0.0
Normal,397,P_2044042,0.0,0.0
Normal,397,P_2045002,0.0,0.0
Normal,397,P_2046013,0.0,-4.613881395739469
Normal,397,Q_40032000,18.1401,0.0
Normal,397,Q_40050000,95.5776,0.0
Normal,397,Q_40060001,8.0126,-15.166688925550023
Normal,397,Q_40100000,170.284,-11.076938096747552
Normal,397,Q_40185000,12.735,0.0
Normal,397,Q_40330000,42.949,-45.98688082222566
Normal,397,Q_40800001,35.2296,0.0
Normal,397,Q_40850000,54.6647,-34.8644282062143
Normal,397,Q_40930000,57.0135,93.76662479116328
Normal,398,P_1944059,0.0,0.0
Normal,398,P_1944063,0.0,-10.307420993949014
Normal,398,P_1945002,0.0,-8.852964510022618
Normal,398,P_1945008,0.0,-10.96336100729668
Normal,398,P_1946000,0.0,0.0
Normal,398,P_2044008,20.0,0.0
Normal,398,P_2044016,0.0,-2.658120644558224
Normal,398,P_2044024,0.0,0.0
Normal,398,P_2044042,0.5,0.0
Normal,398,P_2045002,0.0,0.0
Normal,398,P_2046013,0.0,-2.997058004829374
Normal,398,Q_40032000,16.7322,0.0
Normal,398,Q_40050000,117.109,0.0
Normal,398,Q_40060001,8.422,-11.649341166094734
Normal,398,Q_40100000,193.656,19.245526247475883
Normal,398,Q_40185000,21.5977,0.0
Normal,398,Q_40330000,52.0591,-32.43297606346777
Normal,398,Q_40800001,82.9645,0.0
Normal,398,Q_40850000,72.4097,-15.23207546412947
Normal,398,Q_40930000,8.9262,-16.535159762413603
Normal,399,P_1944059,0.0,0.0
Normal,399,P_1944063,0.0,-11.884335368404649
Normal,399,P_1945002,0.0,-9.594650339523769
Normal,399,P_1945008,0.0,-12.995944511720529
Normal,399,P_1946000,0.0,0.0
Normal,399,P_2044008,0.0,-6.271147864437864
Normal,399,P_2044016,0.0,0.0
Normal,399,P_2044024,0.0,0.0
Normal,399,P_2044042,0.0,0.0
Normal,399,P_2045002,0.0,0.0
Normal,399,P_2046013,0.0,0.0
Normal,399,Q_40032000,11.0303,-7.543478937014722
Normal,399,Q_40050000,37.9108,0.0
Normal,399,Q_40060001,7.4108,-18.60662761935231
Normal,399,Q_40100000,116.267,-83.12300373936888
Normal,399,Q_40185000,9.7214,0.0
Normal,399,Q_40330000,37.059,-52.23144819055983
Normal,399,Q_40800001,40.28,0.0
Normal,399,Q_40850000,52.7182,-37.12727329594842
Normal,399,Q_40930000,4.54,-27.090658568384324
Normal,400,P_1944059,0.0,0.0
Normal,400,P_1944063,0.0,-10.145442793440168
Normal,400,P_1945002,18.6,32.98866979861629
Normal,400,P_1945008,0.0,-10.815771851490382
Normal,400,P_1946000,5.0,0.0
Normal,400,P_2044008,0.0,-5.358274879491678
Normal,400,P_2044016,0.0,-3.4511178672677563
Normal,400,P_2044024,1.4,0.0
Normal,400,P_2044042,0.0,0.0
Normal,400,P_2045002,0.0,0.0
Normal,400,P_2046013,33.6,21.692669287922048
Normal,400,Q_40032000,19.823,0.0
Normal,400,Q_40050000,87.89,0.0
Normal,400,Q_40060001,10.2329,0.0
Normal,400,Q_40100000,190.259,18.98660159389228
Normal,400,Q_40185000,24.872,0.0
Normal,400,Q_40330000,82.9573,0.0
Normal,400,Q_40800001,35.6441,-5.12974977448834
Normal,400,Q_40850000,56.6319,-33.22340325183445
Normal,400,Q_40930000,10.8599,-12.825202920765946
Normal,401,P_1944059,0.0,0.0
Normal,401,P_1944063,0.0,-13.03999660892863
Normal,401,P_1945002,0.0,-11.240562175618432
Normal,401,P_1945008,0.0,-12.817685797004453
Normal,401,P_1946000,0.0,8.044829499437594
Normal,401,P_2044008,0.0,-5.600643908423917
Normal,401,P_2044016,2.4,-2.728568056208147
Normal,401,P_2044024,0.0,0.0
Normal,401,P_2044042,0.0,0.0
Normal,401,P_2045002,2.0,0.0
Normal,401,P_2046013,3.7,0.0
Normal,401,Q_40032000,17.6672,0.0
Normal,401,Q_40050000,77.2066,0.0
Normal,401,Q_40060001,12.269,6.508530836497549
Normal,401,Q_40100000,225.08,61.848028280186114
Normal,401,Q_40185000,21.5977,0.0
Normal,401,Q_40330000,65.5807,-18.297703790589583
Normal,401,Q_40800001,69.6939,0.0
Normal,401,Q_40850000,96.9564,0.0
Normal,401,Q_40930000,10.905,-12.406256064649314
Normal,402,P_1944059,2.0,0.0
Normal,402,P_1944063,6.5,14.185116883135109
Normal,402,P_1945002,12.2,22.98858582606622
Normal,402,P_1945008,40.0,109.62136511135814
Normal,402,P_1946000,0.0,8.536415126642453
Normal,402,P_2044008,0.0,0.0
Normal,402,P_2044016,9.6,0.0
Normal,402,P_2044024,0.2,0.0
Normal,402,P_2044042,1.8,0.0
Normal,402,P_2045002,7.7,0.0
Normal,402,P_2046013,0.0,0.0
Normal,402,Q_40032000,19.4562,0.0
Normal,402,Q_40050000,75.4471,0.0
Normal,402,Q_40060001,16.6778,34.329006026959
Normal,402,Q_40100000,235.431,80.41907328548541
Normal,402,Q_40185000,35.9161,0.0
Normal,402,Q_40330000,128.875,61.36062829966775
Normal,402,Q_40800001,220.223,25.91241303863145
Normal,402,Q_40850000,185.423,96.28086670164099
Normal,402,Q_40930000,20.5174,9.823452598706005
Normal,403,P_1944059,0.0,0.0
Normal,403,P_1944063,0.0,-12.29780684597331
Normal,403,P_1945002,0.0,-9.942987976517339
Normal,403,P_1945008,0.0,-12.481252299994999
Normal,403,P_1946000,0.0,0.0
Normal,403,P_2044008,0.0,-6.5547582588215505
Normal,403,P_2044016,0.0,0.0
Normal,403,P_2044024,0.0,0.0
Normal,403,P_2044042,0.0,0.0
Normal,403,P_2045002,0.0,0.0
Normal,403,P_2046013,0.0,0.0
Normal,403,Q_40032000,9.815,-7.299056464659999
Normal,403,Q_40050000,33.9909,0.0
Normal,403,Q_40060001,6.7281,-20.988153747082798
Normal,403,Q_40100000,102.085,-100.51131795126815
Normal,403,Q_40185000,8.9101,0.0
Normal,403,Q_40330000,36.022,-54.038289794135245
Normal,403,Q_40800001,35.1065,0.0
Normal,403,Q_40850000,46.3836,-42.851421258305585
Normal,403,Q_40930000,3.9737,-28.630690586003237
Normal,404,P_1944059,0.0,0.0
Normal,404,P_1944063,0.0,-12.678917093064756
Normal,404,P_1945002,0.0,-10.417569157569703
Normal,404,P_1945008,0.0,-12.8024684379826
Normal,404,P_1946000,0.0,0.0
Normal,404,P_2044008,0.0,-5.8709685232931506
Normal,404,P_2044016,0.0,-4.333052452865913
Normal,404,P_2044024,0.0,0.0
Normal,404,P_2044042,0.0,0.0
Normal,404,P_2045002,0.0,0.0
Normal,404,P_2046013,0.0,-4.2843041636207175
Normal,404,Q_40032000,14.9066,0.0
Normal,404,Q_40050000,59.4195,0.0
Normal,404,Q_40060001,9.9052,-5.128287264272447
Normal,404,Q_40100000,176.863,0.0
Normal,404,Q_40185000,10.9806,0.0
Normal,404,Q_40330000,53.2416,-33.405285860677125
Normal,404,Q_40800001,57.4099,0.0
Normal,404,Q_40850000,73.0679,-16.884288297618184
Normal,404,Q_40930000,6.8988,-21.74617559683663
Normal,405,P_1944059,0.0,0.0
Normal,405,P_1944063,0.0,-11.897201351753907
Normal,405,P_1945002,0.0,-9.645842600970683
Normal,405,P_1945008,0.0,-11.710767146283477
Normal,405,P_1946000,0.0,0.0
Normal,405,P_2044008,0.0,-4.576050866300626
Normal,405,P_2044016,0.0,-3.6561786562406837
Normal,405,P_2044024,0.0,0.0
Normal,405,P_2044042,0.0,0.0
Normal,405,P_2045002,0.0,0.0
Normal,405,P_2046013,0.0,-3.945771319777634
Normal,405,Q_40032000,10.9561,-5.862465902281144
Normal,405,Q_40050000,69.8113,0.0
Normal,405,Q_40060001,10.7866,0.0
Normal,405,Q_40100000,183.504,0.0
Normal,405,Q_40185000,10.2333,0.0
Normal,405,Q_40330000,37.5815,-50.89587613317618
Normal,405,Q_40800001,54.3056,0.0
Normal,405,Q_40850000,69.1574,-19.33630818432537
Normal,405,Q_40930000,7.3326,-19.548048046066516
Normal,406,P_1944059,0.0,0.0
Normal,406,P_1944063,0.0,-8.282265027415095
Normal,406,P_1945002,0.0,-5.397381270323189
Normal,406,P_1945008,10.0,0.0
Normal,406,P_1946000,6.0,0.0
Normal,406,P_2044008,0.0,-4.565417235539316
Normal,406,P_2044016,0.0,-3.136022091287856
Normal,406,P_2044024,0.0,0.0
Normal,406,P_2044042,0.0,0.0
Normal,406,P_2045002,37.3,47.44952354747974
Normal,406,P_2046013,12.5,0.0
Normal,406,Q_40032000,14.6283,0.0
Normal,406,Q_40050000,76.4646,0.0
Normal,406,Q_40060001,7.4108,-16.83577461130308
Normal,406,Q_40100000,128.028,-66.6838376808157
Normal,406,Q_40185000,10.5553,0.0
Normal,406,Q_40330000,34.4864,-55.14903489723252
Normal,406,Q_40800001,36.8451,0.0
Normal,406,Q_40850000,51.4322,-36.958758526905484
Normal,406,Q_40930000,9.7831,-14.225259210708737
Normal,407,P_1944059,0.0,0.0
Normal,407,P_1944063,0.0,-15.351239168505167
Normal,407,P_1945002,0.0,-11.99498855884427
Normal,407,P_1945008,0.0,-13.72422306877432
Normal,407,P_1946000,0.0,0.0
Normal,407,P_2044008,0.0,-6.046305772064562
Normal,407,P_2044016,0.0,-4.6151791540212095
Normal,407,P_2044024,0.0,0.0
Normal,407,P_2044042,0.9,0.0
Normal,407,P_2045002,0.0,0.0
Normal,407,P_2046013,0.0,0.0
Normal,407,Q_40032000,14.0773,-4.840492550044644
Normal,407,Q_40050000,111.539,0.0
Normal,407,Q_40060001,17.9771,34.56370202179784
Normal,407,Q_40100000,306.673,170.76267036678874
Normal,407,Q_40185000,25.4912,0.0
Normal,407,Q_40330000,93.6341,15.735134632418134
Normal,407,Q_40800001,66.6196,0.0
Normal,407,Q_40850000,90.3503,0.0
Normal,407,Q_40930000,10.9131,-13.16637215905175
Normal,408,P_1944059,0.0,0.0
Normal,408,P_1944063,0.0,-12.544516368063254
Normal,408,P_1945002,8.34,13.256609388162719
Normal,408,P_1945008,0.0,-13.252847285563018
Normal,408,P_1946000,0.0,0.0
Normal,408,P_2044008,0.0,0.0
Normal,408,P_2044016,0.0,0.0
Normal,408,P_2044024,0.0,0.0
Normal,408,P_2044042,0.0,0.0
Normal,408,P_2045002,0.0,0.0
Normal,408,P_2046013,0.0,-4.582979837799162
Normal,408,Q_40032000,13.3598,-5.404423263244119
Normal,408,Q_40050000,78.0935,0.0
Normal,408,Q_40060001,7.8104,-15.789058659184118
Normal,408,Q_40100000,261.715,111.04369249488474
Normal,408,Q_40185000,17.9729,0.0
Normal,408,Q_40330000,46.2913,-41.7605119311967
Normal,408,Q_40800001,81.3837,0.0
Normal,408,Q_40850000,121.232,30.762474703134544
Normal,408,Q_40930000,5.6688,-24.09530784674533
Normal,409,P_1944059,0.0,0.0
Normal,409,P_1944063,0.0,-11.447757080672062
Normal,409,P_1945002,0.0,-10.0381246085208
Normal,409,P_1945008,0.0,-13.08391216710691
Normal,409,P_1946000,0.0,0.0
Normal,409,P_2044008,0.0,-6.508618139542816
Normal,409,P_2044016,0.0,0.0
Normal,409,P_2044024,0.0,0.0
Normal,409,P_2044042,0.0,0.0
Normal,409,P_2045002,0.0,0.0
Normal,409,P_2046013,0.0,0.0
Normal,409,Q_40032000,11.0303,-6.965424524831093
Normal,409,Q_40050000,38.1226,0.0
Normal,409,Q_40060001,7.5101,-17.661424616929118
Normal,409,Q_40100000,117.717,-81.2808566450258
Normal,409,Q_40185000,9.7214,0.0
Normal,409,Q_40330000,42.4007,-46.65644250596094
Normal,409,Q_40800001,40.28,0.0
Normal,409,Q_40850000,54.0135,-35.78247761147678
Normal,409,Q_40930000,4.54,-27.416913103008298
Normal,410,P_1944059,1.0,0.0
Normal,410,P_1944063,11.7,14.784319553878367
Normal,410,P_1945002,0.0,-4.623434519412168
Normal,410,P_1945008,3.9,0.0
Normal,410,P_1946000,0.0,0.0
Normal,410,P_2044008,9.1,0.0
Normal,410,P_2044016,88.1,164.00847094236983
Normal,410,P_2044024,51.0,50.075794265899134
Normal,410,P_2044042,11.0,-10.109972361596379
Normal,410,P_2045002,0.0,0.0
Normal,410,P_2046013,16.6,0.0
Normal,410,Q_40032000,18.6166,0.0
Normal,410,Q_40050000,37.5877,0.0
Normal,410,Q_40060001,6.2535,-23.773772662570277
Normal,410,Q_40100000,74.3045,-132.61664534008685
Normal,410,Q_40185000,9.3129,0.0
Normal,410,Q_40330000,29.5441,-59.44808901473749
Normal,410,Q_40800001,54.1836,0.0
Normal,410,Q_40850000,65.9698,-24.296306050240464
Normal,410,Q_40930000,13.8167,-5.862838887867421
Normal,411,P_1944059,0.0,0.0
Normal,411,P_1944063,6.4,14.0822553424359
Normal,411,P_1945002,8.6,13.701802022518232
Normal,411,P_1945008,0.0,-13.271282785232472
Normal,411,P_1946000,0.0,9.361327714482027
Normal,411,P_2044008,0.2,0.0
Normal,411,P_2044016,0.0,0.0
Normal,411,P_2044024,0.0,0.0
Normal,411,P_2044042,4.5,0.0
Normal,411,P_2045002,0.0,0.0
Normal,411,P_2046013,9.0,0.0
Normal,411,Q_40032000,50.3961,40.88942641240162
Normal,411,Q_40050000,143.07,3.2038400174195942
Normal,411,Q_40060001,12.8551,11.534369174516394
Normal,411,Q_40100000,321.862,200.38149625898046
Normal,411,Q_40185000,15.0433,0.0
Normal,411,Q_40330000,52.6491,-35.544151735102744
Normal,411,Q_40800001,41.5058,0.0
Normal,411,Q_40850000,55.3181,-35.58394175068901
Normal,411,Q_40930000,16.1074,0.0
Normal,412,P_1944059,22.2,15.54222570198751
Normal,412,P_1944063,8.3,13.455262808096734
Normal,412,P_1945002,0.0,0.0
Normal,412,P_1945008,20.0,39.342884161670426
Normal,412,P_1946000,4.0,0.0
Normal,412,P_2044008,17.4,14.796196483615832
Normal,412,P_2044016,16.0,0.0
Normal,412,P_2044024,6.2,0.0
Normal,412,P_2044042,22.1,0.0
Normal,412,P_2045002,2.2,0.0
Normal,412,P_2046013,37.7,20.033826434080595
Normal,412,Q_40032000,41.4269,18.556904545979435
Normal,412,Q_40050000,144.424,0.0
Normal,412,Q_40060001,27.3731,105.34322375913868
Normal,412,Q_40100000,181.85,0.0
Normal,412,Q_40185000,25.9963,0.0
Normal,412,Q_40330000,91.4617,13.905509526023113
Normal,412,Q_40800001,133.256,15.14667489916488
Normal,412,Q_40850000,158.71,72.24907053556652
Normal,412,Q_40930000,15.0433,0.0
Normal,413,P_1944059,0.0,-1.800843000383523
Normal,413,P_1944063,0.0,-11.533328389189338
Normal,413,P_1945002,0.0,-10.159491979738794
Normal,413,P_1945008,0.0,-11.634244902732092
Normal,413,P_1946000,0.0,0.0
Normal,413,P_2044008,0.0,-3.9762888758585304
Normal,413,P_2044016,0.0,-2.503656789857568
Normal,413,P_2044024,0.0,0.0
Normal,413,P_2044042,0.0,0.0
Normal,413,P_2045002,0.0,0.0
Normal,413,P_2046013,0.0,-3.3376994310259964
Normal,413,Q_40032000,21.5477,0.0
Normal,413,Q_40050000,78.0935,0.0
Normal,413,Q_40060001,11.9215,0.0
Normal,413,Q_40100000,221.514,58.25431120709087
Normal,413,Q_40185000,23.7639,0.0
Normal,413,Q_40330000,60.5345,-22.512459648815522
Normal,413,Q_40800001,71.6199,0.0
Normal,413,Q_40850000,90.3503,0.0
Normal,413,Q_40930000,10.395,-12.152912888853226
Normal,414,P_1944059,29.0,32.270441587010254
Normal,414,P_1944063,3.2,0.0
Normal,414,P_1945002,0.0,0.0
Normal,414,P_1945008,10.1,15.47736629233688
Normal,414,P_1946000,0.0,6.239460686823098
Normal,414,P_2044008,1.0,0.0
Normal,414,P_2044016,18.5,8.300978611422886
Normal,414,P_2044024,3.4,0.0
Normal,414,P_2044042,3.5,0.0
Normal,414,P_2045002,0.0,0.0
Normal,414,P_2046013,23.9,14.148453379663101
Normal,414,Q_40032000,41.4269,26.883886568294027
Normal,414,Q_40050000,110.55,0.0
Normal,414,Q_40060001,33.5412,135.76816749039017
Normal,414,Q_40100000,181.85,0.0
Normal,414,Q_40185000,27.1366,0.0
Normal,414,Q_40330000,89.3077,8.649779712487515
Normal,414,Q_40800001,104.343,3.976243398065492
Normal,414,Q_40850000,179.548,87.38344155851789
Normal,414,Q_40930000,9.8952,0.0
Normal,415,P_1944059,28.6,15.834159174430052
Normal,415,P_1944063,5.2,0.0
Normal,415,P_1945002,39.1,62.816175925321886
Normal,415,P_1945008,0.0,0.0
Normal,415,P_1946000,18.2,0.0
Normal,415,P_2044008,6.4,0.0
Normal,415,P_2044016,25.5,16.64716360049785
Normal,415,P_2044024,14.0,0.0
Normal,415,P_2044042,28.0,0.0
Normal,415,P_2045002,0.0,0.0
Normal,415,P_2046013,11.2,0.0
Normal,415,Q_40032000,27.2253,3.0585485006104705
Normal,415,Q_40050000,190.472,0.0
Normal,415,Q_40060001,28.1639,101.75464098302976
Normal,415,Q_40100000,195.362,17.56611438160141
Normal,415,Q_40185000,35.5486,0.0
Normal,415,Q_40330000,112.642,36.12685627747252
Normal,415,Q_40800001,112.797,5.2774612560620815
Normal,415,Q_40850000,138.992,43.21853414170162
Normal,415,Q_40930000,86.661,162.65848936068994
Normal,416,P_1944059,0.0,0.0
Normal,416,P_1944063,0.0,-12.745970059922065
Normal,416,P_1945002,0.0,-10.120328907710633
Normal,416,P_1945008,0.0,-12.905408576750192
Normal,416,P_1946000,0.0,0.0
Normal,416,P_2044008,0.0,-6.830938729997769
Normal,416,P_2044016,0.0,0.0
Normal,416,P_2044024,0.0,0.0
Normal,416,P_2044042,0.0,0.0
Normal,416,P_2045002,0.0,0.0
Normal,416,P_2046013,0.0,0.0
Normal,416,Q_40032000,9.8987,-7.844345751929778
Normal,416,Q_40050000,55.23,0.0
Normal,416,Q_40060001,8.5254,-12.500826056194855
Normal,416,Q_40100000,149.403,-40.24316668281383
Normal,416,Q_40185000,8.5372,0.0
Normal,416,Q_40330000,30.5105,-60.35013573418132
Normal,416,Q_40800001,40.4364,0.0
Normal,416,Q_40850000,52.7182,-36.99898335948778
Normal,416,Q_40930000,6.0943,-24.592572852094246
Normal,417,P_1944059,5.0,0.0
Normal,417,P_1944063,0.0,-12.931396432590152
Normal,417,P_1945002,0.0,0.0
Normal,417,P_1945008,7.9,7.186025591978174
Normal,417,P_1946000,8.3,0.0
Normal,417,P_2044008,0.0,0.0
Normal,417,P_2044016,0.0,0.0
Normal,417,P_2044024,4.8,0.0
Normal,417,P_2044042,1.5,0.0
Normal,417,P_2045002,4.8,0.0
Normal,417,P_2046013,56.2,41.57598946326531
Normal,417,Q_40032000,79.953,68.6229501949107
Normal,417,Q_40050000,102.127,0.0
Normal,417,Q_40060001,14.9122,21.176749701746715
Normal,417,Q_40100000,249.94,93.88782516656542
Normal,417,Q_40185000,24.8498,0.0
Normal,417,Q_40330000,90.7417,10.571516585683213
Normal,417,Q_40800001,136.359,12.324303910682938
Normal,417,Q_40850000,162.416,71.24283111649102
Normal,417,Q_40930000,12.2696,-11.577802087940881
Normal,418,P_1944059,0.0,0.0
Normal,418,P_1944063,0.0,-11.583501874043952
Normal,418,P_1945002,0.0,-9.130975518588558
Normal,418,P_1945008,0.0,-12.244870408153519
Normal,418,P_1946000,0.0,0.0
Normal,418,P_2044008,0.0,-5.232404467691315
Normal,418,P_2044016,0.0,0.0
Normal,418,P_2044024,1.4,0.0
Normal,418,P_2044042,10.6,-4.3788920729574725
Normal,418,P_2045002,8.1,0.0
Normal,418,P_2046013,17.4,14.810414492219806
Normal,418,Q_40032000,20.5571,0.0
Normal,418,Q_40050000,130.689,0.0
Normal,418,Q_40060001,11.4632,0.0
Normal,418,Q_40100000,230.462,68.54776089795298
Normal,418,Q_40185000,24.872,0.0
Normal,418,Q_40330000,55.0332,-30.734244322621638
Normal,418,Q_40800001,55.104,0.0
Normal,418,Q_40850000,69.1574,-19.848389453890142
Normal,418,Q_40930000,12.6941,-8.422779061433662
Normal,419,P_1944059,0.0,0.0
Normal,419,P_1944063,0.0,-12.332381159489161
Normal,419,P_1945002,0.0,-10.197321571941085
Normal,419,P_1945008,0.0,-12.904575110423286
Normal,419,P_1946000,0.0,0.0
Normal,419,P_2044008,0.2,-6.614568907070051
Normal,419,P_2044016,0.0,0.0
Normal,419,P_2044024,0.0,0.0
Normal,419,P_2044042,0.0,0.0
Normal,419,P_2045002,0.0,0.0
Normal,419,P_2046013,0.0,0.0
Normal,419,Q_40032000,12.2852,-6.374399273736628
Normal,419,Q_40050000,44.5045,0.0
Normal,419,Q_40060001,8.422,-13.194854805858668
Normal,419,Q_40100000,138.612,-54.43912614512519
Normal,419,Q_40185000,12.2885,0.0
Normal,419,Q_40330000,33.9799,-56.58463007000659
Normal,419,Q_40800001,46.4662,0.0
Normal,419,Q_40850000,61.6168,-28.169007236135165
Normal,419,Q_40930000,5.2811,-25.69455413051539
Normal,420,P_1944059,36.0,26.22236288470193
Normal,420,P_1944063,14.9,28.045244272544558
Normal,420,P_1945002,36.4,45.006583025830885
Normal,420,P_1945008,0.0,0.0
Normal,420,P_1946000,15.0,0.0
Normal,420,P_2044008,17.3,13.930201428483526
Normal,420,P_2044016,28.5,19.269444624284258
Normal,420,P_2044024,25.0,0.0
Normal,420,P_2044042,8.2,0.0
Normal,420,P_2045002,19.3,0.0
Normal,420,P_2046013,20.0,0.0
Normal,420,Q_40032000,22.5515,0.0
Normal,420,Q_40050000,129.39,0.0
Normal,420,Q_40060001,12.1528,6.385609550027198
Normal,420,Q_40100000,183.522,0.0
Normal,420,Q_40185000,26.5645,0.0
Normal,420,Q_40330000,91.4617,9.289845544085725
Normal,420,Q_40800001,115.899,7.373900143076673
Normal,420,Q_40850000,123.705,31.83179596484557
Normal,420,Q_40930000,101.003,199.640936925256
Normal,421,P_1944059,0.0,0.0
Normal,421,P_1944063,0.0,-16.45462478427089
Normal,421,P_1945002,8.9,11.507546557492073
Normal,421,P_1945008,13.5,26.95098647463438
Normal,421,P_1946000,0.0,6.708849424184437
Normal,421,P_2044008,0.0,0.0
Normal,421,P_2044016,0.0,0.0
Normal,421,P_2044024,0.0,0.0
Normal,421,P_2044042,0.3,0.0
Normal,421,P_2045002,0.0,0.0
Normal,421,P_2046013,33.2,24.80742086704272
Normal,421,Q_40032000,53.2794,46.398910271153795
Normal,421,Q_40050000,262.682,4.866730364013402
Normal,421,Q_40060001,15.0362,20.5204537136185
Normal,421,Q_40100000,500.003,442.2320733550657
Normal,421,Q_40185000,28.2927,0.0
Normal,421,Q_40330000,70.7706,0.0
Normal,421,Q_40800001,53.5073,0.0
Normal,421,Q_40850000,79.7908,0.0
Normal,421,Q_40930000,33.9353,38.77868407723331
Normal,422,P_1944059,0.0,0.0
Normal,422,P_1944063,0.0,-11.516191411135749
Normal,422,P_1945002,4.8,0.0
Normal,422,P_1945008,0.0,-12.075544235261809
Normal,422,P_1946000,0.0,0.0
Normal,422,P_2044008,0.0,-5.553562786195556
Normal,422,P_2044016,0.0,0.0
Normal,422,P_2044024,0.0,0.0
Normal,422,P_2044042,0.0,0.0
Normal,422,P_2045002,0.0,0.0
Normal,422,P_2046013,0.0,0.0
Normal,422,Q_40032000,13.5778,-5.207464459776707
Normal,422,Q_40050000,81.6878,0.0
Normal,422,Q_40060001,8.0126,-14.082231267738962
Normal,422,Q_40100000,131.025,-62.76352877957034
Normal,422,Q_40185000,9.3129,0.0
Normal,422,Q_40330000,32.4766,-57.6460262176656
Normal,422,Q_40800001,28.858,-5.921275489760294
Normal,422,Q_40850000,36.7667,-51.89903276349864
Normal,422,Q_40930000,9.7831,-14.88316353876007
Normal,423,P_1944059,0.0,0.0
Normal,423,P_1944063,0.0,-12.857153221774938
Normal,423,P_1945002,0.0,-10.111703515979094
Normal,423,P_1945008,0.0,-13.400288084729286
Normal,423,P_1946000,0.0,0.0
Normal,423,P_2044008,0.0,0.0
Normal,423,P_2044016,0.0,0.0
Normal,423,P_2044024,0.0,0.0
Normal,423,P_2044042,0.0,0.0
Normal,423,P_2045002,0.0,0.0
Normal,423,P_2046013,0.0,0.0
Normal,423,Q_40032000,12.7119,-6.785938144310194
Normal,423,Q_40050000,72.1565,0.0
Normal,423,Q_40060001,7.6098,-17.349736372576995
Normal,423,Q_40100000,119.173,-79.49420251000271
Normal,423,Q_40185000,8.5132,0.0
Normal,423,Q_40330000,32.9749,-57.534172528166316
Normal,423,Q_40800001,25.3836,-7.751682761834812
Normal,423,Q_40850000,32.7733,-55.83523181128063
Normal,423,Q_40930000,8.0325,-20.21528077312282
Normal,424,P_1944059,0.0,0.0
Normal,424,P_1944063,0.0,-13.631744345537692
Normal,424,P_1945002,0.0,-10.971861310660154
Normal,424,P_1945008,0.0,-13.318462481152753
Normal,424,P_1946000,0.0,0.0
Normal,424,P_2044008,0.0,-6.765557128254253
Normal,424,P_2044016,0.0,0.0
Normal,424,P_2044024,0.0,0.0
Normal,424,P_2044042,0.0,0.0
Normal,424,P_2045002,0.0,0.0
Normal,424,P_2046013,0.0,0.0
Normal,424,Q_40032000,15.5841,0.0
Normal,424,Q_40050000,102.573,0.0
Normal,424,Q_40060001,9.3667,-7.873852847534252
Normal,424,Q_40100000,217.967,51.8871432520448
Normal,424,Q_40185000,10.1356,0.0
Normal,424,Q_40330000,42.4007,-47.34529235582333
Normal,424,Q_40800001,33.3272,-5.341952123600501
Normal,424,Q_40850000,48.8886,-40.44125522159841
Normal,424,Q_40930000,53.6324,85.90312904244033
Normal,425,P_1944059,0.0,0.0
Normal,425,P_1944063,0.5,-10.823048042847807
Normal,425,P_1945002,0.0,-11.059044671590419
Normal,425,P_1945008,0.0,-12.227219243680565
Normal,425,P_1946000,0.0,0.0
Normal,425,P_2044008,0.0,-5.137397451483252
Normal,425,P_2044016,0.0,-3.6534763374562402
Normal,425,P_2044024,0.4,0.0
Normal,425,P_2044042,0.0,0.0
Normal,425,P_2045002,0.6,0.0
Normal,425,P_2046013,2.6,0.0
Normal,425,Q_40032000,19.0965,0.0
Normal,425,Q_40050000,89.1033,0.0
Normal,425,Q_40060001,13.211,11.105069207466231
Normal,425,Q_40100000,248.693,94.34520855274009
Normal,425,Q_40185000,24.872,0.0
Normal,425,Q_40330000,76.101,-4.852338306101443
Normal,425,Q_40800001,105.647,0.0
Normal,425,Q_40850000,144.257,53.729861539116136
Normal,425,Q_40930000,10.395,-13.061207484588943
Normal,426,P_1944059,0.0,0.0
Normal,426,P_1944063,0.0,-12.064862172643315
Normal,426,P_1945002,8.9,16.45031140438014
Normal,426,P_1945008,0.0,-12.302034130935613
Normal,426,P_1946000,0.0,8.789323992323423
Normal,426,P_2044008,0.0,-5.70202092579642
Normal,426,P_2044016,0.0,-3.796426287221785
Normal,426,P_2044024,0.0,0.0
Normal,426,P_2044042,0.0,0.0
Normal,426,P_2045002,0.0,0.0
Normal,426,P_2046013,0.0,0.0
Normal,426,Q_40032000,23.5683,0.0
Normal,426,Q_40050000,128.958,0.0
Normal,426,Q_40060001,11.2362,0.0
Normal,426,Q_40100000,223.295,61.77839066725851
Normal,426,Q_40185000,13.6433,0.0
Normal,426,Q_40330000,47.9961,-38.77400101422109
Normal,426,Q_40800001,39.797,-3.7156508889718154
Normal,426,Q_40850000,55.3181,-33.05315364431701
Normal,426,Q_40930000,17.274,0.0
Normal,427,P_1944059,0.0,0.0
Normal,427,P_1944063,0.0,-13.92924620053519
Normal,427,P_1945002,0.0,-10.953370954155256
Normal,427,P_1945008,0.0,-13.535848174487615
Normal,427,P_1946000,0.0,0.0
Normal,427,P_2044008,0.0,-6.348020102796344
Normal,427,P_2044016,0.0,0.0
Normal,427,P_2044024,0.0,0.0
Normal,427,P_2044042,0.0,0.0
Normal,427,P_2045002,0.0,0.0
Normal,427,P_2046013,0.0,-4.495078839615669
Normal,427,Q_40032000,16.0405,0.0
Normal,427,Q_40050000,113.81,0.0
Normal,427,Q_40060001,9.581,-7.847682435265359
Normal,427,Q_40100000,239.522,80.94642029607222
Normal,427,Q_40185000,10.1356,0.0
Normal,427,Q_40330000,41.855,-47.91176157026498
Normal,427,Q_40800001,35.6849,0.0
Normal,427,Q_40850000,50.7927,-38.76626501595606
Normal,427,Q_40930000,52.799,84.48216310232804
Normal,428,P_1944059,0.0,0.0
Normal,428,P_1944063,0.0,-15.172961333270505
Normal,428,P_1945002,0.0,-12.33200721992893
Normal,428,P_1945008,0.0,-14.740919903118412
Normal,428,P_1946000,0.0,7.948531265370974
Normal,428,P_2044008,0.0,-6.548179292057881
Normal,428,P_2044016,0.0,-5.077559927161881
Normal,428,P_2044024,0.0,0.0
Normal,428,P_2044042,0.0,0.0
Normal,428,P_2045002,13.4,0.0
Normal,428,P_2046013,0.0,0.0
Normal,428,Q_40032000,24.0814,0.0
Normal,428,Q_40050000,104.492,0.0
Normal,428,Q_40060001,17.584,33.18651499608073
Normal,428,Q_40100000,319.86,188.4482818981119
Normal,428,Q_40185000,34.3023,0.0
Normal,428,Q_40330000,76.101,0.0
Normal,428,Q_40800001,88.3446,0.0
Normal,428,Q_40850000,145.143,51.6763235139542
Normal,428,Q_40930000,13.3224,-7.945993677812679
Normal,429,P_1944059,0.0,0.0
Normal,429,P_1944063,0.0,-11.981970203756338
Normal,429,P_1945002,0.0,-10.848110855712497
Normal,429,P_1945008,0.0,-12.410681076992946
Normal,429,P_1946000,0.0,0.0
Normal,429,P_2044008,0.0,-6.702612443602504
Normal,429,P_2044016,0.0,0.0
Normal,429,P_2044024,0.0,0.0
Normal,429,P_2044042,0.0,0.0
Normal,429,P_2045002,0.0,0.0
Normal,429,P_2046013,0.0,0.0
Normal,429,Q_40032000,9.8987,-8.13173769938455
Normal,429,Q_40050000,57.8359,0.0
Normal,429,Q_40060001,9.2602,-8.945487011853906
Normal,429,Q_40100000,159.774,-27.13706195288223
Normal,429,Q_40185000,8.5372,0.0
Normal,429,Q_40330000,30.9979,-60.61872812230785
Normal,429,Q_40800001,42.0889,0.0
Normal,429,Q_40850000,54.6647,-35.22316127145327
Normal,429,Q_40930000,6.7087,-22.33902817274575
Normal,430,P_1944059,0.0,0.0
Normal,430,P_1944063,0.0,-12.589138527888666
Normal,430,P_1945002,0.0,-10.511076334066125
Normal,430,P_1945008,0.0,-13.755704448880758
Normal,430,P_1946000,0.0,0.0
Normal,430,P_2044008,0.0,-6.842552091747108
Normal,430,P_2044016,0.0,0.0
Normal,430,P_2044024,0.0,0.0
Normal,430,P_2044042,0.0,0.0
Normal,430,P_2045002,0.0,0.0
Normal,430,P_2046013,0.0,0.0
Normal,430,Q_40032000,13.7968,0.0
Normal,430,Q_40050000,82.5039,0.0
Normal,430,Q_40060001,8.5254,-12.902130119606658
Normal,430,Q_40100000,151.03,-38.05662718564841
Normal,430,Q_40185000,9.7214,0.0
Normal,430,Q_40330000,34.9956,-55.804083060425945
Normal,430,Q_40800001,28.1449,-6.622694500965764
Normal,430,Q_40850000,37.9323,-51.44365387268675
Normal,430,Q_40930000,13.0665,-8.260106901197522
Normal,431,P_1944059,0.0,0.0
Normal,431,P_1944063,0.0,-13.04793804575337
Normal,431,P_1945002,3.8,0.0
Normal,431,P_1945008,0.0,-12.858219712680304
Normal,431,P_1946000,0.0,8.789264343454226
Normal,431,P_2044008,0.0,-5.647032655734357
Normal,431,P_2044016,0.0,-3.9243928449699865
Normal,431,P_2044024,0.0,0.0
Normal,431,P_2044042,0.0,0.0
Normal,431,P_2045002,0.0,0.0
Normal,431,P_2046013,0.0,-3.7800438450216585
Normal,431,Q_40032000,47.2468,37.75463047853959
Normal,431,Q_40050000,142.62,0.0
Normal,431,Q_40060001,11.6916,0.0
Normal,431,Q_40100000,284.525,143.84873013165168
Normal,431,Q_40185000,16.001,0.0
Normal,431,Q_40330000,57.455,-27.92748689796072
Normal,431,Q_40800001,45.0334,0.0
Normal,431,Q_40850000,73.0679,-16.47849332667007
Normal,431,Q_40930000,16.1074,0.0
Normal,432,P_1944059,0.0,0.0
Normal,432,P_1944063,0.0,-11.475297623152567
Normal,432,P_1945002,0.0,-9.632052990124237
Normal,432,P_1945008,0.0,-12.951931266551142
Normal,432,P_1946000,0.0,0.0
Normal,432,P_2044008,0.0,0.0
Normal,432,P_2044016,0.0,0.0
Normal,432,P_2044024,0.0,0.0
Normal,432,P_2044042,0.0,0.0
Normal,432,P_2045002,0.0,0.0
Normal,432,P_2046013,0.0,0.0
Normal,432,Q_40032000,9.0278,-7.789867012417218
Normal,432,Q_40050000,31.2307,0.0
Normal,432,Q_40060001,6.3475,-23.141626503022213
Normal,432,Q_40100000,92.5145,-112.49058174697966
Normal,432,Q_40185000,7.7372,0.0
Normal,432,Q_40330000,34.4864,-55.63462917163112
Normal,432,Q_40800001,33.4105,-6.854361345521738
Normal,432,Q_40850000,41.4926,-47.43623269963575
Normal,432,Q_40930000,3.4196,-29.397040565914004
Normal,433,P_1944059,18.6,18.880965669492895
Normal,433,P_1944063,0.0,-10.501161152393127
Normal,433,P_1945002,0.0,-8.49864189124574
Normal,433,P_1945008,12.3,19.58997380267463
Normal,433,P_1946000,0.0,0.0
Normal,433,P_2044008,0.0,0.0
Normal,433,P_2044016,2.0,0.0
Normal,433,P_2044024,1.0,0.0
Normal,433,P_2044042,26.0,-9.329008719320084
Normal,433,P_2045002,0.0,0.0
Normal,433,P_2046013,1.8,0.0
Normal,433,Q_40032000,13.3598,0.0
Normal,433,Q_40050000,63.3933,0.0
Normal,433,Q_40060001,5.3384,-28.0923310638354
Normal,433,Q_40100000,119.173,-80.12164377671203
Normal,433,Q_40185000,16.4869,0.0
Normal,433,Q_40330000,55.6351,-31.202513245804266
Normal,433,Q_40800001,96.4193,0.0
Normal,433,Q_40850000,176.641,83.60816835585231
Normal,433,Q_40930000,8.4572,-19.212792062838545
Normal,434,P_1944059,48.3,54.00554518356055
Normal,434,P_1944063,21.7,41.203966755717424
Normal,434,P_1945002,6.8,0.0
Normal,434,P_1945008,0.0,0.0
Normal,434,P_1946000,16.4,0.0
Normal,434,P_2044008,0.4,0.0
Normal,434,P_2044016,42.1,29.250915685661116
Normal,434,P_2044024,71.7,65.79667677976605
Normal,434,P_2044042,3.3,0.0
Normal,434,P_2045002,10.0,0.0
Normal,434,P_2046013,4.6,0.0
Normal,434,Q_40032000,19.8993,0.0
Normal,434,Q_40050000,76.912,0.0
Normal,434,Q_40060001,18.6383,37.95482100036786
Normal,434,Q_40100000,240.84,69.68695434817772
Normal,434,Q_40185000,25.4912,0.0
Normal,434,Q_40330000,93.6341,9.357613252631836
Normal,434,Q_40800001,152.182,14.060918983295464
Normal,434,Q_40850000,138.122,39.22558856771635
Normal,434,Q_40930000,25.4579,14.329388649991916
Normal,435,P_1944059,4.0,0.0
Normal,435,P_1944063,1.1,0.0
Normal,435,P_1945002,0.0,0.0
Normal,435,P_1945008,25.3,46.885218600058565
Normal,435,P_1946000,3.3,0.0
Normal,435,P_2044008,24.9,24.63320906739996
Normal,435,P_2044016,40.1,48.022353888126084
Normal,435,P_2044024,11.0,0.0
Normal,435,P_2044042,3.5,0.0
Normal,435,P_2045002,9.7,0.0
Normal,435,P_2046013,30.0,18.03735053266629
Normal,435,Q_40032000,14.4597,0.0
Normal,435,Q_40050000,183.932,5.439974703598224
Normal,435,Q_40060001,8.2165,-17.272355849902997
Normal,435,Q_40100000,141.684,-51.56235617733914
Normal,435,Q_40185000,15.5197,0.0
Normal,435,Q_40330000,73.4184,0.0
Normal,435,Q_40800001,127.606,10.521318881363854
Normal,435,Q_40850000,112.351,21.30134792076907
Normal,435,Q_40930000,7.5507,-23.14734423485363
Normal,436,P_1944059,0.0,0.0
Normal,436,P_1944063,3.0,0.0
Normal,436,P_1945002,0.0,-14.697511525680682
Normal,436,P_1945008,0.0,-16.449988541905153
Normal,436,P_1946000,0.0,6.961087363430989
Normal,436,P_2044008,4.0,0.0
Normal,436,P_2044016,4.9,0.0
Normal,436,P_2044024,6.5,0.0
Normal,436,P_2044042,6.7,0.0
Normal,436,P_2045002,1.0,0.0
Normal,436,P_2046013,0.0,0.0
Normal,436,Q_40032000,25.5314,8.318062700607467
Normal,436,Q_40050000,82.2946,0.0
Normal,436,Q_40060001,15.6612,23.29160216892074
Normal,436,Q_40100000,289.277,147.66354606592748
Normal,436,Q_40185000,26.7943,0.0
Normal,436,Q_40330000,98.0341,19.238046436395223
Normal,436,Q_40800001,203.353,17.05504978476767
Normal,436,Q_40850000,335.999,235.96438335884605
Normal,436,Q_40930000,34.2463,39.979710516670245
Normal,437,P_1944059,0.0,0.0
Normal,437,P_1944063,0.0,-14.268906852473885
Normal,437,P_1945002,0.0,-11.103027857995764
Normal,437,P_1945008,0.0,-14.36090428647196
Normal,437,P_1946000,0.0,0.0
Normal,437,P_2044008,0.0,-6.050439830889666
Normal,437,P_2044016,0.0,0.0
Normal,437,P_2044024,0.0,0.0
Normal,437,P_2044042,0.0,0.0
Normal,437,P_2045002,0.0,0.0
Normal,437,P_2046013,0.0,-5.169694820918245
Normal,437,Q_40032000,19.0965,0.0
Normal,437,Q_40050000,106.531,0.0
Normal,437,Q_40060001,8.5254,-12.50808422027644
Normal,437,Q_40100000,217.967,51.780781174987496
Normal,437,Q_40185000,20.5401,0.0
Normal,437,Q_40330000,57.455,-27.995487216127458
Normal,437,Q_40800001,39.3104,0.0
Normal,437,Q_40850000,59.1871,-30.502148461998637
Normal,437,Q_40930000,58.7321,99.14447882514459
Normal,438,P_1944059,63.4,106.43961524276294
Normal,438,P_1944063,0.0,0.0
Normal,438,P_1945002,12.1,12.357677011975742
Normal,438,P_1945008,0.0,-12.945176477095373
Normal,438,P_1946000,9.0,0.0
Normal,438,P_2044008,46.1,64.70077896363732
Normal,438,P_2044016,26.6,8.608859662194039
Normal,438,P_2044024,5.8,0.0
Normal,438,P_2044042,4.5,0.0
Normal,438,P_2045002,9.7,0.0
Normal,438,P_2046013,0.0,0.0
Normal,438,Q_40032000,41.4269,14.875045142824323
Normal,438,Q_40050000,159.19,0.0
Normal,438,Q_40060001,10.564,0.0
Normal,438,Q_40100000,170.284,-17.868726707627662
Normal,438,Q_40185000,18.4774,0.0
Normal,438,Q_40330000,82.2622,0.0
Normal,438,Q_40800001,110.909,6.439717996783606
Normal,438,Q_40850000,160.559,61.96393535085232
Normal,438,Q_40930000,8.4572,-19.268856022389723
Normal,439,P_1944059,0.0,0.0
Normal,439,P_1944063,0.0,-12.865642295873005
Normal,439,P_1945002,28.6,75.35330978337223
Normal,439,P_1945008,0.0,-12.517904557226622
Normal,439,P_1946000,0.0,8.188487590413619
Normal,439,P_2044008,0.0,-6.482265777517512
Normal,439,P_2044016,0.0,0.0
Normal,439,P_2044024,0.0,0.0
Normal,439,P_2044042,0.0,0.0
Normal,439,P_2045002,0.0,0.0
Normal,439,P_2046013,0.0,0.0
Normal,439,Q_40032000,14.6827,0.0
Normal,439,Q_40050000,93.5674,0.0
Normal,439,Q_40060001,9.0483,-9.381851118435337
Normal,439,Q_40100000,274.947,132.67868853025658
Normal,439,Q_40185000,21.5977,0.0
Normal,439,Q_40330000,69.4598,-13.71442220485979
Normal,439,Q_40800001,94.389,0.0
Normal,439,Q_40850000,174.715,85.35461783548095
Normal,439,Q_40930000,9.4055,-16.486173012318506
Normal,440,P_1944059,0.0,0.0
Normal,440,P_1944063,0.0,-12.035656756159046
Normal,440,P_1945002,0.0,-10.171402286175175
Normal,440,P_1945008,0.0,-12.920448769987008
Normal,440,P_1946000,0.0,0.0
Normal,440,P_2044008,0.0,-6.509515924562095
Normal,440,P_2044016,0.0,0.0
Normal,440,P_2044024,0.0,0.0
Normal,440,P_2044042,0.0,0.0
Normal,440,P_2045002,0.0,0.0
Normal,440,P_2046013,0.0,0.0
Normal,440,Q_40032000,9.3865,-8.3279336990325
Normal,440,Q_40050000,54.2655,0.0
Normal,440,Q_40060001,8.0126,-15.129762567577526
Normal,440,Q_40100000,146.01,-44.891443677344014
Normal,440,Q_40185000,8.5372,0.0
Normal,440,Q_40330000,29.5441,-62.09972027794902
Normal,440,Q_40800001,40.4364,0.0
Normal,440,Q_40850000,52.7182,-36.96413062178225
Normal,440,Q_40930000,6.0943,-24.217427755513793
Normal,441,P_1944059,0.0,0.0
Normal,441,P_1944063,0.0,-12.998989833499847
Normal,441,P_1945002,6.8,9.33935219523918
Normal,441,P_1945008,0.0,-12.323913576098292
Normal,441,P_1946000,0.0,0.0
Normal,441,P_2044008,0.0,-6.706285011265914
Normal,441,P_2044016,0.0,0.0
Normal,441,P_2044024,0.0,0.0
Normal,441,P_2044042,0.0,0.0
Normal,441,P_2045002,0.0,0.0
Normal,441,P_2046013,0.0,-4.684805772418384
Normal,441,Q_40032000,15.5841,0.0
Normal,441,Q_40050000,98.6386,0.0
Normal,441,Q_40060001,9.2602,-8.464761144705179
Normal,441,Q_40100000,207.436,39.01404196815034
Normal,441,Q_40185000,10.1356,0.0
Normal,441,Q_40330000,40.7711,-48.4765758329172
Normal,441,Q_40800001,31.8011,0.0
Normal,441,Q_40850000,47.6312,-42.417611423055156
Normal,441,Q_40930000,55.3135,90.84761390698799
Normal,442,P_1944059,0.0,0.0
Normal,442,P_1944063,0.0,-10.826882162478324
Normal,442,P_1945002,23.4,51.77850686001303
Normal,442,P_1945008,0.0,-11.319423265234825
Normal,442,P_1946000,0.0,0.0
Normal,442,P_2044008,0.0,-5.072975817370219
Normal,442,P_2044016,0.0,0.0
Normal,442,P_2044024,0.0,0.0
Normal,442,P_2044042,0.0,0.0
Normal,442,P_2045002,0.0,0.0
Normal,442,P_2046013,0.0,0.0
Normal,442,Q_40032000,13.5778,-4.62262124447912
Normal,442,Q_40050000,54.3083,0.0
Normal,442,Q_40060001,9.4737,-6.456438995362723
Normal,442,Q_40100000,163.784,-16.751815021260562
Normal,442,Q_40185000,11.4112,0.0
Normal,442,Q_40330000,53.8364,-32.761792037003616
Normal,442,Q_40800001,58.3397,0.0
Normal,442,Q_40850000,77.7471,-10.136610162648862
Normal,442,Q_40930000,6.0678,-23.217141466819744
Normal,443,P_1944059,0.0,0.0
Normal,443,P_1944063,20.0,65.70283599569605
Normal,443,P_1945002,0.0,-9.243808487383626
Normal,443,P_1945008,0.0,-11.816746542083973
Normal,443,P_1946000,4.0,0.0
Normal,443,P_2044008,0.0,-5.924067671440287
Normal,443,P_2044016,0.6,0.0
Normal,443,P_2044024,0.0,0.0
Normal,443,P_2044042,0.1,0.0
Normal,443,P_2045002,0.0,0.0
Normal,443,P_2046013,0.0,0.0
Normal,443,Q_40032000,14.4597,-4.585005877350156
Normal,443,Q_40050000,54.5588,0.0
Normal,443,Q_40060001,9.4737,-6.763381883990623
Normal,443,Q_40100000,162.172,-19.409692156161906
Normal,443,Q_40185000,11.8472,0.0
Normal,443,Q_40330000,55.6351,-30.542830992797708
Normal,443,Q_40800001,60.2072,0.0
Normal,443,Q_40850000,76.3974,-12.547183575828562
Normal,443,Q_40930000,6.2714,-23.467150988491678
Normal,444,P_1944059,0.0,0.0
Normal,444,P_1944063,0.0,-12.702994627630797
Normal,444,P_1945002,0.0,-10.956683794421211
Normal,444,P_1945008,0.0,-13.19396061116157
Normal,444,P_1946000,0.0,0.0
Normal,444,P_2044008,0.0,-6.139889332682259
Normal,444,P_2044016,0.0,0.0
Normal,444,P_2044024,0.0,0.0
Normal,444,P_2044042,0.0,0.0
Normal,444,P_2045002,0.0,0.0
Normal,444,P_2046013,0.0,0.0
Normal,444,Q_40032000,16.5007,0.0
Normal,444,Q_40050000,100.617,0.0
Normal,444,Q_40060001,9.4737,-8.639285612606031
Normal,444,Q_40100000,173.564,-8.031024507165894
Normal,444,Q_40185000,10.9806,0.0
Normal,444,Q_40330000,39.1647,-50.73660651709509
Normal,444,Q_40800001,31.8011,-6.014244769728952
Normal,444,Q_40850000,42.7002,-46.25761725824885
Normal,444,Q_40930000,10.8599,-12.825878713544919
Normal,445,P_1944059,0.0,0.0
Normal,445,P_1944063,0.0,-12.434525861815569
Normal,445,P_1945002,0.0,-11.163953673781501
Normal,445,P_1945008,0.0,-12.881154941530315
Normal,445,P_1946000,0.0,0.0
Normal,445,P_2044008,0.0,-5.683810624762686
Normal,445,P_2044016,0.0,0.0
Normal,445,P_2044024,0.0,0.0
Normal,445,P_2044042,0.0,0.0
Normal,445,P_2045002,0.0,0.0
Normal,445,P_2046013,0.0,-4.636637362267777
Normal,445,Q_40032000,14.4597,0.0
Normal,445,Q_40050000,57.6062,0.0
Normal,445,Q_40060001,9.4737,-7.211041781547214
Normal,445,Q_40100000,171.921,-9.650148132063155
Normal,445,Q_40185000,10.1356,0.0
Normal,445,Q_40330000,51.4714,-35.25802757479802
Normal,445,Q_40800001,64.9201,0.0
Normal,445,Q_40850000,76.3974,-13.286806252200616
Normal,445,Q_40930000,6.687,-22.369136424284356
Normal,446,P_1944059,21.6,0.0
Normal,446,P_1944063,17.8,27.930078844567205
Normal,446,P_1945002,6.1,0.0
Normal,446,P_1945008,0.0,0.0
Normal,446,P_1946000,6.2,0.0
Normal,446,P_2044008,29.4,25.007578999811376
Normal,446,P_2044016,37.3,28.322328137526767
Normal,446,P_2044024,39.9,18.66512870702215
Normal,446,P_2044042,16.0,-17.04345944431588
Normal,446,P_2045002,26.0,0.0
Normal,446,P_2046013,7.3,0.0
Normal,446,Q_40032000,7.1451,0.0
Normal,446,Q_40050000,25.6049,0.0
Normal,446,Q_40060001,5.3384,-30.779905687154617
Normal,446,Q_40100000,128.028,-69.5325163454015
Normal,446,Q_40185000,10.5553,0.0
Normal,446,Q_40330000,37.059,-53.04602518933774
Normal,446,Q_40800001,60.2072,0.0
Normal,446,Q_40850000,60.3967,-31.059205287240275
Normal,446,Q_40930000,9.4055,-15.578155276638059
Normal,447,P_1944059,0.0,0.0
Normal,447,P_1944063,0.0,-16.06360837363969
Normal,447,P_1945002,0.0,-13.073079779467136
Normal,447,P_1945008,0.0,-15.440559624200052
Normal,447,P_1946000,8.0,-6.108672316276137
Normal,447,P_2044008,0.0,0.0
Normal,447,P_2044016,0.0,0.0
Normal,447,P_2044024,0.0,0.0
Normal,447,P_2044042,1.8,0.0
Normal,447,P_2045002,0.0,0.0
Normal,447,P_2046013,0.0,-6.151348001198471
Normal,447,Q_40032000,13.3598,0.0
Normal,447,Q_40050000,51.3448,0.0
Normal,447,Q_40060001,13.811,12.501309672709834
Normal,447,Q_40100000,325.876,195.76848228312963
Normal,447,Q_40185000,25.9963,0.0
Normal,447,Q_40330000,70.1141,-14.568820347924644
Normal,447,Q_40800001,99.4788,0.0
Normal,447,Q_40850000,168.044,74.29346891458681
Normal,447,Q_40930000,35.4304,41.70661082213484
Normal,448,P_1944059,0.0,0.0
Normal,448,P_1944063,0.0,-12.417170471679068
Normal,448,P_1945002,2.1,0.0
Normal,448,P_1945008,47.6,116.67460896825938
Normal,448,P_1946000,17.2,-22.813980588854815
Normal,448,P_2044008,0.0,0.0
Normal,448,P_2044016,1.0,0.0
Normal,448,P_2044024,0.0,0.0
Normal,448,P_2044042,2.8,0.0
Normal,448,P_2045002,9.2,0.0
Normal,448,P_2046013,6.4,0.0
Normal,448,Q_40032000,57.8542,45.26541023689028
Normal,448,Q_40050000,162.499,6.357422757998165
Normal,448,Q_40060001,15.7871,28.243574581958875
Normal,448,Q_40100000,246.85,90.08422959833771
Normal,448,Q_40185000,16.4869,0.0
Normal,448,Q_40330000,48.5692,-42.715773730445726
Normal,448,Q_40800001,42.374,0.0
Normal,448,Q_40850000,58.5863,-34.121108489286364
Normal,448,Q_40930000,23.7072,16.787405347614076
Normal,449,P_1944059,0.0,0.0
Normal,449,P_1944063,0.0,-13.19716893920178
Normal,449,P_1945002,0.0,-10.822222528533489
Normal,449,P_1945008,0.0,-13.754363231540882
Normal,449,P_1946000,5.2,0.0
Normal,449,P_2044008,0.0,-7.674496456804478
Normal,449,P_2044016,0.0,-6.306369931191767
Normal,449,P_2044024,4.0,0.0
Normal,449,P_2044042,0.0,0.0
Normal,449,P_2045002,1.1,0.0
Normal,449,P_2046013,0.0,0.0
Normal,449,Q_40032000,16.3228,0.0
Normal,449,Q_40050000,78.0565,0.0
Normal,449,Q_40060001,7.2136,-19.99356354807793
Normal,449,Q_40100000,131.025,-64.82924485087224
Normal,449,Q_40185000,10.1356,0.0
Normal,449,Q_40330000,37.059,-54.055113730612206
Normal,449,Q_40800001,41.8251,0.0
Normal,449,Q_40850000,52.7182,-37.85810394194683
Normal,449,Q_40930000,10.14,-15.599304942925833
Normal,450,P_1944059,0.0,0.0
Normal,450,P_1944063,0.0,-13.45250356355344
Normal,450,P_1945002,0.0,-11.248962747565837
Normal,450,P_1945008,0.0,-13.510679915063209
Normal,450,P_1946000,0.0,0.0
Normal,450,P_2044008,0.0,-5.535151675764314
Normal,450,P_2044016,0.0,0.0
Normal,450,P_2044024,0.0,0.0
Normal,450,P_2044042,0.0,0.0
Normal,450,P_2045002,0.0,0.0
Normal,450,P_2046013,0.0,-5.054240075367273
Normal,450,Q_40032000,18.1401,0.0
Normal,450,Q_40050000,88.4739,0.0
Normal,450,Q_40060001,13.0921,11.073344542480726
Normal,450,Q_40100000,252.391,98.40912518118613
Normal,450,Q_40185000,23.7639,0.0
Normal,450,Q_40330000,72.0901,-9.709614163289576
Normal,450,Q_40800001,90.3516,0.0
Normal,450,Q_40850000,137.255,46.24840420141166
Normal,450,Q_40930000,10.6487,-13.285381893994812
Normal,451,P_1944059,0.0,0.0
Normal,451,P_1944063,0.0,-12.767648200633966
Normal,451,P_1945002,0.0,-10.551042218924074
Normal,451,P_1945008,0.0,-13.032587479469957
Normal,451,P_1946000,0.0,0.0
Normal,451,P_2044008,0.0,-6.0175419387674935
Normal,451,P_2044016,0.0,0.0
Normal,451,P_2044024,0.0,0.0
Normal,451,P_2044042,0.0,0.0
Normal,451,P_2045002,0.0,0.0
Normal,451,P_2046013,0.0,0.0
Normal,451,Q_40032000,12.7119,-6.499779915078278
Normal,451,Q_40050000,50.3742,0.0
Normal,451,Q_40060001,9.2602,-9.012758118385936
Normal,451,Q_40100000,171.921,-10.728832212953103
Normal,451,Q_40185000,16.4869,0.0
Normal,451,Q_40330000,53.2416,-34.008714118131685
Normal,451,Q_40800001,49.1637,0.0
Normal,451,Q_40850000,67.8746,-21.975651135743465
Normal,451,Q_40930000,6.2714,-23.589329869088246
Normal,452,P_1944059,0.0,0.0
Normal,452,P_1944063,0.0,-9.371420019763521
Normal,452,P_1945002,0.0,-6.3681083949471144
Normal,452,P_1945008,60.0,143.93488583267398
Normal,452,P_1946000,0.0,0.0
Normal,452,P_2044008,0.0,-5.626428966571228
Normal,452,P_2044016,0.0,0.0
Normal,452,P_2044024,0.0,0.0
Normal,452,P_2044042,0.0,0.0
Normal,452,P_2045002,0.0,0.0
Normal,452,P_2046013,37.1,24.67134455804368
Normal,452,Q_40032000,13.5778,-4.010835428587228
Normal,452,Q_40050000,79.662,0.0
Normal,452,Q_40060001,8.2165,-14.20186776111833
Normal,452,Q_40100000,219.739,53.11298819473862
Normal,452,Q_40185000,33.0706,0.0
Normal,452,Q_40330000,58.0662,-28.47953226156776
Normal,452,Q_40800001,59.4871,0.0
Normal,452,Q_40850000,92.53,0.0
Normal,452,Q_40930000,13.044,-7.669129710077309
Normal,453,P_1944059,0.0,0.0
Normal,453,P_1944063,0.0,-6.66688208026665
Normal,453,P_1945002,0.0,-3.1704156288047898
Normal,453,P_1945008,15.1,0.0
Normal,453,P_1946000,32.6,-13.339350012331403
Normal,453,P_2044008,5.2,0.0
Normal,453,P_2044016,0.9,0.0
Normal,453,P_2044024,2.6,0.0
Normal,453,P_2044042,0.0,0.0
Normal,453,P_2045002,20.3,0.0
Normal,453,P_2046013,31.7,24.81559196272686
Normal,453,Q_40032000,11.4443,0.0
Normal,453,Q_40050000,52.1899,0.0
Normal,453,Q_40060001,9.7968,-5.871025817345656
Normal,453,Q_40100000,59.3854,-147.1322517949807
Normal,453,Q_40185000,5.5598,0.0
Normal,453,Q_40330000,12.737,-75.34370626486952
Normal,453,Q_40800001,34.104,-4.060958545514568
Normal,453,Q_40850000,21.6584,-62.42540304726655
Normal,453,Q_40930000,6.3436,-18.92233004785917
Normal,454,P_1944059,0.0,0.0
Normal,454,P_1944063,0.0,-9.504494706111506
Normal,454,P_1945002,0.0,-6.074229518652061
Normal,454,P_1945008,10.2,0.0
Normal,454,P_1946000,24.2,-22.856596255317488
Normal,454,P_2044008,0.0,0.0
Normal,454,P_2044016,0.0,0.0
Normal,454,P_2044024,0.0,0.0
Normal,454,P_2044042,0.0,0.0
Normal,454,P_2045002,3.3,0.0
Normal,454,P_2046013,25.3,0.0
Normal,454,Q_40032000,65.5981,44.24892056545296
Normal,454,Q_40050000,48.6965,0.0
Normal,454,Q_40060001,7.4108,-18.18484256150447
Normal,454,Q_40100000,109.102,-94.36095282885829
Normal,454,Q_40185000,11.8472,0.0
Normal,454,Q_40330000,40.7711,-48.89533650001244
Normal,454,Q_40800001,34.2567,-6.820353844353453
Normal,454,Q_40850000,38.5191,-50.554799559689776
Normal,454,Q_40930000,2.3568,-31.285753220785907
Normal,455,P_1944059,0.0,0.0
Normal,455,P_1944063,0.0,0.0
Normal,455,P_1945002,9.9,14.217853248681566
Normal,455,P_1945008,0.0,0.0
Normal,455,P_1946000,0.0,5.518702279683712
Normal,455,P_2044008,35.5,44.92090014273188
Normal,455,P_2044016,0.0,0.0
Normal,455,P_2044024,3.8,0.0
Normal,455,P_2044042,0.1,0.0
Normal,455,P_2045002,0.0,0.0
Normal,455,P_2046013,16.0,6.630919867068044
Normal,455,Q_40032000,47.872,33.83196013948845
Normal,455,Q_40050000,137.708,0.0
Normal,455,Q_40060001,11.9215,5.427148186645155
Normal,455,Q_40100000,286.453,148.5762799631115
Normal,455,Q_40185000,14.5717,0.0
Normal,455,Q_40330000,50.3033,-40.23954216151619
Normal,455,Q_40800001,47.7754,0.0
Normal,455,Q_40850000,55.3181,-37.133430090638136
Normal,455,Q_40930000,29.2588,29.0156406003803
Normal,456,P_1944059,0.0,0.0
Normal,456,P_1944063,0.0,-12.361418221725742
Normal,456,P_1945002,0.0,-10.816554656800042
Normal,456,P_1945008,0.0,-13.298775053999943
Normal,456,P_1946000,0.0,0.0
Normal,456,P_2044008,0.0,-6.562650193687685
Normal,456,P_2044016,0.0,0.0
Normal,456,P_2044024,0.0,0.0
Normal,456,P_2044042,0.0,0.0
Normal,456,P_2045002,0.0,0.0
Normal,456,P_2046013,0.0,0.0
Normal,456,Q_40032000,12.7119,-5.851305574594107
Normal,456,Q_40050000,47.0454,0.0
Normal,456,Q_40060001,9.154,-9.709894012510222
Normal,456,Q_40100000,149.46,-40.289138649112054
Normal,456,Q_40185000,15.5197,0.0
Normal,456,Q_40330000,48.5692,-39.81802354222413
Normal,456,Q_40800001,49.1637,0.0
Normal,456,Q_40850000,64.0885,-25.331684710681643
Normal,456,Q_40930000,5.4736,-25.091126382856224
Normal,457,P_1944059,0.0,0.0
Normal,457,P_1944063,0.0,-13.255003481922277
Normal,457,P_1945002,6.0,0.0
Normal,457,P_1945008,0.0,-13.452729068149758
Normal,457,P_1946000,0.0,8.106436034253406
Normal,457,P_2044008,0.0,-5.5000319190624
Normal,457,P_2044016,0.0,0.0
Normal,457,P_2044024,0.0,0.0
Normal,457,P_2044042,0.0,0.0
Normal,457,P_2045002,0.0,0.0
Normal,457,P_2046013,4.2,0.0
Normal,457,Q_40032000,13.6935,-4.477252694968162
Normal,457,Q_40050000,90.463,0.0
Normal,457,Q_40060001,15.0362,21.39998870805495
Normal,457,Q_40100000,291.195,151.35359689276217
Normal,457,Q_40185000,17.1471,0.0
Normal,457,Q_40330000,63.6714,-20.907133498604278
Normal,457,Q_40800001,66.6196,0.0
Normal,457,Q_40850000,84.6481,-5.086376574888321
Normal,457,Q_40930000,10.245,-14.109337124182803
Normal,458,P_1944059,0.0,0.0
Normal,458,P_1944063,0.0,-11.346766092884266
Normal,458,P_1945002,0.0,-9.42482324126178
Normal,458,P_1945008,0.0,-12.83124448463618
Normal,458,P_1946000,0.0,0.0
Normal,458,P_2044008,0.0,0.0
Normal,458,P_2044016,0.0,0.0
Normal,458,P_2044024,0.0,0.0
Normal,458,P_2044042,0.0,0.0
Normal,458,P_2045002,0.0,0.0
Normal,458,P_2046013,0.0,0.0
Normal,458,Q_40032000,8.2597,-7.731765198317305
Normal,458,Q_40050000,27.6598,0.0
Normal,458,Q_40060001,5.3384,-27.629996164532105
Normal,458,Q_40100000,81.9526,-125.602302487089
Normal,458,Q_40185000,6.9856,0.0
Normal,458,Q_40330000,38.1066,-51.240348656801665
Normal,458,Q_40800001,25.9716,-9.09627230794902
Normal,458,Q_40850000,34.4681,-54.10083416723609
Normal,458,Q_40930000,2.88,-30.801862118382935
Normal,459,P_1944059,0.0,0.0
Normal,459,P_1944063,0.0,-13.51955729742458
Normal,459,P_1945002,0.0,-11.389462388247978
Normal,459,P_1945008,0.0,-13.059114933851975
Normal,459,P_1946000,0.0,0.0
Normal,459,P_2044008,0.0,-6.122301791898266
Normal,459,P_2044016,0.0,0.0
Normal,459,P_2044024,0.0,0.0
Normal,459,P_2044042,0.0,0.0
Normal,459,P_2045002,0.0,0.0
Normal,459,P_2046013,0.0,0.0
Normal,459,Q_40032000,48.4995,40.46059364348076
Normal,459,Q_40050000,156.376,0.0
Normal,459,Q_40060001,13.211,12.253036708976936
Normal,459,Q_40100000,246.85,90.94991372245941
Normal,459,Q_40185000,15.5197,0.0
Normal,459,Q_40330000,50.8861,-36.46100147747408
Normal,459,Q_40800001,47.7754,0.0
Normal,459,Q_40850000,67.8746,-21.872946241198672
Normal,459,Q_40930000,22.4758,14.420765883158454
Normal,460,P_1944059,0.0,0.0
Normal,460,P_1944063,0.0,-11.245165999237653
Normal,460,P_1945002,0.0,-9.821046023442234
Normal,460,P_1945008,0.0,-12.586040304108291
Normal,460,P_1946000,0.0,0.0
Normal,460,P_2044008,0.0,-6.908985247006342
Normal,460,P_2044016,0.0,0.0
Normal,460,P_2044024,0.0,0.0
Normal,460,P_2044042,0.0,0.0
Normal,460,P_2045002,0.0,0.0
Normal,460,P_2046013,0.0,0.0
Normal,460,Q_40032000,9.815,-8.287031596231733
Normal,460,Q_40050000,50.1744,0.0
Normal,460,Q_40060001,7.312,-18.004392065977406
Normal,460,Q_40100000,56.9282,-156.98118042561381
Normal,460,Q_40185000,4.8876,0.0
Normal,460,Q_40330000,16.0732,-77.13226300647186
Normal,460,Q_40800001,44.1378,0.0
Normal,460,Q_40850000,34.4681,-53.555278751522586
Normal,460,Q_40930000,7.349,-20.927607988736238
Normal,461,P_1944059,31.6,43.04221976019559
Normal,461,P_1944063,1.9,-3.4987517924893012
Normal,461,P_1945002,0.0,-5.9125976051080125
Normal,461,P_1945008,7.9,0.0
Normal,461,P_1946000,0.4,0.0
Normal,461,P_2044008,6.3,0.0
Normal,461,P_2044016,2.8,0.0
Normal,461,P_2044024,10.3,0.0
Normal,461,P_2044042,8.6,-8.23054436217545
Normal,461,P_2045002,0.0,0.0
Normal,461,P_2046013,14.7,0.0
Normal,461,Q_40032000,52.3132,32.46266522677161
Normal,461,Q_40050000,101.122,0.0
Normal,461,Q_40060001,8.6292,-12.156339913458355
Normal,461,Q_40100000,138.612,-54.37648154223173
Normal,461,Q_40185000,18.4774,0.0
Normal,461,Q_40330000,43.4998,-45.45935628149163
Normal,461,Q_40800001,63.0275,0.0
Normal,461,Q_40850000,83.2476,-6.678758989656434
Normal,461,Q_40930000,11.4249,-10.395776133313758
Normal,462,P_1944059,8.0,0.0
Normal,462,P_1944063,9.0,0.0
Normal,462,P_1945002,0.0,-5.077119490414817
Normal,462,P_1945008,6.3,0.0
Normal,462,P_1946000,0.0,0.0
Normal,462,P_2044008,0.0,-4.0009023573660505
Normal,462,P_2044016,6.5,0.0
Normal,462,P_2044024,1.6,0.0
Normal,462,P_2044042,10.6,-8.47755436752513
Normal,462,P_2045002,0.0,0.0
Normal,462,P_2046013,2.0,0.0
Normal,462,Q_40032000,11.6797,-2.9474858578030876
Normal,462,Q_40050000,32.9781,0.0
Normal,462,Q_40060001,5.5177,-26.482624751215273
Normal,462,Q_40100000,80.6614,-129.09249694078025
Normal,462,Q_40185000,9.3129,0.0
Normal,462,Q_40330000,48.5692,-37.26894877682564
Normal,462,Q_40800001,39.3104,-3.808386718186465
Normal,462,Q_40850000,41.4926,-46.50476196209379
Normal,462,Q_40930000,8.7258,-15.419767925395442
Normal,463,P_1944059,9.0,0.0
Normal,463,P_1944063,8.1,0.0
Normal,463,P_1945002,12.4,0.0
Normal,463,P_1945008,25.0,48.030220298893624
Normal,463,P_1946000,0.0,0.0
Normal,463,P_2044008,35.4,43.33068675106994
Normal,463,P_2044016,34.1,37.174284906351154
Normal,463,P_2044024,37.2,0.0
Normal,463,P_2044042,33.2,0.0
Normal,463,P_2045002,71.7,66.12828505086739
Normal,463,P_2046013,12.6,0.0
Normal,463,Q_40032000,26.0266,0.0
Normal,463,Q_40050000,241.961,0.0
Normal,463,Q_40060001,18.7714,47.45914506342211
Normal,463,Q_40100000,302.78,166.5181795245652
Normal,463,Q_40185000,45.0001,0.0
Normal,463,Q_40330000,160.879,102.68130265955416
Normal,463,Q_40800001,165.246,23.11289561628234
Normal,463,Q_40850000,102.997,13.666534535351275
Normal,463,Q_40930000,49.5986,79.19987091381027
Normal,464,P_1944059,0.0,0.0
Normal,464,P_1944063,0.0,-11.825085921668926
Normal,464,P_1945002,0.0,-9.138644085285932
Normal,464,P_1945008,0.0,-12.927501126953223
Normal,464,P_1946000,0.0,0.0
Normal,464,P_2044008,0.0,0.0
Normal,464,P_2044016,0.0,0.0
Normal,464,P_2044024,0.0,0.0
Normal,464,P_2044042,0.0,0.0
Normal,464,P_2045002,0.0,0.0
Normal,464,P_2046013,0.0,0.0
Normal,464,Q_40032000,9.0278,-7.9643491681505765
Normal,464,Q_40050000,30.8453,0.0
Normal,464,Q_40060001,6.2535,-23.434137570435826
Normal,464,Q_40100000,92.5145,-113.16943288139043
Normal,464,Q_40185000,7.7372,0.0
Normal,464,Q_40330000,33.9799,-56.53843962022017
Normal,464,Q_40800001,33.4105,-6.151523763299281
Normal,464,Q_40850000,41.4926,-47.25428691951494
Normal,464,Q_40930000,3.4196,-29.377453754749066
Normal,465,P_1944059,8.2,0.0
Normal,465,P_1944063,8.2,14.49312207613637
Normal,465,P_1945002,6.1,0.0
Normal,465,P_1945008,6.4,0.0
Normal,465,P_1946000,4.0,0.0
Normal,465,P_2044008,0.3,0.0
Normal,465,P_2044016,3.0,0.0
Normal,465,P_2044024,0.2,0.0
Normal,465,P_2044042,23.1,0.0
Normal,465,P_2045002,29.6,22.624384795366627
Normal,465,P_2046013,28.2,21.146868224353295
Normal,465,Q_40032000,39.3387,17.549493350478834
Normal,465,Q_40050000,154.572,0.0
Normal,465,Q_40060001,6.442,-23.506623197956305
Normal,465,Q_40100000,209.18,36.78411798261906
Normal,465,Q_40185000,34.9237,0.0
Normal,465,Q_40330000,66.8649,-17.979557681085616
Normal,465,Q_40800001,246.078,42.32372022439851
Normal,465,Q_40850000,131.252,40.426357321936756
Normal,465,Q_40930000,11.1637,-12.84050707295495
Normal,466,P_1944059,0.0,0.0
Normal,466,P_1944063,0.0,-16.907354727561426
Normal,466,P_1945002,0.0,0.0
Normal,466,P_1945008,0.0,-16.53225568184801
Normal,466,P_1946000,5.0,0.0
Normal,466,P_2044008,0.0,0.0
Normal,466,P_2044016,0.0,0.0
Normal,466,P_2044024,0.0,0.0
Normal,466,P_2044042,0.0,0.0
Normal,466,P_2045002,0.0,0.0
Normal,466,P_2046013,18.8,12.966635336241179
Normal,466,Q_40032000,25.0402,5.440792478622774
Normal,466,Q_40050000,79.8814,0.0
Normal,466,Q_40060001,17.7147,32.145721551199806
Normal,466,Q_40100000,285.455,140.8042688695633
Normal,466,Q_40185000,24.8498,0.0
Normal,466,Q_40330000,90.0237,9.399839744907208
Normal,466,Q_40800001,164.234,11.935085964919612
Normal,466,Q_40850000,265.627,167.5926276501449
Normal,466,Q_40930000,31.3589,32.15977948554077
Normal,467,P_1944059,0.0,0.0
Normal,467,P_1944063,0.0,-13.444993202046348
Normal,467,P_1945002,0.0,-11.232449756414145
Normal,467,P_1945008,0.0,-13.025544231423174
Normal,467,P_1946000,0.0,0.0
Normal,467,P_2044008,0.0,-6.652920084702291
Normal,467,P_2044016,0.0,-4.507244145308292
Normal,467,P_2044024,0.0,0.0
Normal,467,P_2044042,0.0,0.0
Normal,467,P_2045002,0.0,0.0
Normal,467,P_2046013,0.0,0.0
Normal,467,Q_40032000,17.4656,0.0
Normal,467,Q_40050000,109.338,0.0
Normal,467,Q_40060001,8.3191,-14.073554006222286
Normal,467,Q_40100000,209.18,38.50080926531824
Normal,467,Q_40185000,20.5401,0.0
Normal,467,Q_40330000,44.6089,-44.358264347186726
Normal,467,Q_40800001,38.483,0.0
Normal,467,Q_40850000,55.3181,-34.0329740422431
Normal,467,Q_40930000,10.8599,-13.201111008510603
Normal,468,P_1944059,0.0,0.0
Normal,468,P_1944063,0.0,-11.26591163689727
Normal,468,P_1945002,0.0,-9.630908302437097
Normal,468,P_1945008,0.0,-12.904251477256006
Normal,468,P_1946000,0.0,0.0
Normal,468,P_2044008,0.0,-6.856606769207758
Normal,468,P_2044016,0.0,0.0
Normal,468,P_2044024,0.0,0.0
Normal,468,P_2044042,0.0,0.0
Normal,468,P_2045002,0.0,0.0
Normal,468,P_2046013,0.0,0.0
Normal,468,Q_40032000,8.6394,-8.38472065571576
Normal,468,Q_40050000,45.3071,0.0
Normal,468,Q_40060001,6.1599,-23.40865419542796
Normal,468,Q_40100000,81.0774,-127.22062131621342
Normal,468,Q_40185000,8.1334,0.0
Normal,468,Q_40330000,28.5889,-62.631549009645376
Normal,468,Q_40800001,35.6238,0.0
Normal,468,Q_40850000,45.7634,-43.41889440147579
Normal,468,Q_40930000,4.8967,-26.207601793485694
Normal,469,P_1944059,0.0,0.0
Normal,469,P_1944063,0.0,0.0
Normal,469,P_1945002,0.0,0.0
Normal,469,P_1945008,0.0,-13.540895499277156
Normal,469,P_1946000,0.0,5.759320166155837
Normal,469,P_2044008,17.7,11.776879482460949
Normal,469,P_2044016,31.0,34.62300860311919
Normal,469,P_2044024,0.0,0.0
Normal,469,P_2044042,8.7,0.0
Normal,469,P_2045002,16.5,11.10403354202123
Normal,469,P_2046013,77.5,94.08149019035021
Normal,469,Q_40032000,14.0168,0.0
Normal,469,Q_40050000,160.605,0.0
Normal,469,Q_40060001,10.3429,0.0
Normal,469,Q_40100000,263.592,105.07397787483532
Normal,469,Q_40185000,20.5401,0.0
Normal,469,Q_40330000,72.7532,-13.080702291291482
Normal,469,Q_40800001,105.432,7.8712416003728745
Normal,469,Q_40850000,113.944,20.52404286235809
Normal,469,Q_40930000,16.5424,0.0
Normal,470,P_1944059,0.0,0.0
Normal,470,P_1944063,0.0,-12.958136489250613
Normal,470,P_1945002,0.0,-10.237003704469233
Normal,470,P_1945008,0.0,-13.14782633663192
Normal,470,P_1946000,0.0,0.0
Normal,470,P_2044008,0.0,-6.601925298245477
Normal,470,P_2044016,0.0,-4.707804941835832
Normal,470,P_2044024,0.0,0.0
Normal,470,P_2044042,0.0,0.0
Normal,470,P_2045002,0.0,0.0
Normal,470,P_2046013,0.0,0.0
Normal,470,Q_40032000,16.5007,0.0
Normal,470,Q_40050000,104.94,0.0
Normal,470,Q_40060001,9.4737,-7.811938878847529
Normal,470,Q_40100000,176.863,0.0
Normal,470,Q_40185000,11.4112,0.0
Normal,470,Q_40330000,38.6343,-51.500764989324104
Normal,470,Q_40800001,32.5596,-5.412917629223912
Normal,470,Q_40850000,44.5306,-44.98660621582988
Normal,470,Q_40930000,13.4408,-6.707266387580204
Normal,471,P_1944059,0.0,0.0
Normal,471,P_1944063,0.0,-14.662964906076606
Normal,471,P_1945002,0.0,-12.820489856001254
Normal,471,P_1945008,0.0,-14.390178708905951
Normal,471,P_1946000,0.0,7.914044147013172
Normal,471,P_2044008,0.0,-7.12453040670066
Normal,471,P_2044016,0.0,0.0
Normal,471,P_2044024,0.0,0.0
Normal,471,P_2044042,2.8,0.0
Normal,471,P_2045002,0.0,0.0
Normal,471,P_2046013,0.0,0.0
Normal,471,Q_40032000,40.8272,25.030983316649806
Normal,471,Q_40050000,138.151,0.0
Normal,471,Q_40060001,8.422,-13.859153870241226
Normal,471,Q_40100000,245.011,88.40103429059688
Normal,471,Q_40185000,14.5717,0.0
Normal,471,Q_40330000,80.1893,0.0
Normal,471,Q_40800001,62.4738,0.0
Normal,471,Q_40850000,112.351,20.201155136950796
Normal,471,Q_40930000,13.3224,-8.054631518429908
Normal,472,P_1944059,0.0,0.0
Normal,472,P_1944063,0.0,-11.102593746811994
Normal,472,P_1945002,0.0,-10.488389095583637
Normal,472,P_1945008,0.0,-12.74526711175614
Normal,472,P_1946000,0.0,0.0
Normal,472,P_2044008,0.0,-6.947903038466734
Normal,472,P_2044016,0.0,0.0
Normal,472,P_2044024,0.0,0.0
Normal,472,P_2044042,0.0,0.0
Normal,472,P_2045002,0.0,0.0
Normal,472,P_2046013,0.0,0.0
Normal,472,Q_40032000,6.784,-9.177989057205272
Normal,472,Q_40050000,23.3666,0.0
Normal,472,Q_40060001,4.3034,-31.8492833101312
Normal,472,Q_40100000,103.476,-98.84310065406922
Normal,472,Q_40185000,12.2885,0.0
Normal,472,Q_40330000,42.4007,-46.03988967043924
Normal,472,Q_40800001,32.5681,0.0
Normal,472,Q_40850000,43.918,-44.89868376657177
Normal,472,Q_40930000,2.3568,-31.847148671180115
Normal,473,P_1944059,0.0,0.0
Normal,473,P_1944063,0.0,-13.740010975602857
Normal,473,P_1945002,0.0,-11.851510795539031
Normal,473,P_1945008,14.9,34.08068021079777
Normal,473,P_1946000,8.2,0.0
Normal,473,P_2044008,0.0,-7.93942286132517
Normal,473,P_2044016,25.6,22.719975278256236
Normal,473,P_2044024,0.7,0.0
Normal,473,P_2044042,7.6,0.0
Normal,473,P_2045002,0.0,0.0
Normal,473,P_2046013,0.0,0.0
Normal,473,Q_40032000,21.2988,0.0
Normal,473,Q_40050000,97.4747,0.0
Normal,473,Q_40060001,14.9122,20.215756320470504
Normal,473,Q_40100000,273.044,126.3782351362184
Normal,473,Q_40185000,22.6724,0.0
Normal,473,Q_40330000,136.848,68.74077482786356
Normal,473,Q_40800001,102.555,3.9189115665409027
Normal,473,Q_40850000,185.423,92.0167861437372
Normal,473,Q_40930000,17.7836,0.0
Normal,474,P_1944059,0.0,0.0
Normal,474,P_1944063,0.0,-8.749288579865627
Normal,474,P_1945002,0.0,-5.567722818882058
Normal,474,P_1945008,0.0,-8.612764649936592
Normal,474,P_1946000,0.0,0.0
Normal,474,P_2044008,0.0,0.0
Normal,474,P_2044016,0.0,0.0
Normal,474,P_2044024,0.0,0.0
Normal,474,P_2044042,0.0,0.0
Normal,474,P_2045002,0.0,0.0
Normal,474,P_2046013,36.0,0.0
Normal,474,Q_40032000,101.68,128.51691533148977
Normal,474,Q_40050000,98.1989,0.0
Normal,474,Q_40060001,6.7281,-20.76404323731692
Normal,474,Q_40100000,122.102,-75.9481958013156
Normal,474,Q_40185000,9.3129,0.0
Normal,474,Q_40330000,40.7711,-47.609086246487024
Normal,474,Q_40800001,34.8899,-4.486089573887597
Normal,474,Q_40850000,49.5209,-38.69714155847057
Normal,474,Q_40930000,6.676,-21.34852984008212
Normal,475,P_1944059,0.0,0.0
Normal,475,P_1944063,0.0,-15.326024002466447
Normal,475,P_1945002,0.0,-13.21582536481653
Normal,475,P_1945008,0.0,-15.603324463846393
Normal,475,P_1946000,0.0,8.1848475007664
Normal,475,P_2044008,0.0,-7.485024183819235
Normal,475,P_2044016,0.0,0.0
Normal,475,P_2044024,0.0,0.0
Normal,475,P_2044042,0.0,0.0
Normal,475,P_2045002,10.1,0.0
Normal,475,P_2046013,0.0,0.0
Normal,475,Q_40032000,21.7975,4.884065771871165
Normal,475,Q_40050000,205.4,0.0
Normal,475,Q_40060001,20.8046,52.00948064958261
Normal,475,Q_40100000,340.053,215.88625744678038
Normal,475,Q_40185000,23.2161,0.0
Normal,475,Q_40330000,98.8255,21.029210798788654
Normal,475,Q_40800001,75.3296,0.0
Normal,475,Q_40850000,137.255,44.29211128451438
Normal,475,Q_40930000,18.4539,0.0
Normal,476,P_1944059,0.0,0.0
Normal,476,P_1944063,14.0,37.06414202099231
Normal,476,P_1945002,71.2,153.09706313012472
Normal,476,P_1945008,0.0,-12.214388149459296
Normal,476,P_1946000,3.0,2.8963060571978767
Normal,476,P_2044008,0.0,0.0
Normal,476,P_2044016,4.6,0.0
Normal,476,P_2044024,0.0,0.0
Normal,476,P_2044042,0.0,2.8680663593576887
Normal,476,P_2045002,0.0,0.0
Normal,476,P_2046013,0.0,0.0
Normal,476,Q_40032000,17.6672,0.0
Normal,476,Q_40050000,91.6418,0.0
Normal,476,Q_40060001,15.9134,28.09585511192738
Normal,476,Q_40100000,290.322,155.5680868680334
Normal,476,Q_40185000,28.2927,0.0
Normal,476,Q_40330000,78.818,0.0
Normal,476,Q_40800001,89.3471,3.89999560141953
Normal,476,Q_40850000,144.257,54.767021266485266
Normal,476,Q_40930000,32.1496,35.6131388900262
Normal,477,P_1944059,16.8,15.143930964581173
Normal,477,P_1944063,0.7,-11.77498813903103
Normal,477,P_1945002,0.0,-12.283784756444788
Normal,477,P_1945008,16.9,36.56767804332973
Normal,477,P_1946000,10.2,0.0
Normal,477,P_2044008,0.0,0.0
Normal,477,P_2044016,7.5,0.0
Normal,477,P_2044024,19.0,0.0
Normal,477,P_2044042,2.5,0.0
Normal,477,P_2045002,4.9,0.0
Normal,477,P_2046013,1.3,0.0
Normal,477,Q_40032000,37.3097,18.69910262823502
Normal,477,Q_40050000,80.4815,0.0
Normal,477,Q_40060001,15.1605,20.030241097183396
Normal,477,Q_40100000,242.652,83.42268857687786
Normal,477,Q_40185000,27.4561,0.0
Normal,477,Q_40330000,98.8255,19.695969700627053
Normal,477,Q_40800001,129.529,6.669895227303665
Normal,477,Q_40850000,216.012,121.22149229000547
Normal,477,Q_40930000,12.6128,0.0
Normal,478,P_1944059,0.0,0.0
Normal,478,P_1944063,0.0,-12.993864131416194
Normal,478,P_1945002,0.0,-10.59067303326597
Normal,478,P_1945008,0.0,-12.87849618502669
Normal,478,P_1946000,0.0,0.0
Normal,478,P_2044008,0.9,-5.600331572004417
Normal,478,P_2044016,1.8,0.0
Normal,478,P_2044024,1.0,0.0
Normal,478,P_2044042,0.2,0.0
Normal,478,P_2045002,1.1,0.0
Normal,478,P_2046013,0.0,-4.786539320311807
Normal,478,Q_40032000,14.9066,0.0
Normal,478,Q_40050000,59.1589,0.0
Normal,478,Q_40060001,9.6887,-6.702795807294751
Normal,478,Q_40100000,175.211,-4.712057932082487
Normal,478,Q_40185000,10.9806,0.0
Normal,478,Q_40330000,52.0591,-34.64811869881631
Normal,478,Q_40800001,54.6364,0.0
Normal,478,Q_40850000,74.3921,-15.209343557198675
Normal,478,Q_40930000,6.8988,-21.923420340852665
Normal,479,P_1944059,0.0,0.0
Normal,479,P_1944063,0.0,-12.578516588720653
Normal,479,P_1945002,0.0,-10.587828207851521
Normal,479,P_1945008,0.0,-12.493058886274294
Normal,479,P_1946000,0.0,0.0
Normal,479,P_2044008,0.0,-6.233722509251095
Normal,479,P_2044016,0.0,0.0
Normal,479,P_2044024,0.0,0.0
Normal,479,P_2044042,0.0,0.0
Normal,479,P_2045002,0.0,0.0
Normal,479,P_2046013,0.0,0.0
Normal,479,Q_40032000,9.1347,-8.639374481329648
Normal,479,Q_40050000,53.6264,0.0
Normal,479,Q_40060001,7.312,-18.363234290551468
Normal,479,Q_40100000,139.32,-53.10002522472227
Normal,479,Q_40185000,8.1334,0.0
Normal,479,Q_40330000,29.0651,-62.95226004475968
Normal,479,Q_40800001,39.6191,0.0
Normal,479,Q_40850000,52.7182,-36.8912302648933
Normal,479,Q_40930000,5.7909,-24.460632023275423
Normal,480,P_1944059,0.0,-1.7589806846062572
Normal,480,P_1944063,2.5,0.0
Normal,480,P_1945002,23.8,48.80785816735077
Normal,480,P_1945008,0.0,-10.336764687198938
Normal,480,P_1946000,0.0,0.0
Normal,480,P_2044008,0.0,-5.142443081076613
Normal,480,P_2044016,1.1,-2.361599753857168
Normal,480,P_2044024,4.9,0.0
Normal,480,P_2044042,0.4,0.0
Normal,480,P_2045002,0.0,0.0
Normal,480,P_2046013,0.0,0.0
Normal,480,Q_40032000,14.9066,-3.6990591174160823
Normal,480,Q_40050000,105.337,0.0
Normal,480,Q_40060001,7.2136,-18.665589584316805
Normal,480,Q_40100000,93.8632,-112.52631009313424
Normal,480,Q_40185000,11.8472,0.0
Normal,480,Q_40330000,44.0531,-44.18967383662357
Normal,480,Q_40800001,60.48,0.0
Normal,480,Q_40850000,89.6288,0.0
Normal,480,Q_40930000,8.7258,-17.350415553875408
Normal,481,P_1944059,0.0,0.0
Normal,481,P_1944063,0.0,-12.402837096236862
Normal,481,P_1945002,0.0,-9.568523587085823
Normal,481,P_1945008,0.0,-12.95164208289727
Normal,481,P_1946000,0.0,0.0
Normal,481,P_2044008,0.0,-6.727224257002009
Normal,481,P_2044016,0.0,0.0
Normal,481,P_2044024,0.0,0.0
Normal,481,P_2044042,0.0,0.0
Normal,481,P_2045002,0.0,0.0
Normal,481,P_2046013,0.0,0.0
Normal,481,Q_40032000,12.2852,-6.290443489701659
Normal,481,Q_40050000,45.1909,0.0
Normal,481,Q_40060001,8.422,-13.078069887938339
Normal,481,Q_40100000,140.145,-52.848375174058106
Normal,481,Q_40185000,12.735,0.0
Normal,481,Q_40330000,38.6343,-51.60290845222634
Normal,481,Q_40800001,45.5731,0.0
Normal,481,Q_40850000,61.6168,-28.65470400146782
Normal,481,Q_40930000,5.2811,-25.457930371921375
Normal,482,P_1944059,0.0,0.0
Normal,482,P_1944063,0.0,-12.487991210004378
Normal,482,P_1945002,0.0,-10.250450558342317
Normal,482,P_1945008,0.0,-12.504974606469503
Normal,482,P_1946000,0.0,0.0
Normal,482,P_2044008,0.0,-7.11355768467439
Normal,482,P_2044016,0.0,0.0
Normal,482,P_2044024,0.0,0.0
Normal,482,P_2044042,0.0,0.0
Normal,482,P_2045002,0.0,0.0
Normal,482,P_2046013,0.0,0.0
Normal,482,Q_40032000,11.8626,-6.41204272171841
Normal,482,Q_40050000,44.0496,0.0
Normal,482,Q_40060001,8.3191,-13.880664391459256
Normal,482,Q_40100000,135.561,-57.91200855552735
Normal,482,Q_40185000,11.4112,0.0
Normal,482,Q_40330000,39.6976,-50.35897706476599
Normal,482,Q_40800001,44.683,0.0
Normal,482,Q_40850000,60.3967,-29.359688212512143
Normal,482,Q_40930000,5.0915,-25.906246266155588
Normal,483,P_1944059,0.0,0.0
Normal,483,P_1944063,0.0,-11.91204872748348
Normal,483,P_1945002,0.0,-10.276116476322905
Normal,483,P_1945008,0.0,-13.197691970316072
Normal,483,P_1946000,0.0,0.0
Normal,483,P_2044008,0.0,0.0
Normal,483,P_2044016,0.0,0.0
Normal,483,P_2044024,0.0,0.0
Normal,483,P_2044042,0.0,0.0
Normal,483,P_2045002,0.0,0.0
Normal,483,P_2046013,0.0,0.0
Normal,483,Q_40032000,12.2852,-6.7954659486943
Normal,483,Q_40050000,70.6155,0.0
Normal,483,Q_40060001,7.4108,-18.560763298434754
Normal,483,Q_40100000,114.822,-85.10987023821983
Normal,483,Q_40185000,8.5132,0.0
Normal,483,Q_40330000,33.476,-57.45884261653362
Normal,483,Q_40800001,24.0574,-8.017662529257636
Normal,483,Q_40850000,31.1041,-57.91956383577095
Normal,483,Q_40930000,7.6895,-20.297538643291116
Normal,484,P_1944059,0.0,0.0
Normal,484,P_1944063,0.0,-12.07872242496576
Normal,484,P_1945002,0.0,-9.610589853522645
Normal,484,P_1945008,0.0,-12.403685490223493
Normal,484,P_1946000,0.0,7.730257379190512
Normal,484,P_2044008,0.0,-6.179391658596734
Normal,484,P_2044016,0.0,0.0
Normal,484,P_2044024,0.0,0.0
Normal,484,P_2044042,0.0,0.0
Normal,484,P_2045002,0.0,0.0
Normal,484,P_2046013,40.0,39.05027191724346
Normal,484,Q_40032000,23.0583,0.0
Normal,484,Q_40050000,115.868,0.0
Normal,484,Q_40060001,10.4533,0.0
Normal,484,Q_40100000,252.391,100.37894643690865
Normal,484,Q_40185000,12.735,0.0
Normal,484,Q_40330000,40.7711,-49.74725596445467
Normal,484,Q_40800001,37.3023,0.0
Normal,484,Q_40850000,67.2371,-23.161491390871483
Normal,484,Q_40930000,20.8512,9.548835412428467
Normal,485,P_1944059,0.0,0.0
Normal,485,P_1944063,0.0,-12.218075281091139
Normal,485,P_1945002,0.0,-10.20939414575809
Normal,485,P_1945008,0.0,-12.168512689213356
Normal,485,P_1946000,0.0,0.0
Normal,485,P_2044008,0.0,-5.4044011684778654
Normal,485,P_2044016,0.0,-3.8786924481781795
Normal,485,P_2044024,0.0,0.0
Normal,485,P_2044042,0.0,0.0
Normal,485,P_2045002,0.0,0.0
Normal,485,P_2046013,0.0,-3.6951431878600545
Normal,485,Q_40032000,15.3573,0.0
Normal,485,Q_40050000,59.6807,0.0
Normal,485,Q_40060001,9.9052,-4.694343343620723
Normal,485,Q_40100000,180.183,0.0
Normal,485,Q_40185000,11.8472,0.0
Normal,485,Q_40330000,53.2416,-33.235995890389766
Normal,485,Q_40800001,56.4827,0.0
Normal,485,Q_40850000,72.4097,-16.879238128985122
Normal,485,Q_40930000,6.8988,-21.36942486110189
Normal,486,P_1944059,0.0,0.0
Normal,486,P_1944063,0.0,-10.718367011362485
Normal,486,P_1945002,0.0,-9.125470456591517
Normal,486,P_1945008,0.0,-12.493999272295646
Normal,486,P_1946000,0.0,0.0
Normal,486,P_2044008,4.2,0.0
Normal,486,P_2044016,0.0,0.0
Normal,486,P_2044024,0.0,0.0
Normal,486,P_2044042,0.0,0.0
Normal,486,P_2045002,0.0,0.0
Normal,486,P_2046013,0.0,0.0
Normal,486,Q_40032000,7.1451,-8.825799063605466
Normal,486,Q_40050000,24.0624,0.0
Normal,486,Q_40060001,4.4709,-30.66377443328697
Normal,486,Q_40100000,103.476,-98.95483908075981
Normal,486,Q_40185000,12.735,0.0
Normal,486,Q_40330000,44.0531,-44.26867298478201
Normal,486,Q_40800001,35.1065,-5.794284904937456
Normal,486,Q_40850000,48.2587,-41.133335869085
Normal,486,Q_40930000,2.88,-30.252873258399525
Normal,487,P_1944059,0.0,0.0
Normal,487,P_1944063,0.0,-12.190373726581047
Normal,487,P_1945002,0.0,-10.972957970462081
Normal,487,P_1945008,0.0,-13.089593425093572
Normal,487,P_1946000,0.0,0.0
Normal,487,P_2044008,0.0,-6.141334319771342
Normal,487,P_2044016,0.0,0.0
Normal,487,P_2044024,0.0,0.0
Normal,487,P_2044042,0.0,0.0
Normal,487,P_2045002,0.0,0.0
Normal,487,P_2046013,0.0,0.0
Normal,487,Q_40032000,16.5126,0.0
Normal,487,Q_40050000,82.9133,0.0
Normal,487,Q_40060001,7.4108,-18.148185120147257
Normal,487,Q_40100000,140.145,-52.08684629789961
Normal,487,Q_40185000,11.8472,0.0
Normal,487,Q_40330000,36.5392,-53.82880936145906
Normal,487,Q_40800001,33.6371,-5.80530203363648
Normal,487,Q_40850000,52.074,-37.497657816995016
Normal,487,Q_40930000,11.9547,-11.231357849974527
Normal,488,P_1944059,0.0,0.0
Normal,488,P_1944063,0.0,-12.703767408109933
Normal,488,P_1945002,0.0,-9.764099946972154
Normal,488,P_1945008,0.0,-12.950228131416146
Normal,488,P_1946000,0.0,0.0
Normal,488,P_2044008,0.0,-6.758512496985929
Normal,488,P_2044016,0.0,0.0
Normal,488,P_2044024,0.0,0.0
Normal,488,P_2044042,0.0,0.0
Normal,488,P_2045002,0.0,0.0
Normal,488,P_2046013,0.0,0.0
Normal,488,Q_40032000,13.1428,0.0
Normal,488,Q_40050000,73.3212,0.0
Normal,488,Q_40060001,7.6098,-17.426550985195348
Normal,488,Q_40100000,120.635,-78.07164835864621
Normal,488,Q_40185000,8.9101,0.0
Normal,488,Q_40330000,34.4864,-56.329075053656105
Normal,488,Q_40800001,26.7461,-7.715482250287804
Normal,488,Q_40850000,34.4681,-54.16057531300839
Normal,488,Q_40930000,8.7258,-18.48041315840603
Normal,489,P_1944059,0.0,0.0
Normal,489,P_1944063,0.0,-12.004625377092964
Normal,489,P_1945002,0.0,-10.075751844848897
Normal,489,P_1945008,0.0,-11.596487717293172
Normal,489,P_1946000,0.0,0.0
Normal,489,P_2044008,14.3,0.0
Normal,489,P_2044016,0.0,-3.55275037011831
Normal,489,P_2044024,0.0,0.0
Normal,489,P_2044042,4.1,0.0
Normal,489,P_2045002,0.0,0.0
Normal,489,P_2046013,0.0,0.0
Normal,489,Q_40032000,14.0168,-3.914252808923962
Normal,489,Q_40050000,84.9724,0.0
Normal,489,Q_40060001,8.422,-11.582384785864779
Normal,489,Q_40100000,155.774,-31.487923499913077
Normal,489,Q_40185000,65.7535,-5.788014636611413
Normal,489,Q_40330000,83.6546,0.0
Normal,489,Q_40800001,123.116,0.0
Normal,489,Q_40850000,160.559,66.65312053917476
Normal,489,Q_40930000,9.4055,-15.117041268184403
Normal,490,P_1944059,0.0,-1.1265855303988133
Normal,490,P_1944063,0.0,-11.712624844805928
Normal,490,P_1945002,0.0,-6.928388393150739
Normal,490,P_1945008,0.0,-10.573430316450718
Normal,490,P_1946000,0.0,0.0
Normal,490,P_2044008,0.0,-4.580064189939781
Normal,490,P_2044016,0.0,0.0
Normal,490,P_2044024,0.0,0.0
Normal,490,P_2044042,0.0,0.0
Normal,490,P_2045002,0.0,0.0
Normal,490,P_2046013,0.0,-2.809079273663318
Normal,490,Q_40032000,15.8119,0.0
Normal,490,Q_40050000,62.8565,0.0
Normal,490,Q_40060001,10.3429,-1.183745695755828
Normal,490,Q_40100000,193.656,0.0
Normal,490,Q_40185000,15.5197,0.0
Normal,490,Q_40330000,53.2416,-31.443610973580228
Normal,490,Q_40800001,60.2072,0.0
Normal,490,Q_40850000,79.107,-8.13749899090768
Normal,490,Q_40930000,7.3307,-18.3092488442263
Normal,491,P_1944059,0.0,0.0
Normal,491,P_1944063,0.0,-11.672197936430582
Normal,491,P_1945002,0.0,-9.510321943942888
Normal,491,P_1945008,0.0,-12.678988684477838
Normal,491,P_1946000,0.0,0.0
Normal,491,P_2044008,0.0,-6.49006715442988
Normal,491,P_2044016,0.0,0.0
Normal,491,P_2044024,0.0,0.0
Normal,491,P_2044042,0.0,0.0
Normal,491,P_2045002,0.0,0.0
Normal,491,P_2046013,0.0,0.0
Normal,491,Q_40032000,9.4191,-7.82349883931861
Normal,491,Q_40050000,32.0082,0.0
Normal,491,Q_40060001,6.442,-22.32759821397978
Normal,491,Q_40100000,96.5792,-107.80581748918905
Normal,491,Q_40185000,8.1222,0.0
Normal,491,Q_40330000,34.9956,-55.15292333024126
Normal,491,Q_40800001,34.2567,0.0
Normal,491,Q_40850000,42.7002,-46.26773755862273
Normal,491,Q_40930000,3.6949,-29.074134080957666
Normal,492,P_1944059,0.0,0.0
Normal,492,P_1944063,0.0,-10.7122547040297
Normal,492,P_1945002,19.1,37.87699900693664
Normal,492,P_1945008,0.0,-11.361817619779018
Normal,492,P_1946000,0.0,0.0
Normal,492,P_2044008,0.0,-5.398831973159616
Normal,492,P_2044016,1.3,0.0
Normal,492,P_2044024,0.0,0.0
Normal,492,P_2044042,0.0,0.0
Normal,492,P_2045002,0.0,0.0
Normal,492,P_2046013,0.0,0.0
Normal,492,Q_40032000,16.5126,0.0
Normal,492,Q_40050000,79.662,0.0
Normal,492,Q_40060001,7.4108,-17.728179353803608
Normal,492,Q_40100000,137.083,-54.557082739487186
Normal,492,Q_40185000,12.735,0.0
Normal,492,Q_40330000,35.5075,-55.443011691586854
Normal,492,Q_40800001,36.8451,-5.345752330669304
Normal,492,Q_40850000,48.2587,-41.90239296984905
Normal,492,Q_40930000,11.2229,-11.597339640342248
Normal,493,P_1944059,5.2,0.0
Normal,493,P_1944063,7.6,0.0
Normal,493,P_1945002,0.0,-1.59327788985496
Normal,493,P_1945008,0.0,-8.66069978278158
Normal,493,P_1946000,26.1,-10.930583868119442
Normal,493,P_2044008,17.5,0.0
Normal,493,P_2044016,20.3,0.0
Normal,493,P_2044024,0.2,0.0
Normal,493,P_2044042,13.4,-7.776624088703159
Normal,493,P_2045002,2.1,0.0
Normal,493,P_2046013,14.2,0.0
Normal,493,Q_40032000,9.0278,-1.836509030178642
Normal,493,Q_40050000,39.3799,0.0
Normal,493,Q_40060001,8.0126,-11.927089812051676
Normal,493,Q_40100000,48.6062,-165.69175076545062
Normal,493,Q_40185000,8.5132,0.0
Normal,493,Q_40330000,20.0963,-69.98127871057704
Normal,493,Q_40800001,61.4755,0.0
Normal,493,Q_40850000,73.0679,-14.48714894837405
Normal,493,Q_40930000,7.349,-17.21084858061631
Normal,494,P_1944059,0.0,0.0
Normal,494,P_1944063,0.0,-13.049333126041594
Normal,494,P_1945002,0.0,-10.782848563937776
Normal,494,P_1945008,0.0,-11.874401826551349
Normal,494,P_1946000,0.0,0.0
Normal,494,P_2044008,6.0,0.0
Normal,494,P_2044016,3.3,0.0
Normal,494,P_2044024,0.0,0.0
Normal,494,P_2044042,7.4,-3.1957813891139963
Normal,494,P_2045002,0.4,0.0
Normal,494,P_2046013,0.0,-4.7303484258924255
Normal,494,Q_40032000,25.1171,0.0
Normal,494,Q_40050000,121.708,0.0
Normal,494,Q_40060001,8.8379,-10.00459336181309
Normal,494,Q_40100000,267.36,120.73326734956666
Normal,494,Q_40185000,18.9864,0.0
Normal,494,Q_40330000,54.4336,-31.091117014254646
Normal,494,Q_40800001,47.8791,0.0
Normal,494,Q_40850000,74.3921,-14.466148591012663
Normal,494,Q_40930000,22.885,16.071792300468417
Normal,495,P_1944059,0.0,0.0
Normal,495,P_1944063,0.0,-11.115739380245145
Normal,495,P_1945002,0.0,-9.739012241325886
Normal,495,P_1945008,0.0,-12.62613365782975
Normal,495,P_1946000,0.0,0.0
Normal,495,P_2044008,0.0,-6.589210553316377
Normal,495,P_2044016,0.0,0.0
Normal,495,P_2044024,0.0,0.0
Normal,495,P_2044042,0.0,0.0
Normal,495,P_2045002,0.0,0.0
Normal,495,P_2046013,0.0,0.0
Normal,495,Q_40032000,9.0278,-7.761367538543793
Normal,495,Q_40050000,30.4621,0.0
Normal,495,Q_40060001,6.2535,-23.495073288697345
Normal,495,Q_40100000,91.172,-115.04066506605038
Normal,495,Q_40185000,7.7372,0.0
Normal,495,Q_40330000,33.9799,-56.50621279766906
Normal,495,Q_40800001,31.7295,0.0
Normal,495,Q_40850000,40.8927,-48.00881600063442
Normal,495,Q_40930000,3.4196,-29.42895876001247
Normal,496,P_1944059,26.2,25.4870791752371
Normal,496,P_1944063,21.4,52.76734116131276
Normal,496,P_1945002,28.5,42.523446029052344
Normal,496,P_1945008,0.0,-11.523466061902589
Normal,496,P_1946000,0.0,8.104934897075374
Normal,496,P_2044008,0.7,0.0
Normal,496,P_2044016,0.0,0.0
Normal,496,P_2044024,9.6,0.0
Normal,496,P_2044042,1.0,0.0
Normal,496,P_2045002,1.7,0.0
Normal,496,P_2046013,19.0,0.0
Normal,496,Q_40032000,20.5571,0.0
Normal,496,Q_40050000,141.273,4.972840990098543
Normal,496,Q_40060001,9.9052,0.0
Normal,496,Q_40100000,116.267,-87.3773004666558
Normal,496,Q_40185000,14.5717,0.0
Normal,496,Q_40330000,41.3118,-50.56288117574426
Normal,496,Q_40800001,67.5044,0.0
Normal,496,Q_40850000,73.7287,-17.8795674104763
Normal,496,Q_40930000,36.271,45.34567984232661
Normal,497,P_1944059,0.0,0.0
Normal,497,P_1944063,0.0,-11.960548619326227
Normal,497,P_1945002,0.0,-10.214211167112847
Normal,497,P_1945008,0.0,-12.368203226550124
Normal,497,P_1946000,0.0,0.0
Normal,497,P_2044008,0.4,0.0
Normal,497,P_2044016,0.0,0.0
Normal,497,P_2044024,0.0,0.0
Normal,497,P_2044042,0.0,0.0
Normal,497,P_2045002,0.0,0.0
Normal,497,P_2046013,0.0,0.0
Normal,497,Q_40032000,12.7119,-6.695928054448416
Normal,497,Q_40050000,70.9995,0.0
Normal,497,Q_40060001,7.6098,-16.899715091772165
Normal,497,Q_40100000,117.717,-81.9155097496024
Normal,497,Q_40185000,8.5132,0.0
Normal,497,Q_40330000,31.488,-59.57559078861512
Normal,497,Q_40800001,25.3836,-8.152350292569558
Normal,497,Q_40850000,32.2141,-56.83545030159142
Normal,497,Q_40930000,8.0325,-20.43994358941607
Normal,498,P_1944059,14.6,0.0
Normal,498,P_1944063,8.5,5.402467355119597
Normal,498,P_1945002,51.6,57.676339487040266
Normal,498,P_1945008,33.4,64.77405353290544
Normal,498,P_1946000,31.1,0.0
Normal,498,P_2044008,19.4,12.080771832269438
Normal,498,P_2044016,14.6,0.0
Normal,498,P_2044024,19.0,0.0
Normal,498,P_2044042,68.2,0.0
Normal,498,P_2045002,36.1,5.3058547446129545
Normal,498,P_2046013,49.0,17.289305503200577
Normal,498,Q_40032000,64.2935,33.85641414378368
Normal,498,Q_40050000,232.216,0.0
Normal,498,Q_40060001,31.0635,112.40387927757227
Normal,498,Q_40100000,325.876,178.70366207137133
Normal,498,Q_40185000,33.0706,0.0
Normal,498,Q_40330000,82.9573,0.0
Normal,498,Q_40800001,58.8338,0.0
Normal,498,Q_40850000,72.4097,0.0
Normal,498,Q_40930000,195.878,420.866274559792
Normal,499,P_1944059,0.0,0.0
Normal,499,P_1944063,0.0,-11.495681655576073
Normal,499,P_1945002,0.0,-9.612211080842295
Normal,499,P_1945008,0.0,-11.730849324139955
Normal,499,P_1946000,0.0,0.0
Normal,499,P_2044008,0.0,-5.4164126520897335
Normal,499,P_2044016,0.0,0.0
Normal,499,P_2044024,0.0,0.0
Normal,499,P_2044042,0.1,0.0
Normal,499,P_2045002,0.0,0.0
Normal,499,P_2046013,24.1,20.315394872163285
Normal,499,Q_40032000,14.0773,-4.503168978716019
Normal,499,Q_40050000,72.6777,0.0
Normal,499,Q_40060001,11.2362,0.0
Normal,499,Q_40100000,195.258,22.525225406254528
Normal,499,Q_40185000,10.2333,0.0
Normal,499,Q_40330000,37.5815,-51.98538857532372
Normal,499,Q_40800001,57.9978,0.0
Normal,499,Q_40850000,79.7908,-9.399197490259183
Normal,499,Q_40930000,8.607,-17.963443873178303
Normal,500,P_1944059,0.0,0.0
Normal,500,P_1944063,0.0,-12.223570997942684
Normal,500,P_1945002,0.0,-10.357157350348828
Normal,500,P_1945008,0.0,-12.768806300076932
Normal,500,P_1946000,0.0,0.0
Normal,500,P_2044008,3.4,0.0
Normal,500,P_2044016,0.4,-5.121485770025913
Normal,500,P_2044024,2.4,0.0
Normal,500,P_2044042,0.0,0.0
Normal,500,P_2045002,0.0,0.0
Normal,500,P_2046013,0.0,0.0
Normal,500,Q_40032000,13.5033,-5.803182160625683
Normal,500,Q_40050000,82.5986,0.0
Normal,500,Q_40060001,6.8243,-20.696228391576692
Normal,500,Q_40100000,109.335,-92.04104628672897
Normal,500,Q_40185000,11.1292,0.0
Normal,500,Q_40330000,39.6976,-49.89632320370922
Normal,500,Q_40800001,45.4647,0.0
Normal,500,Q_40850000,60.3967,-30.02894796676221
Normal,500,Q_40930000,10.9131,-12.984502502035324
Normal,501,P_1944059,0.0,0.0
Normal,501,P_1944063,0.0,-14.644413299808797
Normal,501,P_1945002,4.6,0.0
Normal,501,P_1945008,0.0,-14.129899364743503
Normal,501,P_1946000,0.0,8.257428152368128
Normal,501,P_2044008,0.0,-6.739739842948971
Normal,501,P_2044016,0.0,0.0
Normal,501,P_2044024,0.0,0.0
Normal,501,P_2044042,0.0,0.0
Normal,501,P_2045002,0.0,0.0
Normal,501,P_2046013,0.0,0.0
Normal,501,Q_40032000,49.1294,40.651456665527526
Normal,501,Q_40050000,162.024,0.0
Normal,501,Q_40060001,11.8064,4.229650166581423
Normal,501,Q_40100000,276.854,132.02153686977184
Normal,501,Q_40185000,22.6724,0.0
Normal,501,Q_40330000,70.1141,-13.422381986092837
Normal,501,Q_40800001,60.48,0.0
Normal,501,Q_40850000,107.63,16.13144578737814
Normal,501,Q_40930000,18.0591,3.655550687759586
Normal,502,P_1944059,0.0,0.0
Normal,502,P_1944063,0.0,-12.642456104805307
Normal,502,P_1945002,0.0,-10.287538015596615
Normal,502,P_1945008,0.0,-12.626908707230562
Normal,502,P_1946000,0.0,0.0
Normal,502,P_2044008,0.0,-6.746317349398702
Normal,502,P_2044016,0.0,0.0
Normal,502,P_2044024,0.0,0.0
Normal,502,P_2044042,0.0,0.0
Normal,502,P_2045002,0.0,0.0
Normal,502,P_2046013,0.0,0.0
Normal,502,Q_40032000,12.2023,-6.404857758270907
Normal,502,Q_40050000,49.8922,0.0
Normal,502,Q_40060001,7.0181,-19.731301908008756
Normal,502,Q_40100000,113.87,-86.17393993083263
Normal,502,Q_40185000,11.1292,0.0
Normal,502,Q_40330000,39.6976,-49.9128417321105
Normal,502,Q_40800001,45.4647,0.0
Normal,502,Q_40850000,62.8474,-26.9151635414375
Normal,502,Q_40930000,11.928,-11.29288364581281
Normal,503,P_1944059,0.0,0.0
Normal,503,P_1944063,0.0,-14.022666492908906
Normal,503,P_1945002,0.0,-11.072420018672457
Normal,503,P_1945008,0.0,-13.795494988166068
Normal,503,P_1946000,1.4,0.0
Normal,503,P_2044008,0.0,-6.360790199823695
Normal,503,P_2044016,0.0,0.0
Normal,503,P_2044024,0.0,0.0
Normal,503,P_2044042,0.0,0.0
Normal,503,P_2045002,0.0,0.0
Normal,503,P_2046013,0.0,-4.225971700063582
Normal,503,Q_40032000,24.0814,0.0
Normal,503,Q_40050000,106.538,0.0
Normal,503,Q_40060001,17.3236,32.003991647251816
Normal,503,Q_40100000,305.962,171.21781258998163
Normal,503,Q_40185000,30.6514,0.0
Normal,503,Q_40330000,74.7554,-6.366864072058758
Normal,503,Q_40800001,88.3446,0.0
Normal,503,Q_40850000,138.992,47.4082115769436
Normal,503,Q_40930000,13.044,-7.263516791847282
Normal,504,P_1944059,28.6,44.20046585835166
Normal,504,P_1944063,0.4,-7.509553766163006
Normal,504,P_1945002,0.0,0.0
Normal,504,P_1945008,0.0,-10.489028173628947
Normal,504,P_1946000,0.0,0.0
Normal,504,P_2044008,16.0,0.0
Normal,504,P_2044016,9.6,0.0
Normal,504,P_2044024,10.8,0.0
Normal,504,P_2044042,11.0,-13.61721633599176
Normal,504,P_2045002,0.0,0.0
Normal,504,P_2046013,16.2,0.0
Normal,504,Q_40032000,15.3784,0.0
Normal,504,Q_40050000,45.9204,0.0
Normal,504,Q_40060001,3.1903,-36.486181735366586
Normal,504,Q_40100000,61.8768,-151.84829533563578
Normal,504,Q_40185000,6.6193,0.0
Normal,504,Q_40330000,24.4325,-67.56926778968018
Normal,504,Q_40800001,32.8495,-6.957699054215152
Normal,504,Q_40850000,50.1556,-39.563697629492054
Normal,504,Q_40930000,5.0439,-26.268414297112315
Normal,505,P_1944059,0.0,0.0
Normal,505,P_1944063,0.0,-11.12908939813736
Normal,505,P_1945002,0.0,-9.74663453621684
Normal,505,P_1945008,0.0,-12.577680050689873
Normal,505,P_1946000,0.0,0.0
Normal,505,P_2044008,0.0,-7.089662419442277
Normal,505,P_2044016,0.0,0.0
Normal,505,P_2044024,0.0,0.0
Normal,505,P_2044042,0.0,0.0
Normal,505,P_2045002,0.0,0.0
Normal,505,P_2046013,0.0,0.0
Normal,505,Q_40032000,9.815,-7.822110646253269
Normal,505,Q_40050000,33.5899,0.0
Normal,505,Q_40060001,6.6323,-21.84613055805424
Normal,505,Q_40100000,100.699,-102.60310249920059
Normal,505,Q_40185000,8.5132,0.0
Normal,505,Q_40330000,35.5075,-54.42020588107489
Normal,505,Q_40800001,35.1065,0.0
Normal,505,Q_40850000,46.3836,-43.05741927544611
Normal,505,Q_40930000,3.9737,-27.874714322543575
Normal,506,P_1944059,0.0,0.0
Normal,506,P_1944063,0.0,-14.392084755048906
Normal,506,P_1945002,0.0,-12.523633727290592
Normal,506,P_1945008,0.0,-14.184921531278713
Normal,506,P_1946000,0.0,0.0
Normal,506,P_2044008,0.0,-6.4526164705804385
Normal,506,P_2044016,0.0,0.0
Normal,506,P_2044024,0.0,0.0
Normal,506,P_2044042,0.0,0.0
Normal,506,P_2045002,0.0,0.0
Normal,506,P_2046013,0.0,-4.95670144158575
Normal,506,Q_40032000,14.2709,0.0
Normal,506,Q_40050000,91.2551,0.0
Normal,506,Q_40060001,16.6778,27.989975632073804
Normal,506,Q_40100000,295.041,155.51125672924726
Normal,506,Q_40185000,18.254,0.0
Normal,506,Q_40330000,66.2217,-17.458487445903433
Normal,506,Q_40800001,65.6405,0.0
Normal,506,Q_40850000,83.2476,-6.802728252141166
Normal,506,Q_40930000,10.245,-14.511172948574538
Normal,507,P_1944059,0.0,0.0
Normal,507,P_1944063,0.0,-12.507877366500722
Normal,507,P_1945002,0.0,-10.554551499809326
Normal,507,P_1945008,0.0,-12.643021250382244
Normal,507,P_1946000,0.0,9.122690647832933
Normal,507,P_2044008,0.0,-5.428913299146298
Normal,507,P_2044016,0.3,0.0
Normal,507,P_2044024,0.0,0.0
Normal,507,P_2044042,0.5,0.0
Normal,507,P_2045002,0.0,0.0
Normal,507,P_2046013,0.0,-4.222286792155957
Normal,507,Q_40032000,25.1171,0.0
Normal,507,Q_40050000,134.179,0.0
Normal,507,Q_40060001,12.037,0.0
Normal,507,Q_40100000,232.265,72.2124937618581
Normal,507,Q_40185000,14.105,0.0
Normal,507,Q_40330000,51.4714,-34.33940432568357
Normal,507,Q_40800001,39.797,-3.298036260227336
Normal,507,Q_40850000,57.9547,-30.908584779993056
Normal,507,Q_40930000,16.8836,0.0
Normal,508,P_1944059,0.0,0.0
Normal,508,P_1944063,0.0,-11.506190036649139
Normal,508,P_1945002,0.0,-9.332420211196714
Normal,508,P_1945008,15.2,32.1072591453954
Normal,508,P_1946000,0.0,0.0
Normal,508,P_2044008,0.0,-5.856170611103715
Normal,508,P_2044016,0.0,0.0
Normal,508,P_2044024,0.0,0.0
Normal,508,P_2044042,0.0,0.0
Normal,508,P_2045002,0.0,0.0
Normal,508,P_2046013,0.0,0.0
Normal,508,Q_40032000,14.9066,-4.88305631152562
Normal,508,Q_40050000,98.1989,0.0
Normal,508,Q_40060001,6.921,-20.228706358457597
Normal,508,Q_40100000,110.523,-90.47248674694183
Normal,508,Q_40185000,10.9806,0.0
Normal,508,Q_40330000,44.6089,-44.22208628751349
Normal,508,Q_40800001,48.7077,0.0
Normal,508,Q_40850000,76.3974,-12.89984247970289
Normal,508,Q_40930000,7.6895,-20.56785864932436
Normal,509,P_1944059,0.0,0.0
Normal,509,P_1944063,0.0,-12.124126906975789
Normal,509,P_1945002,0.0,0.0
Normal,509,P_1945008,48.3,114.55764887523786
Normal,509,P_1946000,0.0,0.0
Normal,509,P_2044008,1.2,0.0
Normal,509,P_2044016,0.0,0.0
Normal,509,P_2044024,8.4,0.0
Normal,509,P_2044042,55.9,16.631134887801764
Normal,509,P_2045002,0.0,0.0
Normal,509,P_2046013,1.1,0.0
Normal,509,Q_40032000,32.7013,9.317287068003235
Normal,509,Q_40050000,104.148,0.0
Normal,509,Q_40060001,7.9113,-17.59148230883434
Normal,509,Q_40100000,165.402,-22.239541751836896
Normal,509,Q_40185000,28.2927,0.0
Normal,509,Q_40330000,96.559,16.408938668898728
Normal,509,Q_40800001,199.322,25.651206038980042
Normal,509,Q_40850000,301.136,199.69815534345577
Normal,509,Q_40930000,7.3307,-22.54461879378161
Normal,510,P_1944059,9.5,2.4981079355454767
Normal,510,P_1944063,43.6,130.3657003500059
Normal,510,P_1945002,38.9,69.02635317680476
Normal,510,P_1945008,7.2,4.404300271701279
Normal,510,P_1946000,2.0,4.300545449842777
Normal,510,P_2044008,9.5,0.0
Normal,510,P_2044016,2.8,0.0
Normal,510,P_2044024,15.0,0.0
Normal,510,P_2044042,3.6,0.0
Normal,510,P_2045002,0.0,0.0
Normal,510,P_2046013,0.0,0.0
Normal,510,Q_40032000,12.2852,0.0
Normal,510,Q_40050000,58.3801,0.0
Normal,510,Q_40060001,9.154,0.0
Normal,510,Q_40100000,338.016,231.60804850749645
Normal,510,Q_40185000,25.9963,0.0
Normal,510,Q_40330000,120.228,51.7510946815156
Normal,510,Q_40800001,98.4571,4.873429666908742
Normal,510,Q_40850000,136.391,49.565142308247445
Normal,510,Q_40930000,60.8822,108.68431773772421
Normal,511,P_1944059,0.0,0.0
Normal,511,P_1944063,6.0,11.030376065869275
Normal,511,P_1945002,9.1,13.617980911581899
Normal,511,P_1945008,10.2,16.602676979995554
Normal,511,P_1946000,0.0,6.557490657353296
Normal,511,P_2044008,0.5,0.0
Normal,511,P_2044016,0.0,0.0
Normal,511,P_2044024,3.0,0.0
Normal,511,P_2044042,0.2,0.0
Normal,511,P_2045002,0.0,0.0
Normal,511,P_2046013,0.0,0.0
Normal,511,Q_40032000,53.9263,50.84815435288873
Normal,511,Q_40050000,258.645,3.928310987447958
Normal,511,Q_40060001,14.7885,20.93742279204725
Normal,511,Q_40100000,539.776,490.38547129786554
Normal,511,Q_40185000,23.7639,0.0
Normal,511,Q_40330000,66.8649,0.0
Normal,511,Q_40800001,65.4844,0.0
Normal,511,Q_40850000,123.705,29.66776053075468
Normal,511,Q_40930000,42.4061,59.52776269748844
Normal,512,P_1944059,0.0,0.0
Normal,512,P_1944063,0.0,-14.91596905990327
Normal,512,P_1945002,13.2,29.380982514377255
Normal,512,P_1945008,0.0,-14.863729503611374
Normal,512,P_1946000,0.0,8.44330113638754
Normal,512,P_2044008,0.0,0.0
Normal,512,P_2044016,0.0,0.0
Normal,512,P_2044024,1.4,0.0
Normal,512,P_2044042,0.7,0.0
Normal,512,P_2045002,10.7,0.0
Normal,512,P_2046013,3.0,0.0
Normal,512,Q_40032000,53.2794,51.655208834863174
Normal,512,Q_40050000,254.635,5.266190804752341
Normal,512,Q_40060001,15.5355,25.0340067809408
Normal,512,Q_40100000,517.494,458.91794576238686
Normal,512,Q_40185000,23.7639,0.0
Normal,512,Q_40330000,66.2217,-18.72312098151202
Normal,512,Q_40800001,55.4915,0.0
Normal,512,Q_40850000,95.471,0.0
Normal,512,Q_40930000,37.8949,50.514792156486294
Normal,513,P_1944059,0.0,0.0
Normal,513,P_1944063,0.0,-11.32278893548003
Normal,513,P_1945002,0.0,-9.773938078085717
Normal,513,P_1945008,0.0,-12.361487141256058
Normal,513,P_1946000,0.0,0.0
Normal,513,P_2044008,0.0,-5.86890277566215
Normal,513,P_2044016,0.0,0.0
Normal,513,P_2044024,0.0,0.0
Normal,513,P_2044042,0.0,0.0
Normal,513,P_2045002,0.0,0.0
Normal,513,P_2046013,0.0,0.0
Normal,513,Q_40032000,7.8831,-8.462039005350462
Normal,513,Q_40050000,24.0624,0.0
Normal,513,Q_40060001,4.812,-29.087466877482118
Normal,513,Q_40100000,126.538,-69.80398886765579
Normal,513,Q_40185000,9.3129,0.0
Normal,513,Q_40330000,32.9749,-57.32390147403368
Normal,513,Q_40800001,57.4099,0.0
Normal,513,Q_40850000,71.7541,-18.07949350887433
Normal,513,Q_40930000,8.4572,-18.70278381673342
Normal,514,P_1944059,0.0,0.0
Normal,514,P_1944063,0.0,-11.019179078396178
Normal,514,P_1945002,0.0,-8.99019176020144
Normal,514,P_1945008,0.0,-13.137962689843684
Normal,514,P_1946000,0.0,0.0
Normal,514,P_2044008,0.0,0.0
Normal,514,P_2044016,0.0,0.0
Normal,514,P_2044024,0.0,0.0
Normal,514,P_2044042,0.0,0.0
Normal,514,P_2045002,0.0,0.0
Normal,514,P_2046013,0.0,0.0
Normal,514,Q_40032000,8.6413,-7.786668163444165
Normal,514,Q_40050000,28.0261,0.0
Normal,514,Q_40060001,5.4278,-27.163226115630263
Normal,514,Q_40100000,81.9526,-126.39062285282274
Normal,514,Q_40185000,6.9856,0.0
Normal,514,Q_40330000,38.1066,-51.47865677485771
Normal,514,Q_40800001,26.7816,-8.227697558047737
Normal,514,Q_40850000,36.7667,-52.05704229173077
Normal,514,Q_40930000,2.88,-30.62531065169373
Normal,515,P_1944059,0.0,0.0
Normal,515,P_1944063,0.0,-13.064753573136942
Normal,515,P_1945002,0.0,-10.490073263749839
Normal,515,P_1945008,0.0,-13.151371100808719
Normal,515,P_1946000,0.0,0.0
Normal,515,P_2044008,0.0,-5.993262604736715
Normal,515,P_2044016,0.0,0.0
Normal,515,P_2044024,0.0,0.0
Normal,515,P_2044042,0.0,0.0
Normal,515,P_2045002,0.0,0.0
Normal,515,P_2046013,0.0,0.0
Normal,515,Q_40032000,13.5778,-4.955176769371917
Normal,515,Q_40050000,52.5702,0.0
Normal,515,Q_40060001,9.4737,-7.107159795211353
Normal,515,Q_40100000,165.402,-18.289060245884013
Normal,515,Q_40185000,10.9806,0.0
Normal,515,Q_40330000,53.8364,-33.115859971873334
Normal,515,Q_40800001,56.4827,0.0
Normal,515,Q_40850000,75.7264,-14.517196005359189
Normal,515,Q_40930000,7.1134,-21.391512404387967
Normal,516,P_1944059,0.0,0.0
Normal,516,P_1944063,0.0,-11.490758816010432
Normal,516,P_1945002,0.0,-9.729036197912192
Normal,516,P_1945008,0.0,-12.614189409661067
Normal,516,P_1946000,0.0,0.0
Normal,516,P_2044008,0.0,-7.015382498494944
Normal,516,P_2044016,0.0,0.0
Normal,516,P_2044024,0.0,0.0
Normal,516,P_2044042,0.0,0.0
Normal,516,P_2045002,0.0,0.0
Normal,516,P_2046013,0.0,0.0
Normal,516,Q_40032000,9.0278,-8.725808586003913
Normal,516,Q_40050000,32.0082,0.0
Normal,516,Q_40060001,6.442,-21.95332954738741
Normal,516,Q_40100000,95.2181,-109.29537801942692
Normal,516,Q_40185000,8.1222,0.0
Normal,516,Q_40330000,32.9749,-57.403876361737595
Normal,516,Q_40800001,33.4105,0.0
Normal,516,Q_40850000,42.7002,-46.41274088682543
Normal,516,Q_40930000,3.6949,-28.49298510344285
Normal,517,P_1944059,0.0,0.0
Normal,517,P_1944063,0.0,-12.161699053450588
Normal,517,P_1945002,0.0,-9.770262230480318
Normal,517,P_1945008,19.3,47.1039849549286
Normal,517,P_1946000,0.0,0.0
Normal,517,P_2044008,0.0,-5.1804409666537
Normal,517,P_2044016,0.0,-3.8174391384665967
Normal,517,P_2044024,0.0,0.0
Normal,517,P_2044042,0.1,0.0
Normal,517,P_2045002,0.0,0.0
Normal,517,P_2046013,0.0,0.0
Normal,517,Q_40032000,14.6283,0.0
Normal,517,Q_40050000,91.274,0.0
Normal,517,Q_40060001,7.6098,-16.2725542159767
Normal,517,Q_40100000,294.208,156.80453502568812
Normal,517,Q_40185000,10.5553,0.0
Normal,517,Q_40330000,47.4254,-40.07548478236615
Normal,517,Q_40800001,77.2104,0.0
Normal,517,Q_40850000,64.0885,-25.19072100313434
Normal,517,Q_40930000,11.2229,-12.107629480858296
Normal,518,P_1944059,0.0,0.0
Normal,518,P_1944063,0.0,-12.41116507270701
Normal,518,P_1945002,0.0,-10.722879049310595
Normal,518,P_1945008,0.0,-12.531095044008637
Normal,518,P_1946000,0.0,0.0
Normal,518,P_2044008,0.0,-6.261651607637304
Normal,518,P_2044016,0.0,-4.416839176319627
Normal,518,P_2044024,0.0,0.0
Normal,518,P_2044042,0.0,0.0
Normal,518,P_2045002,0.0,0.0
Normal,518,P_2046013,0.0,0.0
Normal,518,Q_40032000,14.0168,0.0
Normal,518,Q_40050000,55.3134,0.0
Normal,518,Q_40060001,9.4737,-7.6491738762622745
Normal,518,Q_40100000,162.172,-23.23133049975645
Normal,518,Q_40185000,11.4112,0.0
Normal,518,Q_40330000,48.5692,-39.522673732679564
Normal,518,Q_40800001,54.6364,0.0
Normal,518,Q_40850000,71.1011,-18.788676510433703
Normal,518,Q_40930000,6.4778,-23.171777102904816
Normal,519,P_1944059,0.0,0.0
Normal,519,P_1944063,0.0,-12.638243961056327
Normal,519,P_1945002,0.0,-10.82313304972432
Normal,519,P_1945008,0.0,-13.13461855308014
Normal,519,P_1946000,0.0,0.0
Normal,519,P_2044008,0.0,-5.930626476234977
Normal,519,P_2044016,0.0,0.0
Normal,519,P_2044024,0.0,0.0
Normal,519,P_2044042,0.0,0.0
Normal,519,P_2045002,0.0,0.0
Normal,519,P_2046013,0.0,0.0
Normal,519,Q_40032000,12.7119,-5.663585388391941
Normal,519,Q_40050000,47.5144,0.0
Normal,519,Q_40060001,9.2602,-9.532238943826364
Normal,519,Q_40100000,152.607,-36.41891410126754
Normal,519,Q_40185000,16.001,0.0
Normal,519,Q_40330000,53.2416,-33.65509625694503
Normal,519,Q_40800001,49.1637,0.0
Normal,519,Q_40850000,63.4666,-26.47583535433913
Normal,519,Q_40930000,5.6688,-24.840059919185446
Normal,520,P_1944059,29.2,29.452269313425845
Normal,520,P_1944063,30.5,59.75353588123911
Normal,520,P_1945002,6.9,0.0
Normal,520,P_1945008,0.0,-8.355422395336225
Normal,520,P_1946000,0.0,0.0
Normal,520,P_2044008,30.2,21.922369972482482
Normal,520,P_2044016,15.7,0.0
Normal,520,P_2044024,19.3,0.0
Normal,520,P_2044042,42.2,0.0
Normal,520,P_2045002,16.6,0.0
Normal,520,P_2046013,8.0,0.0
Normal,520,Q_40032000,8.2597,-4.847787273021922
Normal,520,Q_40050000,27.2957,0.0
Normal,520,Q_40060001,11.4632,0.0
Normal,520,Q_40100000,69.3405,-141.05264916034335
Normal,520,Q_40185000,6.9856,0.0
Normal,520,Q_40330000,24.8827,-65.42217815924434
Normal,520,Q_40800001,34.2567,-4.845375793820722
Normal,520,Q_40850000,25.7317,-60.329417522257025
Normal,520,Q_40930000,5.2811,-23.75845492381568
Normal,521,P_1944059,3.8,0.0
Normal,521,P_1944063,0.0,0.0
Normal,521,P_1945002,22.3,21.73858389729529
Normal,521,P_1945008,20.0,30.11900869682045
Normal,521,P_1946000,0.0,6.548193838809879
Normal,521,P_2044008,7.4,0.0
Normal,521,P_2044016,16.8,7.368338532005658
Normal,521,P_2044024,5.4,0.0
Normal,521,P_2044042,12.5,0.0
Normal,521,P_2045002,41.2,41.438308942543884
Normal,521,P_2046013,62.0,50.22658558456885
Normal,521,Q_40032000,22.8045,0.0
Normal,521,Q_40050000,94.278,0.0
Normal,521,Q_40060001,6.921,-24.340149764415287
Normal,521,Q_40100000,290.322,146.50967737986673
Normal,521,Q_40185000,14.105,0.0
Normal,521,Q_40330000,63.0395,-25.072564890551096
Normal,521,Q_40800001,56.9593,0.0
Normal,521,Q_40850000,79.7908,0.0
Normal,521,Q_40930000,43.5626,62.69694165791066
Normal,522,P_1944059,0.0,-2.7463230449891185
Normal,522,P_1944063,0.0,-12.349934749763806
Normal,522,P_1945002,0.0,-10.342525545509941
Normal,522,P_1945008,0.0,-12.289665049694843
Normal,522,P_1946000,0.0,0.0
Normal,522,P_2044008,5.4,0.0
Normal,522,P_2044016,0.0,0.0
Normal,522,P_2044024,0.0,0.0
Normal,522,P_2044042,0.0,0.0
Normal,522,P_2045002,0.0,0.0
Normal,522,P_2046013,0.0,-3.8565186553258326
Normal,522,Q_40032000,11.4834,-5.713225708497574
Normal,522,Q_40050000,78.1795,0.0
Normal,522,Q_40060001,11.6916,0.0
Normal,522,Q_40100000,222.959,58.93250823575302
Normal,522,Q_40185000,12.0563,0.0
Normal,522,Q_40330000,44.6089,-43.133805634293225
Normal,522,Q_40800001,54.3056,0.0
Normal,522,Q_40850000,71.1011,-18.188075666627043
Normal,522,Q_40930000,8.9307,-16.82874736674347
Normal,523,P_1944059,0.0,0.0
Normal,523,P_1944063,0.0,-13.792966980699305
Normal,523,P_1945002,12.9,27.724006922197212
Normal,523,P_1945008,0.0,-13.43117591974695
Normal,523,P_1946000,0.0,8.227904922574604
Normal,523,P_2044008,0.0,-6.101265321748695
Normal,523,P_2044016,0.0,0.0
Normal,523,P_2044024,0.0,0.0
Normal,523,P_2044042,0.0,0.0
Normal,523,P_2045002,0.0,0.0
Normal,523,P_2046013,0.0,-4.629527926357582
Normal,523,Q_40032000,16.2656,0.0
Normal,523,Q_40050000,89.1033,0.0
Normal,523,Q_40060001,9.4737,-7.63458773439126
Normal,523,Q_40100000,308.626,176.47970674441694
Normal,523,Q_40185000,16.6046,0.0
Normal,523,Q_40330000,61.1573,-23.95566966492335
Normal,523,Q_40800001,66.6196,0.0
Normal,523,Q_40850000,91.0744,0.0
Normal,523,Q_40930000,19.4034,6.550478325720906
Normal,524,P_1944059,17.4,17.161339474981776
Normal,524,P_1944063,11.9,34.37636475149313
Normal,524,P_1945002,6.9,0.0
Normal,524,P_1945008,0.0,-9.563065829534082
Normal,524,P_1946000,0.0,10.503828986510989
Normal,524,P_2044008,1.4,0.0
Normal,524,P_2044016,11.1,0.0
Normal,524,P_2044024,19.0,0.0
Normal,524,P_2044042,12.3,-8.92177413490685
Normal,524,P_2045002,6.5,0.0
Normal,524,P_2046013,2.1,0.0
Normal,524,Q_40032000,28.8379,11.277726569790419
Normal,524,Q_40050000,102.573,0.0
Normal,524,Q_40060001,8.6292,-10.872390823368566
Normal,524,Q_40100000,418.097,338.7795058499146
Normal,524,Q_40185000,12.2885,0.0
Normal,524,Q_40330000,51.4714,-34.810254538704044
Normal,524,Q_40800001,60.691,0.0
Normal,524,Q_40850000,77.071,-11.440299790697393
Normal,524,Q_40930000,18.0591,0.0
Normal,525,P_1944059,0.0,0.0
Normal,525,P_1944063,1.1,0.0
Normal,525,P_1945002,0.0,-11.38511049191245
Normal,525,P_1945008,0.0,-14.40401522213363
Normal,525,P_1946000,0.0,6.849013551573334
Normal,525,P_2044008,2.3,0.0
Normal,525,P_2044016,5.5,0.0
Normal,525,P_2044024,2.8,0.0
Normal,525,P_2044042,11.4,0.0
Normal,525,P_2045002,18.4,7.1029016006039445
Normal,525,P_2046013,9.2,4.106480605114541
Normal,525,Q_40032000,20.5571,0.0
Normal,525,Q_40050000,87.5337,0.0
Normal,525,Q_40060001,13.3303,10.607256809587216
Normal,525,Q_40100000,252.391,96.60100930118372
Normal,525,Q_40185000,21.0667,0.0
Normal,525,Q_40330000,92.1838,13.098789509515811
Normal,525,Q_40800001,90.3516,0.0
Normal,525,Q_40850000,135.528,43.20791783302249
Normal,525,Q_40930000,9.6491,-17.00444462169999
Normal,526,P_1944059,0.0,0.0
Normal,526,P_1944063,0.0,-11.772649388615436
Normal,526,P_1945002,0.0,-9.481966186674423
Normal,526,P_1945008,0.0,-11.28845340009208
Normal,526,P_1946000,0.0,0.0
Normal,526,P_2044008,0.0,-5.605130341225123
Normal,526,P_2044016,0.0,0.0
Normal,526,P_2044024,0.0,0.0
Normal,526,P_2044042,0.0,0.0
Normal,526,P_2045002,0.0,0.0
Normal,526,P_2046013,0.0,0.0
Normal,526,Q_40032000,14.2378,-4.540483446811436
Normal,526,Q_40050000,84.9724,0.0
Normal,526,Q_40060001,8.7334,-10.765633374382528
Normal,526,Q_40100000,155.774,-30.51645996634598
Normal,526,Q_40185000,9.7214,0.0
Normal,526,Q_40330000,34.9956,-55.11856865045551
Normal,526,Q_40800001,30.3113,-5.325930280108474
Normal,526,Q_40850000,39.1085,-49.09118097324645
Normal,526,Q_40930000,19.2475,0.0
Normal,527,P_1944059,0.0,0.0
Normal,527,P_1944063,0.0,-12.094648984498894
Normal,527,P_1945002,0.0,-10.152715955969317
Normal,527,P_1945008,0.0,-12.69091899744643
Normal,527,P_1946000,0.0,0.0
Normal,527,P_2044008,0.0,-6.225557166013061
Normal,527,P_2044016,0.0,0.0
Normal,527,P_2044024,0.0,0.0
Normal,527,P_2044042,0.0,0.0
Normal,527,P_2045002,0.0,0.0
Normal,527,P_2046013,0.0,0.0
Normal,527,Q_40032000,11.0303,-7.529481918739805
Normal,527,Q_40050000,39.6209,0.0
Normal,527,Q_40060001,7.7099,-16.569492783415594
Normal,527,Q_40100000,120.635,-77.52391483472219
Normal,527,Q_40185000,10.1356,0.0
Normal,527,Q_40330000,39.6976,-50.32384282400635
Normal,527,Q_40800001,41.1542,0.0
Normal,527,Q_40850000,55.9738,-33.17800216600664
Normal,527,Q_40930000,4.7209,-26.97677625116262
Normal,528,P_1944059,0.0,0.0
Normal,528,P_1944063,0.0,-11.988649459335171
Normal,528,P_1945002,0.0,-9.927979140212443
Normal,528,P_1945008,0.0,-12.486587368043063
Normal,528,P_1946000,0.0,0.0
Normal,528,P_2044008,7.0,0.0
Normal,528,P_2044016,0.0,0.0
Normal,528,P_2044024,1.1,0.0
Normal,528,P_2044042,2.7,0.0
Normal,528,P_2045002,0.0,0.0
Normal,528,P_2046013,0.0,0.0
Normal,528,Q_40032000,8.3961,-8.220172668861835
Normal,528,Q_40050000,52.0424,0.0
Normal,528,Q_40060001,6.921,-20.470697507037855
Normal,528,Q_40100000,110.838,-90.49388665468568
Normal,528,Q_40185000,9.7973,0.0
Normal,528,Q_40330000,34.4864,-55.95342960641577
Normal,528,Q_40800001,39.6191,-4.9766997270734805
Normal,528,Q_40850000,50.1556,-39.125475875577415
Normal,528,Q_40930000,5.4901,-25.114297068097578
Normal,529,P_1944059,0.0,0.0
Normal,529,P_1944063,0.0,-11.167799612143488
Normal,529,P_1945002,34.6,65.39001126402889
Normal,529,P_1945008,13.8,21.59534555456073
Normal,529,P_1946000,0.0,8.358980283317186
Normal,529,P_2044008,17.2,13.374649418509637
Normal,529,P_2044016,0.0,0.0
Normal,529,P_2044024,0.0,0.0
Normal,529,P_2044042,0.1,0.0
Normal,529,P_2045002,0.0,0.0
Normal,529,P_2046013,3.8,0.0
Normal,529,Q_40032000,10.9561,-7.2236746055117695
Normal,529,Q_40050000,68.396,0.0
Normal,529,Q_40060001,10.564,0.0
Normal,529,Q_40100000,181.843,4.752197019089261
Normal,529,Q_40185000,10.2333,0.0
Normal,529,Q_40330000,36.5392,-56.34595619206836
Normal,529,Q_40800001,51.5942,0.0
Normal,529,Q_40850000,70.4506,-19.932483363595377
Normal,529,Q_40930000,7.648,-20.8897875417223
Normal,530,P_1944059,52.8,89.7131930247621
Normal,530,P_1944063,60.1,145.70594853272377
Normal,530,P_1945002,0.0,0.0
Normal,530,P_1945008,18.2,25.943802103176385
Normal,530,P_1946000,14.2,-18.76357329682975
Normal,530,P_2044008,0.0,0.0
Normal,530,P_2044016,10.0,0.0
Normal,530,P_2044024,2.8,0.0
Normal,530,P_2044042,9.5,0.0
Normal,530,P_2045002,13.6,0.0
Normal,530,P_2046013,0.0,0.0
Normal,530,Q_40032000,14.6283,0.0
Normal,530,Q_40050000,81.2809,0.0
Normal,530,Q_40060001,7.2136,-23.004541507983827
Normal,530,Q_40100000,125.054,-78.37396433756997
Normal,530,Q_40185000,10.9806,0.0
Normal,530,Q_40330000,42.4007,-50.686988233233116
Normal,530,Q_40800001,33.6371,-9.604405817577899
Normal,530,Q_40850000,52.7182,-40.688223801722884
Normal,530,Q_40930000,9.4285,-18.50942142370228
Normal,531,P_1944059,0.0,0.0
Normal,531,P_1944063,0.0,-11.622787421285073
Normal,531,P_1945002,0.0,-9.198347743983629
Normal,531,P_1945008,0.0,-12.831629084127693
Normal,531,P_1946000,0.0,0.0
Normal,531,P_2044008,0.0,-7.230252351169042
Normal,531,P_2044016,0.0,0.0
Normal,531,P_2044024,0.0,0.0
Normal,531,P_2044042,0.0,0.0
Normal,531,P_2045002,0.0,0.0
Normal,531,P_2046013,0.0,0.0
Normal,531,Q_40032000,8.2597,-7.915763678555453
Normal,531,Q_40050000,30.6534,0.0
Normal,531,Q_40060001,4.726,-30.03095205038819
Normal,531,Q_40100000,106.277,-94.74803427521688
Normal,531,Q_40185000,12.735,0.0
Normal,531,Q_40330000,42.949,-45.46695444615341
Normal,531,Q_40800001,41.1542,0.0
Normal,531,Q_40850000,58.5863,-31.86492956960763
Normal,531,Q_40930000,3.4196,-29.933185392353362
Normal,532,P_1944059,0.0,0.0
Normal,532,P_1944063,0.0,-11.61496257361128
Normal,532,P_1945002,0.0,-9.733165065818433
Normal,532,P_1945008,0.0,-11.58997620977336
Normal,532,P_1946000,0.0,0.0
Normal,532,P_2044008,0.0,-4.758234790793265
Normal,532,P_2044016,0.0,-3.775129850233537
Normal,532,P_2044024,0.0,0.0
Normal,532,P_2044042,0.0,0.0
Normal,532,P_2045002,4.5,0.0
Normal,532,P_2046013,0.0,-3.042481054214269
Normal,532,Q_40032000,15.8119,0.0
Normal,532,Q_40050000,108.533,0.0
Normal,532,Q_40060001,7.4108,-16.549674301528597
Normal,532,Q_40100000,250.54,96.82987466724077
Normal,532,Q_40185000,13.6433,0.0
Normal,532,Q_40330000,63.6714,-19.315951354095954
Normal,532,Q_40800001,54.4948,0.0
Normal,532,Q_40850000,101.472,0.0
Normal,532,Q_40930000,11.9548,-9.235441998567042
Normal,533,P_1944059,0.0,0.0
Normal,533,P_1944063,0.0,-12.097011961541774
Normal,533,P_1945002,0.0,-10.06317343513374
Normal,533,P_1945008,0.0,-12.617106129109768
Normal,533,P_1946000,0.0,0.0
Normal,533,P_2044008,0.0,-6.781081484779463
Normal,533,P_2044016,0.0,0.0
Normal,533,P_2044024,0.0,0.0
Normal,533,P_2044042,0.0,0.0
Normal,533,P_2045002,0.0,0.0
Normal,533,P_2046013,0.0,0.0
Normal,533,Q_40032000,12.7119,0.0
Normal,533,Q_40050000,70.9995,0.0
Normal,533,Q_40060001,7.6098,-17.933086693619014
Normal,533,Q_40100000,117.717,-81.50001747185429
Normal,533,Q_40185000,8.5132,0.0
Normal,533,Q_40330000,30.9979,-60.04961748954968
Normal,533,Q_40800001,24.716,-7.694877615166193
Normal,533,Q_40850000,31.6576,-57.228221790632425
Normal,533,Q_40930000,8.0325,-20.47703061332887
Normal,534,P_1944059,0.0,0.0
Normal,534,P_1944063,0.0,-11.829928876225663
Normal,534,P_1945002,0.0,-9.540243113155695
Normal,534,P_1945008,0.0,-12.818905475738953
Normal,534,P_1946000,0.0,0.0
Normal,534,P_2044008,0.0,-7.33305883425561
Normal,534,P_2044016,0.0,0.0
Normal,534,P_2044024,0.0,0.0
Normal,534,P_2044042,0.0,0.0
Normal,534,P_2045002,0.0,0.0
Normal,534,P_2046013,0.0,0.0
Normal,534,Q_40032000,9.0278,-7.9931427743091295
Normal,534,Q_40050000,30.2714,0.0
Normal,534,Q_40060001,6.1599,-23.01300146736914
Normal,534,Q_40100000,89.8358,-116.8588675853268
Normal,534,Q_40185000,7.7372,0.0
Normal,534,Q_40330000,34.4864,-55.271272162276425
Normal,534,Q_40800001,31.7295,0.0
Normal,534,Q_40850000,42.7002,-45.991072986333236
Normal,534,Q_40930000,3.1479,-29.99835067241993
Normal,535,P_1944059,34.0,49.94757944887047
Normal,535,P_1944063,0.0,0.0
Normal,535,P_1945002,4.1,0.0
Normal,535,P_1945008,0.0,-12.217909068864708
Normal,535,P_1946000,22.0,-16.379464936295776
Normal,535,P_2044008,30.0,34.122950905565844
Normal,535,P_2044016,7.5,0.0
Normal,535,P_2044024,21.4,0.0
Normal,535,P_2044042,13.9,-15.577272450023392
Normal,535,P_2045002,0.0,0.0
Normal,535,P_2046013,2.7,0.0
Normal,535,Q_40032000,14.2378,0.0
Normal,535,Q_40050000,53.5602,0.0
Normal,535,Q_40060001,8.9429,-11.963323384062441
Normal,535,Q_40100000,119.173,-81.06162364069968
Normal,535,Q_40185000,15.0433,0.0
Normal,535,Q_40330000,50.8861,-37.148493715056496
Normal,535,Q_40800001,141.745,15.834586231384435
Normal,535,Q_40850000,124.534,29.772879347318028
Normal,535,Q_40930000,15.9357,0.0
Normal,536,P_1944059,0.0,0.0
Normal,536,P_1944063,0.5,-10.580865189358772
Normal,536,P_1945002,0.0,-10.650910349817991
Normal,536,P_1945008,0.0,-12.709903210216302
Normal,536,P_1946000,0.0,0.0
Normal,536,P_2044008,0.0,0.0
Normal,536,P_2044016,0.0,-4.776726409055584
Normal,536,P_2044024,2.3,0.0
Normal,536,P_2044042,3.1,0.0
Normal,536,P_2045002,1.3,0.0
Normal,536,P_2046013,0.0,0.0
Normal,536,Q_40032000,12.7119,-5.9237966180220525
Normal,536,Q_40050000,44.5045,0.0
Normal,536,Q_40060001,5.608,-26.239947565412546
Normal,536,Q_40100000,117.717,-80.80197745587895
Normal,536,Q_40185000,14.105,0.0
Normal,536,Q_40330000,48.5692,-39.05207944275359
Normal,536,Q_40800001,94.389,0.0
Normal,536,Q_40850000,173.755,80.16091367986456
Normal,536,Q_40930000,11.4249,-12.327525751993765
Normal,537,P_1944059,3.8,0.0
Normal,537,P_1944063,0.0,-10.835926688341537
Normal,537,P_1945002,0.0,-8.87598257439325
Normal,537,P_1945008,0.0,-12.184064659606305
Normal,537,P_1946000,0.0,0.0
Normal,537,P_2044008,0.0,0.0
Normal,537,P_2044016,3.7,0.0
Normal,537,P_2044024,10.0,0.0
Normal,537,P_2044042,19.4,-8.085347132489993
Normal,537,P_2045002,0.0,0.0
Normal,537,P_2046013,0.0,0.0
Normal,537,Q_40032000,16.5126,0.0
Normal,537,Q_40050000,78.4567,0.0
Normal,537,Q_40060001,7.2136,-20.229422482188653
Normal,537,Q_40100000,132.531,-63.2894518066043
Normal,537,Q_40185000,11.8472,0.0
Normal,537,Q_40330000,35.5075,-55.649436792788784
Normal,537,Q_40800001,36.8451,-6.184647290028664
Normal,537,Q_40850000,52.074,-37.57283371807665
Normal,537,Q_40930000,10.8599,-13.80570272672059
Normal,538,P_1944059,0.0,0.0
Normal,538,P_1944063,1.1,-7.0062110942948
Normal,538,P_1945002,0.0,-9.583445599933652
Normal,538,P_1945008,0.0,-11.328431329650101
Normal,538,P_1946000,0.0,0.0
Normal,538,P_2044008,0.0,-4.302685927377655
Normal,538,P_2044016,0.0,-2.8354377372699355
Normal,538,P_2044024,0.0,0.0
Normal,538,P_2044042,0.0,0.0
Normal,538,P_2045002,0.0,0.0
Normal,538,P_2046013,0.0,-2.3690190786143575
Normal,538,Q_40032000,10.9561,-5.920181534838389
Normal,538,Q_40050000,70.5234,0.0
Normal,538,Q_40060001,11.1233,0.0
Normal,538,Q_40100000,185.169,0.0
Normal,538,Q_40185000,11.1292,0.0
Normal,538,Q_40330000,40.7711,-46.91901059240753
Normal,538,Q_40800001,51.5942,0.0
Normal,538,Q_40850000,71.1011,-17.4991742219376
Normal,538,Q_40930000,7.9655,-17.96987915530532
Normal,539,P_1944059,8.0,0.0
Normal,539,P_1944063,9.5,20.28179084574391
Normal,539,P_1945002,31.2,54.71812721173818
Normal,539,P_1945008,0.0,-10.773641785154773
Normal,539,P_1946000,0.0,9.130633278645794
Normal,539,P_2044008,14.3,9.821710194473988
Normal,539,P_2044016,0.0,0.0
Normal,539,P_2044024,1.0,0.0
Normal,539,P_2044042,3.9,0.0
Normal,539,P_2045002,0.0,0.0
Normal,539,P_2046013,9.4,0.0
Normal,539,Q_40032000,16.9646,0.0
Normal,539,Q_40050000,59.9424,0.0
Normal,539,Q_40060001,11.9215,7.85312963862868
Normal,539,Q_40100000,120.635,-78.53352160956564
Normal,539,Q_40185000,14.5717,0.0
Normal,539,Q_40330000,49.1448,-39.63956776151078
Normal,539,Q_40800001,93.3768,0.0
Normal,539,Q_40850000,106.076,18.834439439185477
Normal,539,Q_40930000,10.6487,-13.029999796079798
Normal,540,P_1944059,10.4,3.720218364831129
Normal,540,P_1944063,20.8,48.02424109835861
Normal,540,P_1945002,18.4,23.249454944665512
Normal,540,P_1945008,18.8,30.67858688824787
Normal,540,P_1946000,5.2,0.0
Normal,540,P_2044008,7.0,0.0
Normal,540,P_2044016,8.4,0.0
Normal,540,P_2044024,8.2,0.0
Normal,540,P_2044042,2.2,0.0
Normal,540,P_2045002,1.9,0.0
Normal,540,P_2046013,33.0,10.203465418902322
Normal,540,Q_40032000,26.1651,2.544539941853884
Normal,540,Q_40050000,101.007,0.0
Normal,540,Q_40060001,8.8379,0.0
Normal,540,Q_40100000,183.522,7.968571022051614
Normal,540,Q_40185000,81.0214,2.6093519916740506
Normal,540,Q_40330000,87.1723,7.975612659700994
Normal,540,Q_40800001,59.067,0.0
Normal,540,Q_40850000,63.4666,-28.64895536949345
Normal,540,Q_40930000,17.274,0.0
Normal,541,P_1944059,0.0,0.0
Normal,541,P_1944063,0.0,-11.918313809130654
Normal,541,P_1945002,0.0,-10.1577818651643
Normal,541,P_1945008,0.0,-12.768476634005031
Normal,541,P_1946000,0.0,0.0
Normal,541,P_2044008,0.0,-7.027169417927553
Normal,541,P_2044016,0.0,0.0
Normal,541,P_2044024,0.0,0.0
Normal,541,P_2044042,0.0,0.0
Normal,541,P_2045002,0.0,0.0
Normal,541,P_2046013,0.0,0.0
Normal,541,Q_40032000,11.0303,-7.414549996486735
Normal,541,Q_40050000,40.0539,0.0
Normal,541,Q_40060001,7.8104,-16.005411705894122
Normal,541,Q_40100000,123.575,-73.90457539661651
Normal,541,Q_40185000,10.5553,0.0
Normal,541,Q_40330000,41.3118,-47.360597311711864
Normal,541,Q_40800001,40.28,0.0
Normal,541,Q_40850000,58.5863,-31.366695262598117
Normal,541,Q_40930000,4.9048,-26.7318409072507
Normal,542,P_1944059,4.8,0.0
Normal,542,P_1944063,4.9,7.3566873773541595
Normal,542,P_1945002,0.0,-12.866340038441765
Normal,542,P_1945008,0.0,-14.730548544085098
Normal,542,P_1946000,3.2,0.0
Normal,542,P_2044008,0.0,-7.32116196878701
Normal,542,P_2044016,0.0,0.0
Normal,542,P_2044024,4.1,0.0
Normal,542,P_2044042,2.4,0.0
Normal,542,P_2045002,0.0,0.0
Normal,542,P_2046013,0.0,0.0
Normal,542,Q_40032000,23.3129,4.465768540601725
Normal,542,Q_40050000,99.7884,0.0
Normal,542,Q_40060001,15.2852,21.683036463617633
Normal,542,Q_40100000,263.592,113.4336471280655
Normal,542,Q_40185000,28.2927,0.0
Normal,542,Q_40330000,77.4552,0.0
Normal,542,Q_40800001,148.301,10.784413733364632
Normal,542,Q_40850000,159.633,66.41750785490676
Normal,542,Q_40930000,21.0465,9.543604734508495
Normal,543,P_1944059,6.2,0.0
Normal,543,P_1944063,0.0,-15.436871112941734
Normal,543,P_1945002,0.0,0.0
Normal,543,P_1945008,0.0,-15.165618794038949
Normal,543,P_1946000,0.0,6.0335439820106656
Normal,543,P_2044008,26.6,30.57491650800893
Normal,543,P_2044016,0.0,0.0
Normal,543,P_2044024,9.6,0.0
Normal,543,P_2044042,13.3,0.0
Normal,543,P_2045002,2.2,0.0
Normal,543,P_2046013,7.0,0.0
Normal,543,Q_40032000,25.6396,5.551938892232598
Normal,543,Q_40050000,94.5373,0.0
Normal,543,Q_40060001,15.5355,22.708540081357377
Normal,543,Q_40100000,273.044,124.3866765836918
Normal,543,Q_40185000,28.2927,0.0
Normal,543,Q_40330000,75.4271,0.0
Normal,543,Q_40800001,120.285,5.107902854343571
Normal,543,Q_40850000,144.257,50.23810474511061
Normal,543,Q_40930000,23.4635,14.80886337726771
Normal,544,P_1944059,0.0,0.0
Normal,544,P_1944063,6.2,9.383787722838406
Normal,544,P_1945002,0.0,-7.762255252492942
Normal,544,P_1945008,0.0,-11.426648832043117
Normal,544,P_1946000,0.0,0.0
Normal,544,P_2044008,25.7,31.379609448947267
Normal,544,P_2044016,3.7,0.0
Normal,544,P_2044024,0.0,0.0
Normal,544,P_2044042,0.2,0.0
Normal,544,P_2045002,0.0,0.0
Normal,544,P_2046013,2.8,0.0
Normal,544,Q_40032000,9.4191,-6.782492772369641
Normal,544,Q_40050000,54.9279,0.0
Normal,544,Q_40060001,5.3384,-27.95859586476047
Normal,544,Q_40100000,63.1353,-150.35470144446649
Normal,544,Q_40185000,18.4774,0.0
Normal,544,Q_40330000,56.2394,-29.296403595076374
Normal,544,Q_40800001,55.4915,0.0
Normal,544,Q_40850000,77.071,-12.04152045637424
Normal,544,Q_40930000,6.3436,-22.822650001222353
Normal,545,P_1944059,0.0,0.0
Normal,545,P_1944063,0.0,-12.130168350393252
Normal,545,P_1945002,0.0,-10.291791346312671
Normal,545,P_1945008,0.0,-11.88365817501911
Normal,545,P_1946000,8.2,-5.010063236267278
Normal,545,P_2044008,0.0,-5.685640997968344
Normal,545,P_2044016,0.0,-4.336675393415305
Normal,545,P_2044024,0.0,0.0
Normal,545,P_2044042,0.0,0.0
Normal,545,P_2045002,0.0,0.0
Normal,545,P_2046013,0.0,0.0
Normal,545,Q_40032000,11.6614,-6.297238345385948
Normal,545,Q_40050000,71.2386,0.0
Normal,545,Q_40060001,11.2362,0.0
Normal,545,Q_40100000,186.839,0.0
Normal,545,Q_40185000,11.1292,0.0
Normal,545,Q_40330000,39.6976,-49.03925089223483
Normal,545,Q_40800001,57.9978,0.0
Normal,545,Q_40850000,75.7264,-13.575029240654544
Normal,545,Q_40930000,8.2852,-17.496197842806186
Normal,546,P_1944059,1.5,0.0
Normal,546,P_1944063,4.1,0.0
Normal,546,P_1945002,0.0,-7.616113543586611
Normal,546,P_1945008,0.0,-10.896740356390517
Normal,546,P_1946000,0.0,0.0
Normal,546,P_2044008,62.1,110.26337037959374
Normal,546,P_2044016,40.5,47.41543724063878
Normal,546,P_2044024,6.6,0.0
Normal,546,P_2044042,3.5,0.0
Normal,546,P_2045002,4.0,0.0
Normal,546,P_2046013,0.0,0.0
Normal,546,Q_40032000,14.9066,0.0
Normal,546,Q_40050000,70.9995,0.0
Normal,546,Q_40060001,6.8243,-21.609215366094706
Normal,546,Q_40100000,128.028,-67.92762822632304
Normal,546,Q_40185000,7.7372,0.0
Normal,546,Q_40330000,49.7228,-37.987138386629915
Normal,546,Q_40800001,159.749,19.315076122836647
Normal,546,Q_40850000,60.3967,-29.836224340817836
Normal,546,Q_40930000,8.2266,-19.178610097590262
Normal,547,P_1944059,0.0,0.0
Normal,547,P_1944063,0.0,-13.404084543383652
Normal,547,P_1945002,0.0,-11.392654463182676
Normal,547,P_1945008,0.0,-13.318251280207209
Normal,547,P_1946000,0.0,0.0
Normal,547,P_2044008,0.0,-6.508731604002677
Normal,547,P_2044016,0.0,-4.410265855610665
Normal,547,P_2044024,0.0,0.0
Normal,547,P_2044042,0.0,0.0
Normal,547,P_2045002,0.0,0.0
Normal,547,P_2046013,0.0,-4.201494614373729
Normal,547,Q_40032000,19.3378,0.0
Normal,547,Q_40050000,126.808,0.0
Normal,547,Q_40060001,10.4533,0.0
Normal,547,Q_40100000,216.201,49.48990573945593
Normal,547,Q_40185000,23.7639,0.0
Normal,547,Q_40330000,54.4336,-31.975992716024297
Normal,547,Q_40800001,49.6554,0.0
Normal,547,Q_40850000,73.0679,-16.861861397705745
Normal,547,Q_40930000,11.5878,-11.591817997532106
Normal,548,P_1944059,15.8,14.198934692724901
Normal,548,P_1944063,18.2,49.15891773303788
Normal,548,P_1945002,6.5,0.0
Normal,548,P_1945008,0.0,-11.135057176499966
Normal,548,P_1946000,5.0,0.0
Normal,548,P_2044008,3.1,-2.4446268199217087
Normal,548,P_2044016,1.5,0.0
Normal,548,P_2044024,3.2,0.0
Normal,548,P_2044042,0.3,0.0
Normal,548,P_2045002,7.6,0.0
Normal,548,P_2046013,0.0,0.0
Normal,548,Q_40032000,14.9066,-4.025048503688409
Normal,548,Q_40050000,50.1329,0.0
Normal,548,Q_40060001,9.4737,-7.159005815722366
Normal,548,Q_40100000,154.188,-31.87095776088403
Normal,548,Q_40185000,13.6433,0.0
Normal,548,Q_40330000,50.8861,-36.90783410235092
Normal,548,Q_40800001,62.0848,0.0
Normal,548,Q_40850000,67.2371,-22.7866148695759
Normal,548,Q_40930000,8.4572,-18.469520074530074
Normal,549,P_1944059,0.0,0.0
Normal,549,P_1944063,10.5,19.482659671456044
Normal,549,P_1945002,0.0,-5.261065392510853
Normal,549,P_1945008,40.4,87.8076681117767
Normal,549,P_1946000,0.0,0.0
Normal,549,P_2044008,0.0,-4.250255376529303
Normal,549,P_2044016,4.1,0.0
Normal,549,P_2044024,13.3,0.0
Normal,549,P_2044042,0.2,0.0
Normal,549,P_2045002,25.2,0.0
Normal,549,P_2046013,0.0,0.0
Normal,549,Q_40032000,13.5033,-4.087124663445536
Normal,549,Q_40050000,95.1864,0.0
Normal,549,Q_40060001,6.8243,-21.651580335450706
Normal,549,Q_40100000,110.838,-91.87887873876645
Normal,549,Q_40185000,10.6773,0.0
Normal,549,Q_40330000,38.1066,-51.750511062690464
Normal,549,Q_40800001,58.9345,0.0
Normal,549,Q_40850000,60.3967,-28.135868530079325
Normal,549,Q_40930000,10.245,-13.735723324530086
Normal,550,P_1944059,0.0,0.0
Normal,550,P_1944063,0.0,-12.507976278488725
Normal,550,P_1945002,0.0,-10.204054829686424
Normal,550,P_1945008,0.0,-11.857294174450807
Normal,550,P_1946000,0.0,0.0
Normal,550,P_2044008,0.0,-5.788489537498255
Normal,550,P_2044016,0.0,0.0
Normal,550,P_2044024,0.0,0.0
Normal,550,P_2044042,0.0,0.0
Normal,550,P_2045002,0.0,0.0
Normal,550,P_2046013,0.0,-3.9614375850075927
Normal,550,Q_40032000,14.6827,0.0
Normal,550,Q_40050000,89.9988,0.0
Normal,550,Q_40060001,8.9429,-9.779889434235315
Normal,550,Q_40100000,181.85,0.0
Normal,550,Q_40185000,9.7214,0.0
Normal,550,Q_40330000,37.5815,-52.36707184423868
Normal,550,Q_40800001,29.5801,-4.894298018663514
Normal,550,Q_40850000,40.2954,-48.10107069844343
Normal,550,Q_40930000,27.042,24.17961369744276
Normal,551,P_1944059,1.0,0.0
Normal,551,P_1944063,0.0,-4.579267428342638
Normal,551,P_1945002,0.0,-1.464660404978238
Normal,551,P_1945008,0.0,-7.814380368716852
Normal,551,P_1946000,0.0,0.0
Normal,551,P_2044008,0.0,-1.3249116875892504
Normal,551,P_2044016,16.7,0.0
Normal,551,P_2044024,0.0,0.0
Normal,551,P_2044042,0.0,0.0
Normal,551,P_2045002,9.1,0.0
Normal,551,P_2046013,26.3,0.0
Normal,551,Q_40032000,18.3779,0.0
Normal,551,Q_40050000,46.5647,0.0
Normal,551,Q_40060001,3.1903,-33.15053482263736
Normal,551,Q_40100000,60.6268,-149.3051305664918
Normal,551,Q_40185000,7.3583,0.0
Normal,551,Q_40330000,25.3358,-63.43245780218783
Normal,551,Q_40800001,39.3104,-1.1452740692218981
Normal,551,Q_40850000,37.9323,-46.93128161176767
Normal,551,Q_40930000,5.3641,-21.98168041496922
Normal,552,P_1944059,2.0,0.0
Normal,552,P_1944063,1.1,-8.774157271603315
Normal,552,P_1945002,0.0,-9.939301295613767
Normal,552,P_1945008,34.6,95.98158695781586
Normal,552,P_1946000,1.5,5.281900583866218
Normal,552,P_2044008,0.0,0.0
Normal,552,P_2044016,22.0,15.937851216222086
Normal,552,P_2044024,0.0,0.0
Normal,552,P_2044042,7.1,0.0
Normal,552,P_2045002,1.6,0.0
Normal,552,P_2046013,8.5,2.5597629419535988
Normal,552,Q_40032000,16.2656,0.0
Normal,552,Q_40050000,130.267,0.0
Normal,552,Q_40060001,18.6383,45.33575468292733
Normal,552,Q_40100000,300.84,170.22589484256085
Normal,552,Q_40185000,25.4912,0.0
Normal,552,Q_40330000,92.908,15.831848180119179
Normal,552,Q_40800001,66.6196,0.0
Normal,552,Q_40850000,88.9097,0.0
Normal,552,Q_40930000,18.3,4.207005204575683
Normal,553,P_1944059,0.0,0.0
Normal,553,P_1944063,0.0,-11.899434680398556
Normal,553,P_1945002,0.0,-10.3413462169777
Normal,553,P_1945008,0.0,-12.333233217418789
Normal,553,P_1946000,0.0,0.0
Normal,553,P_2044008,0.0,-6.819901818615563
Normal,553,P_2044016,0.0,0.0
Normal,553,P_2044024,0.0,0.0
Normal,553,P_2044042,0.0,0.0
Normal,553,P_2045002,0.0,0.0
Normal,553,P_2046013,0.0,0.0
Normal,553,Q_40032000,14.6283,0.0
Normal,553,Q_40050000,69.0882,0.0
Normal,553,Q_40060001,6.2535,-23.128242435447177
Normal,553,Q_40100000,140.145,-52.46149216006356
Normal,553,Q_40185000,7.3583,0.0
Normal,553,Q_40330000,32.9749,-57.89490045838869
Normal,553,Q_40800001,26.0328,-7.455488955349916
Normal,553,Q_40850000,34.4681,-54.870942107332745
Normal,553,Q_40930000,8.0325,-19.936148030230346
Normal,554,P_1944059,0.0,0.0
Normal,554,P_1944063,0.0,-13.498424622498801
Normal,554,P_1945002,0.0,-11.234404248522045
Normal,554,P_1945008,0.0,-13.25426599823999
Normal,554,P_1946000,0.0,0.0
Normal,554,P_2044008,0.0,-6.082558559561972
Normal,554,P_2044016,0.0,0.0
Normal,554,P_2044024,0.0,0.0
Normal,554,P_2044042,0.0,0.0
Normal,554,P_2045002,0.0,0.0
Normal,554,P_2046013,0.0,-4.938159978708074
Normal,554,Q_40032000,19.0965,0.0
Normal,554,Q_40050000,100.227,0.0
Normal,554,Q_40060001,8.5254,-12.758087762339594
Normal,554,Q_40100000,197.073,24.576175566338634
Normal,554,Q_40185000,16.4869,0.0
Normal,554,Q_40330000,50.3033,-36.491428583515024
Normal,554,Q_40800001,39.3104,0.0
Normal,554,Q_40850000,55.3181,-34.613375502124676
Normal,554,Q_40930000,57.8705,96.92708124957345
Normal,555,P_1944059,2.4,0.0
Normal,555,P_1944063,2.5,0.0
Normal,555,P_1945002,0.0,-3.6319480404994375
Normal,555,P_1945008,9.1,0.0
Normal,555,P_1946000,0.0,0.0
Normal,555,P_2044008,22.2,0.0
Normal,555,P_2044016,20.5,0.0
Normal,555,P_2044024,34.0,26.264983183576994
Normal,555,P_2044042,21.9,-10.569141545489854
Normal,555,P_2045002,9.7,0.0
Normal,555,P_2046013,2.1,0.0
Normal,555,Q_40032000,8.6413,-3.5065505410213405
Normal,555,Q_40050000,37.884,0.0
Normal,555,Q_40060001,5.161,-27.596184173398527
Normal,555,Q_40100000,47.4535,-166.27849513443914
Normal,555,Q_40185000,4.2442,0.0
Normal,555,Q_40330000,15.6889,-73.07998428196657
Normal,555,Q_40800001,40.6468,-2.373473070959661
Normal,555,Q_40850000,40.8927,-44.47153336277344
Normal,555,Q_40930000,8.7258,-16.148391125947448
Normal,556,P_1944059,0.0,0.0
Normal,556,P_1944063,2.5,0.0
Normal,556,P_1945002,0.0,-7.0487296767709235
Normal,556,P_1945008,96.4,263.1212854139894
Normal,556,P_1946000,0.0,0.0
Normal,556,P_2044008,0.0,-5.7235797918819245
Normal,556,P_2044016,0.0,0.0
Normal,556,P_2044024,0.0,0.0
Normal,556,P_2044042,0.6,0.0
Normal,556,P_2045002,0.0,0.0
Normal,556,P_2046013,0.0,0.0
Normal,556,Q_40032000,7.441,-6.056144307710667
Normal,556,Q_40050000,32.9781,0.0
Normal,556,Q_40060001,3.1903,-38.96883717238799
Normal,556,Q_40100000,70.5712,-139.29001614740883
Normal,556,Q_40185000,6.9856,0.0
Normal,556,Q_40330000,29.5441,-60.28273784948063
Normal,556,Q_40800001,32.0679,-6.61034516582579
Normal,556,Q_40850000,37.9323,-50.587092470972706
Normal,556,Q_40930000,10.4989,-15.50450322427304
Normal,557,P_1944059,0.0,0.0
Normal,557,P_1944063,0.5,-12.598369094349977
Normal,557,P_1945002,0.0,-12.288490926832917
Normal,557,P_1945008,4.3,0.0
Normal,557,P_1946000,6.4,0.0
Normal,557,P_2044008,0.0,-6.537276299598955
Normal,557,P_2044016,0.9,0.0
Normal,557,P_2044024,1.3,0.0
Normal,557,P_2044042,0.0,0.0
Normal,557,P_2045002,1.5,0.0
Normal,557,P_2046013,0.0,-5.559666454347848
Normal,557,Q_40032000,28.3031,10.990885039835604
Normal,557,Q_40050000,128.392,0.0
Normal,557,Q_40060001,14.7885,18.723115248448305
Normal,557,Q_40100000,270.323,123.18260562133631
Normal,557,Q_40185000,25.4912,0.0
Normal,557,Q_40330000,92.908,14.718281272097911
Normal,557,Q_40800001,107.507,0.0
Normal,557,Q_40850000,167.101,74.82978097800662
Normal,557,Q_40930000,12.2696,-10.127416607396261
Normal,558,P_1944059,0.0,0.0
Normal,558,P_1944063,0.0,-13.47049671468352
Normal,558,P_1945002,0.0,-11.179264672748802
Normal,558,P_1945008,0.0,-13.189039107103525
Normal,558,P_1946000,0.0,8.99251359082453
Normal,558,P_2044008,0.0,-6.054835021339212
Normal,558,P_2044016,0.0,-4.155159338454514
Normal,558,P_2044024,0.0,0.0
Normal,558,P_2044042,0.0,0.0
Normal,558,P_2045002,0.0,0.0
Normal,558,P_2046013,0.0,-4.085108002002667
Normal,558,Q_40032000,48.4995,39.56689318234787
Normal,558,Q_40050000,143.521,0.0
Normal,558,Q_40060001,11.6916,0.0
Normal,558,Q_40100000,282.601,140.20864841978246
Normal,558,Q_40185000,18.4774,0.0
Normal,558,Q_40330000,61.7824,-22.94065717270506
Normal,558,Q_40800001,50.6,0.0
Normal,558,Q_40850000,89.6288,0.0
Normal,558,Q_40930000,16.4948,0.0
Normal,559,P_1944059,0.0,0.0
Normal,559,P_1944063,0.0,-10.971464018828467
Normal,559,P_1945002,0.0,-9.224959295396097
Normal,559,P_1945008,0.0,-12.173430030565063
Normal,559,P_1946000,0.0,0.0
Normal,559,P_2044008,4.0,0.0
Normal,559,P_2044016,0.0,0.0
Normal,559,P_2044024,0.0,0.0
Normal,559,P_2044042,0.0,0.0
Normal,559,P_2045002,0.0,0.0
Normal,559,P_2046013,0.0,0.0
Normal,559,Q_40032000,8.6394,-7.771233419052441
Normal,559,Q_40050000,46.2029,0.0
Normal,559,Q_40060001,6.2535,-23.515357735367235
Normal,559,Q_40100000,82.4071,-125.54503935395644
Normal,559,Q_40185000,8.1334,0.0
Normal,559,Q_40330000,28.5889,-62.04963680039572
Normal,559,Q_40800001,35.6238,-6.170944487030454
Normal,559,Q_40850000,45.7634,-43.2025903685535
Normal,559,Q_40930000,4.8967,-26.17570003494492
Normal,560,P_1944059,0.0,0.0
Normal,560,P_1944063,0.0,-16.489028514034988
Normal,560,P_1945002,0.0,-13.37090125872132
Normal,560,P_1945008,0.0,-16.507536174642993
Normal,560,P_1946000,0.0,7.463682933645136
Normal,560,P_2044008,0.0,0.0
Normal,560,P_2044016,0.0,0.0
Normal,560,P_2044024,0.0,0.0
Normal,560,P_2044042,0.0,0.0
Normal,560,P_2045002,0.0,0.0
Normal,560,P_2046013,0.0,0.0
Normal,560,Q_40032000,53.2794,50.14484478685486
Normal,560,Q_40050000,200.718,0.0
Normal,560,Q_40060001,14.0534,15.560371002419224
Normal,560,Q_40100000,455.504,371.44790785310613
Normal,560,Q_40185000,22.6724,0.0
Normal,560,Q_40330000,88.5939,7.39449993815617
Normal,560,Q_40800001,52.529,0.0
Normal,560,Q_40850000,83.9466,-8.162799229226039
Normal,560,Q_40930000,24.9494,18.550100310736404
Normal,561,P_1944059,0.0,0.0
Normal,561,P_1944063,0.0,-12.575190114047738
Normal,561,P_1945002,0.0,-10.692682963911079
Normal,561,P_1945008,0.0,-12.6998136781684
Normal,561,P_1946000,0.0,0.0
Normal,561,P_2044008,0.0,-6.36358507464847
Normal,561,P_2044016,0.0,0.0
Normal,561,P_2044024,0.0,0.0
Normal,561,P_2044042,0.0,0.0
Normal,561,P_2045002,0.0,0.0
Normal,561,P_2046013,0.0,-5.0242459684826315
Normal,561,Q_40032000,10.439,-7.6842410907316605
Normal,561,Q_40050000,64.2219,0.0
Normal,561,Q_40060001,10.1233,0.0
Normal,561,Q_40100000,175.247,-6.037260043216671
Normal,561,Q_40185000,9.3692,0.0
Normal,561,Q_40330000,33.476,-57.692130512914744
Normal,561,Q_40800001,49.8146,0.0
Normal,561,Q_40850000,70.4506,-19.519664638413268
Normal,561,Q_40930000,7.648,-20.36183748006343
Normal,562,P_1944059,0.0,0.0
Normal,562,P_1944063,0.0,-11.237871861290056
Normal,562,P_1945002,0.0,-8.735731122222056
Normal,562,P_1945008,0.0,-10.451487266765492
Normal,562,P_1946000,0.0,0.0
Normal,562,P_2044008,0.0,-4.482244718696533
Normal,562,P_2044016,6.0,0.0
Normal,562,P_2044024,0.0,0.0
Normal,562,P_2044042,0.0,0.0
Normal,562,P_2045002,0.0,0.0
Normal,562,P_2046013,0.0,-2.5631876536815525
Normal,562,Q_40032000,15.3573,-1.9303791948977107
Normal,562,Q_40050000,62.3219,0.0
Normal,562,Q_40060001,10.2329,-2.1704507048663126
Normal,562,Q_40100000,186.881,0.0
Normal,562,Q_40185000,12.735,0.0
Normal,562,Q_40330000,52.0591,-33.19902509943854
Normal,562,Q_40800001,57.4099,0.0
Normal,562,Q_40850000,77.071,-11.56608670701169
Normal,562,Q_40930000,7.1134,-20.060555643931274
Normal,563,P_1944059,5.8,0.0
Normal,563,P_1944063,0.0,-7.9070055482996935
Normal,563,P_1945002,7.6,0.0
Normal,563,P_1945008,11.0,0.0
Normal,563,P_1946000,0.0,0.0
Normal,563,P_2044008,1.9,-3.507239065382464
Normal,563,P_2044016,30.2,28.54848377018727
Normal,563,P_2044024,8.5,0.0
Normal,563,P_2044042,8.4,-7.2033182619124645
Normal,563,P_2045002,0.0,0.0
Normal,563,P_2046013,0.0,0.0
Normal,563,Q_40032000,8.6413,-4.74365862182694
Normal,563,Q_40050000,38.1813,0.0
Normal,563,Q_40060001,5.161,-29.197856242197272
Normal,563,Q_40100000,48.6062,-168.84376984451006
Normal,563,Q_40185000,4.5622,0.0
Normal,563,Q_40330000,14.9303,-77.41587691264098
Normal,563,Q_40800001,46.8522,0.0
Normal,563,Q_40850000,37.3481,-49.60103564889693
Normal,563,Q_40930000,9.4285,-15.728716009430999
Normal,564,P_1944059,60.0,93.83579111021982
Normal,564,P_1944063,23.7,41.58362203645094
Normal,564,P_1945002,1.3,0.0
Normal,564,P_1945008,10.9,7.579640375827211
Normal,564,P_1946000,50.8,-29.6947217473547
Normal,564,P_2044008,6.2,0.0
Normal,564,P_2044016,9.5,0.0
Normal,564,P_2044024,2.4,0.0
Normal,564,P_2044042,47.6,0.0
Normal,564,P_2045002,54.2,54.93744415387372
Normal,564,P_2046013,14.6,0.0
Normal,564,Q_40032000,41.1267,15.089801111139762
Normal,564,Q_40050000,84.9724,0.0
Normal,564,Q_40060001,15.2852,18.622198995139
Normal,564,Q_40100000,138.612,-56.37054340279403
Normal,564,Q_40185000,27.1366,0.0
Normal,564,Q_40330000,47.4254,-39.62369232985229
Normal,564,Q_40800001,65.7163,0.0
Normal,564,Q_40850000,65.3401,-24.105217502013147
Normal,564,Q_40930000,21.2554,0.0
Normal,565,P_1944059,0.0,0.0
Normal,565,P_1944063,0.0,-11.98934394182778
Normal,565,P_1945002,0.0,-9.899141571836292
Normal,565,P_1945008,0.0,-13.34063771210268
Normal,565,P_1946000,0.0,0.0
Normal,565,P_2044008,0.0,-6.247312385671143
Normal,565,P_2044016,0.0,0.0
Normal,565,P_2044024,0.0,0.0
Normal,565,P_2044042,0.0,0.0
Normal,565,P_2045002,0.0,0.0
Normal,565,P_2046013,0.0,0.0
Normal,565,Q_40032000,14.6283,0.0
Normal,565,Q_40050000,80.4698,0.0
Normal,565,Q_40060001,6.921,-20.798386035686537
Normal,565,Q_40100000,143.229,-48.805450625637185
Normal,565,Q_40185000,10.1356,0.0
Normal,565,Q_40330000,37.5815,-53.363518370194996
Normal,565,Q_40800001,33.6371,-5.772813484190749
Normal,565,Q_40850000,43.918,-46.03559456753694
Normal,565,Q_40930000,9.076,-17.051864735148172
Normal,566,P_1944059,0.0,0.0
Normal,566,P_1944063,0.0,-12.357690999122633
Normal,566,P_1945002,0.0,-10.82027931438007
Normal,566,P_1945008,0.0,-13.382327733469042
Normal,566,P_1946000,0.0,0.0
Normal,566,P_2044008,0.0,-6.061993629848573
Normal,566,P_2044016,0.0,0.0
Normal,566,P_2044024,0.0,0.0
Normal,566,P_2044042,0.0,0.0
Normal,566,P_2045002,0.0,0.0
Normal,566,P_2046013,0.0,0.0
Normal,566,Q_40032000,10.439,-7.726945866077609
Normal,566,Q_40050000,63.5367,0.0
Normal,566,Q_40060001,10.0141,-5.370237555480799
Normal,566,Q_40100000,173.61,-8.177714770029965
Normal,566,Q_40185000,8.9491,0.0
Normal,566,Q_40330000,32.4766,-58.921560124195146
Normal,566,Q_40800001,47.1875,0.0
Normal,566,Q_40850000,65.3401,-24.79380643172686
Normal,566,Q_40930000,7.3326,-20.757608079720516
Normal,567,P_1944059,11.1,0.0
Normal,567,P_1944063,0.0,-13.012493088982183
Normal,567,P_1945002,23.6,39.323844123357276
Normal,567,P_1945008,60.1,150.2774890111233
Normal,567,P_1946000,10.4,0.0
Normal,567,P_2044008,0.0,0.0
Normal,567,P_2044016,2.5,0.0
Normal,567,P_2044024,5.8,0.0
Normal,567,P_2044042,25.5,-15.208629181219612
Normal,567,P_2045002,19.1,0.0
Normal,567,P_2046013,0.0,0.0
Normal,567,Q_40032000,14.2378,0.0
Normal,567,Q_40050000,62.3219,0.0
Normal,567,Q_40060001,8.8379,-13.56057113856151
Normal,567,Q_40100000,331.928,204.3767467761962
Normal,567,Q_40185000,31.8535,0.0
Normal,567,Q_40330000,151.464,86.60969638269053
Normal,567,Q_40800001,268.894,37.069727205741984
Normal,567,Q_40850000,123.705,31.580529109902592
Normal,567,Q_40930000,107.74,214.66684346366895
Normal,568,P_1944059,17.6,11.427472193885638
Normal,568,P_1944063,17.6,44.98773251174308
Normal,568,P_1945002,0.0,0.0
Normal,568,P_1945008,3.4,0.0
Normal,568,P_1946000,37.4,-47.69684063028842
Normal,568,P_2044008,5.3,0.0
Normal,568,P_2044016,14.7,7.496217219408271
Normal,568,P_2044024,11.0,0.0
Normal,568,P_2044042,0.0,0.0
Normal,568,P_2045002,0.0,0.0
Normal,568,P_2046013,51.0,31.06970825537438
Normal,568,Q_40032000,57.1941,31.973076732049194
Normal,568,Q_40050000,164.879,0.0
Normal,568,Q_40060001,27.6886,96.65648314732884
Normal,568,Q_40100000,202.233,29.36623044396825
Normal,568,Q_40185000,54.515,0.0
Normal,568,Q_40330000,82.9573,0.0
Normal,568,Q_40800001,153.922,18.27334123307719
Normal,568,Q_40850000,160.559,69.73541097143364
Normal,568,Q_40930000,16.5424,0.0
Normal,569,P_1944059,11.8,3.930537281660122
Normal,569,P_1944063,79.0,235.08703011193302
Normal,569,P_1945002,8.9,7.268021201658035
Normal,569,P_1945008,0.0,0.0
Normal,569,P_1946000,0.0,8.24253532918046
Normal,569,P_2044008,5.3,0.0
Normal,569,P_2044016,0.0,0.0
Normal,569,P_2044024,0.0,0.0
Normal,569,P_2044042,5.6,0.0
Normal,569,P_2045002,0.5,0.0
Normal,569,P_2046013,29.4,8.642388867090922
Normal,569,Q_40032000,17.9032,0.0
Normal,569,Q_40050000,112.583,0.0
Normal,569,Q_40060001,6.6323,-25.983334353420144
Normal,569,Q_40100000,188.568,10.492238137438491
Normal,569,Q_40185000,16.4869,0.0
Normal,569,Q_40330000,53.8364,-36.48072761253453
Normal,569,Q_40800001,60.691,0.0
Normal,569,Q_40850000,98.4517,6.795335201377498
Normal,569,Q_40930000,57.0135,100.98535967140869
Normal,570,P_1944059,0.0,0.0
Normal,570,P_1944063,0.0,-12.429455392120808
Normal,570,P_1945002,0.0,-10.553898051053535
Normal,570,P_1945008,0.0,-13.026644172330016
Normal,570,P_1946000,0.0,0.0
Normal,570,P_2044008,0.0,-6.135259706005883
Normal,570,P_2044016,0.0,0.0
Normal,570,P_2044024,0.0,0.0
Normal,570,P_2044042,0.0,0.0
Normal,570,P_2045002,0.0,0.0
Normal,570,P_2046013,0.0,0.0
Normal,570,Q_40032000,9.8987,-7.920915098373372
Normal,570,Q_40050000,58.8259,0.0
Normal,570,Q_40060001,9.4737,-7.472433330746982
Normal,570,Q_40100000,166.847,-17.752015473110138
Normal,570,Q_40185000,8.5372,0.0
Normal,570,Q_40330000,30.9979,-60.971070968055734
Normal,570,Q_40800001,42.9241,0.0
Normal,570,Q_40850000,59.1871,-30.589328654190044
Normal,570,Q_40930000,7.0195,-22.086953716658467
Alta vazao,0,P_1944059,0.0,0.0
Alta vazao,0,P_1944063,0.0,-18.29411853894727
Alta vazao,0,P_1945002,0.0,-12.886640025755696
Alta vazao,0,P_1945008,0.0,-13.70838486369115
Alta vazao,0,P_1946000,0.0,0.0
Alta vazao,0,P_2044008,0.0,0.0
Alta vazao,0,P_2044016,0.0,0.0
Alta vazao,0,P_2044024,0.0,0.0
Alta vazao,0,P_2044042,0.0,0.0
Alta vazao,0,P_2045002,0.0,0.0
Alta vazao,0,P_2046013,11.6,8.332544238709318
Alta vazao,0,Q_40032000,24.3392,0.0
Alta vazao,0,Q_40050000,300.768,0.0
Alta vazao,0,Q_40060001,20.2559,44.4618431611033
Alta vazao,0,Q_40100000,804.445,807.136968180231
Alta vazao,0,Q_40185000,68.9365,-16.348679410555732
Alta vazao,0,Q_40330000,145.001,75.37612965432356
Alta vazao,0,Q_40800001,83.3779,0.0
Alta vazao,0,Q_40850000,155.041,50.75416155088942
Alta vazao,0,Q_40930000,35.7094,40.241483122517906
Alta vazao,1,P_1944059,100.0,155.96177949787955
Alta vazao,1,P_1944063,26.0,70.22580202455653
Alta vazao,1,P_1945002,0.0,0.0
Alta vazao,1,P_1945008,0.0,0.0
Alta vazao,1,P_1946000,0.0,0.0
Alta vazao,1,P_2044008,30.9,36.24197604343537
Alta vazao,1,P_2044016,17.8,0.0
Alta vazao,1,P_2044024,65.2,24.088597697897196
Alta vazao,1,P_2044042,18.1,0.0
Alta vazao,1,P_2045002,11.8,0.0
Alta vazao,1,P_2046013,18.2,0.0
Alta vazao,1,Q_40032000,35.544,0.0
Alta vazao,1,Q_40050000,143.356,0.0
Alta vazao,1,Q_40060001,19.1727,33.75958823924358
Alta vazao,1,Q_40100000,539.776,419.0522742506673
Alta vazao,1,Q_40185000,22.6724,0.0
Alta vazao,1,Q_40330000,102.818,18.49509240152588
Alta vazao,1,Q_40800001,196.702,21.379074994390198
Alta vazao,1,Q_40850000,209.734,98.29379759882706
Alta vazao,1,Q_40930000,40.5949,45.739321390714636
Alta vazao,2,P_1944059,32.0,43.400256498861026
Alta vazao,2,P_1944063,13.3,36.22278560319592
Alta vazao,2,P_1945002,0.0,-9.431544354447624
Alta vazao,2,P_1945008,0.0,-12.180570339531265
Alta vazao,2,P_1946000,0.0,0.0
Alta vazao,2,P_2044008,0.0,0.0
Alta vazao,2,P_2044016,1.4,0.0
Alta vazao,2,P_2044024,0.0,0.0
Alta vazao,2,P_2044042,24.9,0.0
Alta vazao,2,P_2045002,10.6,0.0
Alta vazao,2,P_2046013,8.4,0.0
Alta vazao,2,Q_40032000,17.7253,0.0
Alta vazao,2,Q_40050000,144.539,0.0
Alta vazao,2,Q_40060001,9.9052,-12.353549273376451
Alta vazao,2,Q_40100000,129.529,-102.0940409541225
Alta vazao,2,Q_40185000,38.1779,0.0
Alta vazao,2,Q_40330000,136.848,64.43353656403272
Alta vazao,2,Q_40800001,181.562,17.529590254483985
Alta vazao,2,Q_40850000,244.139,136.04797545166127
Alta vazao,2,Q_40930000,8.9307,-22.923133846776096
Alta vazao,3,P_1944059,0.0,0.0
Alta vazao,3,P_1944063,0.0,-12.580046102167483
Alta vazao,3,P_1945002,0.0,0.0
Alta vazao,3,P_1945008,0.0,-11.953488137542138
Alta vazao,3,P_1946000,3.6,0.0
Alta vazao,3,P_2044008,0.0,0.0
Alta vazao,3,P_2044016,44.0,38.31620672218318
Alta vazao,3,P_2044024,0.2,0.0
Alta vazao,3,P_2044042,136.4,226.87404970923785
Alta vazao,3,P_2045002,0.0,0.0
Alta vazao,3,P_2046013,0.0,0.0
Alta vazao,3,Q_40032000,17.303,0.0
Alta vazao,3,Q_40050000,87.2214,0.0
Alta vazao,3,Q_40060001,14.5421,7.825407275640265
Alta vazao,3,Q_40100000,154.553,-66.68226172253793
Alta vazao,3,Q_40185000,46.8777,0.0
Alta vazao,3,Q_40330000,171.481,94.30615886650433
Alta vazao,3,Q_40800001,178.484,13.974552195056283
Alta vazao,3,Q_40850000,250.84,122.7259216625783
Alta vazao,3,Q_40930000,6.7087,-26.911237345440355
Alta vazao,4,P_1944059,0.0,0.0
Alta vazao,4,P_1944063,0.0,-18.543623965521046
Alta vazao,4,P_1945002,0.0,-13.663538152647838
Alta vazao,4,P_1945008,0.0,-14.010696394801204
Alta vazao,4,P_1946000,0.0,0.0
Alta vazao,4,P_2044008,0.0,0.0
Alta vazao,4,P_2044016,0.0,0.0
Alta vazao,4,P_2044024,0.0,0.0
Alta vazao,4,P_2044042,0.0,0.0
Alta vazao,4,P_2045002,0.0,0.0
Alta vazao,4,P_2046013,0.0,0.0
Alta vazao,4,Q_40032000,24.3392,7.718647072159456
Alta vazao,4,Q_40050000,408.525,0.0
Alta vazao,4,Q_40060001,25.9662,78.03590262292904
Alta vazao,4,Q_40100000,711.304,676.1259628289043
Alta vazao,4,Q_40185000,71.6266,-17.08065728205311
Alta vazao,4,Q_40330000,172.458,107.59490988453965
Alta vazao,4,Q_40800001,122.931,0.0
Alta vazao,4,Q_40850000,169.939,62.89171449909122
Alta vazao,4,Q_40930000,13.8167,-10.86061384846325
Alta vazao,5,P_1944059,3.8,0.0
Alta vazao,5,P_1944063,11.0,35.58692054353411
Alta vazao,5,P_1945002,0.0,0.0
Alta vazao,5,P_1945008,0.0,-16.95740317666946
Alta vazao,5,P_1946000,0.0,3.1550554007137346
Alta vazao,5,P_2044008,0.5,0.0
Alta vazao,5,P_2044016,1.0,0.0
Alta vazao,5,P_2044024,4.7,0.0
Alta vazao,5,P_2044042,0.0,0.0
Alta vazao,5,P_2045002,0.0,0.0
Alta vazao,5,P_2046013,0.0,0.0
Alta vazao,5,Q_40032000,30.4766,12.686748829216809
Alta vazao,5,Q_40050000,316.217,0.0
Alta vazao,5,Q_40060001,13.211,3.9436888307064586
Alta vazao,5,Q_40100000,533.042,440.5061665465789
Alta vazao,5,Q_40185000,45.3421,0.0
Alta vazao,5,Q_40330000,143.174,69.76349769968517
Alta vazao,5,Q_40800001,143.584,7.2991522259269255
Alta vazao,5,Q_40850000,191.379,82.53187616354006
Alta vazao,5,Q_40930000,39.3781,47.024335450904346
Alta vazao,6,P_1944059,27.2,18.570057979479316
Alta vazao,6,P_1944063,4.5,0.0
Alta vazao,6,P_1945002,28.6,60.87726873087608
Alta vazao,6,P_1945008,0.0,0.0
Alta vazao,6,P_1946000,24.1,0.0
Alta vazao,6,P_2044008,42.1,51.321065818704945
Alta vazao,6,P_2044016,18.5,9.846766101697085
Alta vazao,6,P_2044024,7.8,0.0
Alta vazao,6,P_2044042,19.4,0.0
Alta vazao,6,P_2045002,14.2,0.0
Alta vazao,6,P_2046013,63.9,70.48524849620054
Alta vazao,6,Q_40032000,31.0286,0.0
Alta vazao,6,Q_40050000,309.38,0.0
Alta vazao,6,Q_40060001,29.7647,91.85885904394638
Alta vazao,6,Q_40100000,569.435,479.8373766322575
Alta vazao,6,Q_40185000,131.331,0.0
Alta vazao,6,Q_40330000,420.765,408.29917826023296
Alta vazao,6,Q_40800001,202.48,0.0
Alta vazao,6,Q_40850000,314.635,195.3813058465647
Alta vazao,6,Q_40930000,149.232,307.58280906511516
Alta vazao,7,P_1944059,147.6,164.9523638984764
Alta vazao,7,P_1944063,86.0,191.94017160089285
Alta vazao,7,P_1945002,22.1,0.0
Alta vazao,7,P_1945008,92.8,184.46879401490978
Alta vazao,7,P_1946000,70.6,0.0
Alta vazao,7,P_2044008,77.3,110.98660695191393
Alta vazao,7,P_2044016,94.0,94.36813114873259
Alta vazao,7,P_2044024,106.5,0.0
Alta vazao,7,P_2044042,114.0,0.0
Alta vazao,7,P_2045002,84.5,0.0
Alta vazao,7,P_2046013,71.4,0.0
Alta vazao,7,Q_40032000,74.4039,0.0
Alta vazao,7,Q_40050000,339.664,0.0
Alta vazao,7,Q_40060001,38.8625,154.9472781096475
Alta vazao,7,Q_40100000,276.854,0.0
Alta vazao,7,Q_40185000,160.724,0.0
Alta vazao,7,Q_40330000,390.754,373.2071392205057
Alta vazao,7,Q_40800001,476.469,94.65482967619391
Alta vazao,7,Q_40850000,448.873,330.94090730576073
Alta vazao,7,Q_40930000,55.7478,83.36275701679165
Alta vazao,8,P_1944059,12.0,11.36162990146291
Alta vazao,8,P_1944063,0.0,-18.6982589156401
Alta vazao,8,P_1945002,0.0,0.0
Alta vazao,8,P_1945008,0.0,-14.891129486847266
Alta vazao,8,P_1946000,0.0,0.0
Alta vazao,8,P_2044008,26.2,34.0482080551646
Alta vazao,8,P_2044016,0.2,0.0
Alta vazao,8,P_2044024,5.3,0.0
Alta vazao,8,P_2044042,0.0,0.0
Alta vazao,8,P_2045002,0.6,0.0
Alta vazao,8,P_2046013,4.6,0.0
Alta vazao,8,Q_40032000,25.1171,0.0
Alta vazao,8,Q_40050000,243.319,0.0
Alta vazao,8,Q_40060001,17.7147,29.41764036007908
Alta vazao,8,Q_40100000,502.173,399.61562796156403
Alta vazao,8,Q_40185000,56.5066,-14.179234971915093
Alta vazao,8,Q_40330000,197.539,136.5231048727981
Alta vazao,8,Q_40800001,184.096,12.531272107935463
Alta vazao,8,Q_40850000,241.923,132.1891083170354
Alta vazao,8,Q_40930000,17.1584,0.0
Alta vazao,9,P_1944059,0.0,0.0
Alta vazao,9,P_1944063,4.5,0.0
Alta vazao,9,P_1945002,25.5,50.88456391235575
Alta vazao,9,P_1945008,0.0,-11.77631642183934
Alta vazao,9,P_1946000,4.1,0.0
Alta vazao,9,P_2044008,43.0,63.72262541612994
Alta vazao,9,P_2044016,4.1,0.0
Alta vazao,9,P_2044024,30.0,9.73402509580826
Alta vazao,9,P_2044042,2.5,0.0
Alta vazao,9,P_2045002,0.0,0.0
Alta vazao,9,P_2046013,0.0,0.0
Alta vazao,9,Q_40032000,13.3141,0.0
Alta vazao,9,Q_40050000,90.0514,0.0
Alta vazao,9,Q_40060001,16.2942,22.138089397249665
Alta vazao,9,Q_40100000,123.166,-109.71051273237477
Alta vazao,9,Q_40185000,19.9682,0.0
Alta vazao,9,Q_40330000,74.0858,-11.714431828699063
Alta vazao,9,Q_40800001,115.781,8.784019102462535
Alta vazao,9,Q_40850000,156.871,54.93615688314231
Alta vazao,9,Q_40930000,9.9136,-21.42216956791057
Alta vazao,10,P_1944059,2.6,0.0
Alta vazao,10,P_1944063,8.1,0.0
Alta vazao,10,P_1945002,33.1,66.71286202640889
Alta vazao,10,P_1945008,17.4,37.557786494546534
Alta vazao,10,P_1946000,27.0,0.0
Alta vazao,10,P_2044008,3.8,0.0
Alta vazao,10,P_2044016,5.6,0.0
Alta vazao,10,P_2044024,7.2,0.0
Alta vazao,10,P_2044042,5.9,0.0
Alta vazao,10,P_2045002,48.5,0.0
Alta vazao,10,P_2046013,38.6,25.703953790614833
Alta vazao,10,Q_40032000,110.692,133.24182898967365
Alta vazao,10,Q_40050000,447.413,0.0
Alta vazao,10,Q_40060001,35.0538,138.530429703906
Alta vazao,10,Q_40100000,648.243,611.3058371247653
Alta vazao,10,Q_40185000,39.373,0.0
Alta vazao,10,Q_40330000,158.032,93.93848571152026
Alta vazao,10,Q_40800001,221.163,28.353163276184727
Alta vazao,10,Q_40850000,248.598,147.77249830693992
Alta vazao,10,Q_40930000,176.15,382.1476803942646
Alta vazao,11,P_1944059,2.6,0.0
Alta vazao,11,P_1944063,4.5,0.0
Alta vazao,11,P_1945002,23.9,53.9333183178903
Alta vazao,11,P_1945008,76.8,233.89407262905553
Alta vazao,11,P_1946000,7.3,0.0
Alta vazao,11,P_2044008,9.6,0.0
Alta vazao,11,P_2044016,23.0,0.0
Alta vazao,11,P_2044024,12.0,0.0
Alta vazao,11,P_2044042,0.0,0.0
Alta vazao,11,P_2045002,1.2,0.0
Alta vazao,11,P_2046013,9.8,0.0
Alta vazao,11,Q_40032000,111.717,150.71200598106216
Alta vazao,11,Q_40050000,612.435,33.91544215270036
Alta vazao,11,Q_40060001,66.4428,341.06536633522506
Alta vazao,11,Q_40100000,695.906,677.9551703545562
Alta vazao,11,Q_40185000,52.5471,0.0
Alta vazao,11,Q_40330000,181.339,125.614595016027
Alta vazao,11,Q_40800001,272.037,30.05616561171655
Alta vazao,11,Q_40850000,301.136,196.12667019178792
Alta vazao,11,Q_40930000,272.235,620.8059282131791
Alta vazao,12,P_1944059,0.0,0.0
Alta vazao,12,P_1944063,5.7,7.9102391391412485
Alta vazao,12,P_1945002,0.0,-14.584527164018283
Alta vazao,12,P_1945008,0.0,-14.63407091707214
Alta vazao,12,P_1946000,5.0,0.0
Alta vazao,12,P_2044008,3.1,0.0
Alta vazao,12,P_2044016,0.3,0.0
Alta vazao,12,P_2044024,1.0,0.0
Alta vazao,12,P_2044042,3.3,0.0
Alta vazao,12,P_2045002,8.7,0.0
Alta vazao,12,P_2046013,3.5,0.0
Alta vazao,12,Q_40032000,18.6166,0.0
Alta vazao,12,Q_40050000,139.834,0.0
Alta vazao,12,Q_40060001,20.3926,41.95979417446247
Alta vazao,12,Q_40100000,429.032,297.11190091585286
Alta vazao,12,Q_40185000,97.8998,-22.992962488188734
Alta vazao,12,Q_40330000,77.4552,-7.784778114841629
Alta vazao,12,Q_40800001,140.658,7.90244434478621
Alta vazao,12,Q_40850000,232.058,122.09265690351957
Alta vazao,12,Q_40930000,51.2873,74.59608488455817
Alta vazao,13,P_1944059,0.0,0.0
Alta vazao,13,P_1944063,0.0,-16.977300061665847
Alta vazao,13,P_1945002,0.0,-13.238561439854024
Alta vazao,13,P_1945008,3.4,0.0
Alta vazao,13,P_1946000,0.0,0.0
Alta vazao,13,P_2044008,0.0,0.0
Alta vazao,13,P_2044016,0.0,0.0
Alta vazao,13,P_2044024,0.0,0.0
Alta vazao,13,P_2044042,0.0,0.0
Alta vazao,13,P_2045002,0.0,0.0
Alta vazao,13,P_2046013,0.0,-6.799111314361894
Alta vazao,13,Q_40032000,14.6612,-8.268558117013324
Alta vazao,13,Q_40050000,122.842,0.0
Alta vazao,13,Q_40060001,8.9429,-16.873116377163377
Alta vazao,13,Q_40100000,129.529,-101.25088278509652
Alta vazao,13,Q_40185000,30.8655,0.0
Alta vazao,13,Q_40330000,110.981,33.12933270803063
Alta vazao,13,Q_40800001,158.189,12.804603494011054
Alta vazao,13,Q_40850000,230.973,122.64591265306923
Alta vazao,13,Q_40930000,7.9655,-25.456804171599956
Alta vazao,14,P_1944059,0.0,0.0
Alta vazao,14,P_1944063,0.0,-17.45805051159426
Alta vazao,14,P_1945002,0.0,-12.606313964872246
Alta vazao,14,P_1945008,0.0,-13.92096238871005
Alta vazao,14,P_1946000,0.0,5.604334350777918
Alta vazao,14,P_2044008,0.0,-4.434556876338718
Alta vazao,14,P_2044016,0.0,0.0
Alta vazao,14,P_2044024,0.0,0.0
Alta vazao,14,P_2044042,0.0,0.0
Alta vazao,14,P_2045002,0.0,0.0
Alta vazao,14,P_2046013,3.5,0.0
Alta vazao,14,Q_40032000,26.4291,8.034421391093696
Alta vazao,14,Q_40050000,278.49,0.0
Alta vazao,14,Q_40060001,14.1751,10.245720858790067
Alta vazao,14,Q_40100000,305.962,134.55103361235928
Alta vazao,14,Q_40185000,24.872,0.0
Alta vazao,14,Q_40330000,58.0662,-30.38744941380402
Alta vazao,14,Q_40800001,65.1853,0.0
Alta vazao,14,Q_40850000,102.997,0.0
Alta vazao,14,Q_40930000,37.5274,44.29333118299806
Alta vazao,15,P_1944059,0.0,0.0
Alta vazao,15,P_1944063,0.0,-16.08644291689649
Alta vazao,15,P_1945002,12.9,27.856878854897626
Alta vazao,15,P_1945008,0.0,-13.427756816547799
Alta vazao,15,P_1946000,2.0,0.0
Alta vazao,15,P_2044008,0.0,0.0
Alta vazao,15,P_2044016,1.0,0.0
Alta vazao,15,P_2044024,0.0,0.0
Alta vazao,15,P_2044042,0.0,0.0
Alta vazao,15,P_2045002,1.3,0.0
Alta vazao,15,P_2046013,42.5,44.97166817368591
Alta vazao,15,Q_40032000,31.5834,12.63447969430944
Alta vazao,15,Q_40050000,131.021,0.0
Alta vazao,15,Q_40060001,9.154,-15.952268067778634
Alta vazao,15,Q_40100000,440.057,317.14130076151923
Alta vazao,15,Q_40185000,59.5377,0.0
Alta vazao,15,Q_40330000,86.4646,0.0
Alta vazao,15,Q_40800001,149.398,10.229225250713752
Alta vazao,15,Q_40850000,179.548,74.76309248878458
Alta vazao,15,Q_40930000,44.6562,60.44684839613708
Alta vazao,16,P_1944059,48.6,61.108935512925974
Alta vazao,16,P_1944063,21.8,79.92280139783078
Alta vazao,16,P_1945002,19.9,47.519477905869905
Alta vazao,16,P_1945008,5.3,0.0
Alta vazao,16,P_1946000,0.0,0.0
Alta vazao,16,P_2044008,75.4,120.22690060037976
Alta vazao,16,P_2044016,3.5,0.0
Alta vazao,16,P_2044024,2.2,0.0
Alta vazao,16,P_2044042,0.8,0.0
Alta vazao,16,P_2045002,3.6,0.0
Alta vazao,16,P_2046013,25.6,0.0
Alta vazao,16,Q_40032000,32.7013,0.0
Alta vazao,16,Q_40050000,262.103,0.0
Alta vazao,16,Q_40060001,27.0586,92.69633739419199
Alta vazao,16,Q_40100000,470.11,359.79980799711177
Alta vazao,16,Q_40185000,53.5281,0.0
Alta vazao,16,Q_40330000,150.534,85.43427060653036
Alta vazao,16,Q_40800001,239.93,27.003619706166546
Alta vazao,16,Q_40850000,273.74,171.72291219554754
Alta vazao,16,Q_40930000,41.4836,60.101068947582434
Alta vazao,17,P_1944059,16.8,17.14819031921668
Alta vazao,17,P_1944063,5.0,0.0
Alta vazao,17,P_1945002,30.2,81.57245892852696
Alta vazao,17,P_1945008,0.0,0.0
Alta vazao,17,P_1946000,5.0,0.0
Alta vazao,17,P_2044008,4.0,0.0
Alta vazao,17,P_2044016,4.7,0.0
Alta vazao,17,P_2044024,5.4,0.0
Alta vazao,17,P_2044042,7.9,0.0
Alta vazao,17,P_2045002,0.3,0.0
Alta vazao,17,P_2046013,7.0,0.0
Alta vazao,17,Q_40032000,63.5165,68.08827339755763
Alta vazao,17,Q_40050000,562.099,27.913112947035227
Alta vazao,17,Q_40060001,35.6093,138.29629076270032
Alta vazao,17,Q_40100000,526.351,435.6942422010281
Alta vazao,17,Q_40185000,46.7052,0.0
Alta vazao,17,Q_40330000,142.264,71.01336001281658
Alta vazao,17,Q_40800001,126.382,6.012893801588575
Alta vazao,17,Q_40850000,157.79,51.19022374628179
Alta vazao,17,Q_40930000,68.9697,117.82974239738554
Alta vazao,18,P_1944059,0.0,0.0
Alta vazao,18,P_1944063,0.0,0.0
Alta vazao,18,P_1945002,6.9,5.774740577113168
Alta vazao,18,P_1945008,0.0,0.0
Alta vazao,18,P_1946000,0.0,2.0273782743086164
Alta vazao,18,P_2044008,5.1,0.0
Alta vazao,18,P_2044016,0.0,0.0
Alta vazao,18,P_2044024,4.6,0.0
Alta vazao,18,P_2044042,3.5,0.0
Alta vazao,18,P_2045002,7.3,0.0
Alta vazao,18,P_2046013,10.0,1.8437534223485272
Alta vazao,18,Q_40032000,39.9322,27.386807142037885
Alta vazao,18,Q_40050000,298.935,0.0
Alta vazao,18,Q_40060001,19.1727,34.857635289961685
Alta vazao,18,Q_40100000,611.796,545.0428150321462
Alta vazao,18,Q_40185000,56.5066,0.0
Alta vazao,18,Q_40330000,145.917,72.02464154472581
Alta vazao,18,Q_40800001,136.323,4.418223811617102
Alta vazao,18,Q_40850000,191.379,81.10383595126663
Alta vazao,18,Q_40930000,71.7027,125.2367211404866
Alta vazao,19,P_1944059,32.8,36.21857483982092
Alta vazao,19,P_1944063,0.0,-20.182388064258987
Alta vazao,19,P_1945002,18.9,33.6210862793725
Alta vazao,19,P_1945008,0.0,0.0
Alta vazao,19,P_1946000,10.4,0.0
Alta vazao,19,P_2044008,0.0,0.0
Alta vazao,19,P_2044016,34.8,27.608260653653865
Alta vazao,19,P_2044024,15.5,0.0
Alta vazao,19,P_2044042,1.3,0.0
Alta vazao,19,P_2045002,0.0,0.0
Alta vazao,19,P_2046013,3.5,0.0
Alta vazao,19,Q_40032000,13.8849,0.0
Alta vazao,19,Q_40050000,100.121,0.0
Alta vazao,19,Q_40060001,16.9352,18.86833941424928
Alta vazao,19,Q_40100000,219.434,9.083327303488376
Alta vazao,19,Q_40185000,54.5635,0.0
Alta vazao,19,Q_40330000,214.255,150.8107135553319
Alta vazao,19,Q_40800001,213.87,16.762817010557654
Alta vazao,19,Q_40850000,159.633,48.67780242281442
Alta vazao,19,Q_40930000,8.9307,-26.459012479017677
Alta vazao,20,P_1944059,0.0,0.0
Alta vazao,20,P_1944063,0.0,-20.428976732316645
Alta vazao,20,P_1945002,0.0,-15.440603780981291
Alta vazao,20,P_1945008,0.0,-16.051753610450252
Alta vazao,20,P_1946000,0.0,0.0
Alta vazao,20,P_2044008,0.0,0.0
Alta vazao,20,P_2044016,0.0,0.0
Alta vazao,20,P_2044024,0.0,0.0
Alta vazao,20,P_2044042,0.0,0.0
Alta vazao,20,P_2045002,0.7,0.0
Alta vazao,20,P_2046013,0.0,0.0
Alta vazao,20,Q_40032000,43.2411,36.25075299572558
Alta vazao,20,Q_40050000,330.461,0.0
Alta vazao,20,Q_40060001,29.1213,96.67055317608046
Alta vazao,20,Q_40100000,818.213,825.3341101250994
Alta vazao,20,Q_40185000,41.3322,0.0
Alta vazao,20,Q_40330000,161.832,95.19072906608088
Alta vazao,20,Q_40800001,163.794,11.642351048659695
Alta vazao,20,Q_40850000,248.598,139.0868539944823
Alta vazao,20,Q_40930000,42.3802,55.919811294257094
Alta vazao,21,P_1944059,1.6,0.0
Alta vazao,21,P_1944063,5.1,0.0
Alta vazao,21,P_1945002,101.8,263.7148196906119
Alta vazao,21,P_1945008,0.0,0.0
Alta vazao,21,P_1946000,22.3,-36.702489865162306
Alta vazao,21,P_2044008,2.0,0.0
Alta vazao,21,P_2044016,1.0,0.0
Alta vazao,21,P_2044024,1.8,0.0
Alta vazao,21,P_2044042,32.1,0.0
Alta vazao,21,P_2045002,16.7,0.0
Alta vazao,21,P_2046013,17.2,0.0
Alta vazao,21,Q_40032000,34.9701,18.704088428211463
Alta vazao,21,Q_40050000,303.218,0.0
Alta vazao,21,Q_40060001,31.8833,116.57399623109835
Alta vazao,21,Q_40100000,533.042,444.4530036988839
Alta vazao,21,Q_40185000,214.88,-43.62410781762059
Alta vazao,21,Q_40330000,343.079,325.5224479055978
Alta vazao,21,Q_40800001,185.236,14.894928230586833
Alta vazao,21,Q_40850000,360.589,253.92438238244603
Alta vazao,21,Q_40930000,221.243,477.8947655279212
Alta vazao,22,P_1944059,2.8,0.0
Alta vazao,22,P_1944063,13.4,34.380234557556314
Alta vazao,22,P_1945002,8.6,0.0
Alta vazao,22,P_1945008,75.2,192.83555674452387
Alta vazao,22,P_1946000,28.0,0.0
Alta vazao,22,P_2044008,15.0,0.0
Alta vazao,22,P_2044016,19.0,0.0
Alta vazao,22,P_2044024,4.0,0.0
Alta vazao,22,P_2044042,0.4,0.0
Alta vazao,22,P_2045002,48.0,21.812016556642448
Alta vazao,22,P_2046013,19.2,0.0
Alta vazao,22,Q_40032000,133.207,160.18838782029542
Alta vazao,22,Q_40050000,299.545,0.0
Alta vazao,22,Q_40060001,27.6886,94.11848037821214
Alta vazao,22,Q_40100000,463.822,345.8299334909176
Alta vazao,22,Q_40185000,53.5281,0.0
Alta vazao,22,Q_40330000,192.42,138.92980512586223
Alta vazao,22,Q_40800001,270.989,35.48895007426404
Alta vazao,22,Q_40850000,283.141,185.25877969509003
Alta vazao,22,Q_40930000,35.4304,39.85634133639818
Alta vazao,23,P_1944059,0.0,0.0
Alta vazao,23,P_1944063,0.0,-20.05276619426318
Alta vazao,23,P_1945002,6.8,8.47683478173535
Alta vazao,23,P_1945008,0.0,-15.515217768170054
Alta vazao,23,P_1946000,0.0,4.587988630308223
Alta vazao,23,P_2044008,0.0,0.0
Alta vazao,23,P_2044016,0.0,0.0
Alta vazao,23,P_2044024,0.0,0.0
Alta vazao,23,P_2044042,0.0,0.0
Alta vazao,23,P_2045002,0.0,0.0
Alta vazao,23,P_2046013,0.0,0.0
Alta vazao,23,Q_40032000,22.048,0.0
Alta vazao,23,Q_40050000,259.796,0.0
Alta vazao,23,Q_40060001,17.0643,25.079839152527445
Alta vazao,23,Q_40100000,801.706,802.6849884648686
Alta vazao,23,Q_40185000,52.5471,-11.521966611635651
Alta vazao,23,Q_40330000,107.688,29.050626558251302
Alta vazao,23,Q_40800001,62.8506,0.0
Alta vazao,23,Q_40850000,107.63,4.024610362072849
Alta vazao,23,Q_40930000,29.2588,23.49438824781725
Alta vazao,24,P_1944059,26.0,0.0
Alta vazao,24,P_1944063,17.6,49.19088540219301
Alta vazao,24,P_1945002,13.9,0.0
Alta vazao,24,P_1945008,16.4,33.65665197891237
Alta vazao,24,P_1946000,0.0,0.0
Alta vazao,24,P_2044008,25.4,38.30619419869005
Alta vazao,24,P_2044016,21.4,0.0
Alta vazao,24,P_2044024,38.0,0.0
Alta vazao,24,P_2044042,52.1,0.0
Alta vazao,24,P_2045002,22.7,0.0
Alta vazao,24,P_2046013,60.0,45.01322980655568
Alta vazao,24,Q_40032000,104.641,103.24112898463117
Alta vazao,24,Q_40050000,369.105,0.0
Alta vazao,24,Q_40060001,16.1669,28.883521848725195
Alta vazao,24,Q_40100000,463.822,352.8154353060263
Alta vazao,24,Q_40185000,52.5471,0.0
Alta vazao,24,Q_40330000,234.762,198.25102768761496
Alta vazao,24,Q_40800001,327.698,52.75779653110423
Alta vazao,24,Q_40850000,359.276,266.13095387905946
Alta vazao,24,Q_40930000,25.9877,0.0
Alta vazao,25,P_1944059,1.0,0.0
Alta vazao,25,P_1944063,0.0,0.0
Alta vazao,25,P_1945002,18.1,39.469293728930225
Alta vazao,25,P_1945008,10.9,17.973789324322777
Alta vazao,25,P_1946000,56.2,-75.71783235066948
Alta vazao,25,P_2044008,0.0,0.0
Alta vazao,25,P_2044016,6.7,0.0
Alta vazao,25,P_2044024,5.6,0.0
Alta vazao,25,P_2044042,9.2,0.0
Alta vazao,25,P_2045002,3.0,0.0
Alta vazao,25,P_2046013,12.5,0.0
Alta vazao,25,Q_40032000,57.5239,52.87575650982973
Alta vazao,25,Q_40050000,448.855,0.0
Alta vazao,25,Q_40060001,22.9178,55.797162163421405
Alta vazao,25,Q_40100000,457.577,322.7950929768969
Alta vazao,25,Q_40185000,108.27,0.0
Alta vazao,25,Q_40330000,203.747,135.17933059925838
Alta vazao,25,Q_40800001,219.512,15.375968060152276
Alta vazao,25,Q_40850000,214.96,98.77133780262956
Alta vazao,25,Q_40930000,35.3497,31.311643605615348
Alta vazao,26,P_1944059,4.6,0.0
Alta vazao,26,P_1944063,3.0,0.0
Alta vazao,26,P_1945002,0.0,0.0
Alta vazao,26,P_1945008,0.0,0.0
Alta vazao,26,P_1946000,4.2,0.0
Alta vazao,26,P_2044008,23.3,29.854146806653333
Alta vazao,26,P_2044016,23.5,25.358474596674853
Alta vazao,26,P_2044024,12.8,0.0
Alta vazao,26,P_2044042,13.7,0.0
Alta vazao,26,P_2045002,5.5,0.0
Alta vazao,26,P_2046013,30.0,28.466909609857904
Alta vazao,26,Q_40032000,24.5977,0.0
Alta vazao,26,Q_40050000,223.488,0.0
Alta vazao,26,Q_40060001,20.8046,43.3026554928011
Alta vazao,26,Q_40100000,360.636,201.59718287784557
Alta vazao,26,Q_40185000,90.2042,-25.026757146603185
Alta vazao,26,Q_40330000,174.417,106.4740019414254
Alta vazao,26,Q_40800001,202.064,11.229108941967242
Alta vazao,26,Q_40850000,285.512,169.71544330480953
Alta vazao,26,Q_40930000,11.1637,-19.816015606607266
Alta vazao,27,P_1944059,0.0,0.0
Alta vazao,27,P_1944063,0.0,-19.433706411407446
Alta vazao,27,P_1945002,0.0,-14.295716805313463
Alta vazao,27,P_1945008,0.0,-15.094717739577959
Alta vazao,27,P_1946000,0.0,0.0
Alta vazao,27,P_2044008,0.0,0.0
Alta vazao,27,P_2044016,0.0,0.0
Alta vazao,27,P_2044024,0.0,0.0
Alta vazao,27,P_2044042,0.0,0.0
Alta vazao,27,P_2045002,0.0,0.0
Alta vazao,27,P_2046013,1.5,0.0
Alta vazao,27,Q_40032000,37.5737,26.33511748935646
Alta vazao,27,Q_40050000,525.902,18.12339442667548
Alta vazao,27,Q_40060001,19.5767,41.36113221256631
Alta vazao,27,Q_40100000,517.494,414.02552511334204
Alta vazao,27,Q_40185000,41.3322,0.0
Alta vazao,27,Q_40330000,128.875,53.475161099228885
Alta vazao,27,Q_40800001,104.621,0.0
Alta vazao,27,Q_40850000,130.404,24.952829878042706
Alta vazao,27,Q_40930000,57.0135,89.7670446418491
Alta vazao,28,P_1944059,0.0,0.0
Alta vazao,28,P_1944063,0.0,-18.715237067808882
Alta vazao,28,P_1945002,8.6,15.54887542612692
Alta vazao,28,P_1945008,0.0,-14.437651672050931
Alta vazao,28,P_1946000,0.0,5.318683418889171
Alta vazao,28,P_2044008,0.2,0.0
Alta vazao,28,P_2044016,0.0,0.0
Alta vazao,28,P_2044024,0.0,0.0
Alta vazao,28,P_2044042,0.2,0.0
Alta vazao,28,P_2045002,0.0,0.0
Alta vazao,28,P_2046013,0.0,-6.003457590945914
Alta vazao,28,Q_40032000,29.1092,10.850305409282324
Alta vazao,28,Q_40050000,213.302,0.0
Alta vazao,28,Q_40060001,12.037,0.0
Alta vazao,28,Q_40100000,504.348,404.3008307450945
Alta vazao,28,Q_40185000,24.3159,0.0
Alta vazao,28,Q_40330000,107.688,29.893936692403297
Alta vazao,28,Q_40800001,62.4796,0.0
Alta vazao,28,Q_40850000,164.283,59.866225705387485
Alta vazao,28,Q_40930000,37.1612,43.47245908838431
Alta vazao,29,P_1944059,0.0,0.0
Alta vazao,29,P_1944063,0.0,-18.248302124637366
Alta vazao,29,P_1945002,0.0,-13.466410417044495
Alta vazao,29,P_1945008,0.0,-14.366978026216948
Alta vazao,29,P_1946000,3.5,0.0
Alta vazao,29,P_2044008,0.0,0.0
Alta vazao,29,P_2044016,1.7,0.0
Alta vazao,29,P_2044024,0.8,0.0
Alta vazao,29,P_2044042,2.4,0.0
Alta vazao,29,P_2045002,0.0,0.0
Alta vazao,29,P_2046013,0.0,-6.000895534915969
Alta vazao,29,Q_40032000,21.9436,0.0
Alta vazao,29,Q_40050000,157.027,0.0
Alta vazao,29,Q_40060001,18.1087,29.922348772943046
Alta vazao,29,Q_40100000,281.648,102.5867981329306
Alta vazao,29,Q_40185000,47.35,-8.768726496958877
Alta vazao,29,Q_40330000,175.399,112.86972332617773
Alta vazao,29,Q_40800001,98.3246,0.0
Alta vazao,29,Q_40850000,149.607,45.89713713901913
Alta vazao,29,Q_40930000,36.4721,41.410509758465295
Alta vazao,30,P_1944059,9.2,0.0
Alta vazao,30,P_1944063,3.2,0.0
Alta vazao,30,P_1945002,8.9,10.409267834801778
Alta vazao,30,P_1945008,0.0,-11.712676473745006
Alta vazao,30,P_1946000,5.2,0.0
Alta vazao,30,P_2044008,25.0,33.18190352703657
Alta vazao,30,P_2044016,43.4,59.30121237543903
Alta vazao,30,P_2044024,7.3,0.0
Alta vazao,30,P_2044042,5.5,0.0
Alta vazao,30,P_2045002,0.5,0.0
Alta vazao,30,P_2046013,0.0,0.0
Alta vazao,30,Q_40032000,15.8581,0.0
Alta vazao,30,Q_40050000,99.4563,0.0
Alta vazao,30,Q_40060001,17.584,29.984085171137608
Alta vazao,30,Q_40100000,118.48,-115.71287022354623
Alta vazao,30,Q_40185000,25.4912,0.0
Alta vazao,30,Q_40330000,92.908,11.742255294818682
Alta vazao,30,Q_40800001,129.529,9.709327726378264
Alta vazao,30,Q_40850000,138.122,34.67282074824016
Alta vazao,30,Q_40930000,9.5841,-22.851754751579872
Alta vazao,31,P_1944059,0.0,0.0
Alta vazao,31,P_1944063,0.0,-18.484424742304608
Alta vazao,31,P_1945002,0.0,-13.514186555422764
Alta vazao,31,P_1945008,0.0,-14.43421248762138
Alta vazao,31,P_1946000,0.0,5.681169672876024
Alta vazao,31,P_2044008,0.0,0.0
Alta vazao,31,P_2044016,0.0,0.0
Alta vazao,31,P_2044024,0.0,0.0
Alta vazao,31,P_2044042,0.0,0.0
Alta vazao,31,P_2045002,0.0,0.0
Alta vazao,31,P_2046013,0.0,-6.03399010145355
Alta vazao,31,Q_40032000,27.7599,10.245337237155699
Alta vazao,31,Q_40050000,263.84,0.0
Alta vazao,31,Q_40060001,12.5024,0.0
Alta vazao,31,Q_40100000,533.042,440.88364250430635
Alta vazao,31,Q_40185000,22.1329,0.0
Alta vazao,31,Q_40330000,90.0237,8.092032015457866
Alta vazao,31,Q_40800001,55.104,0.0
Alta vazao,31,Q_40850000,89.6288,-12.585646332045638
Alta vazao,31,Q_40930000,45.5152,63.56946769381427
Alta vazao,32,P_1944059,3.0,0.0
Alta vazao,32,P_1944063,1.6,-7.156810309618308
Alta vazao,32,P_1945002,12.1,21.269479106332906
Alta vazao,32,P_1945008,0.0,-11.384466731542792
Alta vazao,32,P_1946000,42.0,-34.05522626718228
Alta vazao,32,P_2044008,7.0,0.0
Alta vazao,32,P_2044016,0.4,0.0
Alta vazao,32,P_2044024,0.0,0.0
Alta vazao,32,P_2044042,1.9,0.0
Alta vazao,32,P_2045002,24.5,15.573798699703053
Alta vazao,32,P_2046013,9.6,0.0
Alta vazao,32,Q_40032000,18.5825,0.0
Alta vazao,32,Q_40050000,111.736,0.0
Alta vazao,32,Q_40060001,19.0386,31.25254393734625
Alta vazao,32,Q_40100000,116.935,-115.06493559258567
Alta vazao,32,Q_40185000,34.4404,0.0
Alta vazao,32,Q_40330000,123.66,47.903018807076734
Alta vazao,32,Q_40800001,105.184,0.0
Alta vazao,32,Q_40850000,245.25,138.42369009778835
Alta vazao,32,Q_40930000,9.2565,-20.43211280349353
Alta vazao,33,P_1944059,0.0,0.0
Alta vazao,33,P_1944063,0.0,0.0
Alta vazao,33,P_1945002,0.0,0.0
Alta vazao,33,P_1945008,0.0,0.0
Alta vazao,33,P_1946000,0.0,3.6710016515457884
Alta vazao,33,P_2044008,0.0,0.0
Alta vazao,33,P_2044016,0.0,0.0
Alta vazao,33,P_2044024,1.6,0.0
Alta vazao,33,P_2044042,0.0,0.0
Alta vazao,33,P_2045002,0.0,0.0
Alta vazao,33,P_2046013,20.0,15.851334385729727
Alta vazao,33,Q_40032000,28.8379,8.130775417817514
Alta vazao,33,Q_40050000,373.775,0.0
Alta vazao,33,Q_40060001,28.3228,87.82701597273461
Alta vazao,33,Q_40100000,616.595,550.4207006915873
Alta vazao,33,Q_40185000,65.7535,-23.48257871593114
Alta vazao,33,Q_40330000,289.759,244.8485927999424
Alta vazao,33,Q_40800001,230.611,12.736566951986658
Alta vazao,33,Q_40850000,274.908,156.66558575877195
Alta vazao,33,Q_40930000,124.787,251.12006703745263
Alta vazao,34,P_1944059,0.0,0.0
Alta vazao,34,P_1944063,0.0,-20.444000849926752
Alta vazao,34,P_1945002,0.0,-15.949983478652939
Alta vazao,34,P_1945008,0.0,-15.593959131641945
Alta vazao,34,P_1946000,0.0,0.0
Alta vazao,34,P_2044008,0.0,0.0
Alta vazao,34,P_2044016,0.0,0.0
Alta vazao,34,P_2044024,0.0,0.0
Alta vazao,34,P_2044042,0.0,0.0
Alta vazao,34,P_2045002,0.0,0.0
Alta vazao,34,P_2046013,0.0,0.0
Alta vazao,34,Q_40032000,38.7478,27.41476885348991
Alta vazao,34,Q_40050000,291.36,0.0
Alta vazao,34,Q_40060001,26.5888,81.54793854554971
Alta vazao,34,Q_40100000,815.45,821.3203577849421
Alta vazao,34,Q_40185000,41.3322,0.0
Alta vazao,34,Q_40330000,147.758,77.72553847098966
Alta vazao,34,Q_40800001,156.013,10.906997280687476
Alta vazao,34,Q_40850000,226.654,118.2639662470423
Alta vazao,34,Q_40930000,39.7141,49.39760912759529
Alta vazao,35,P_1944059,0.0,0.0
Alta vazao,35,P_1944063,0.0,-18.71525018502839
Alta vazao,35,P_1945002,13.9,31.532477784301214
Alta vazao,35,P_1945008,0.0,-14.329719128984554
Alta vazao,35,P_1946000,10.6,-12.868500576260137
Alta vazao,35,P_2044008,0.0,0.0
Alta vazao,35,P_2044016,0.0,0.0
Alta vazao,35,P_2044024,0.0,0.0
Alta vazao,35,P_2044042,0.0,0.0
Alta vazao,35,P_2045002,0.0,0.0
Alta vazao,35,P_2046013,0.0,0.0
Alta vazao,35,Q_40032000,17.0934,0.0
Alta vazao,35,Q_40050000,146.918,0.0
Alta vazao,35,Q_40060001,18.3729,30.074866179377203
Alta vazao,35,Q_40100000,281.648,101.79278040213676
Alta vazao,35,Q_40185000,42.8736,-7.529407148302397
Alta vazao,35,Q_40330000,151.464,82.97571570359932
Alta vazao,35,Q_40800001,78.7687,0.0
Alta vazao,35,Q_40850000,109.979,6.769489388714458
Alta vazao,35,Q_40930000,22.3965,7.348206211771261
Alta vazao,36,P_1944059,0.0,0.0
Alta vazao,36,P_1944063,9.0,16.436530830252504
Alta vazao,36,P_1945002,0.0,-12.739919772908223
Alta vazao,36,P_1945008,0.0,-13.434614152289793
Alta vazao,36,P_1946000,5.1,0.0
Alta vazao,36,P_2044008,0.0,0.0
Alta vazao,36,P_2044016,18.3,16.91213616230795
Alta vazao,36,P_2044024,53.1,40.56179989458618
Alta vazao,36,P_2044042,5.5,0.0
Alta vazao,36,P_2045002,13.1,0.0
Alta vazao,36,P_2046013,2.0,0.0
Alta vazao,36,Q_40032000,15.0559,0.0
Alta vazao,36,Q_40050000,90.686,0.0
Alta vazao,36,Q_40060001,15.7871,14.178981625377304
Alta vazao,36,Q_40100000,173.61,-46.886425006649176
Alta vazao,36,Q_40185000,46.8777,0.0
Alta vazao,36,Q_40330000,172.458,100.84010067591184
Alta vazao,36,Q_40800001,127.588,0.0
Alta vazao,36,Q_40850000,227.731,112.14259286666788
Alta vazao,36,Q_40930000,9.9136,-22.43556111302552
Alta vazao,37,P_1944059,0.0,0.0
Alta vazao,37,P_1944063,1.8,0.0
Alta vazao,37,P_1945002,45.8,134.5865886171065
Alta vazao,37,P_1945008,0.0,0.0
Alta vazao,37,P_1946000,0.0,0.0
Alta vazao,37,P_2044008,0.0,0.0
Alta vazao,37,P_2044016,0.0,0.0
Alta vazao,37,P_2044024,0.0,0.0
Alta vazao,37,P_2044042,0.0,0.0
Alta vazao,37,P_2045002,0.0,0.0
Alta vazao,37,P_2046013,0.0,0.0
Alta vazao,37,Q_40032000,83.9115,111.47185237458035
Alta vazao,37,Q_40050000,440.235,3.0287153491130994
Alta vazao,37,Q_40060001,19.4417,38.42402178751566
Alta vazao,37,Q_40100000,546.55,451.2455555930032
Alta vazao,37,Q_40185000,195.756,-69.86045835417426
Alta vazao,37,Q_40330000,878.446,945.6851874212355
Alta vazao,37,Q_40800001,409.272,33.65464080823966
Alta vazao,37,Q_40850000,850.526,695.2921710066884
Alta vazao,37,Q_40930000,85.6339,152.28337035614186
Alta vazao,38,P_1944059,27.4,22.80337839588423
Alta vazao,38,P_1944063,7.2,8.13212503700096
Alta vazao,38,P_1945002,0.0,0.0
Alta vazao,38,P_1945008,4.9,0.0
Alta vazao,38,P_1946000,1.5,0.0
Alta vazao,38,P_2044008,0.0,0.0
Alta vazao,38,P_2044016,0.0,0.0
Alta vazao,38,P_2044024,13.7,0.0
Alta vazao,38,P_2044042,38.5,0.0
Alta vazao,38,P_2045002,45.1,34.346436685822354
Alta vazao,38,P_2046013,8.0,0.0
Alta vazao,38,Q_40032000,25.5314,1.652389803452877
Alta vazao,38,Q_40050000,150.521,0.0
Alta vazao,38,Q_40060001,13.932,6.369445456340445
Alta vazao,38,Q_40100000,314.505,133.00446423069604
Alta vazao,38,Q_40185000,24.8498,0.0
Alta vazao,38,Q_40330000,91.4617,8.136965612238736
Alta vazao,38,Q_40800001,116.981,8.069666213343398
Alta vazao,38,Q_40850000,135.528,29.032228113473625
Alta vazao,38,Q_40930000,11.928,-16.88395312395923
Alta vazao,39,P_1944059,0.0,0.0
Alta vazao,39,P_1944063,0.0,-19.057104391900147
Alta vazao,39,P_1945002,0.0,-13.251501345859616
Alta vazao,39,P_1945008,0.0,-14.70476938637064
Alta vazao,39,P_1946000,0.0,5.566987095975016
Alta vazao,39,P_2044008,0.0,0.0
Alta vazao,39,P_2044016,0.0,0.0
Alta vazao,39,P_2044024,0.0,0.0
Alta vazao,39,P_2044042,0.0,0.0
Alta vazao,39,P_2045002,0.0,0.0
Alta vazao,39,P_2046013,0.0,-5.829683361242132
Alta vazao,39,Q_40032000,28.8379,11.28860176867547
Alta vazao,39,Q_40050000,248.951,0.0
Alta vazao,39,Q_40060001,12.6196,0.0
Alta vazao,39,Q_40100000,519.701,423.27063508861914
Alta vazao,39,Q_40185000,31.2506,0.0
Alta vazao,39,Q_40330000,128.0,54.92265899862945
Alta vazao,39,Q_40800001,105.635,0.0
Alta vazao,39,Q_40850000,185.423,80.1842257379014
Alta vazao,39,Q_40930000,37.8949,45.38839163002181
Alta vazao,40,P_1944059,25.0,0.0
Alta vazao,40,P_1944063,24.3,101.81111760888722
Alta vazao,40,P_1945002,18.5,47.19181080971948
Alta vazao,40,P_1945008,0.0,0.0
Alta vazao,40,P_1946000,0.0,0.0
Alta vazao,40,P_2044008,4.9,0.0
Alta vazao,40,P_2044016,11.1,0.0
Alta vazao,40,P_2044024,16.6,0.0
Alta vazao,40,P_2044042,5.9,0.0
Alta vazao,40,P_2045002,3.9,0.0
Alta vazao,40,P_2046013,6.2,0.0
Alta vazao,40,Q_40032000,66.2844,81.22261386509467
Alta vazao,40,Q_40050000,684.885,27.267433640786894
Alta vazao,40,Q_40060001,48.869,219.84816520138315
Alta vazao,40,Q_40100000,779.954,777.6414984116805
Alta vazao,40,Q_40185000,61.587,0.0
Alta vazao,40,Q_40330000,394.037,374.03655989355167
Alta vazao,40,Q_40800001,294.254,26.637032614363306
Alta vazao,40,Q_40850000,551.679,425.55482743842316
Alta vazao,40,Q_40930000,142.61,296.73852492868554
Alta vazao,41,P_1944059,31.4,21.576318353095736
Alta vazao,41,P_1944063,0.8,0.0
Alta vazao,41,P_1945002,0.0,0.0
Alta vazao,41,P_1945008,30.0,55.07797294000078
Alta vazao,41,P_1946000,28.2,0.0
Alta vazao,41,P_2044008,47.4,60.45035105272009
Alta vazao,41,P_2044016,30.2,18.241866015838923
Alta vazao,41,P_2044024,0.8,0.0
Alta vazao,41,P_2044042,30.8,0.0
Alta vazao,41,P_2045002,23.3,4.216168397323997
Alta vazao,41,P_2046013,26.9,11.726989083061072
Alta vazao,41,Q_40032000,19.0173,0.0
Alta vazao,41,Q_40050000,96.8183,0.0
Alta vazao,41,Q_40060001,13.932,0.0
Alta vazao,41,Q_40100000,123.166,-118.84063524819685
Alta vazao,41,Q_40185000,33.7124,0.0
Alta vazao,41,Q_40330000,121.083,40.5470285064788
Alta vazao,41,Q_40800001,152.182,10.947581879037298
Alta vazao,41,Q_40850000,143.374,36.137718335558624
Alta vazao,41,Q_40930000,9.9136,0.0
Alta vazao,42,P_1944059,0.0,0.0
Alta vazao,42,P_1944063,0.0,0.0
Alta vazao,42,P_1945002,26.4,65.0179732405199
Alta vazao,42,P_1945008,11.3,18.657076170147466
Alta vazao,42,P_1946000,0.0,0.0
Alta vazao,42,P_2044008,10.2,0.0
Alta vazao,42,P_2044016,28.0,17.5322954836985
Alta vazao,42,P_2044024,1.6,0.0
Alta vazao,42,P_2044042,2.4,0.0
Alta vazao,42,P_2045002,0.0,0.0
Alta vazao,42,P_2046013,9.5,0.0
Alta vazao,42,Q_40032000,33.2644,13.848546903756922
Alta vazao,42,Q_40050000,310.619,0.0
Alta vazao,42,Q_40060001,32.048,112.15890259451865
Alta vazao,42,Q_40100000,539.776,443.03031180414325
Alta vazao,42,Q_40185000,167.119,0.0
Alta vazao,42,Q_40330000,432.72,415.59917067619097
Alta vazao,42,Q_40800001,221.163,8.951026782249073
Alta vazao,42,Q_40850000,426.022,296.95992200531373
Alta vazao,42,Q_40930000,175.506,377.8310775020362
Alta vazao,43,P_1944059,2.0,0.0
Alta vazao,43,P_1944063,12.0,23.315883773593935
Alta vazao,43,P_1945002,0.0,0.0
Alta vazao,43,P_1945008,34.1,79.06267968535629
Alta vazao,43,P_1946000,2.2,0.0
Alta vazao,43,P_2044008,0.0,0.0
Alta vazao,43,P_2044016,28.7,26.760584289659676
Alta vazao,43,P_2044024,14.9,0.0
Alta vazao,43,P_2044042,22.0,-12.384221019488223
Alta vazao,43,P_2045002,7.2,0.0
Alta vazao,43,P_2046013,8.1,0.0
Alta vazao,43,Q_40032000,19.4562,0.0
Alta vazao,43,Q_40050000,93.2452,0.0
Alta vazao,43,Q_40060001,13.45,7.8470955239913485
Alta vazao,43,Q_40100000,144.325,-83.43875326426512
Alta vazao,43,Q_40185000,30.8655,0.0
Alta vazao,43,Q_40330000,110.981,36.13304225072228
Alta vazao,43,Q_40800001,201.26,26.26013338518767
Alta vazao,43,Q_40850000,149.607,48.973693114030034
Alta vazao,43,Q_40930000,7.0195,-28.389452251994435
Alta vazao,44,P_1944059,15.8,6.275580222941812
Alta vazao,44,P_1944063,27.5,100.43456046188044
Alta vazao,44,P_1945002,12.3,20.070158931454348
Alta vazao,44,P_1945008,1.2,0.0
Alta vazao,44,P_1946000,50.1,0.0
Alta vazao,44,P_2044008,3.2,0.0
Alta vazao,44,P_2044016,18.8,8.271951296306872
Alta vazao,44,P_2044024,2.0,0.0
Alta vazao,44,P_2044042,0.0,0.0
Alta vazao,44,P_2045002,2.4,0.0
Alta vazao,44,P_2046013,10.0,0.0
Alta vazao,44,Q_40032000,42.6339,24.32324950699219
Alta vazao,44,Q_40050000,280.27,0.0
Alta vazao,44,Q_40060001,21.916,51.85366038533494
Alta vazao,44,Q_40100000,611.796,546.6786910640247
Alta vazao,44,Q_40185000,53.5281,0.0
Alta vazao,44,Q_40330000,152.395,80.15372182415577
Alta vazao,44,Q_40800001,172.765,0.0
Alta vazao,44,Q_40850000,207.658,93.41655620346289
Alta vazao,44,Q_40930000,57.2685,85.2840765863333
Alta vazao,45,P_1944059,13.8,0.0
Alta vazao,45,P_1944063,14.5,42.28009383474964
Alta vazao,45,P_1945002,13.5,25.639592486428455
Alta vazao,45,P_1945008,0.0,0.0
Alta vazao,45,P_1946000,2.3,0.0
Alta vazao,45,P_2044008,46.0,74.30620133403302
Alta vazao,45,P_2044016,64.3,102.64718056962492
Alta vazao,45,P_2044024,57.2,27.23196140307464
Alta vazao,45,P_2044042,57.7,0.0
Alta vazao,45,P_2045002,12.1,0.0
Alta vazao,45,P_2046013,14.9,0.0
Alta vazao,45,Q_40032000,34.9701,0.0
Alta vazao,45,Q_40050000,259.796,0.0
Alta vazao,45,Q_40060001,16.6778,28.190513088850807
Alta vazao,45,Q_40100000,546.55,447.8083306069196
Alta vazao,45,Q_40185000,100.914,0.0
Alta vazao,45,Q_40330000,343.079,316.32780637319183
Alta vazao,45,Q_40800001,273.087,29.099437528314056
Alta vazao,45,Q_40850000,255.351,148.38636269520055
Alta vazao,45,Q_40930000,28.2351,0.0
Alta vazao,46,P_1944059,1.2,0.0
Alta vazao,46,P_1944063,3.0,0.0
Alta vazao,46,P_1945002,0.0,-12.170537082760026
Alta vazao,46,P_1945008,0.0,-13.673259731109747
Alta vazao,46,P_1946000,0.0,0.0
Alta vazao,46,P_2044008,0.6,0.0
Alta vazao,46,P_2044016,0.3,0.0
Alta vazao,46,P_2044024,0.0,0.0
Alta vazao,46,P_2044042,1.1,0.0
Alta vazao,46,P_2045002,28.9,17.408750535542246
Alta vazao,46,P_2046013,4.5,0.0
Alta vazao,46,Q_40032000,16.2656,-6.736240067227779
Alta vazao,46,Q_40050000,140.224,0.0
Alta vazao,46,Q_40060001,10.1233,-12.314247223225866
Alta vazao,46,Q_40100000,126.331,-106.81135781435849
Alta vazao,46,Q_40185000,38.1779,0.0
Alta vazao,46,Q_40330000,135.954,59.006463735489525
Alta vazao,46,Q_40800001,196.044,18.065032214136977
Alta vazao,46,Q_40850000,155.041,47.868660729522134
Alta vazao,46,Q_40930000,9.5841,-22.492386938121758
Alta vazao,47,P_1944059,0.0,0.0
Alta vazao,47,P_1944063,0.0,-17.77783420206207
Alta vazao,47,P_1945002,0.0,-12.82312861636858
Alta vazao,47,P_1945008,0.0,-13.476764987761136
Alta vazao,47,P_1946000,0.0,0.0
Alta vazao,47,P_2044008,0.0,0.0
Alta vazao,47,P_2044016,0.0,0.0
Alta vazao,47,P_2044024,0.0,0.0
Alta vazao,47,P_2044042,0.0,0.0
Alta vazao,47,P_2045002,0.0,0.0
Alta vazao,47,P_2046013,0.0,-5.0972995711736075
Alta vazao,47,Q_40032000,14.9066,-7.31455829681871
Alta vazao,47,Q_40050000,150.351,0.0
Alta vazao,47,Q_40060001,11.1233,-5.880726394102881
Alta vazao,47,Q_40100000,360.636,207.51293368369357
Alta vazao,47,Q_40185000,36.1772,0.0
Alta vazao,47,Q_40330000,110.154,33.57386957748383
Alta vazao,47,Q_40800001,116.431,0.0
Alta vazao,47,Q_40850000,191.379,86.53327256315701
Alta vazao,47,Q_40930000,9.4055,-22.202889304410164
Alta vazao,48,P_1944059,0.0,0.0
Alta vazao,48,P_1944063,1.6,0.0
Alta vazao,48,P_1945002,0.0,0.0
Alta vazao,48,P_1945008,42.3,124.61823961441517
Alta vazao,48,P_1946000,0.0,2.113627589579569
Alta vazao,48,P_2044008,0.0,0.0
Alta vazao,48,P_2044016,0.4,0.0
Alta vazao,48,P_2044024,5.3,0.0
Alta vazao,48,P_2044042,39.0,0.0
Alta vazao,48,P_2045002,0.0,0.0
Alta vazao,48,P_2046013,21.3,13.265136738247953
Alta vazao,48,Q_40032000,25.1171,4.014945388144733
Alta vazao,48,Q_40050000,204.356,0.0
Alta vazao,48,Q_40060001,17.9771,30.41834056959554
Alta vazao,48,Q_40100000,530.807,433.2747122994903
Alta vazao,48,Q_40185000,58.5215,-15.622445688170274
Alta vazao,48,Q_40330000,256.588,210.37303329074766
Alta vazao,48,Q_40800001,157.121,7.552546574313132
Alta vazao,48,Q_40850000,272.574,160.84318143464844
Alta vazao,48,Q_40930000,18.4181,0.0
Alta vazao,49,P_1944059,0.0,0.0
Alta vazao,49,P_1944063,0.0,-19.983977960053803
Alta vazao,49,P_1945002,0.0,-14.29106611494501
Alta vazao,49,P_1945008,0.0,-15.738425811509417
Alta vazao,49,P_1946000,0.0,5.77913883667861
Alta vazao,49,P_2044008,0.0,0.0
Alta vazao,49,P_2044016,0.0,0.0
Alta vazao,49,P_2044024,0.0,0.0
Alta vazao,49,P_2044042,0.0,0.0
Alta vazao,49,P_2045002,0.0,0.0
Alta vazao,49,P_2046013,0.0,0.0
Alta vazao,49,Q_40032000,71.9101,83.69970530246864
Alta vazao,49,Q_40050000,282.651,0.0
Alta vazao,49,Q_40060001,16.2942,21.408522200283
Alta vazao,49,Q_40100000,528.577,433.4014210696211
Alta vazao,49,Q_40185000,41.9921,0.0
Alta vazao,49,Q_40330000,140.45,68.49252081415464
Alta vazao,49,Q_40800001,82.9645,0.0
Alta vazao,49,Q_40850000,155.955,50.07215743966973
Alta vazao,49,Q_40930000,39.7521,49.32846070651981
Alta vazao,50,P_1944059,25.0,19.343912512029274
Alta vazao,50,P_1944063,6.2,0.0
Alta vazao,50,P_1945002,0.0,0.0
Alta vazao,50,P_1945008,0.0,0.0
Alta vazao,50,P_1946000,15.0,0.0
Alta vazao,50,P_2044008,23.6,25.464568127519748
Alta vazao,50,P_2044016,25.2,18.94749159954678
Alta vazao,50,P_2044024,16.0,0.0
Alta vazao,50,P_2044042,35.9,0.0
Alta vazao,50,P_2045002,11.7,0.0
Alta vazao,50,P_2046013,16.1,0.0
Alta vazao,50,Q_40032000,90.7217,100.30316590372998
Alta vazao,50,Q_40050000,440.95,16.269319304487706
Alta vazao,50,Q_40060001,16.1669,16.99185526872941
Alta vazao,50,Q_40100000,373.17,208.8138642528682
Alta vazao,50,Q_40185000,124.779,0.0
Alta vazao,50,Q_40330000,185.34,118.14291959968777
Alta vazao,50,Q_40800001,201.607,0.0
Alta vazao,50,Q_40850000,129.559,20.64830182093444
Alta vazao,50,Q_40930000,44.7304,51.72059715585393
Alta vazao,51,P_1944059,0.0,0.0
Alta vazao,51,P_1944063,0.0,-16.594319270626972
Alta vazao,51,P_1945002,8.1,14.290259949618255
Alta vazao,51,P_1945008,0.0,-12.637346889403048
Alta vazao,51,P_1946000,8.7,-8.260756110307188
Alta vazao,51,P_2044008,0.0,-4.073044300569904
Alta vazao,51,P_2044016,0.0,0.0
Alta vazao,51,P_2044024,0.0,0.0
Alta vazao,51,P_2044042,0.0,0.0
Alta vazao,51,P_2045002,0.0,0.0
Alta vazao,51,P_2046013,0.0,-5.188923277686502
Alta vazao,51,Q_40032000,21.0248,0.0
Alta vazao,51,Q_40050000,101.792,0.0
Alta vazao,51,Q_40060001,10.0141,-11.036630053232454
Alta vazao,51,Q_40100000,408.823,276.0890167301088
Alta vazao,51,Q_40185000,22.967,0.0
Alta vazao,51,Q_40330000,84.354,0.0
Alta vazao,51,Q_40800001,78.7687,0.0
Alta vazao,51,Q_40850000,121.232,19.51917768135537
Alta vazao,51,Q_40930000,49.1795,72.00877592988083
Alta vazao,52,P_1944059,0.0,0.0
Alta vazao,52,P_1944063,0.0,-19.36634301301099
Alta vazao,52,P_1945002,0.0,-14.144471188156524
Alta vazao,52,P_1945008,0.0,-15.517362127702452
Alta vazao,52,P_1946000,0.0,4.595492524157805
Alta vazao,52,P_2044008,0.0,0.0
Alta vazao,52,P_2044016,0.0,0.0
Alta vazao,52,P_2044024,0.0,0.0
Alta vazao,52,P_2044042,0.0,0.0
Alta vazao,52,P_2045002,0.0,0.0
Alta vazao,52,P_2046013,0.0,0.0
Alta vazao,52,Q_40032000,30.7522,15.020019328011601
Alta vazao,52,Q_40050000,339.022,4.555707184047933
Alta vazao,52,Q_40060001,16.2942,21.416850823402093
Alta vazao,52,Q_40100000,519.701,420.72093693316793
Alta vazao,52,Q_40185000,25.9963,0.0
Alta vazao,52,Q_40330000,101.214,20.283347863867547
Alta vazao,52,Q_40800001,63.3785,0.0
Alta vazao,52,Q_40850000,102.997,0.0
Alta vazao,52,Q_40930000,45.9095,63.75405842853973
Alta vazao,53,P_1944059,8.6,0.0
Alta vazao,53,P_1944063,16.0,42.83831447826722
Alta vazao,53,P_1945002,18.6,30.048729307604216
Alta vazao,53,P_1945008,37.9,90.21234764002058
Alta vazao,53,P_1946000,18.2,-30.045943843271452
Alta vazao,53,P_2044008,28.0,33.72263320790371
Alta vazao,53,P_2044016,7.7,0.0
Alta vazao,53,P_2044024,14.0,0.0
Alta vazao,53,P_2044042,8.0,0.0
Alta vazao,53,P_2045002,9.2,0.0
Alta vazao,53,P_2046013,16.9,0.0
Alta vazao,53,Q_40032000,27.7599,5.526236438214141
Alta vazao,53,Q_40050000,236.632,12.335145077269491
Alta vazao,53,Q_40060001,12.269,0.0
Alta vazao,53,Q_40100000,551.09,496.50564492787987
Alta vazao,53,Q_40185000,20.5401,0.0
Alta vazao,53,Q_40330000,90.0237,10.22652206219493
Alta vazao,53,Q_40800001,79.1021,0.0
Alta vazao,53,Q_40850000,79.7908,0.0
Alta vazao,53,Q_40930000,45.5152,65.06225492117952
Alta vazao,54,P_1944059,0.0,0.0
Alta vazao,54,P_1944063,0.0,-19.590631963300677
Alta vazao,54,P_1945002,0.0,-14.530212259755443
Alta vazao,54,P_1945008,0.0,-15.592916654383771
Alta vazao,54,P_1946000,0.0,0.0
Alta vazao,54,P_2044008,0.0,0.0
Alta vazao,54,P_2044016,0.0,0.0
Alta vazao,54,P_2044024,0.0,0.0
Alta vazao,54,P_2044042,0.0,0.0
Alta vazao,54,P_2045002,0.0,0.0
Alta vazao,54,P_2046013,0.0,0.0
Alta vazao,54,Q_40032000,27.4922,8.109486712998098
Alta vazao,54,Q_40050000,131.777,0.0
Alta vazao,54,Q_40060001,18.7714,33.717500683793304
Alta vazao,54,Q_40100000,448.941,327.1523041605125
Alta vazao,54,Q_40185000,34.3023,0.0
Alta vazao,54,Q_40330000,110.154,31.984853438118726
Alta vazao,54,Q_40800001,153.803,10.02800128402263
Alta vazao,54,Q_40850000,295.084,186.1232091428476
Alta vazao,54,Q_40930000,29.3874,24.178605102096785
Alta vazao,55,P_1944059,9.2,0.0
Alta vazao,55,P_1944063,11.3,19.447224807912484
Alta vazao,55,P_1945002,12.4,15.375158976315106
Alta vazao,55,P_1945008,0.0,0.0
Alta vazao,55,P_1946000,46.2,0.0
Alta vazao,55,P_2044008,26.7,30.212281421771447
Alta vazao,55,P_2044016,10.7,0.0
Alta vazao,55,P_2044024,13.4,0.0
Alta vazao,55,P_2044042,17.4,0.0
Alta vazao,55,P_2045002,32.6,0.0
Alta vazao,55,P_2046013,30.0,0.0
Alta vazao,55,Q_40032000,123.302,150.78230649245785
Alta vazao,55,Q_40050000,451.021,21.057585940513516
Alta vazao,55,Q_40060001,50.8634,224.54155755892788
Alta vazao,55,Q_40100000,519.701,411.50266043772547
Alta vazao,55,Q_40185000,58.5215,0.0
Alta vazao,55,Q_40330000,161.832,93.56553618286517
Alta vazao,55,Q_40800001,129.568,0.0
Alta vazao,55,Q_40850000,174.715,63.97550921469534
Alta vazao,55,Q_40930000,57.8705,86.16945087939051
Alta vazao,56,P_1944059,0.0,0.0
Alta vazao,56,P_1944063,0.0,-21.014410696301884
Alta vazao,56,P_1945002,0.0,-15.430802064620138
Alta vazao,56,P_1945008,0.0,-15.675586004823456
Alta vazao,56,P_1946000,0.0,0.0
Alta vazao,56,P_2044008,0.0,0.0
Alta vazao,56,P_2044016,0.0,0.0
Alta vazao,56,P_2044024,0.0,0.0
Alta vazao,56,P_2044042,0.0,0.0
Alta vazao,56,P_2045002,0.0,0.0
Alta vazao,56,P_2046013,0.0,0.0
Alta vazao,56,Q_40032000,37.2818,25.062190185901756
Alta vazao,56,Q_40050000,256.763,0.0
Alta vazao,56,Q_40060001,24.124,65.76511788427024
Alta vazao,56,Q_40100000,818.213,825.7813247476482
Alta vazao,56,Q_40185000,39.373,0.0
Alta vazao,56,Q_40330000,137.745,66.25700561425235
Alta vazao,56,Q_40800001,143.925,8.688289457176205
Alta vazao,56,Q_40850000,216.012,107.99809613559091
Alta vazao,56,Q_40930000,37.1197,43.60295388004303
Alta vazao,57,P_1944059,0.0,0.0
Alta vazao,57,P_1944063,0.0,-16.738586252736393
Alta vazao,57,P_1945002,8.6,14.911451326376685
Alta vazao,57,P_1945008,0.0,-13.105639188695097
Alta vazao,57,P_1946000,0.0,0.0
Alta vazao,57,P_2044008,0.0,0.0
Alta vazao,57,P_2044016,0.0,0.0
Alta vazao,57,P_2044024,0.0,0.0
Alta vazao,57,P_2044042,0.0,0.0
Alta vazao,57,P_2045002,0.0,0.0
Alta vazao,57,P_2046013,0.0,-5.166373621042794
Alta vazao,57,Q_40032000,14.0168,-7.999401041260513
Alta vazao,57,Q_40050000,106.531,0.0
Alta vazao,57,Q_40060001,8.8379,-17.03894460421367
Alta vazao,57,Q_40100000,327.89,165.1502089515382
Alta vazao,57,Q_40185000,34.3023,0.0
Alta vazao,57,Q_40330000,96.559,16.928888074034862
Alta vazao,57,Q_40800001,80.873,0.0
Alta vazao,57,Q_40850000,144.257,41.23592913591957
Alta vazao,57,Q_40930000,14.7505,-9.756268679846123
Alta vazao,58,P_1944059,0.0,0.0
Alta vazao,58,P_1944063,0.0,-20.18745269451193
Alta vazao,58,P_1945002,0.0,-14.772880949662813
Alta vazao,58,P_1945008,0.0,-16.0078468842049
Alta vazao,58,P_1946000,6.2,0.0
Alta vazao,58,P_2044008,11.3,10.105287102242476
Alta vazao,58,P_2044016,0.0,0.0
Alta vazao,58,P_2044024,0.0,0.0
Alta vazao,58,P_2044042,0.0,0.0
Alta vazao,58,P_2045002,0.0,0.0
Alta vazao,58,P_2046013,0.0,0.0
Alta vazao,58,Q_40032000,55.5533,54.499817033128956
Alta vazao,58,Q_40050000,309.999,6.213201760229822
Alta vazao,58,Q_40060001,18.2406,32.925151037357104
Alta vazao,58,Q_40100000,809.938,813.6727319106626
Alta vazao,58,Q_40185000,21.5977,0.0
Alta vazao,58,Q_40330000,80.1893,0.0
Alta vazao,58,Q_40800001,45.9382,0.0
Alta vazao,58,Q_40850000,69.8027,-33.14810399360272
Alta vazao,58,Q_40930000,42.4061,55.60561270812363
Alta vazao,59,P_1944059,0.0,0.0
Alta vazao,59,P_1944063,0.8,0.0
Alta vazao,59,P_1945002,28.9,81.03790315348711
Alta vazao,59,P_1945008,17.0,43.810200868282834
Alta vazao,59,P_1946000,0.0,0.0
Alta vazao,59,P_2044008,43.1,59.648037891683344
Alta vazao,59,P_2044016,3.0,0.0
Alta vazao,59,P_2044024,1.4,0.0
Alta vazao,59,P_2044042,5.3,0.0
Alta vazao,59,P_2045002,1.8,0.0
Alta vazao,59,P_2046013,3.6,0.0
Alta vazao,59,Q_40032000,59.5139,67.08878148755197
Alta vazao,59,Q_40050000,648.35,0.0
Alta vazao,59,Q_40060001,34.5474,135.19491515447604
Alta vazao,59,Q_40100000,796.24,797.8938180114949
Alta vazao,59,Q_40185000,54.515,0.0
Alta vazao,59,Q_40330000,366.549,340.5938629176905
Alta vazao,59,Q_40800001,312.501,25.824530221381792
Alta vazao,59,Q_40850000,460.491,339.11353234540235
Alta vazao,59,Q_40930000,92.3558,175.75279142362393
Alta vazao,60,P_1944059,0.0,0.0
Alta vazao,60,P_1944063,0.0,-19.03643912887886
Alta vazao,60,P_1945002,0.0,-14.004649687042331
Alta vazao,60,P_1945008,0.0,-15.409264141374983
Alta vazao,60,P_1946000,0.0,0.0
Alta vazao,60,P_2044008,0.0,0.0
Alta vazao,60,P_2044016,0.0,0.0
Alta vazao,60,P_2044024,0.0,0.0
Alta vazao,60,P_2044042,12.9,0.0
Alta vazao,60,P_2045002,0.0,0.0
Alta vazao,60,P_2046013,0.0,0.0
Alta vazao,60,Q_40032000,24.5977,0.0
Alta vazao,60,Q_40050000,184.432,0.0
Alta vazao,60,Q_40060001,14.2971,9.577574315194795
Alta vazao,60,Q_40100000,385.839,239.27562001626984
Alta vazao,60,Q_40185000,66.809,-15.157412467584235
Alta vazao,60,Q_40330000,146.837,76.25285257304539
Alta vazao,60,Q_40800001,175.062,13.191829826622564
Alta vazao,60,Q_40850000,241.923,131.17073222675856
Alta vazao,60,Q_40930000,9.8952,-21.279301112623568
Alta vazao,61,P_1944059,2.0,0.0
Alta vazao,61,P_1944063,12.6,46.30373494448915
Alta vazao,61,P_1945002,6.2,9.119485009734811
Alta vazao,61,P_1945008,5.1,0.0
Alta vazao,61,P_1946000,0.0,0.0
Alta vazao,61,P_2044008,9.3,9.898238405363015
Alta vazao,61,P_2044016,0.6,0.0
Alta vazao,61,P_2044024,0.0,0.0
Alta vazao,61,P_2044042,0.0,0.0
Alta vazao,61,P_2045002,0.0,0.0
Alta vazao,61,P_2046013,2.6,0.0
Alta vazao,61,Q_40032000,70.0957,83.50039928097688
Alta vazao,61,Q_40050000,273.178,0.0
Alta vazao,61,Q_40060001,21.6364,55.82617024084434
Alta vazao,61,Q_40100000,609.403,550.4374868824791
Alta vazao,61,Q_40185000,48.7744,0.0
Alta vazao,61,Q_40330000,146.837,79.51816718531191
Alta vazao,61,Q_40800001,134.164,9.68374230503639
Alta vazao,61,Q_40850000,228.809,122.54067868684258
Alta vazao,61,Q_40930000,45.1173,65.40151076837135
Alta vazao,62,P_1944059,58.6,93.61030297099175
Alta vazao,62,P_1944063,2.5,0.0
Alta vazao,62,P_1945002,0.0,0.0
Alta vazao,62,P_1945008,13.7,28.408259392044283
Alta vazao,62,P_1946000,0.0,4.359506724062726
Alta vazao,62,P_2044008,5.5,0.0
Alta vazao,62,P_2044016,0.8,0.0
Alta vazao,62,P_2044024,8.4,0.0
Alta vazao,62,P_2044042,0.8,0.0
Alta vazao,62,P_2045002,9.1,0.0
Alta vazao,62,P_2046013,0.0,0.0
Alta vazao,62,Q_40032000,35.2567,18.72794570162844
Alta vazao,62,Q_40050000,141.395,0.0
Alta vazao,62,Q_40060001,19.1727,35.71649847514447
Alta vazao,62,Q_40100000,597.508,520.3574189549823
Alta vazao,62,Q_40185000,22.6724,0.0
Alta vazao,62,Q_40330000,102.015,19.881294984083926
Alta vazao,62,Q_40800001,124.527,5.6296671136097824
Alta vazao,62,Q_40850000,162.416,55.244959804908625
Alta vazao,62,Q_40930000,41.9309,51.5021336114308
Alta vazao,63,P_1944059,4.8,0.0
Alta vazao,63,P_1944063,0.6,0.0
Alta vazao,63,P_1945002,8.5,11.024053179112116
Alta vazao,63,P_1945008,28.9,86.42871715651003
Alta vazao,63,P_1946000,0.0,0.0
Alta vazao,63,P_2044008,0.9,0.0
Alta vazao,63,P_2044016,3.9,0.0
Alta vazao,63,P_2044024,7.6,0.0
Alta vazao,63,P_2044042,0.0,0.0
Alta vazao,63,P_2045002,0.0,0.0
Alta vazao,63,P_2046013,0.0,0.0
Alta vazao,63,Q_40032000,51.6719,53.336035259088064
Alta vazao,63,Q_40050000,565.668,14.297760896551582
Alta vazao,63,Q_40060001,34.2111,127.9860698857139
Alta vazao,63,Q_40100000,809.938,814.2763382154653
Alta vazao,63,Q_40185000,50.8725,0.0
Alta vazao,63,Q_40330000,299.792,259.5221917391648
Alta vazao,63,Q_40800001,282.571,21.237066510899357
Alta vazao,63,Q_40850000,416.188,295.2622060174464
Alta vazao,63,Q_40930000,68.9294,117.21513188074815
Alta vazao,64,P_1944059,8.2,4.065589864473375
Alta vazao,64,P_1944063,0.3,0.0
Alta vazao,64,P_1945002,12.1,25.748277043853545
Alta vazao,64,P_1945008,5.3,0.0
Alta vazao,64,P_1946000,0.0,3.1570959230632525
Alta vazao,64,P_2044008,0.0,0.0
Alta vazao,64,P_2044016,0.0,0.0
Alta vazao,64,P_2044024,12.0,0.0
Alta vazao,64,P_2044042,0.7,0.0
Alta vazao,64,P_2045002,0.6,0.0
Alta vazao,64,P_2046013,1.2,0.0
Alta vazao,64,Q_40032000,41.4269,32.35264342066877
Alta vazao,64,Q_40050000,329.44,0.0
Alta vazao,64,Q_40060001,19.307,37.280890741414865
Alta vazao,64,Q_40100000,533.042,441.3044408604893
Alta vazao,64,Q_40185000,50.1699,0.0
Alta vazao,64,Q_40330000,270.177,224.54608081001024
Alta vazao,64,Q_40800001,156.013,7.903349556968077
Alta vazao,64,Q_40850000,273.74,160.20450909660659
Alta vazao,64,Q_40930000,84.4342,155.93785455596415
Alta vazao,65,P_1944059,7.4,0.0
Alta vazao,65,P_1944063,3.8,0.0
Alta vazao,65,P_1945002,38.2,88.10892427861556
Alta vazao,65,P_1945008,6.9,6.141105526377487
Alta vazao,65,P_1946000,40.0,0.0
Alta vazao,65,P_2044008,14.0,10.08950185394293
Alta vazao,65,P_2044016,19.7,8.573451028391167
Alta vazao,65,P_2044024,8.5,0.0
Alta vazao,65,P_2044042,39.7,0.0
Alta vazao,65,P_2045002,1.0,0.0
Alta vazao,65,P_2046013,12.7,0.0
Alta vazao,65,Q_40032000,41.4269,21.512210307252303
Alta vazao,65,Q_40050000,265.0,0.0
Alta vazao,65,Q_40060001,20.2559,42.430195046821794
Alta vazao,65,Q_40100000,546.55,460.9783585011326
Alta vazao,65,Q_40185000,54.515,0.0
Alta vazao,65,Q_40330000,253.91,215.5236010515614
Alta vazao,65,Q_40800001,151.598,0.0
Alta vazao,65,Q_40850000,228.809,121.12727488545649
Alta vazao,65,Q_40930000,56.2528,81.73705665958555
Alta vazao,66,P_1944059,0.0,0.0
Alta vazao,66,P_1944063,0.0,-14.463338730896488
Alta vazao,66,P_1945002,0.0,-10.414294408697733
Alta vazao,66,P_1945008,13.2,28.81844240490713
Alta vazao,66,P_1946000,4.2,0.0
Alta vazao,66,P_2044008,28.6,38.50869040801139
Alta vazao,66,P_2044016,0.0,0.0
Alta vazao,66,P_2044024,5.5,0.0
Alta vazao,66,P_2044042,0.8,0.0
Alta vazao,66,P_2045002,4.9,0.0
Alta vazao,66,P_2046013,6.7,0.0
Alta vazao,66,Q_40032000,16.2656,-5.68938977407079
Alta vazao,66,Q_40050000,127.645,0.0
Alta vazao,66,Q_40060001,10.564,-8.888511380490902
Alta vazao,66,Q_40100000,124.744,-107.96626557576641
Alta vazao,66,Q_40185000,30.1703,0.0
Alta vazao,66,Q_40330000,109.33,32.03853306815212
Alta vazao,66,Q_40800001,125.504,0.0
Alta vazao,66,Q_40850000,186.41,82.56072612686194
Alta vazao,66,Q_40930000,9.5841,-21.400344639498023
Alta vazao,67,P_1944059,0.0,0.0
Alta vazao,67,P_1944063,0.0,-20.98212238573233
Alta vazao,67,P_1945002,0.0,-14.93202512953174
Alta vazao,67,P_1945008,0.0,-15.039757665313322
Alta vazao,67,P_1946000,6.2,0.0
Alta vazao,67,P_2044008,0.0,0.0
Alta vazao,67,P_2044016,0.0,0.0
Alta vazao,67,P_2044024,0.6,0.0
Alta vazao,67,P_2044042,11.2,0.0
Alta vazao,67,P_2045002,9.0,0.0
Alta vazao,67,P_2046013,8.8,0.0
Alta vazao,67,Q_40032000,68.6511,79.11835284761302
Alta vazao,67,Q_40050000,496.736,17.1351060921598
Alta vazao,67,Q_40060001,38.8625,154.45747593487272
Alta vazao,67,Q_40100000,815.45,818.2257827882042
Alta vazao,67,Q_40185000,36.8093,0.0
Alta vazao,67,Q_40330000,145.001,72.90132480520354
Alta vazao,67,Q_40800001,67.5044,0.0
Alta vazao,67,Q_40850000,95.471,-8.819756394447495
Alta vazao,67,Q_40930000,77.8707,141.74494473048375
Alta vazao,68,P_1944059,70.0,64.0576724410466
Alta vazao,68,P_1944063,34.0,89.08066182216673
Alta vazao,68,P_1945002,8.6,0.0
Alta vazao,68,P_1945008,2.4,0.0
Alta vazao,68,P_1946000,25.2,0.0
Alta vazao,68,P_2044008,27.3,36.96186992138877
Alta vazao,68,P_2044016,14.4,0.0
Alta vazao,68,P_2044024,24.5,0.0
Alta vazao,68,P_2044042,12.0,0.0
Alta vazao,68,P_2045002,66.1,0.0
Alta vazao,68,P_2046013,44.6,32.118179434215335
Alta vazao,68,Q_40032000,49.4452,27.9766629171812
Alta vazao,68,Q_40050000,286.237,0.0
Alta vazao,68,Q_40060001,26.277,79.99441056934042
Alta vazao,68,Q_40100000,650.71,600.5660377989896
Alta vazao,68,Q_40185000,25.4321,0.0
Alta vazao,68,Q_40330000,216.38,165.41529490435653
Alta vazao,68,Q_40800001,166.787,0.0
Alta vazao,68,Q_40850000,151.409,50.70667283620584
Alta vazao,68,Q_40930000,57.8705,85.89255633799642
Alta vazao,69,P_1944059,0.0,0.0
Alta vazao,69,P_1944063,0.0,-19.13815817629209
Alta vazao,69,P_1945002,0.0,-13.673426515118878
Alta vazao,69,P_1945008,0.0,-15.093729574549467
Alta vazao,69,P_1946000,0.0,5.384477611089665
Alta vazao,69,P_2044008,0.0,0.0
Alta vazao,69,P_2044016,0.0,0.0
Alta vazao,69,P_2044024,0.0,0.0
Alta vazao,69,P_2044042,0.0,0.0
Alta vazao,69,P_2045002,0.0,0.0
Alta vazao,69,P_2046013,4.5,0.0
Alta vazao,69,Q_40032000,28.5673,10.170979560204295
Alta vazao,69,Q_40050000,143.75,0.0
Alta vazao,69,Q_40060001,19.4417,38.20494269580268
Alta vazao,69,Q_40100000,769.189,761.4318303200419
Alta vazao,69,Q_40185000,24.872,0.0
Alta vazao,69,Q_40330000,108.507,31.201971998047153
Alta vazao,69,Q_40800001,101.528,0.0
Alta vazao,69,Q_40850000,150.507,46.62005255339848
Alta vazao,69,Q_40930000,21.726,6.917426166513514
Alta vazao,70,P_1944059,0.0,0.0
Alta vazao,70,P_1944063,0.0,-17.934907991622257
Alta vazao,70,P_1945002,0.0,-12.71353013896373
Alta vazao,70,P_1945008,0.0,-14.087321982881168
Alta vazao,70,P_1946000,0.0,5.609559468646637
Alta vazao,70,P_2044008,0.0,0.0
Alta vazao,70,P_2044016,0.0,0.0
Alta vazao,70,P_2044024,0.0,0.0
Alta vazao,70,P_2044042,0.0,0.0
Alta vazao,70,P_2045002,0.0,0.0
Alta vazao,70,P_2046013,0.0,-5.324929061916434
Alta vazao,70,Q_40032000,23.8245,0.0
Alta vazao,70,Q_40050000,109.99,0.0
Alta vazao,70,Q_40060001,18.2406,30.292138294716402
Alta vazao,70,Q_40100000,366.886,217.01159082448135
Alta vazao,70,Q_40185000,41.3322,-5.467375936221564
Alta vazao,70,Q_40330000,82.9573,0.0
Alta vazao,70,Q_40800001,96.4193,0.0
Alta vazao,70,Q_40850000,163.348,59.789902625462126
Alta vazao,70,Q_40930000,13.6033,-12.28389129850157
Alta vazao,71,P_1944059,5.0,0.0
Alta vazao,71,P_1944063,27.7,117.15459078134498
Alta vazao,71,P_1945002,14.9,33.29470220165792
Alta vazao,71,P_1945008,0.0,0.0
Alta vazao,71,P_1946000,0.0,0.0
Alta vazao,71,P_2044008,5.7,0.0
Alta vazao,71,P_2044016,3.5,0.0
Alta vazao,71,P_2044024,4.4,0.0
Alta vazao,71,P_2044042,9.3,0.0
Alta vazao,71,P_2045002,7.5,0.0
Alta vazao,71,P_2046013,0.0,0.0
Alta vazao,71,Q_40032000,47.5591,46.30122386573159
Alta vazao,71,Q_40050000,482.816,12.849766981246376
Alta vazao,71,Q_40060001,32.213,119.29854339360577
Alta vazao,71,Q_40100000,834.887,853.9584336311733
Alta vazao,71,Q_40185000,47.3917,0.0
Alta vazao,71,Q_40330000,244.721,196.12407699198994
Alta vazao,71,Q_40800001,219.987,16.278660369618134
Alta vazao,71,Q_40850000,360.589,246.952710866356
Alta vazao,71,Q_40930000,58.2917,94.82671907985088
Alta vazao,72,P_1944059,7.2,0.0
Alta vazao,72,P_1944063,4.0,0.0
Alta vazao,72,P_1945002,27.6,71.74799308160776
Alta vazao,72,P_1945008,0.0,0.0
Alta vazao,72,P_1946000,0.4,0.0
Alta vazao,72,P_2044008,14.0,13.274582606035892
Alta vazao,72,P_2044016,7.5,0.0
Alta vazao,72,P_2044024,24.6,0.0
Alta vazao,72,P_2044042,1.2,0.0
Alta vazao,72,P_2045002,1.1,0.0
Alta vazao,72,P_2046013,2.0,0.0
Alta vazao,72,Q_40032000,71.848,88.28694823018323
Alta vazao,72,Q_40050000,736.426,25.61888651185172
Alta vazao,72,Q_40060001,64.0376,308.0251075168426
Alta vazao,72,Q_40100000,761.164,742.9032127031674
Alta vazao,72,Q_40185000,67.3388,0.0
Alta vazao,72,Q_40330000,338.473,299.45184583470643
Alta vazao,72,Q_40800001,343.045,26.271096467821767
Alta vazao,72,Q_40850000,542.241,410.52411415917913
Alta vazao,72,Q_40930000,197.22,430.97323870742986
Alta vazao,73,P_1944059,0.0,0.0
Alta vazao,73,P_1944063,0.0,-17.040887117398636
Alta vazao,73,P_1945002,0.0,-12.40398791905443
Alta vazao,73,P_1945008,11.2,24.64173259585808
Alta vazao,73,P_1946000,2.6,0.0
Alta vazao,73,P_2044008,0.0,0.0
Alta vazao,73,P_2044016,0.0,0.0
Alta vazao,73,P_2044024,0.0,0.0
Alta vazao,73,P_2044042,0.4,0.0
Alta vazao,73,P_2045002,0.0,0.0
Alta vazao,73,P_2046013,1.0,-4.291107184190992
Alta vazao,73,Q_40032000,41.4353,28.142512327038833
Alta vazao,73,Q_40050000,150.924,0.0
Alta vazao,73,Q_40060001,12.8551,3.7891179683182576
Alta vazao,73,Q_40100000,320.419,156.53353588630614
Alta vazao,73,Q_40185000,22.967,0.0
Alta vazao,73,Q_40330000,82.9573,0.0
Alta vazao,73,Q_40800001,93.8449,3.2613965740286894
Alta vazao,73,Q_40850000,143.374,40.3594024450966
Alta vazao,73,Q_40930000,11.5881,-16.74855206186536
Alta vazao,74,P_1944059,0.0,0.0
Alta vazao,74,P_1944063,0.0,-17.16214597863073
Alta vazao,74,P_1945002,0.0,-11.86624332649515
Alta vazao,74,P_1945008,0.0,-13.35246008693698
Alta vazao,74,P_1946000,0.0,0.0
Alta vazao,74,P_2044008,0.0,0.0
Alta vazao,74,P_2044016,0.0,0.0
Alta vazao,74,P_2044024,0.0,0.0
Alta vazao,74,P_2044042,0.0,0.0
Alta vazao,74,P_2045002,0.0,0.0
Alta vazao,74,P_2046013,0.0,-4.704999607792672
Alta vazao,74,Q_40032000,25.1171,0.0
Alta vazao,74,Q_40050000,113.141,0.0
Alta vazao,74,Q_40060001,18.5054,32.91029844379274
Alta vazao,74,Q_40100000,396.5,257.71709961613857
Alta vazao,74,Q_40185000,43.3221,-5.55716949383388
Alta vazao,74,Q_40330000,90.7417,10.256958953111683
Alta vazao,74,Q_40800001,103.584,0.0
Alta vazao,74,Q_40850000,173.755,70.45954867975956
Alta vazao,74,Q_40930000,14.1721,-10.256429739663425
Alta vazao,75,P_1944059,0.0,0.0
Alta vazao,75,P_1944063,0.0,-18.847396019634946
Alta vazao,75,P_1945002,0.0,0.0
Alta vazao,75,P_1945008,0.0,-17.02911287904294
Alta vazao,75,P_1946000,40.2,-52.33780163456143
Alta vazao,75,P_2044008,0.0,0.0
Alta vazao,75,P_2044016,0.0,0.0
Alta vazao,75,P_2044024,0.0,0.0
Alta vazao,75,P_2044042,1.7,0.0
Alta vazao,75,P_2045002,19.0,0.0
Alta vazao,75,P_2046013,46.3,53.93578139534357
Alta vazao,75,Q_40032000,32.7013,12.203722618240844
Alta vazao,75,Q_40050000,240.523,0.0
Alta vazao,75,Q_40060001,29.4425,87.14970521392543
Alta vazao,75,Q_40100000,478.558,351.75955741766757
Alta vazao,75,Q_40185000,54.515,0.0
Alta vazao,75,Q_40330000,156.145,83.1059611061863
Alta vazao,75,Q_40800001,159.34,8.716400157687868
Alta vazao,75,Q_40850000,295.084,178.23368500551237
Alta vazao,75,Q_40930000,15.3384,0.0
Alta vazao,76,P_1944059,23.8,14.581608087878632
Alta vazao,76,P_1944063,28.5,53.7870861159947
Alta vazao,76,P_1945002,0.0,0.0
Alta vazao,76,P_1945008,0.0,0.0
Alta vazao,76,P_1946000,18.3,-30.105996945834793
Alta vazao,76,P_2044008,5.0,0.0
Alta vazao,76,P_2044016,33.4,20.43583479031915
Alta vazao,76,P_2044024,75.5,75.55431817808949
Alta vazao,76,P_2044042,21.7,0.0
Alta vazao,76,P_2045002,12.8,0.0
Alta vazao,76,P_2046013,4.3,0.0
Alta vazao,76,Q_40032000,14.6612,0.0
Alta vazao,76,Q_40050000,127.645,0.0
Alta vazao,76,Q_40060001,10.0141,0.0
Alta vazao,76,Q_40100000,115.398,-122.46514518287346
Alta vazao,76,Q_40185000,35.175,0.0
Alta vazao,76,Q_40330000,125.389,43.946701129555265
Alta vazao,76,Q_40800001,193.964,22.15476467340945
Alta vazao,76,Q_40850000,203.535,89.17545287953116
Alta vazao,76,Q_40930000,9.5841,-24.39335962599492
Alta vazao,77,P_1944059,0.0,0.0
Alta vazao,77,P_1944063,0.0,-18.85955561556192
Alta vazao,77,P_1945002,0.0,-14.723922121716209
Alta vazao,77,P_1945008,0.0,-16.039297097950932
Alta vazao,77,P_1946000,0.0,0.0
Alta vazao,77,P_2044008,0.0,0.0
Alta vazao,77,P_2044016,0.0,0.0
Alta vazao,77,P_2044024,0.0,0.0
Alta vazao,77,P_2044042,0.0,0.0
Alta vazao,77,P_2045002,0.0,0.0
Alta vazao,77,P_2046013,0.0,0.0
Alta vazao,77,Q_40032000,26.1651,5.3435574801413495
Alta vazao,77,Q_40050000,118.484,0.0
Alta vazao,77,Q_40060001,18.7714,31.806051125771717
Alta vazao,77,Q_40100000,422.461,291.8229612799854
Alta vazao,77,Q_40185000,40.6757,0.0
Alta vazao,77,Q_40330000,100.415,20.35666374644213
Alta vazao,77,Q_40800001,117.12,4.5469938438212125
Alta vazao,77,Q_40850000,187.399,81.27160635067611
Alta vazao,77,Q_40930000,15.3384,-9.062657196221636
Alta vazao,78,P_1944059,14.6,11.685099278440903
Alta vazao,78,P_1944063,4.0,0.0
Alta vazao,78,P_1945002,44.6,130.04300203162734
Alta vazao,78,P_1945008,0.0,0.0
Alta vazao,78,P_1946000,0.0,0.0
Alta vazao,78,P_2044008,1.7,0.0
Alta vazao,78,P_2044016,1.4,0.0
Alta vazao,78,P_2044024,1.4,0.0
Alta vazao,78,P_2044042,2.6,0.0
Alta vazao,78,P_2045002,2.5,0.0
Alta vazao,78,P_2046013,4.1,0.0
Alta vazao,78,Q_40032000,41.4269,33.33442559566118
Alta vazao,78,Q_40050000,421.794,10.75179571986746
Alta vazao,78,Q_40060001,21.358,53.30967033882074
Alta vazao,78,Q_40100000,508.711,411.6974461409135
Alta vazao,78,Q_40185000,50.8725,0.0
Alta vazao,78,Q_40330000,292.609,254.89385424925902
Alta vazao,78,Q_40800001,197.856,13.52239614081408
Alta vazao,78,Q_40850000,359.276,247.63820370815452
Alta vazao,78,Q_40930000,101.856,198.0450046855783
Alta vazao,79,P_1944059,0.0,0.0
Alta vazao,79,P_1944063,0.0,0.0
Alta vazao,79,P_1945002,0.0,0.0
Alta vazao,79,P_1945008,0.0,0.0
Alta vazao,79,P_1946000,0.0,0.6868907379412121
Alta vazao,79,P_2044008,0.0,0.0
Alta vazao,79,P_2044016,0.0,0.0
Alta vazao,79,P_2044024,0.0,0.0
Alta vazao,79,P_2044042,0.0,0.0
Alta vazao,79,P_2045002,0.0,0.0
Alta vazao,79,P_2046013,48.0,46.95045896351121
Alta vazao,79,Q_40032000,62.8731,62.46630574684528
Alta vazao,79,Q_40050000,387.365,2.3202311747933204
Alta vazao,79,Q_40060001,30.9003,101.14501147044612
Alta vazao,79,Q_40100000,820.981,824.0655887292041
Alta vazao,79,Q_40185000,41.3322,0.0
Alta vazao,79,Q_40330000,167.596,96.19103785340299
Alta vazao,79,Q_40800001,182.957,9.4894743479899
Alta vazao,79,Q_40850000,292.678,176.08751353039025
Alta vazao,79,Q_40930000,50.8011,72.23115388930023
Alta vazao,80,P_1944059,0.0,0.0
Alta vazao,80,P_1944063,0.0,-19.923475604787193
Alta vazao,80,P_1945002,0.0,-14.174180434672053
Alta vazao,80,P_1945008,0.0,-15.39161021715986
Alta vazao,80,P_1946000,0.0,0.0
Alta vazao,80,P_2044008,0.0,0.0
Alta vazao,80,P_2044016,0.0,0.0
Alta vazao,80,P_2044024,0.0,0.0
Alta vazao,80,P_2044042,0.7,0.0
Alta vazao,80,P_2045002,0.0,0.0
Alta vazao,80,P_2046013,0.0,0.0
Alta vazao,80,Q_40032000,59.3277,62.98108644283481
Alta vazao,80,Q_40050000,405.753,11.39709564777268
Alta vazao,80,Q_40060001,22.1967,56.55550096658896
Alta vazao,80,Q_40100000,953.272,1006.2941044571897
Alta vazao,80,Q_40185000,24.872,0.0
Alta vazao,80,Q_40330000,106.055,27.283994121693325
Alta vazao,80,Q_40800001,53.5073,0.0
Alta vazao,80,Q_40850000,83.2476,-19.908782255146136
Alta vazao,80,Q_40930000,60.4693,99.66983566326081
Alta vazao,81,P_1944059,77.2,0.0
Alta vazao,81,P_1944063,109.0,395.101059186518
Alta vazao,81,P_1945002,54.9,109.80877862308998
Alta vazao,81,P_1945008,0.0,0.0
Alta vazao,81,P_1946000,20.1,0.0
Alta vazao,81,P_2044008,43.5,48.723415324201596
Alta vazao,81,P_2044016,42.6,0.0
Alta vazao,81,P_2044024,90.6,0.0
Alta vazao,81,P_2044042,75.0,0.0
Alta vazao,81,P_2045002,20.3,0.0
Alta vazao,81,P_2046013,23.3,0.0
Alta vazao,81,Q_40032000,101.68,100.78296234287329
Alta vazao,81,Q_40050000,421.091,0.0
Alta vazao,81,Q_40060001,67.6687,324.9201544567349
Alta vazao,81,Q_40100000,364.799,206.90666983608986
Alta vazao,81,Q_40185000,248.296,0.0
Alta vazao,81,Q_40330000,1020.5,1176.1622667518295
Alta vazao,81,Q_40800001,779.224,118.42800937567985
Alta vazao,81,Q_40850000,774.257,647.4844124993518
Alta vazao,81,Q_40930000,246.257,528.4843950787063
Alta vazao,82,P_1944059,0.0,0.0
Alta vazao,82,P_1944063,0.0,-17.872430741012714
Alta vazao,82,P_1945002,0.0,-12.85595071583499
Alta vazao,82,P_1945008,0.0,-14.063527769197181
Alta vazao,82,P_1946000,0.0,0.0
Alta vazao,82,P_2044008,0.0,0.0
Alta vazao,82,P_2044016,0.0,0.0
Alta vazao,82,P_2044024,0.0,0.0
Alta vazao,82,P_2044042,0.1,0.0
Alta vazao,82,P_2045002,0.0,0.0
Alta vazao,82,P_2046013,4.6,0.0
Alta vazao,82,Q_40032000,25.0402,6.970438339027396
Alta vazao,82,Q_40050000,192.953,0.0
Alta vazao,82,Q_40060001,19.307,37.766900761485005
Alta vazao,82,Q_40100000,308.626,139.63992916830946
Alta vazao,82,Q_40185000,52.1324,-10.616258068768678
Alta vazao,82,Q_40330000,204.789,149.44318034174046
Alta vazao,82,Q_40800001,125.504,0.0
Alta vazao,82,Q_40850000,158.71,54.90859480888126
Alta vazao,82,Q_40930000,38.7485,48.23210184263223
Alta vazao,83,P_1944059,7.0,0.0
Alta vazao,83,P_1944063,8.8,25.420514838304715
Alta vazao,83,P_1945002,5.6,0.0
Alta vazao,83,P_1945008,0.0,0.0
Alta vazao,83,P_1946000,8.2,0.0
Alta vazao,83,P_2044008,10.5,0.0
Alta vazao,83,P_2044016,16.0,13.022473793073916
Alta vazao,83,P_2044024,2.8,0.0
Alta vazao,83,P_2044042,25.7,0.0
Alta vazao,83,P_2045002,15.7,0.0
Alta vazao,83,P_2046013,13.8,0.0
Alta vazao,83,Q_40032000,69.3982,82.24258985867942
Alta vazao,83,Q_40050000,407.138,11.808760465807154
Alta vazao,83,Q_40060001,45.9806,202.870921505355
Alta vazao,83,Q_40100000,621.413,565.2549110114289
Alta vazao,83,Q_40185000,40.6757,0.0
Alta vazao,83,Q_40330000,164.705,99.72327854946525
Alta vazao,83,Q_40800001,187.519,15.849401530270091
Alta vazao,83,Q_40850000,191.379,84.23660554403978
Alta vazao,83,Q_40930000,111.066,225.97117712083792
Alta vazao,84,P_1944059,0.0,0.0
Alta vazao,84,P_1944063,8.0,13.981937700949091
Alta vazao,84,P_1945002,0.0,0.0
Alta vazao,84,P_1945008,0.0,-17.3890228549742
Alta vazao,84,P_1946000,8.2,0.0
Alta vazao,84,P_2044008,0.0,0.0
Alta vazao,84,P_2044016,0.0,0.0
Alta vazao,84,P_2044024,0.0,0.0
Alta vazao,84,P_2044042,0.0,0.0
Alta vazao,84,P_2045002,11.2,0.0
Alta vazao,84,P_2046013,3.3,0.0
Alta vazao,84,Q_40032000,41.4269,30.863207940286472
Alta vazao,84,Q_40050000,357.865,0.0
Alta vazao,84,Q_40060001,22.7683,53.54997719641842
Alta vazao,84,Q_40100000,569.435,480.6861304679224
Alta vazao,84,Q_40185000,166.404,-55.74210354205299
Alta vazao,84,Q_40330000,685.427,718.3474862264449
Alta vazao,84,Q_40800001,232.799,13.109676514835229
Alta vazao,84,Q_40850000,778.194,631.4969136827372
Alta vazao,84,Q_40930000,61.9313,97.4906935800083
Alta vazao,85,P_1944059,0.0,0.0
Alta vazao,85,P_1944063,0.0,0.0
Alta vazao,85,P_1945002,13.5,24.89391863969245
Alta vazao,85,P_1945008,0.0,0.0
Alta vazao,85,P_1946000,0.0,0.0
Alta vazao,85,P_2044008,0.0,0.0
Alta vazao,85,P_2044016,0.8,0.0
Alta vazao,85,P_2044024,21.4,0.0
Alta vazao,85,P_2044042,0.5,0.0
Alta vazao,85,P_2045002,24.4,6.682184858132651
Alta vazao,85,P_2046013,28.3,27.334280697002363
Alta vazao,85,Q_40032000,28.8379,11.383580694177994
Alta vazao,85,Q_40050000,365.122,0.0
Alta vazao,85,Q_40060001,33.5412,117.21688915270093
Alta vazao,85,Q_40100000,604.631,531.3603778932602
Alta vazao,85,Q_40185000,128.041,-45.74540709003713
Alta vazao,85,Q_40330000,318.855,278.0809760613828
Alta vazao,85,Q_40800001,177.282,0.0
Alta vazao,85,Q_40850000,347.553,226.57158885176364
Alta vazao,85,Q_40930000,169.746,363.71806965449895
Alta vazao,86,P_1944059,0.0,0.0
Alta vazao,86,P_1944063,0.0,-15.139084746662368
Alta vazao,86,P_1945002,0.0,-11.102940838012293
Alta vazao,86,P_1945008,0.0,-11.307065234111583
Alta vazao,86,P_1946000,0.0,0.0
Alta vazao,86,P_2044008,0.0,-2.343720414907204
Alta vazao,86,P_2044016,0.0,0.0
Alta vazao,86,P_2044024,0.0,0.0
Alta vazao,86,P_2044042,0.0,0.0
Alta vazao,86,P_2045002,0.0,0.0
Alta vazao,86,P_2046013,0.0,-3.559055364695181
Alta vazao,86,Q_40032000,21.5477,0.0
Alta vazao,86,Q_40050000,135.498,0.0
Alta vazao,86,Q_40060001,8.8379,-15.28332091377343
Alta vazao,86,Q_40100000,424.647,297.7456605503931
Alta vazao,86,Q_40185000,10.1356,0.0
Alta vazao,86,Q_40330000,41.855,-48.69975679506576
Alta vazao,86,Q_40800001,42.6742,-1.32962743575726
Alta vazao,86,Q_40850000,79.107,-20.752024414364534
Alta vazao,86,Q_40930000,22.885,0.0
Alta vazao,87,P_1944059,0.0,0.0
Alta vazao,87,P_1944063,0.0,-15.663762440430814
Alta vazao,87,P_1945002,18.6,47.795100653919725
Alta vazao,87,P_1945008,0.0,-12.397129121305243
Alta vazao,87,P_1946000,0.0,5.753071327315804
Alta vazao,87,P_2044008,0.0,0.0
Alta vazao,87,P_2044016,0.0,0.0
Alta vazao,87,P_2044024,0.0,0.0
Alta vazao,87,P_2044042,0.0,0.0
Alta vazao,87,P_2045002,0.0,0.0
Alta vazao,87,P_2046013,0.0,-4.843237218425173
Alta vazao,87,Q_40032000,17.7253,-3.628987041849456
Alta vazao,87,Q_40050000,105.854,0.0
Alta vazao,87,Q_40060001,10.564,-7.820108590968572
Alta vazao,87,Q_40100000,332.35,175.07350875354052
Alta vazao,87,Q_40185000,17.1471,0.0
Alta vazao,87,Q_40330000,62.4098,-24.821278209495933
Alta vazao,87,Q_40800001,70.5878,0.0
Alta vazao,87,Q_40850000,102.233,0.0
Alta vazao,87,Q_40930000,21.6416,7.428431690898879
Alta vazao,88,P_1944059,0.0,0.0
Alta vazao,88,P_1944063,0.0,-19.320085692823582
Alta vazao,88,P_1945002,0.0,-13.929996740678648
Alta vazao,88,P_1945008,0.0,-15.800700950407872
Alta vazao,88,P_1946000,0.0,0.0
Alta vazao,88,P_2044008,1.9,0.0
Alta vazao,88,P_2044016,1.5,0.0
Alta vazao,88,P_2044024,4.0,0.0
Alta vazao,88,P_2044042,6.3,0.0
Alta vazao,88,P_2045002,0.0,0.0
Alta vazao,88,P_2046013,0.0,0.0
Alta vazao,88,Q_40032000,25.1171,0.0
Alta vazao,88,Q_40050000,271.417,0.0
Alta vazao,88,Q_40060001,18.6383,33.496042285290216
Alta vazao,88,Q_40100000,576.391,496.435597829998
Alta vazao,88,Q_40185000,113.268,-34.17391073117617
Alta vazao,88,Q_40330000,347.714,315.3769605647691
Alta vazao,88,Q_40800001,318.996,27.591315683349396
Alta vazao,88,Q_40850000,406.452,284.7982830243465
Alta vazao,88,Q_40930000,50.8011,73.11316410084517
Alta vazao,89,P_1944059,0.0,0.0
Alta vazao,89,P_1944063,12.1,40.51806805341677
Alta vazao,89,P_1945002,0.0,-10.602352779427719
Alta vazao,89,P_1945008,0.0,-12.176440192979848
Alta vazao,89,P_1946000,0.0,6.48410210353218
Alta vazao,89,P_2044008,0.0,0.0
Alta vazao,89,P_2044016,0.0,0.0
Alta vazao,89,P_2044024,0.0,0.0
Alta vazao,89,P_2044042,0.1,0.0
Alta vazao,89,P_2045002,17.1,0.0
Alta vazao,89,P_2046013,9.8,5.742164143211596
Alta vazao,89,Q_40032000,25.0402,5.417036395352675
Alta vazao,89,Q_40050000,122.842,0.0
Alta vazao,89,Q_40060001,11.6916,0.0
Alta vazao,89,Q_40100000,352.531,201.4108680920171
Alta vazao,89,Q_40185000,19.3897,0.0
Alta vazao,89,Q_40330000,70.7706,-14.195165738431596
Alta vazao,89,Q_40800001,91.6334,0.0
Alta vazao,89,Q_40850000,119.596,18.699412948753473
Alta vazao,89,Q_40930000,14.3518,-9.82003244099494
Alta vazao,90,P_1944059,13.4,0.0
Alta vazao,90,P_1944063,36.9,155.49114444964965
Alta vazao,90,P_1945002,0.0,0.0
Alta vazao,90,P_1945008,0.0,0.0
Alta vazao,90,P_1946000,0.0,0.0
Alta vazao,90,P_2044008,14.9,14.658226188821569
Alta vazao,90,P_2044016,15.5,11.587076495702377
Alta vazao,90,P_2044024,0.0,0.0
Alta vazao,90,P_2044042,0.4,0.0
Alta vazao,90,P_2045002,14.3,0.0
Alta vazao,90,P_2046013,3.4,0.0
Alta vazao,90,Q_40032000,32.1409,19.435443724330053
Alta vazao,90,Q_40050000,140.224,0.0
Alta vazao,90,Q_40060001,19.0386,42.32156244381426
Alta vazao,90,Q_40100000,497.838,403.547862280992
Alta vazao,90,Q_40185000,24.872,0.0
Alta vazao,90,Q_40330000,121.083,47.51205360321654
Alta vazao,90,Q_40800001,188.663,15.425892661747747
Alta vazao,90,Q_40850000,381.876,276.1566928808313
Alta vazao,90,Q_40930000,36.271,43.99978691003166
Alta vazao,91,P_1944059,0.0,0.0
Alta vazao,91,P_1944063,0.0,-19.906499567308444
Alta vazao,91,P_1945002,0.0,-15.325990776487345
Alta vazao,91,P_1945008,0.0,-16.058913750284383
Alta vazao,91,P_1946000,0.0,0.0
Alta vazao,91,P_2044008,0.0,0.0
Alta vazao,91,P_2044016,0.0,0.0
Alta vazao,91,P_2044024,0.0,0.0
Alta vazao,91,P_2044042,0.0,0.0
Alta vazao,91,P_2045002,0.0,0.0
Alta vazao,91,P_2046013,0.0,0.0
Alta vazao,91,Q_40032000,32.9825,17.929989597727253
Alta vazao,91,Q_40050000,206.609,0.0
Alta vazao,91,Q_40060001,23.2177,60.547132507352
Alta vazao,91,Q_40100000,820.981,830.561550772076
Alta vazao,91,Q_40185000,29.4644,0.0
Alta vazao,91,Q_40330000,120.228,45.19879408671957
Alta vazao,91,Q_40800001,122.403,6.136248455931195
Alta vazao,91,Q_40850000,191.379,85.39315567197632
Alta vazao,91,Q_40930000,32.9575,33.715938703935244
Alta vazao,92,P_1944059,0.0,0.0
Alta vazao,92,P_1944063,0.0,0.0
Alta vazao,92,P_1945002,8.6,12.486963913460425
Alta vazao,92,P_1945008,14.2,30.75743325130817
Alta vazao,92,P_1946000,14.2,0.0
Alta vazao,92,P_2044008,4.1,0.0
Alta vazao,92,P_2044016,0.0,0.0
Alta vazao,92,P_2044024,0.0,0.0
Alta vazao,92,P_2044042,0.0,0.0
Alta vazao,92,P_2045002,4.3,0.0
Alta vazao,92,P_2046013,28.4,22.447572275284127
Alta vazao,92,Q_40032000,80.3881,98.07421338352066
Alta vazao,92,Q_40050000,430.974,7.837024846051236
Alta vazao,92,Q_40060001,51.8816,231.74198156425825
Alta vazao,92,Q_40100000,484.943,370.64097100997236
Alta vazao,92,Q_40185000,74.3502,0.0
Alta vazao,92,Q_40330000,166.63,98.0587487284983
Alta vazao,92,Q_40800001,130.634,0.0
Alta vazao,92,Q_40850000,228.809,115.52612009885598
Alta vazao,92,Q_40930000,38.6339,43.07130436480298
Alta vazao,93,P_1944059,0.0,0.0
Alta vazao,93,P_1944063,0.0,-17.647510479048847
Alta vazao,93,P_1945002,0.0,-12.698003638224806
Alta vazao,93,P_1945008,4.2,0.0
Alta vazao,93,P_1946000,1.2,0.0
Alta vazao,93,P_2044008,0.0,-4.348444557469321
Alta vazao,93,P_2044016,0.0,0.0
Alta vazao,93,P_2044024,0.0,0.0
Alta vazao,93,P_2044042,0.0,0.0
Alta vazao,93,P_2045002,0.0,0.0
Alta vazao,93,P_2046013,0.0,-5.325540095368787
Alta vazao,93,Q_40032000,20.3464,0.0
Alta vazao,93,Q_40050000,170.424,0.0
Alta vazao,93,Q_40060001,18.3729,32.29309776144183
Alta vazao,93,Q_40100000,277.857,98.04044442998712
Alta vazao,93,Q_40185000,46.8777,-8.19572424802907
Alta vazao,93,Q_40330000,172.458,109.96041215869538
Alta vazao,93,Q_40800001,86.1882,0.0
Alta vazao,93,Q_40850000,124.534,22.033571200834324
Alta vazao,93,Q_40930000,25.4579,15.791261371944394
Alta vazao,94,P_1944059,1.0,0.0
Alta vazao,94,P_1944063,2.2,0.0
Alta vazao,94,P_1945002,0.0,-16.037743576595403
Alta vazao,94,P_1945008,0.0,0.0
Alta vazao,94,P_1946000,15.5,-27.444947616382994
Alta vazao,94,P_2044008,0.0,0.0
Alta vazao,94,P_2044016,0.7,0.0
Alta vazao,94,P_2044024,3.6,0.0
Alta vazao,94,P_2044042,0.5,0.0
Alta vazao,94,P_2045002,0.6,0.0
Alta vazao,94,P_2046013,0.0,0.0
Alta vazao,94,Q_40032000,83.9115,106.50365022742426
Alta vazao,94,Q_40050000,495.233,0.0
Alta vazao,94,Q_40060001,30.9003,97.41033876591341
Alta vazao,94,Q_40100000,484.943,356.7680657884224
Alta vazao,94,Q_40185000,314.41,-92.69685470032853
Alta vazao,94,Q_40330000,932.08,984.3022787014231
Alta vazao,94,Q_40800001,602.525,55.601935662895436
Alta vazao,94,Q_40850000,846.435,666.1274412801074
Alta vazao,94,Q_40930000,119.91,223.32411128594615
Alta vazao,95,P_1944059,5.0,0.0
Alta vazao,95,P_1944063,0.0,-20.814901189517954
Alta vazao,95,P_1945002,0.0,0.0
Alta vazao,95,P_1945008,0.0,-16.93557536758535
Alta vazao,95,P_1946000,5.0,0.0
Alta vazao,95,P_2044008,0.0,0.0
Alta vazao,95,P_2044016,6.3,0.0
Alta vazao,95,P_2044024,2.8,0.0
Alta vazao,95,P_2044042,6.6,0.0
Alta vazao,95,P_2045002,8.9,0.0
Alta vazao,95,P_2046013,1.3,0.0
Alta vazao,95,Q_40032000,29.3812,10.817550884963293
Alta vazao,95,Q_40050000,438.09,7.824699549109603
Alta vazao,95,Q_40060001,45.9806,194.03221208567538
Alta vazao,95,Q_40100000,724.263,688.5109311964077
Alta vazao,95,Q_40185000,73.8028,-21.39367312094843
Alta vazao,95,Q_40330000,161.832,91.30001080824694
Alta vazao,95,Q_40800001,148.132,6.793743448545342
Alta vazao,95,Q_40850000,118.781,10.667735531740611
Alta vazao,95,Q_40930000,14.5737,0.0
Alta vazao,96,P_1944059,47.8,0.0
Alta vazao,96,P_1944063,82.2,274.9254101672876
Alta vazao,96,P_1945002,51.1,93.83869091872663
Alta vazao,96,P_1945008,3.2,0.0
Alta vazao,96,P_1946000,30.4,0.0
Alta vazao,96,P_2044008,35.6,47.550974567673165
Alta vazao,96,P_2044016,60.5,61.55484208911504
Alta vazao,96,P_2044024,40.6,0.0
Alta vazao,96,P_2044042,25.5,0.0
Alta vazao,96,P_2045002,25.2,0.0
Alta vazao,96,P_2046013,15.4,0.0
Alta vazao,96,Q_40032000,149.969,177.76008008584725
Alta vazao,96,Q_40050000,678.136,0.0
Alta vazao,96,Q_40060001,70.1677,363.9524903140558
Alta vazao,96,Q_40100000,745.238,752.2299447296842
Alta vazao,96,Q_40185000,59.5377,0.0
Alta vazao,96,Q_40330000,366.549,366.6415798286706
Alta vazao,96,Q_40800001,324.429,0.0
Alta vazao,96,Q_40850000,445.989,347.84484266027596
Alta vazao,96,Q_40930000,246.257,546.4737270981136
Alta vazao,97,P_1944059,0.0,0.0
Alta vazao,97,P_1944063,0.0,-17.294355895174494
Alta vazao,97,P_1945002,31.6,84.77396980495848
Alta vazao,97,P_1945008,13.0,25.68655139125427
Alta vazao,97,P_1946000,0.0,3.608444874678355
Alta vazao,97,P_2044008,2.1,0.0
Alta vazao,97,P_2044016,1.4,0.0
Alta vazao,97,P_2044024,0.0,0.0
Alta vazao,97,P_2044042,9.3,0.0
Alta vazao,97,P_2045002,0.0,0.0
Alta vazao,97,P_2046013,0.0,0.0
Alta vazao,97,Q_40032000,12.5685,0.0
Alta vazao,97,Q_40050000,94.2135,0.0
Alta vazao,97,Q_40060001,17.0643,25.187770321847378
Alta vazao,97,Q_40100000,277.857,99.85690515824068
Alta vazao,97,Q_40185000,35.175,0.0
Alta vazao,97,Q_40330000,125.389,51.02118260905014
Alta vazao,97,Q_40800001,130.501,7.501237680477017
Alta vazao,97,Q_40850000,193.383,89.90230924754233
Alta vazao,97,Q_40930000,11.5881,-18.826779413112
Alta vazao,98,P_1944059,21.4,0.0
Alta vazao,98,P_1944063,41.3,109.9132219520255
Alta vazao,98,P_1945002,71.3,103.21423714467298
Alta vazao,98,P_1945008,47.2,105.86756663076642
Alta vazao,98,P_1946000,75.4,0.0
Alta vazao,98,P_2044008,9.2,0.0
Alta vazao,98,P_2044016,9.1,0.0
Alta vazao,98,P_2044024,2.8,0.0
Alta vazao,98,P_2044042,11.7,0.0
Alta vazao,98,P_2045002,38.3,0.0
Alta vazao,98,P_2046013,94.2,45.93894157862951
Alta vazao,98,Q_40032000,168.984,177.01563985819132
Alta vazao,98,Q_40050000,518.195,0.0
Alta vazao,98,Q_40060001,60.5444,302.19335816888844
Alta vazao,98,Q_40100000,693.355,663.9001596879682
Alta vazao,98,Q_40185000,42.6554,0.0
Alta vazao,98,Q_40330000,183.335,118.16034586010122
Alta vazao,98,Q_40800001,236.869,0.0
Alta vazao,98,Q_40850000,273.74,166.70040821345108
Alta vazao,98,Q_40930000,277.544,616.5769553178801
Alta vazao,99,P_1944059,0.0,0.0
Alta vazao,99,P_1944063,1.2,0.0
Alta vazao,99,P_1945002,17.6,37.31377794437683
Alta vazao,99,P_1945008,30.0,82.07822173768557
Alta vazao,99,P_1946000,18.0,0.0
Alta vazao,99,P_2044008,0.0,0.0
Alta vazao,99,P_2044016,0.1,0.0
Alta vazao,99,P_2044024,5.4,0.0
Alta vazao,99,P_2044042,4.0,0.0
Alta vazao,99,P_2045002,0.0,0.0
Alta vazao,99,P_2046013,12.5,1.4790938172029655
Alta vazao,99,Q_40032000,98.761,121.2533962706582
Alta vazao,99,Q_40050000,435.238,16.25883552922912
Alta vazao,99,Q_40060001,50.8634,231.98816113987402
Alta vazao,99,Q_40100000,560.226,483.8265546751207
Alta vazao,99,Q_40185000,40.0226,0.0
Alta vazao,99,Q_40330000,137.745,64.70189111128784
Alta vazao,99,Q_40800001,72.5984,0.0
Alta vazao,99,Q_40850000,122.879,14.596977540922117
Alta vazao,99,Q_40930000,92.7095,174.3080213259049
Alta vazao,100,P_1944059,0.0,0.0
Alta vazao,100,P_1944063,12.5,28.09545028477952
Alta vazao,100,P_1945002,24.6,49.98762473507553
Alta vazao,100,P_1945008,3.1,0.0
Alta vazao,100,P_1946000,80.4,-116.08278594951588
Alta vazao,100,P_2044008,4.0,0.0
Alta vazao,100,P_2044016,25.1,0.0
Alta vazao,100,P_2044024,16.3,0.0
Alta vazao,100,P_2044042,3.9,0.0
Alta vazao,100,P_2045002,2.9,0.0
Alta vazao,100,P_2046013,1.2,0.0
Alta vazao,100,Q_40032000,34.9701,16.082313710832295
Alta vazao,100,Q_40050000,351.32,0.0
Alta vazao,100,Q_40060001,49.8593,209.2247717248104
Alta vazao,100,Q_40100000,521.913,403.3362728867626
Alta vazao,100,Q_40185000,195.756,0.0
Alta vazao,100,Q_40330000,520.825,510.4957502160128
Alta vazao,100,Q_40800001,272.037,19.60321353798264
Alta vazao,100,Q_40850000,332.185,204.88467432272336
Alta vazao,100,Q_40930000,298.368,656.8418301931112
Alta vazao,101,P_1944059,22.2,4.40209896550823
Alta vazao,101,P_1944063,11.3,13.876341675882967
Alta vazao,101,P_1945002,31.8,41.49311253633954
Alta vazao,101,P_1945008,17.8,25.215344610507344
Alta vazao,101,P_1946000,42.0,0.0
Alta vazao,101,P_2044008,0.0,0.0
Alta vazao,101,P_2044016,85.7,120.4503006302036
Alta vazao,101,P_2044024,33.3,0.0
Alta vazao,101,P_2044042,20.2,0.0
Alta vazao,101,P_2045002,10.0,0.0
Alta vazao,101,P_2046013,16.5,0.0
Alta vazao,101,Q_40032000,28.0283,0.0
Alta vazao,101,Q_40050000,79.2833,0.0
Alta vazao,101,Q_40060001,11.5772,0.0
Alta vazao,101,Q_40100000,356.488,195.1442851177468
Alta vazao,101,Q_40185000,55.0107,0.0
Alta vazao,101,Q_40330000,95.0925,5.859165599708573
Alta vazao,101,Q_40800001,264.714,26.687578729441494
Alta vazao,101,Q_40850000,322.106,216.33076297735644
Alta vazao,101,Q_40930000,191.871,407.5571218901924
Alta vazao,102,P_1944059,0.0,-2.5519160453169434
Alta vazao,102,P_1944063,0.0,-16.89223584155242
Alta vazao,102,P_1945002,0.0,-12.399792237981483
Alta vazao,102,P_1945008,0.0,-12.977670167774969
Alta vazao,102,P_1946000,0.0,0.0
Alta vazao,102,P_2044008,0.0,0.0
Alta vazao,102,P_2044016,0.0,0.0
Alta vazao,102,P_2044024,0.0,0.0
Alta vazao,102,P_2044042,0.0,0.0
Alta vazao,102,P_2045002,0.0,0.0
Alta vazao,102,P_2046013,0.0,-5.352093793985728
Alta vazao,102,Q_40032000,23.8245,0.0
Alta vazao,102,Q_40050000,194.033,0.0
Alta vazao,102,Q_40060001,9.2602,-14.674174079361196
Alta vazao,102,Q_40100000,442.273,318.35733994092203
Alta vazao,102,Q_40185000,20.5401,0.0
Alta vazao,102,Q_40330000,40.7711,-51.00325292684276
Alta vazao,102,Q_40800001,50.5511,0.0
Alta vazao,102,Q_40850000,85.3521,-15.238213505192693
Alta vazao,102,Q_40930000,28.1403,21.658399710285867
Alta vazao,103,P_1944059,27.4,10.066665968159441
Alta vazao,103,P_1944063,34.4,93.21799000707377
Alta vazao,103,P_1945002,8.2,0.0
Alta vazao,103,P_1945008,0.0,0.0
Alta vazao,103,P_1946000,0.0,0.0
Alta vazao,103,P_2044008,20.4,16.266200231005687
Alta vazao,103,P_2044016,32.5,27.70022720285155
Alta vazao,103,P_2044024,30.0,0.0
Alta vazao,103,P_2044042,35.6,0.0
Alta vazao,103,P_2045002,42.6,10.696921432262391
Alta vazao,103,P_2046013,7.8,0.0
Alta vazao,103,Q_40032000,35.544,10.111513562004554
Alta vazao,103,Q_40050000,246.128,0.0
Alta vazao,103,Q_40060001,14.9122,13.726416237639818
Alta vazao,103,Q_40100000,555.649,477.687102180036
Alta vazao,103,Q_40185000,26.5645,0.0
Alta vazao,103,Q_40330000,106.87,26.74791827970405
Alta vazao,103,Q_40800001,87.7448,0.0
Alta vazao,103,Q_40850000,77.071,0.0
Alta vazao,103,Q_40930000,45.5152,60.26561661652502
Alta vazao,104,P_1944059,44.6,55.98973292065515
Alta vazao,104,P_1944063,6.5,9.562545846792966
Alta vazao,104,P_1945002,11.5,20.06501308899586
Alta vazao,104,P_1945008,0.0,0.0
Alta vazao,104,P_1946000,0.0,0.0
Alta vazao,104,P_2044008,37.8,50.08969651398356
Alta vazao,104,P_2044016,2.2,0.0
Alta vazao,104,P_2044024,15.6,0.0
Alta vazao,104,P_2044042,1.9,0.0
Alta vazao,104,P_2045002,18.2,0.0
Alta vazao,104,P_2046013,0.0,0.0
Alta vazao,104,Q_40032000,54.9009,47.12130762412286
Alta vazao,104,Q_40050000,287.436,7.52050776384351
Alta vazao,104,Q_40060001,16.4218,22.692999442723277
Alta vazao,104,Q_40100000,698.46,665.3487169542083
Alta vazao,104,Q_40185000,21.5977,0.0
Alta vazao,104,Q_40330000,77.4552,0.0
Alta vazao,104,Q_40800001,52.529,0.0
Alta vazao,104,Q_40850000,65.9698,-37.69512961879491
Alta vazao,104,Q_40930000,33.3332,32.10197219635671
Alta vazao,105,P_1944059,0.0,0.0
Alta vazao,105,P_1944063,12.3,27.55600395614456
Alta vazao,105,P_1945002,42.5,66.58839531095498
Alta vazao,105,P_1945008,21.0,36.54081942337361
Alta vazao,105,P_1946000,15.4,0.0
Alta vazao,105,P_2044008,27.3,29.9054928885851
Alta vazao,105,P_2044016,16.4,0.0
Alta vazao,105,P_2044024,5.6,0.0
Alta vazao,105,P_2044042,20.2,0.0
Alta vazao,105,P_2045002,17.8,0.0
Alta vazao,105,P_2046013,22.4,0.0
Alta vazao,105,Q_40032000,172.796,219.65947025787995
Alta vazao,105,Q_40050000,306.909,18.33247937548049
Alta vazao,105,Q_40060001,30.2499,105.63173429285042
Alta vazao,105,Q_40100000,418.097,277.473828641569
Alta vazao,105,Q_40185000,30.6514,0.0
Alta vazao,105,Q_40330000,111.81,31.752851313219256
Alta vazao,105,Q_40800001,100.003,0.0
Alta vazao,105,Q_40850000,99.203,0.0
Alta vazao,105,Q_40930000,71.7379,119.16842106189239
Alta vazao,106,P_1944059,0.0,0.0
Alta vazao,106,P_1944063,12.2,29.9314658958508
Alta vazao,106,P_1945002,97.5,241.33429188699031
Alta vazao,106,P_1945008,0.0,0.0
Alta vazao,106,P_1946000,0.0,5.247409976865583
Alta vazao,106,P_2044008,0.0,0.0
Alta vazao,106,P_2044016,0.0,0.0
Alta vazao,106,P_2044024,22.0,0.0
Alta vazao,106,P_2044042,0.0,0.0
Alta vazao,106,P_2045002,0.0,0.0
Alta vazao,106,P_2046013,0.0,0.0
Alta vazao,106,Q_40032000,31.0286,10.42472484283128
Alta vazao,106,Q_40050000,135.586,0.0
Alta vazao,106,Q_40060001,18.9049,38.4392814736731
Alta vazao,106,Q_40100000,470.11,369.28952282968754
Alta vazao,106,Q_40185000,28.8766,0.0
Alta vazao,106,Q_40330000,118.526,42.773354479868246
Alta vazao,106,Q_40800001,238.909,29.89898879352855
Alta vazao,106,Q_40850000,364.54,267.5083548560862
Alta vazao,106,Q_40930000,103.802,196.5444501193805
Alta vazao,107,P_1944059,0.0,0.0
Alta vazao,107,P_1944063,13.1,46.76787227910115
Alta vazao,107,P_1945002,4.8,0.0
Alta vazao,107,P_1945008,0.0,-15.697593281196983
Alta vazao,107,P_1946000,0.0,6.107891796763585
Alta vazao,107,P_2044008,3.4,0.0
Alta vazao,107,P_2044016,0.0,0.0
Alta vazao,107,P_2044024,0.0,0.0
Alta vazao,107,P_2044042,0.0,0.0
Alta vazao,107,P_2045002,0.0,0.0
Alta vazao,107,P_2046013,0.0,0.0
Alta vazao,107,Q_40032000,66.2565,76.92554661369165
Alta vazao,107,Q_40050000,496.736,18.812959833190096
Alta vazao,107,Q_40060001,33.7083,126.15732684060698
Alta vazao,107,Q_40100000,906.151,944.9623536651492
Alta vazao,107,Q_40185000,32.4602,0.0
Alta vazao,107,Q_40330000,135.954,63.43140603349978
Alta vazao,107,Q_40800001,58.4971,0.0
Alta vazao,107,Q_40850000,96.2124,-7.3154771467893625
Alta vazao,107,Q_40930000,70.8107,125.73003703637116
Alta vazao,108,P_1944059,0.0,0.0
Alta vazao,108,P_1944063,0.5,-16.078528952625675
Alta vazao,108,P_1945002,11.1,20.96718607060628
Alta vazao,108,P_1945008,32.7,97.06532097679931
Alta vazao,108,P_1946000,8.0,0.0
Alta vazao,108,P_2044008,0.0,0.0
Alta vazao,108,P_2044016,0.0,0.0
Alta vazao,108,P_2044024,2.2,0.0
Alta vazao,108,P_2044042,3.2,0.0
Alta vazao,108,P_2045002,11.6,0.0
Alta vazao,108,P_2046013,1.0,0.0
Alta vazao,108,Q_40032000,26.9591,7.809090076195948
Alta vazao,108,Q_40050000,208.546,0.0
Alta vazao,108,Q_40060001,23.8208,65.95059589240732
Alta vazao,108,Q_40100000,335.983,176.64450831984772
Alta vazao,108,Q_40185000,50.1699,0.0
Alta vazao,108,Q_40330000,135.061,62.245046689657144
Alta vazao,108,Q_40800001,157.93,9.22793493319405
Alta vazao,108,Q_40850000,151.409,45.01558982769031
Alta vazao,108,Q_40930000,85.6674,159.99920288348977
Alta vazao,109,P_1944059,12.4,8.420616557053878
Alta vazao,109,P_1944063,0.5,0.0
Alta vazao,109,P_1945002,3.9,0.0
Alta vazao,109,P_1945008,0.0,0.0
Alta vazao,109,P_1946000,26.4,-38.788057023893735
Alta vazao,109,P_2044008,1.1,0.0
Alta vazao,109,P_2044016,0.0,0.0
Alta vazao,109,P_2044024,2.6,0.0
Alta vazao,109,P_2044042,2.2,0.0
Alta vazao,109,P_2045002,5.5,0.0
Alta vazao,109,P_2046013,33.4,29.5742211714395
Alta vazao,109,Q_40032000,97.3175,126.5440277362827
Alta vazao,109,Q_40050000,353.278,0.0
Alta vazao,109,Q_40060001,59.4103,279.3697100067541
Alta vazao,109,Q_40100000,616.595,549.8318385561927
Alta vazao,109,Q_40185000,43.3221,0.0
Alta vazao,109,Q_40330000,145.917,73.28134360037119
Alta vazao,109,Q_40800001,128.794,5.604345057369528
Alta vazao,109,Q_40850000,193.383,83.47696813010155
Alta vazao,109,Q_40930000,96.7418,184.75334503496586
Alta vazao,110,P_1944059,0.0,0.0
Alta vazao,110,P_1944063,0.0,-19.566614232758756
Alta vazao,110,P_1945002,0.0,-14.588424571244882
Alta vazao,110,P_1945008,0.0,-15.044175972099843
Alta vazao,110,P_1946000,0.0,5.584962768015089
Alta vazao,110,P_2044008,0.0,0.0
Alta vazao,110,P_2044016,0.0,0.0
Alta vazao,110,P_2044024,0.0,0.0
Alta vazao,110,P_2044042,2.3,0.0
Alta vazao,110,P_2045002,0.0,0.0
Alta vazao,110,P_2046013,0.0,0.0
Alta vazao,110,Q_40032000,31.0286,13.93254254164582
Alta vazao,110,Q_40050000,168.297,0.0
Alta vazao,110,Q_40060001,20.2559,43.600649032042554
Alta vazao,110,Q_40100000,809.938,815.6731376085982
Alta vazao,110,Q_40185000,25.9963,0.0
Alta vazao,110,Q_40330000,121.939,46.69651301956696
Alta vazao,110,Q_40800001,115.019,0.0
Alta vazao,110,Q_40850000,164.283,59.1625178016466
Alta vazao,110,Q_40930000,27.4774,19.7979148937255
Alta vazao,111,P_1944059,67.6,91.75839486188524
Alta vazao,111,P_1944063,52.5,111.59536295017274
Alta vazao,111,P_1945002,0.0,0.0
Alta vazao,111,P_1945008,32.8,55.2992399011124
Alta vazao,111,P_1946000,0.0,0.0
Alta vazao,111,P_2044008,7.0,0.0
Alta vazao,111,P_2044016,45.0,27.481077110766478
Alta vazao,111,P_2044024,31.5,0.0
Alta vazao,111,P_2044042,20.9,0.0
Alta vazao,111,P_2045002,42.3,0.0
Alta vazao,111,P_2046013,16.2,0.0
Alta vazao,111,Q_40032000,17.303,0.0
Alta vazao,111,Q_40050000,131.777,0.0
Alta vazao,111,Q_40060001,6.6323,-29.645885704418273
Alta vazao,111,Q_40100000,112.35,-125.81342915880242
Alta vazao,111,Q_40185000,18.254,0.0
Alta vazao,111,Q_40330000,66.8649,-21.490496370339837
Alta vazao,111,Q_40800001,168.285,20.807509787727945
Alta vazao,111,Q_40850000,83.2476,-20.052451650340544
Alta vazao,111,Q_40930000,9.5841,-20.274893565188997
Alta vazao,112,P_1944059,16.8,0.0
Alta vazao,112,P_1944063,25.4,62.76075002895848
Alta vazao,112,P_1945002,8.7,0.0
Alta vazao,112,P_1945008,33.4,70.6724255804426
Alta vazao,112,P_1946000,47.3,0.0
Alta vazao,112,P_2044008,6.2,0.0
Alta vazao,112,P_2044016,8.5,0.0
Alta vazao,112,P_2044024,6.0,0.0
Alta vazao,112,P_2044042,25.5,0.0
Alta vazao,112,P_2045002,29.5,0.0
Alta vazao,112,P_2046013,113.2,91.63674951184626
Alta vazao,112,Q_40032000,60.1815,27.903741922746597
Alta vazao,112,Q_40050000,288.638,0.0
Alta vazao,112,Q_40060001,33.2077,118.14409025640428
Alta vazao,112,Q_40100000,611.796,551.5531336891702
Alta vazao,112,Q_40185000,44.6654,0.0
Alta vazao,112,Q_40330000,145.001,74.32470686540162
Alta vazao,112,Q_40800001,130.938,6.590830099436971
Alta vazao,112,Q_40850000,207.658,105.05953304886579
Alta vazao,112,Q_40930000,100.568,190.63638708117702
Alta vazao,113,P_1944059,2.0,0.0
Alta vazao,113,P_1944063,0.0,-18.496634796295396
Alta vazao,113,P_1945002,0.0,-13.203533416784403
Alta vazao,113,P_1945008,0.0,-14.015022795914774
Alta vazao,113,P_1946000,0.0,0.0
Alta vazao,113,P_2044008,19.4,21.607024176920106
Alta vazao,113,P_2044016,8.3,0.0
Alta vazao,113,P_2044024,0.0,0.0
Alta vazao,113,P_2044042,0.0,0.0
Alta vazao,113,P_2045002,0.0,0.0
Alta vazao,113,P_2046013,0.0,0.0
Alta vazao,113,Q_40032000,12.9391,0.0
Alta vazao,113,Q_40050000,114.555,0.0
Alta vazao,113,Q_40060001,17.0643,24.15984774707962
Alta vazao,113,Q_40100000,255.449,64.8062981876958
Alta vazao,113,Q_40185000,40.4972,0.0
Alta vazao,113,Q_40330000,144.086,72.86934296664029
Alta vazao,113,Q_40800001,153.181,10.052991508041597
Alta vazao,113,Q_40850000,238.615,131.2172208222599
Alta vazao,113,Q_40930000,8.9307,-23.53488846363055
Alta vazao,114,P_1944059,0.0,0.0
Alta vazao,114,P_1944063,0.0,-14.624009727468346
Alta vazao,114,P_1945002,35.5,85.83582877134292
Alta vazao,114,P_1945008,0.0,0.0
Alta vazao,114,P_1946000,0.0,5.407994629700517
Alta vazao,114,P_2044008,0.0,0.0
Alta vazao,114,P_2044016,0.0,0.0
Alta vazao,114,P_2044024,33.4,0.0
Alta vazao,114,P_2044042,0.9,0.0
Alta vazao,114,P_2045002,0.0,0.0
Alta vazao,114,P_2046013,18.4,7.749978424632278
Alta vazao,114,Q_40032000,24.5528,0.0
Alta vazao,114,Q_40050000,85.3582,0.0
Alta vazao,114,Q_40060001,17.0643,26.72667961262075
Alta vazao,114,Q_40100000,281.648,104.22327803765332
Alta vazao,114,Q_40185000,27.4561,0.0
Alta vazao,114,Q_40330000,100.415,22.261534105565193
Alta vazao,114,Q_40800001,108.675,6.277633163722699
Alta vazao,114,Q_40850000,161.486,60.52898776866825
Alta vazao,114,Q_40930000,13.3039,-13.342800354331644
Alta vazao,115,P_1944059,0.0,0.0
Alta vazao,115,P_1944063,0.0,-15.008166568584171
Alta vazao,115,P_1945002,34.3,94.85724698099555
Alta vazao,115,P_1945008,0.0,-11.062386491206098
Alta vazao,115,P_1946000,0.0,6.050636060217506
Alta vazao,115,P_2044008,0.0,0.0
Alta vazao,115,P_2044016,0.0,0.0
Alta vazao,115,P_2044024,0.0,0.0
Alta vazao,115,P_2044042,0.0,0.0
Alta vazao,115,P_2045002,0.0,0.0
Alta vazao,115,P_2046013,0.0,-3.7875249182252446
Alta vazao,115,Q_40032000,19.4562,0.0
Alta vazao,115,Q_40050000,114.555,0.0
Alta vazao,115,Q_40060001,11.1233,-4.33335609295851
Alta vazao,115,Q_40100000,342.394,194.5697621095678
Alta vazao,115,Q_40185000,16.6046,0.0
Alta vazao,115,Q_40330000,61.1573,-25.960985016171904
Alta vazao,115,Q_40800001,79.8139,0.0
Alta vazao,115,Q_40850000,115.547,15.6401454304355
Alta vazao,115,Q_40930000,23.1557,11.149007840379264
Alta vazao,116,P_1944059,0.0,0.0
Alta vazao,116,P_1944063,2.9,0.0
Alta vazao,116,P_1945002,39.8,50.009109239461566
Alta vazao,116,P_1945008,31.9,62.37918403777788
Alta vazao,116,P_1946000,18.2,0.0
Alta vazao,116,P_2044008,25.3,27.612683221722957
Alta vazao,116,P_2044016,16.4,9.974540948436697
Alta vazao,116,P_2044024,16.0,0.0
Alta vazao,116,P_2044042,21.9,0.0
Alta vazao,116,P_2045002,38.0,12.580436640374977
Alta vazao,116,P_2046013,50.0,25.722562518768704
Alta vazao,116,Q_40032000,40.8272,0.0
Alta vazao,116,Q_40050000,254.635,11.371718936266552
Alta vazao,116,Q_40060001,19.1727,39.36578560919427
Alta vazao,116,Q_40100000,440.057,321.70767437274947
Alta vazao,116,Q_40185000,24.872,0.0
Alta vazao,116,Q_40330000,75.4271,0.0
Alta vazao,116,Q_40800001,69.5346,0.0
Alta vazao,116,Q_40850000,98.4517,0.0
Alta vazao,116,Q_40930000,39.3781,43.81255880969678
Alta vazao,117,P_1944059,75.0,200.53547124566828
Alta vazao,117,P_1944063,0.0,-11.976820962375093
Alta vazao,117,P_1945002,0.0,-8.78180675047074
Alta vazao,117,P_1945008,0.0,-9.111140549191166
Alta vazao,117,P_1946000,8.2,-4.687061780320221
Alta vazao,117,P_2044008,0.0,0.0
Alta vazao,117,P_2044016,0.0,0.0
Alta vazao,117,P_2044024,9.7,0.0
Alta vazao,117,P_2044042,0.0,0.0
Alta vazao,117,P_2045002,0.0,0.0
Alta vazao,117,P_2046013,0.0,0.0
Alta vazao,117,Q_40032000,13.3141,-6.180554400253778
Alta vazao,117,Q_40050000,112.086,0.0
Alta vazao,117,Q_40060001,9.4737,-13.205096100020667
Alta vazao,117,Q_40100000,137.668,-86.5244095101196
Alta vazao,117,Q_40185000,25.4912,0.0
Alta vazao,117,Q_40330000,92.908,0.0
Alta vazao,117,Q_40800001,115.781,0.0
Alta vazao,117,Q_40850000,199.447,81.70985543088946
Alta vazao,117,Q_40930000,7.648,-21.957636390919276
Alta vazao,118,P_1944059,22.8,16.03065149318122
Alta vazao,118,P_1944063,3.9,0.0
Alta vazao,118,P_1945002,12.8,17.37190157959084
Alta vazao,118,P_1945008,0.0,0.0
Alta vazao,118,P_1946000,12.2,0.0
Alta vazao,118,P_2044008,0.0,0.0
Alta vazao,118,P_2044016,4.5,0.0
Alta vazao,118,P_2044024,7.5,0.0
Alta vazao,118,P_2044042,4.1,0.0
Alta vazao,118,P_2045002,1.6,0.0
Alta vazao,118,P_2046013,48.3,32.065332663334615
Alta vazao,118,Q_40032000,41.4353,18.441009780914477
Alta vazao,118,Q_40050000,131.777,0.0
Alta vazao,118,Q_40060001,17.3236,26.383156712450493
Alta vazao,118,Q_40100000,279.75,101.67744107383602
Alta vazao,118,Q_40185000,38.9446,0.0
Alta vazao,118,Q_40330000,138.645,69.30135881887088
Alta vazao,118,Q_40800001,124.273,6.535147747716849
Alta vazao,118,Q_40850000,127.036,22.849677019406986
Alta vazao,118,Q_40930000,82.0022,148.4606555701473
Alta vazao,119,P_1944059,5.2,0.0
Alta vazao,119,P_1944063,0.0,-17.99365544218145
Alta vazao,119,P_1945002,0.0,-12.95329871887327
Alta vazao,119,P_1945008,0.0,-14.287749476389646
Alta vazao,119,P_1946000,0.0,5.973180799541818
Alta vazao,119,P_2044008,0.0,0.0
Alta vazao,119,P_2044016,0.0,0.0
Alta vazao,119,P_2044024,0.0,0.0
Alta vazao,119,P_2044042,0.0,0.0
Alta vazao,119,P_2045002,0.0,0.0
Alta vazao,119,P_2046013,0.0,0.0
Alta vazao,119,Q_40032000,59.3277,61.82014071509166
Alta vazao,119,Q_40050000,244.441,0.0
Alta vazao,119,Q_40060001,15.7871,19.616772819882545
Alta vazao,119,Q_40100000,515.291,418.61837304964484
Alta vazao,119,Q_40185000,24.872,0.0
Alta vazao,119,Q_40330000,113.475,36.75192219596371
Alta vazao,119,Q_40800001,67.5044,0.0
Alta vazao,119,Q_40850000,120.413,17.127316794229205
Alta vazao,119,Q_40930000,33.3332,35.34542933191526
Alta vazao,120,P_1944059,0.0,0.0
Alta vazao,120,P_1944063,0.0,-19.53351500671354
Alta vazao,120,P_1945002,0.0,-14.481210121896638
Alta vazao,120,P_1945008,0.0,-14.911088039545197
Alta vazao,120,P_1946000,0.0,5.789656823523728
Alta vazao,120,P_2044008,0.0,0.0
Alta vazao,120,P_2044016,2.5,0.0
Alta vazao,120,P_2044024,2.4,0.0
Alta vazao,120,P_2044042,0.7,0.0
Alta vazao,120,P_2045002,2.7,0.0
Alta vazao,120,P_2046013,3.0,0.0
Alta vazao,120,Q_40032000,46.9351,41.54529335646404
Alta vazao,120,Q_40050000,314.347,0.0
Alta vazao,120,Q_40060001,18.6383,36.76765355157782
Alta vazao,120,Q_40100000,548.818,461.91688096147857
Alta vazao,120,Q_40185000,43.3221,0.0
Alta vazao,120,Q_40330000,188.362,128.22427867061486
Alta vazao,120,Q_40800001,105.432,0.0
Alta vazao,120,Q_40850000,232.058,123.66669202450556
Alta vazao,120,Q_40930000,49.5131,73.88010332537796
Alta vazao,121,P_1944059,19.6,0.0
Alta vazao,121,P_1944063,0.0,0.0
Alta vazao,121,P_1945002,36.2,55.79426744038175
Alta vazao,121,P_1945008,28.9,56.57835631331193
Alta vazao,121,P_1946000,40.2,0.0
Alta vazao,121,P_2044008,2.2,0.0
Alta vazao,121,P_2044016,14.1,0.0
Alta vazao,121,P_2044024,7.5,0.0
Alta vazao,121,P_2044042,5.8,0.0
Alta vazao,121,P_2045002,27.3,0.0
Alta vazao,121,P_2046013,48.0,15.809061967784828
Alta vazao,121,Q_40032000,152.959,169.50018552729722
Alta vazao,121,Q_40050000,396.8,18.75339395986185
Alta vazao,121,Q_40060001,46.9298,200.5450759648764
Alta vazao,121,Q_40100000,470.11,349.38980468849655
Alta vazao,121,Q_40185000,36.8093,0.0
Alta vazao,121,Q_40330000,132.396,54.85273818713885
Alta vazao,121,Q_40800001,85.0649,0.0
Alta vazao,121,Q_40850000,139.863,27.35992130700017
Alta vazao,121,Q_40930000,145.005,298.50630542361307
Alta vazao,122,P_1944059,0.0,0.0
Alta vazao,122,P_1944063,8.0,20.30775554332491
Alta vazao,122,P_1945002,0.0,-14.415874892495482
Alta vazao,122,P_1945008,0.0,-15.023929627184998
Alta vazao,122,P_1946000,0.0,0.0
Alta vazao,122,P_2044008,0.0,0.0
Alta vazao,122,P_2044016,0.0,0.0
Alta vazao,122,P_2044024,0.4,0.0
Alta vazao,122,P_2044042,0.4,0.0
Alta vazao,122,P_2045002,6.5,0.0
Alta vazao,122,P_2046013,0.0,0.0
Alta vazao,122,Q_40032000,63.9044,72.12944498341479
Alta vazao,122,Q_40050000,461.914,16.18284530022585
Alta vazao,122,Q_40060001,28.8012,96.02413197568296
Alta vazao,122,Q_40100000,947.318,998.9728903959117
Alta vazao,122,Q_40185000,27.7127,0.0
Alta vazao,122,Q_40330000,121.083,45.114454959451564
Alta vazao,122,Q_40800001,58.4971,0.0
Alta vazao,122,Q_40850000,83.9466,-18.973316815142173
Alta vazao,122,Q_40930000,63.9987,109.14033786282344
Alta vazao,123,P_1944059,0.0,0.0
Alta vazao,123,P_1944063,0.0,-19.80858638858957
Alta vazao,123,P_1945002,0.0,-14.988362790301604
Alta vazao,123,P_1945008,0.0,-15.130314532298522
Alta vazao,123,P_1946000,0.0,4.947460298166675
Alta vazao,123,P_2044008,0.0,0.0
Alta vazao,123,P_2044016,0.0,0.0
Alta vazao,123,P_2044024,0.0,0.0
Alta vazao,123,P_2044042,0.0,0.0
Alta vazao,123,P_2045002,0.0,0.0
Alta vazao,123,P_2046013,0.0,0.0
Alta vazao,123,Q_40032000,29.9275,12.617963209962468
Alta vazao,123,Q_40050000,153.758,0.0
Alta vazao,123,Q_40060001,19.9833,41.45029063991534
Alta vazao,123,Q_40100000,793.514,793.3062816231267
Alta vazao,123,Q_40185000,24.872,0.0
Alta vazao,123,Q_40330000,120.228,44.8634582043429
Alta vazao,123,Q_40800001,104.615,0.0
Alta vazao,123,Q_40850000,155.955,51.115824705190995
Alta vazao,123,Q_40930000,24.1738,12.42993956024679
Alta vazao,124,P_1944059,0.0,0.0
Alta vazao,124,P_1944063,1.0,-15.353660707721815
Alta vazao,124,P_1945002,12.8,21.19768411349197
Alta vazao,124,P_1945008,0.0,-15.742335401651424
Alta vazao,124,P_1946000,0.0,0.0
Alta vazao,124,P_2044008,0.0,0.0
Alta vazao,124,P_2044016,28.5,25.454626270179666
Alta vazao,124,P_2044024,15.0,0.0
Alta vazao,124,P_2044042,7.1,0.0
Alta vazao,124,P_2045002,2.3,0.0
Alta vazao,124,P_2046013,0.0,0.0
Alta vazao,124,Q_40032000,12.9391,0.0
Alta vazao,124,Q_40050000,110.338,0.0
Alta vazao,124,Q_40060001,17.1938,22.90744528460776
Alta vazao,124,Q_40100000,235.431,36.21810979207308
Alta vazao,124,Q_40185000,49.2499,0.0
Alta vazao,124,Q_40330000,187.353,123.42637777180428
Alta vazao,124,Q_40800001,185.681,9.579459469934907
Alta vazao,124,Q_40850000,266.779,153.80271725145633
Alta vazao,124,Q_40930000,8.2852,-27.504645583943798
Alta vazao,125,P_1944059,0.0,0.0
Alta vazao,125,P_1944063,3.3,0.0
Alta vazao,125,P_1945002,0.0,-14.194025616216297
Alta vazao,125,P_1945008,0.0,-14.917093458631404
Alta vazao,125,P_1946000,0.0,5.571722195483517
Alta vazao,125,P_2044008,0.0,0.0
Alta vazao,125,P_2044016,3.0,0.0
Alta vazao,125,P_2044024,0.0,0.0
Alta vazao,125,P_2044042,0.7,0.0
Alta vazao,125,P_2045002,0.0,0.0
Alta vazao,125,P_2046013,0.0,0.0
Alta vazao,125,Q_40032000,25.1171,0.0
Alta vazao,125,Q_40050000,249.517,0.0
Alta vazao,125,Q_40060001,18.3729,30.720959982725404
Alta vazao,125,Q_40100000,567.125,484.3165838053649
Alta vazao,125,Q_40185000,89.0387,-26.25352977944158
Alta vazao,125,Q_40330000,327.84,294.84994206962017
Alta vazao,125,Q_40800001,216.465,15.147476359489648
Alta vazao,125,Q_40850000,383.224,265.26014640453764
Alta vazao,125,Q_40930000,23.8176,10.27369639495506
Alta vazao,126,P_1944059,0.0,0.0
Alta vazao,126,P_1944063,0.0,-18.38027205861597
Alta vazao,126,P_1945002,0.0,-13.689942217100699
Alta vazao,126,P_1945008,0.0,-14.061335663478609
Alta vazao,126,P_1946000,0.0,5.0233499351910496
Alta vazao,126,P_2044008,0.0,0.0
Alta vazao,126,P_2044016,0.0,0.0
Alta vazao,126,P_2044024,0.0,0.0
Alta vazao,126,P_2044042,0.0,0.0
Alta vazao,126,P_2045002,0.0,0.0
Alta vazao,126,P_2046013,0.0,-5.747575931474837
Alta vazao,126,Q_40032000,18.1518,0.0
Alta vazao,126,Q_40050000,180.663,0.0
Alta vazao,126,Q_40060001,19.4417,36.718448288887785
Alta vazao,126,Q_40100000,310.582,140.55394495079736
Alta vazao,126,Q_40185000,46.4066,-8.620871261617458
Alta vazao,126,Q_40330000,169.535,105.1608895739438
Alta vazao,126,Q_40800001,101.733,0.0
Alta vazao,126,Q_40850000,153.221,48.87667682338607
Alta vazao,126,Q_40930000,20.5174,0.0
Alta vazao,127,P_1944059,3.2,0.0
Alta vazao,127,P_1944063,0.0,-19.17584137931903
Alta vazao,127,P_1945002,4.5,0.0
Alta vazao,127,P_1945008,0.0,-14.669104742162519
Alta vazao,127,P_1946000,0.0,5.679272634374257
Alta vazao,127,P_2044008,0.0,0.0
Alta vazao,127,P_2044016,0.0,0.0
Alta vazao,127,P_2044024,0.0,0.0
Alta vazao,127,P_2044042,0.0,0.0
Alta vazao,127,P_2045002,0.0,0.0
Alta vazao,127,P_2046013,0.0,0.0
Alta vazao,127,Q_40032000,36.1207,22.464385384130544
Alta vazao,127,Q_40050000,137.51,0.0
Alta vazao,127,Q_40060001,19.307,39.24284318572399
Alta vazao,127,Q_40100000,668.108,626.0297809210329
Alta vazao,127,Q_40185000,23.7639,0.0
Alta vazao,127,Q_40330000,99.6193,20.384869916000397
Alta vazao,127,Q_40800001,93.3768,2.574974051494678
Alta vazao,127,Q_40850000,147.815,43.80271097338108
Alta vazao,127,Q_40930000,43.7399,59.68002452260599
Alta vazao,128,P_1944059,8.0,0.0
Alta vazao,128,P_1944063,140.4,442.2528867122929
Alta vazao,128,P_1945002,13.7,18.582950551846622
Alta vazao,128,P_1945008,0.0,0.0
Alta vazao,128,P_1946000,0.0,0.0
Alta vazao,128,P_2044008,18.4,0.0
Alta vazao,128,P_2044016,24.4,18.03584140032809
Alta vazao,128,P_2044024,36.0,0.0
Alta vazao,128,P_2044042,21.5,0.0
Alta vazao,128,P_2045002,9.5,0.0
Alta vazao,128,P_2046013,38.4,16.182272541899515
Alta vazao,128,Q_40032000,32.1409,0.0
Alta vazao,128,Q_40050000,283.844,19.180329216267815
Alta vazao,128,Q_40060001,13.932,13.734264432775035
Alta vazao,128,Q_40100000,537.526,460.4841018177062
Alta vazao,128,Q_40185000,38.0842,0.0
Alta vazao,128,Q_40330000,118.526,44.196550816197224
Alta vazao,128,Q_40800001,171.451,20.564442350952877
Alta vazao,128,Q_40850000,113.944,0.0
Alta vazao,128,Q_40930000,42.4061,59.61326390824596
Alta vazao,129,P_1944059,15.4,14.507562141838024
Alta vazao,129,P_1944063,9.0,20.03590424684118
Alta vazao,129,P_1945002,0.0,-9.714089345979096
Alta vazao,129,P_1945008,0.0,-11.710062800189599
Alta vazao,129,P_1946000,6.4,0.0
Alta vazao,129,P_2044008,24.3,27.436957167842227
Alta vazao,129,P_2044016,8.0,0.0
Alta vazao,129,P_2044024,11.3,0.0
Alta vazao,129,P_2044042,12.1,-8.894518325159721
Alta vazao,129,P_2045002,0.0,0.0
Alta vazao,129,P_2046013,3.7,0.0
Alta vazao,129,Q_40032000,18.1518,0.0
Alta vazao,129,Q_40050000,102.464,0.0
Alta vazao,129,Q_40060001,11.0107,0.0
Alta vazao,129,Q_40100000,142.649,-84.48917613064982
Alta vazao,129,Q_40185000,23.5877,0.0
Alta vazao,129,Q_40330000,87.1723,0.0
Alta vazao,129,Q_40800001,123.047,8.127867926019249
Alta vazao,129,Q_40850000,146.031,44.79149424227767
Alta vazao,129,Q_40930000,7.648,-26.004293186827887
Alta vazao,130,P_1944059,0.0,0.0
Alta vazao,130,P_1944063,0.0,-21.16649710805393
Alta vazao,130,P_1945002,0.0,-16.446351780515215
Alta vazao,130,P_1945008,0.0,0.0
Alta vazao,130,P_1946000,0.0,0.0
Alta vazao,130,P_2044008,0.0,0.0
Alta vazao,130,P_2044016,0.0,0.0
Alta vazao,130,P_2044024,0.0,0.0
Alta vazao,130,P_2044042,0.0,0.0
Alta vazao,130,P_2045002,0.0,0.0
Alta vazao,130,P_2046013,0.0,0.0
Alta vazao,130,Q_40032000,32.7013,19.047831976758456
Alta vazao,130,Q_40050000,344.825,0.0
Alta vazao,130,Q_40060001,25.502,74.21791974252865
Alta vazao,130,Q_40100000,611.796,545.8580405208186
Alta vazao,130,Q_40185000,64.7035,-18.976650942599328
Alta vazao,130,Q_40330000,243.607,193.1600125102444
Alta vazao,130,Q_40800001,176.151,10.815774329635786
Alta vazao,130,Q_40850000,276.077,162.55980785340074
Alta vazao,130,Q_40930000,108.402,215.3771338337938
Alta vazao,131,P_1944059,0.0,0.0
Alta vazao,131,P_1944063,0.0,-19.224264433450223
Alta vazao,131,P_1945002,12.6,28.943789063234107
Alta vazao,131,P_1945008,0.0,-14.82475742148684
Alta vazao,131,P_1946000,1.3,3.26349188070895
Alta vazao,131,P_2044008,0.0,0.0
Alta vazao,131,P_2044016,0.0,0.0
Alta vazao,131,P_2044024,0.0,0.0
Alta vazao,131,P_2044042,0.5,0.0
Alta vazao,131,P_2045002,0.0,0.0
Alta vazao,131,P_2046013,0.0,0.0
Alta vazao,131,Q_40032000,29.9275,11.920398537902882
Alta vazao,131,Q_40050000,138.282,0.0
Alta vazao,131,Q_40060001,19.4417,38.47051809422827
Alta vazao,131,Q_40100000,726.869,705.5289375559416
Alta vazao,131,Q_40185000,24.3159,0.0
Alta vazao,131,Q_40330000,96.559,16.464600738051494
Alta vazao,131,Q_40800001,97.4372,3.00567105626169
Alta vazao,131,Q_40850000,142.493,38.636428833370395
Alta vazao,131,Q_40930000,19.7142,0.0
Alta vazao,132,P_1944059,0.0,0.0
Alta vazao,132,P_1944063,0.0,-19.472814439472618
Alta vazao,132,P_1945002,0.0,0.0
Alta vazao,132,P_1945008,0.0,-15.17474570235413
Alta vazao,132,P_1946000,0.0,0.0
Alta vazao,132,P_2044008,0.0,0.0
Alta vazao,132,P_2044016,0.0,0.0
Alta vazao,132,P_2044024,0.0,0.0
Alta vazao,132,P_2044042,12.0,0.0
Alta vazao,132,P_2045002,35.6,14.144509331987038
Alta vazao,132,P_2046013,13.9,7.974198746173893
Alta vazao,132,Q_40032000,83.0236,99.56796272174776
Alta vazao,132,Q_40050000,485.51,13.790536557129142
Alta vazao,132,Q_40060001,57.1864,261.51452985909384
Alta vazao,132,Q_40100000,713.887,673.4377747791989
Alta vazao,132,Q_40185000,39.373,0.0
Alta vazao,132,Q_40330000,159.928,89.37695158542273
Alta vazao,132,Q_40800001,66.4931,0.0
Alta vazao,132,Q_40850000,104.531,0.0
Alta vazao,132,Q_40930000,74.0749,130.44143780958544
Alta vazao,133,P_1944059,0.0,0.0
Alta vazao,133,P_1944063,17.8,65.76935641124749
Alta vazao,133,P_1945002,0.0,0.0
Alta vazao,133,P_1945008,12.0,22.22572142218565
Alta vazao,133,P_1946000,16.0,0.0
Alta vazao,133,P_2044008,0.0,0.0
Alta vazao,133,P_2044016,0.4,0.0
Alta vazao,133,P_2044024,0.0,0.0
Alta vazao,133,P_2044042,0.9,0.0
Alta vazao,133,P_2045002,8.4,0.0
Alta vazao,133,P_2046013,5.9,0.0
Alta vazao,133,Q_40032000,101.68,144.36840004864305
Alta vazao,133,Q_40050000,450.298,7.194882494579588
Alta vazao,133,Q_40060001,34.0433,123.99656236926096
Alta vazao,133,Q_40100000,482.81,367.47395343410125
Alta vazao,133,Q_40185000,51.572,0.0
Alta vazao,133,Q_40330000,244.721,193.12778025080243
Alta vazao,133,Q_40800001,287.869,23.655193675957236
Alta vazao,133,Q_40850000,445.989,325.68215944479743
Alta vazao,133,Q_40930000,129.122,260.0244225172497
Alta vazao,134,P_1944059,19.2,0.0
Alta vazao,134,P_1944063,14.2,23.901895943249606
Alta vazao,134,P_1945002,49.5,52.506689601781765
Alta vazao,134,P_1945008,3.4,0.0
Alta vazao,134,P_1946000,4.1,0.0
Alta vazao,134,P_2044008,0.0,0.0
Alta vazao,134,P_2044016,68.9,86.09119517459878
Alta vazao,134,P_2044024,0.0,0.0
Alta vazao,134,P_2044042,75.4,0.0
Alta vazao,134,P_2045002,14.3,0.0
Alta vazao,134,P_2046013,109.3,69.03197936977058
Alta vazao,134,Q_40032000,99.2446,73.04310507704739
Alta vazao,134,Q_40050000,122.111,0.0
Alta vazao,134,Q_40060001,16.9352,28.895448040802467
Alta vazao,134,Q_40100000,279.75,87.24639864552361
Alta vazao,134,Q_40185000,31.5674,0.0
Alta vazao,134,Q_40330000,114.311,41.62196276836721
Alta vazao,134,Q_40800001,101.733,0.0
Alta vazao,134,Q_40850000,136.391,30.988309505549044
Alta vazao,134,Q_40930000,24.3022,15.297771184321732
Alta vazao,135,P_1944059,0.0,0.0
Alta vazao,135,P_1944063,0.0,-19.51962584026099
Alta vazao,135,P_1945002,0.0,-14.069060277853623
Alta vazao,135,P_1945008,0.0,-15.352224187321056
Alta vazao,135,P_1946000,0.0,0.0
Alta vazao,135,P_2044008,0.0,0.0
Alta vazao,135,P_2044016,0.0,0.0
Alta vazao,135,P_2044024,0.0,0.0
Alta vazao,135,P_2044042,0.0,0.0
Alta vazao,135,P_2045002,0.0,0.0
Alta vazao,135,P_2046013,0.0,0.0
Alta vazao,135,Q_40032000,34.9701,21.484986231230803
Alta vazao,135,Q_40050000,444.536,12.146851255914411
Alta vazao,135,Q_40060001,17.9771,31.81095620316641
Alta vazao,135,Q_40100000,535.282,440.180851735297
Alta vazao,135,Q_40185000,33.0706,0.0
Alta vazao,135,Q_40330000,115.99,38.5115890407379
Alta vazao,135,Q_40800001,77.2104,0.0
Alta vazao,135,Q_40850000,112.351,8.577450616013989
Alta vazao,135,Q_40930000,48.7038,70.26533404971262
Alta vazao,136,P_1944059,0.0,0.0
Alta vazao,136,P_1944063,0.9,-14.243499020276644
Alta vazao,136,P_1945002,0.0,0.0
Alta vazao,136,P_1945008,0.0,-14.339302284767086
Alta vazao,136,P_1946000,0.0,0.0
Alta vazao,136,P_2044008,0.0,0.0
Alta vazao,136,P_2044016,5.4,0.0
Alta vazao,136,P_2044024,0.0,0.0
Alta vazao,136,P_2044042,7.0,0.0
Alta vazao,136,P_2045002,0.0,0.0
Alta vazao,136,P_2046013,20.0,17.676890764404313
Alta vazao,136,Q_40032000,37.8663,25.60650187002718
Alta vazao,136,Q_40050000,367.775,0.0
Alta vazao,136,Q_40060001,16.4218,22.759414247782644
Alta vazao,136,Q_40100000,578.719,498.6716914430769
Alta vazao,136,Q_40185000,81.5858,-21.07496723061389
Alta vazao,136,Q_40330000,125.389,49.618701292407046
Alta vazao,136,Q_40800001,74.4504,0.0
Alta vazao,136,Q_40850000,160.559,53.69908295455192
Alta vazao,136,Q_40930000,28.1403,21.29345416504487
Alta vazao,137,P_1944059,0.0,0.0
Alta vazao,137,P_1944063,0.0,-20.136842431765835
Alta vazao,137,P_1945002,0.0,-14.696931782011411
Alta vazao,137,P_1945008,0.0,-15.603941750368953
Alta vazao,137,P_1946000,0.0,0.0
Alta vazao,137,P_2044008,0.0,0.0
Alta vazao,137,P_2044016,0.0,0.0
Alta vazao,137,P_2044024,0.0,0.0
Alta vazao,137,P_2044042,0.0,0.0
Alta vazao,137,P_2045002,0.0,0.0
Alta vazao,137,P_2046013,0.0,0.0
Alta vazao,137,Q_40032000,35.2567,21.955585297871966
Alta vazao,137,Q_40050000,229.577,0.0
Alta vazao,137,Q_40060001,25.502,74.34142691092862
Alta vazao,137,Q_40100000,818.213,826.0414570882118
Alta vazao,137,Q_40185000,31.8535,0.0
Alta vazao,137,Q_40330000,128.0,54.52419372296118
Alta vazao,137,Q_40800001,125.591,6.288840910361387
Alta vazao,137,Q_40850000,202.51,95.72080163855277
Alta vazao,137,Q_40930000,34.5979,37.41880340158323
Alta vazao,138,P_1944059,0.8,0.0
Alta vazao,138,P_1944063,0.0,-18.60137936362276
Alta vazao,138,P_1945002,0.0,-13.334332866012168
Alta vazao,138,P_1945008,0.0,-14.945707885588122
Alta vazao,138,P_1946000,8.2,-8.595145184559271
Alta vazao,138,P_2044008,9.2,0.0
Alta vazao,138,P_2044016,0.7,0.0
Alta vazao,138,P_2044024,1.7,0.0
Alta vazao,138,P_2044042,14.8,0.0
Alta vazao,138,P_2045002,1.3,0.0
Alta vazao,138,P_2046013,0.0,0.0
Alta vazao,138,Q_40032000,24.0814,0.0
Alta vazao,138,Q_40050000,128.018,0.0
Alta vazao,138,Q_40060001,29.6035,94.78993477410583
Alta vazao,138,Q_40100000,405.095,261.12161063718173
Alta vazao,138,Q_40185000,122.19,-29.763818830793756
Alta vazao,138,Q_40330000,82.2622,0.0
Alta vazao,138,Q_40800001,186.377,13.692317695400464
Alta vazao,138,Q_40850000,232.058,120.53559714738293
Alta vazao,138,Q_40930000,55.7478,83.89181688282986
Alta vazao,139,P_1944059,0.0,0.0
Alta vazao,139,P_1944063,0.0,-21.332823756076777
Alta vazao,139,P_1945002,0.0,0.0
Alta vazao,139,P_1945008,0.0,0.0
Alta vazao,139,P_1946000,0.0,3.960583805896513
Alta vazao,139,P_2044008,7.3,3.2794769017323637
Alta vazao,139,P_2044016,11.5,7.101731583685193
Alta vazao,139,P_2044024,0.0,0.0
Alta vazao,139,P_2044042,0.0,0.0
Alta vazao,139,P_2045002,0.0,0.0
Alta vazao,139,P_2046013,6.1,0.0
Alta vazao,139,Q_40032000,32.7013,14.229017185927832
Alta vazao,139,Q_40050000,290.444,0.0
Alta vazao,139,Q_40060001,20.8046,46.695503101392994
Alta vazao,139,Q_40100000,611.796,544.5602115011748
Alta vazao,139,Q_40185000,65.7535,0.0
Alta vazao,139,Q_40330000,175.399,108.82469785911762
Alta vazao,139,Q_40800001,140.658,0.0
Alta vazao,139,Q_40850000,233.145,121.03313463154905
Alta vazao,139,Q_40930000,93.6004,181.3421922231753
Alta vazao,140,P_1944059,0.0,0.0
Alta vazao,140,P_1944063,0.0,-21.40524965152971
Alta vazao,140,P_1945002,0.0,0.0
Alta vazao,140,P_1945008,0.0,-15.319194015121525
Alta vazao,140,P_1946000,0.0,4.882193791567968
Alta vazao,140,P_2044008,0.0,0.0
Alta vazao,140,P_2044016,12.2,7.147872975438395
Alta vazao,140,P_2044024,0.0,0.0
Alta vazao,140,P_2044042,1.5,0.0
Alta vazao,140,P_2045002,0.0,0.0
Alta vazao,140,P_2046013,0.0,0.0
Alta vazao,140,Q_40032000,32.1409,14.559147668487867
Alta vazao,140,Q_40050000,181.684,0.0
Alta vazao,140,Q_40060001,21.497,49.61034420771731
Alta vazao,140,Q_40100000,818.213,826.5043539965684
Alta vazao,140,Q_40185000,33.0706,0.0
Alta vazao,140,Q_40330000,119.376,42.653836777604276
Alta vazao,140,Q_40800001,122.403,0.0
Alta vazao,140,Q_40850000,177.608,70.26544823792591
Alta vazao,140,Q_40930000,30.5587,26.453052103603348
Alta vazao,141,P_1944059,1.0,0.0
Alta vazao,141,P_1944063,14.9,48.4519835309376
Alta vazao,141,P_1945002,9.1,13.391604563016305
Alta vazao,141,P_1945008,0.0,0.0
Alta vazao,141,P_1946000,35.0,-51.586098246603505
Alta vazao,141,P_2044008,0.0,0.0
Alta vazao,141,P_2044016,1.2,0.0
Alta vazao,141,P_2044024,10.2,0.0
Alta vazao,141,P_2044042,14.5,0.0
Alta vazao,141,P_2045002,17.2,0.0
Alta vazao,141,P_2046013,11.8,4.696871267146866
Alta vazao,141,Q_40032000,29.654,11.3456348070613
Alta vazao,141,Q_40050000,208.02,0.0
Alta vazao,141,Q_40060001,27.8468,89.61705937285156
Alta vazao,141,Q_40100000,468.009,360.84042478970264
Alta vazao,141,Q_40185000,23.7639,0.0
Alta vazao,141,Q_40330000,97.2953,17.41405042331689
Alta vazao,141,Q_40800001,77.2104,0.0
Alta vazao,141,Q_40850000,106.076,2.95827941334187
Alta vazao,141,Q_40930000,50.7363,74.71149812461562
Alta vazao,142,P_1944059,0.0,0.0
Alta vazao,142,P_1944063,5.7,7.9949012875709835
Alta vazao,142,P_1945002,31.1,84.06832747649247
Alta vazao,142,P_1945008,0.0,0.0
Alta vazao,142,P_1946000,3.1,0.0
Alta vazao,142,P_2044008,12.5,8.969738509085808
Alta vazao,142,P_2044016,0.0,0.0
Alta vazao,142,P_2044024,6.4,0.0
Alta vazao,142,P_2044042,7.2,0.0
Alta vazao,142,P_2045002,0.0,0.0
Alta vazao,142,P_2046013,13.4,5.023142776019313
Alta vazao,142,Q_40032000,22.409,0.0
Alta vazao,142,Q_40050000,210.392,0.0
Alta vazao,142,Q_40060001,19.1727,39.296574798273774
Alta vazao,142,Q_40100000,306.673,138.6727149145149
Alta vazao,142,Q_40185000,51.6493,0.0
Alta vazao,142,Q_40330000,201.67,146.31500545138977
Alta vazao,142,Q_40800001,129.529,6.499051924681961
Alta vazao,142,Q_40850000,164.283,60.012135406009385
Alta vazao,142,Q_40930000,56.478,88.10763542322385
Alta vazao,143,P_1944059,0.0,0.0
Alta vazao,143,P_1944063,1.1,-11.066439115006293
Alta vazao,143,P_1945002,0.0,-12.053535176305427
Alta vazao,143,P_1945008,0.0,-13.145644432384001
Alta vazao,143,P_1946000,2.4,0.0
Alta vazao,143,P_2044008,9.6,0.0
Alta vazao,143,P_2044016,4.3,0.0
Alta vazao,143,P_2044024,1.6,0.0
Alta vazao,143,P_2044042,0.6,0.0
Alta vazao,143,P_2045002,0.0,0.0
Alta vazao,143,P_2046013,0.0,0.0
Alta vazao,143,Q_40032000,25.6396,0.0
Alta vazao,143,Q_40050000,324.377,0.0
Alta vazao,143,Q_40060001,23.6696,62.896980588312786
Alta vazao,143,Q_40100000,261.715,69.21547271551924
Alta vazao,143,Q_40185000,100.309,-22.254832754458647
Alta vazao,143,Q_40330000,177.371,109.19696539361557
Alta vazao,143,Q_40800001,299.075,34.54637943322049
Alta vazao,143,Q_40850000,146.031,39.655325243320746
Alta vazao,143,Q_40930000,13.6033,-10.90949568638473
Alta vazao,144,P_1944059,0.0,0.0
Alta vazao,144,P_1944063,0.0,-19.31621902765818
Alta vazao,144,P_1945002,12.6,28.63758726753429
Alta vazao,144,P_1945008,0.0,-15.350758580896581
Alta vazao,144,P_1946000,0.0,0.0
Alta vazao,144,P_2044008,0.0,0.0
Alta vazao,144,P_2044016,0.0,0.0
Alta vazao,144,P_2044024,0.0,0.0
Alta vazao,144,P_2044042,0.0,0.0
Alta vazao,144,P_2045002,0.0,0.0
Alta vazao,144,P_2046013,0.0,0.0
Alta vazao,144,Q_40032000,55.8804,57.336977907512626
Alta vazao,144,Q_40050000,346.768,8.791669944197045
Alta vazao,144,Q_40060001,19.8475,43.400591522955956
Alta vazao,144,Q_40100000,906.151,947.2777635145487
Alta vazao,144,Q_40185000,22.6724,0.0
Alta vazao,144,Q_40330000,100.415,20.902762542416262
Alta vazao,144,Q_40800001,48.7077,0.0
Alta vazao,144,Q_40850000,76.3974,-25.335576081475224
Alta vazao,144,Q_40930000,53.6324,83.86345239562725
Alta vazao,145,P_1944059,0.0,0.0
Alta vazao,145,P_1944063,0.0,-17.568498627175643
Alta vazao,145,P_1945002,33.5,92.20184380126608
Alta vazao,145,P_1945008,0.0,-14.100874684681841
Alta vazao,145,P_1946000,6.2,0.0
Alta vazao,145,P_2044008,0.0,0.0
Alta vazao,145,P_2044016,0.6,0.0
Alta vazao,145,P_2044024,0.0,0.0
Alta vazao,145,P_2044042,3.0,0.0
Alta vazao,145,P_2045002,3.2,0.0
Alta vazao,145,P_2046013,0.0,0.0
Alta vazao,145,Q_40032000,53.9263,47.973376840172705
Alta vazao,145,Q_40050000,279.083,6.951210211534067
Alta vazao,145,Q_40060001,15.7871,20.172633282616367
Alta vazao,145,Q_40100000,616.595,569.0898794296061
Alta vazao,145,Q_40185000,21.5977,0.0
Alta vazao,145,Q_40330000,76.777,-8.787054500504723
Alta vazao,145,Q_40800001,51.5599,0.0
Alta vazao,145,Q_40850000,74.3921,-28.614513637725178
Alta vazao,145,Q_40930000,54.4706,84.99400905527926
Alta vazao,146,P_1944059,0.0,0.0
Alta vazao,146,P_1944063,0.0,-21.153817785848194
Alta vazao,146,P_1945002,0.0,-14.985809256124963
Alta vazao,146,P_1945008,0.0,-15.841968515464625
Alta vazao,146,P_1946000,0.0,0.0
Alta vazao,146,P_2044008,0.0,0.0
Alta vazao,146,P_2044016,0.0,0.0
Alta vazao,146,P_2044024,4.8,0.0
Alta vazao,146,P_2044042,5.3,0.0
Alta vazao,146,P_2045002,0.0,0.0
Alta vazao,146,P_2046013,0.0,0.0
Alta vazao,146,Q_40032000,25.1171,5.801994577909113
Alta vazao,146,Q_40050000,210.654,0.0
Alta vazao,146,Q_40060001,18.1087,30.020680468584022
Alta vazao,146,Q_40100000,553.367,467.55439567497046
Alta vazao,146,Q_40185000,66.809,-18.167445101059318
Alta vazao,146,Q_40330000,294.039,255.3785942008588
Alta vazao,146,Q_40800001,181.82,12.137098052160868
Alta vazao,146,Q_40850000,312.162,199.90007596377606
Alta vazao,146,Q_40930000,20.3759,0.0
Alta vazao,147,P_1944059,0.0,0.0
Alta vazao,147,P_1944063,3.7,0.0
Alta vazao,147,P_1945002,0.0,0.0
Alta vazao,147,P_1945008,0.0,0.0
Alta vazao,147,P_1946000,42.2,-53.72937473224198
Alta vazao,147,P_2044008,13.1,10.612932211691689
Alta vazao,147,P_2044016,23.3,26.016689504645182
Alta vazao,147,P_2044024,24.0,0.0
Alta vazao,147,P_2044042,24.7,0.0
Alta vazao,147,P_2045002,53.2,54.23740993785738
Alta vazao,147,P_2046013,61.2,74.82485882551184
Alta vazao,147,Q_40032000,32.9825,8.286200684651341
Alta vazao,147,Q_40050000,370.437,0.0
Alta vazao,147,Q_40060001,33.2077,110.03006613027902
Alta vazao,147,Q_40100000,739.967,693.6735193810372
Alta vazao,147,Q_40185000,77.6623,0.0
Alta vazao,147,Q_40330000,170.507,100.88854693843896
Alta vazao,147,Q_40800001,73.4701,0.0
Alta vazao,147,Q_40850000,110.768,3.9499220541415525
Alta vazao,147,Q_40930000,18.85,0.0
Alta vazao,148,P_1944059,0.0,0.0
Alta vazao,148,P_1944063,0.0,-17.704365504656245
Alta vazao,148,P_1945002,9.8,18.904402580037583
Alta vazao,148,P_1945008,0.0,-13.941132198394017
Alta vazao,148,P_1946000,0.0,5.0153980383395265
Alta vazao,148,P_2044008,0.0,0.0
Alta vazao,148,P_2044016,0.0,0.0
Alta vazao,148,P_2044024,0.0,0.0
Alta vazao,148,P_2044042,0.0,0.0
Alta vazao,148,P_2045002,0.0,0.0
Alta vazao,148,P_2046013,0.0,-5.686765625360671
Alta vazao,148,Q_40032000,16.0405,-5.82135438672987
Alta vazao,148,Q_40050000,111.385,0.0
Alta vazao,148,Q_40060001,10.3429,-9.99632077612824
Alta vazao,148,Q_40100000,437.845,314.66408610027844
Alta vazao,148,Q_40185000,21.0667,0.0
Alta vazao,148,Q_40330000,80.1893,0.0
Alta vazao,148,Q_40800001,94.389,0.0
Alta vazao,148,Q_40850000,166.159,62.45465931665996
Alta vazao,148,Q_40930000,44.1971,59.42126739587209
Alta vazao,149,P_1944059,0.0,0.0
Alta vazao,149,P_1944063,0.0,0.0
Alta vazao,149,P_1945002,37.8,104.60624260633352
Alta vazao,149,P_1945008,0.0,0.0
Alta vazao,149,P_1946000,0.0,0.0
Alta vazao,149,P_2044008,15.74,13.251261405975255
Alta vazao,149,P_2044016,0.0,0.0
Alta vazao,149,P_2044024,0.0,0.0
Alta vazao,149,P_2044042,0.0,0.0
Alta vazao,149,P_2045002,0.0,0.0
Alta vazao,149,P_2046013,0.0,0.0
Alta vazao,149,Q_40032000,34.9701,24.270155349398006
Alta vazao,149,Q_40050000,351.32,0.0
Alta vazao,149,Q_40060001,35.0538,130.93881119940005
Alta vazao,149,Q_40100000,526.351,424.44032103889754
Alta vazao,149,Q_40185000,180.885,-66.80504333906993
Alta vazao,149,Q_40330000,476.706,465.71386041212435
Alta vazao,149,Q_40800001,378.662,28.52220065234826
Alta vazao,149,Q_40850000,373.832,250.10002426172838
Alta vazao,149,Q_40930000,236.852,520.724983247314
Alta vazao,150,P_1944059,0.0,0.0
Alta vazao,150,P_1944063,0.0,-17.89672047304527
Alta vazao,150,P_1945002,18.6,47.92252821394377
Alta vazao,150,P_1945008,0.0,-14.01660906263484
Alta vazao,150,P_1946000,10.4,-11.93850624547625
Alta vazao,150,P_2044008,0.0,0.0
Alta vazao,150,P_2044016,0.0,0.0
Alta vazao,150,P_2044024,0.0,0.0
Alta vazao,150,P_2044042,0.0,0.0
Alta vazao,150,P_2045002,0.0,0.0
Alta vazao,150,P_2046013,0.0,-6.277175223748031
Alta vazao,150,Q_40032000,17.6672,0.0
Alta vazao,150,Q_40050000,122.111,0.0
Alta vazao,150,Q_40060001,8.8379,-18.268787003263824
Alta vazao,150,Q_40100000,444.492,323.0462884377188
Alta vazao,150,Q_40185000,36.8093,0.0
Alta vazao,150,Q_40330000,85.0554,0.0
Alta vazao,150,Q_40800001,132.012,7.827619109189097
Alta vazao,150,Q_40850000,186.41,82.11783532708796
Alta vazao,150,Q_40930000,39.7141,47.86847510233457
Alta vazao,151,P_1944059,0.0,0.0
Alta vazao,151,P_1944063,0.0,0.0
Alta vazao,151,P_1945002,11.3,5.593339211469811
Alta vazao,151,P_1945008,0.0,0.0
Alta vazao,151,P_1946000,55.4,0.0
Alta vazao,151,P_2044008,26.2,26.787532209900345
Alta vazao,151,P_2044016,56.0,77.75180931989847
Alta vazao,151,P_2044024,30.0,0.0
Alta vazao,151,P_2044042,41.3,0.0
Alta vazao,151,P_2045002,27.2,6.638451142831606
Alta vazao,151,P_2046013,16.1,0.0
Alta vazao,151,Q_40032000,25.1171,0.0
Alta vazao,151,Q_40050000,317.467,0.0
Alta vazao,151,Q_40060001,29.2818,81.9868269041842
Alta vazao,151,Q_40100000,581.051,474.0904310620117
Alta vazao,151,Q_40185000,138.664,0.0
Alta vazao,151,Q_40330000,511.481,492.21311708707685
Alta vazao,151,Q_40800001,286.808,12.818636172542229
Alta vazao,151,Q_40850000,433.108,292.68365123111954
Alta vazao,151,Q_40930000,54.2439,66.48051663403999
Alta vazao,152,P_1944059,2.6,0.0
Alta vazao,152,P_1944063,0.6,0.0
Alta vazao,152,P_1945002,9.4,5.802929330389361
Alta vazao,152,P_1945008,5.3,0.0
Alta vazao,152,P_1946000,63.2,0.0
Alta vazao,152,P_2044008,12.1,0.0
Alta vazao,152,P_2044016,13.9,0.0
Alta vazao,152,P_2044024,8.6,0.0
Alta vazao,152,P_2044042,37.1,0.0
Alta vazao,152,P_2045002,47.0,32.08066831183689
Alta vazao,152,P_2046013,33.2,28.3416254918499
Alta vazao,152,Q_40032000,61.8598,34.716743667016694
Alta vazao,152,Q_40050000,103.475,0.0
Alta vazao,152,Q_40060001,32.7092,96.43742682425464
Alta vazao,152,Q_40100000,377.378,212.17229562944829
Alta vazao,152,Q_40185000,85.5723,0.0
Alta vazao,152,Q_40330000,102.015,15.863388372469373
Alta vazao,152,Q_40800001,180.684,10.735169015316075
Alta vazao,152,Q_40850000,330.918,212.29319062956895
Alta vazao,152,Q_40930000,115.114,213.80607389823717
Alta vazao,153,P_1944059,0.0,0.0
Alta vazao,153,P_1944063,0.0,-18.031905741778928
Alta vazao,153,P_1945002,0.0,-13.124442352764039
Alta vazao,153,P_1945008,0.0,-13.954218721407026
Alta vazao,153,P_1946000,6.2,-4.632887190203591
Alta vazao,153,P_2044008,0.0,-4.069044928570896
Alta vazao,153,P_2044016,0.0,0.0
Alta vazao,153,P_2044024,0.0,0.0
Alta vazao,153,P_2044042,0.0,0.0
Alta vazao,153,P_2045002,0.0,0.0
Alta vazao,153,P_2046013,1.2,-4.310060683076358
Alta vazao,153,Q_40032000,25.902,0.0
Alta vazao,153,Q_40050000,215.964,0.0
Alta vazao,153,Q_40060001,16.1669,21.40025482557686
Alta vazao,153,Q_40100000,635.978,580.3863274592134
Alta vazao,153,Q_40185000,33.0706,0.0
Alta vazao,153,Q_40330000,85.0554,0.0
Alta vazao,153,Q_40800001,53.4749,0.0
Alta vazao,153,Q_40850000,86.0586,-15.451462650945066
Alta vazao,153,Q_40930000,24.9494,14.567712873092896
