data,Q_Afluente,P_1944059,P_1944063,P_1945002,P_1945008,P_1946000,P_2044008,P_2044016,P_2044024,P_2044042,P_2045002,P_2046013,Q_40032000,Q_40050000,Q_40060001,Q_40100000,Q_40185000,Q_40330000,Q_40800001,Q_40850000,Q_40930000
10/1/1999,90,0,0,0,0,0,0,0,0,0,0,3,7.3815,32.8471,4.2209,56.698,6.4413,38.2501,20.2575,30.1017,2.7739
10/2/1999,104,0,0,0,0,0,0,0,0,0,0,0,7.574,32.6252,4.2209,56.698,6.0568,35.6396,16.9924,29.6485,2.7739
10/3/1999,98,0,5.1,10.6,0,12.5,0,0,0,0,15.3,0,7.3815,32.8471,5.3231,56.698,6.0568,40.2624,17.631,25.3048,8.1759
10/4/1999,132,0,0.9,27.2,5,13.7,0,0.4,16.2,0.9,46.2,0,8.5532,34.8746,6.0932,59.2238,6.0568,43.0175,19.5902,26.5719,13.633
10/5/1999,101,0,0,0,0,0,0,0,0,0,0,0,7.9624,36.0242,5.1349,61.7841,6.0568,43.0175,18.9299,29.1987,8.4834
10/6/1999,100,0,0,0,0,0,0,0,0,0,0,0,7.574,38.6116,4.7637,67.0057,6.0568,40.9434,19.5902,28.3094,3.8273
10/7/1999,104,0,0,0,0,0,0,0,0,0,0,0,7.574,36.7219,4.7637,69.666,6.0568,40.2624,18.9299,29.1987,3.2936
10/8/1999,108,0,0,0,0,0,0,0,0,0,0,0,7.3815,35.793,4.5809,72.3588,6.0568,39.5864,18.9299,28.3094,3.0319
10/9/1999,112,0,0,0,0,0,0,0,0,0,0,0,7.1902,35.1032,4.4,71.0084,6.0568,38.9157,18.9299,28.3094,2.5198
10/10/1999,101,0,0,0,0,0,0,0,0,0,0,0,7,34.1928,4.4,69.666,5.6763,36.9345,17.631,28.3094,2.5198
10/11/1999,94,0,0,0,0,0,0,0,0,0,0,0,7,33.0697,4.2209,64.3782,5.6763,36.2844,17.631,26.1461,2.5198
10/12/1999,93,0,0,0,0,0,0,0,0,0,0,0,6.811,31.3076,4.2209,61.7841,5.3,36.9345,16.9924,26.1461,2.27
10/13/1999,101,0,0,0,0,0,0,0,0,0,0,0,6.811,30.8738,4.2209,56.698,5.3,37.5897,15.7378,25.3048,2.27
10/14/1999,96,0,0,0,0,0,0,0,0,0,0,0,6.6232,30.4426,4.2209,55.4481,5.3,37.5897,15.7378,23.6634,2.27
10/15/1999,93,0,0,0,0,0,0,0,0,0,0,0,6.6232,30.0142,4.0438,54.2071,4.9281,36.9345,15.1219,23.2616,2.27
10/16/1999,88,0,0,0,0,0,0,0,0,0,0,0,6.4367,29.3766,4.0438,50.5376,4.9281,36.9345,14.5138,22.4684,2.27
10/17/1999,80,0,0,0,0,0,0,0,0,0,0,0,6.4367,29.3766,4.0438,50.5376,4.5609,35.6396,13.9136,21.6888,2.27
10/18/1999,78,0,0,0.3,0,0,0,1,0,0,1.6,4.3,6.6232,29.3766,3.8687,49.3326,4.5609,35.6396,13.3214,20.5453,2.27
10/19/1999,67,0,0,0,2.2,4.6,0,0.6,7.1,0.5,0,0,6.811,29.3766,4.2209,49.3326,4.5609,35.6396,15.7378,20.171,2.27
10/20/1999,61,3,1.8,0,6,1.8,6.5,54.4,6.7,5,1.3,7.3,11.0089,29.801,4.2209,48.1368,4.9281,35,15.7378,23.6634,2.27
10/21/1999,63,0,0,0,0,0,4.2,1,0.6,0.3,14.3,0,7.7676,31.9634,4.7637,49.3326,6.4413,34.3656,18.2768,23.6634,2.27
10/22/1999,115,1.2,1.3,7.4,4,0,5.1,0,0.6,1.1,3.1,0,7,36.9558,4.2209,52.9749,6.8297,35.6396,51.0707,31.482,5.2151
10/23/1999,91,0,0,0,0,0,10.8,2,7.2,1.4,0.2,0,6.811,36.0242,4.2209,52.9749,6.8297,36.2844,57.4654,77.4615,4.099
10/24/1999,86,0,0,0,0,0,0,0,0,0,0,0,6.6232,34.4194,4.2209,59.2238,6.8297,36.9345,52.8735,85.6869,3.8273
10/25/1999,150,0,0,0,0,0,0,0,0,0,0,0,6.4367,33.0697,4.0438,61.7841,6.0568,36.2844,44.918,78.1922,3.2936
10/26/1999,190,5.4,4.2,29.5,7,49.9,18.4,14.4,3.6,7.1,20.6,21.3,9.1536,31.9634,5.0414,63.0769,6.4413,36.2844,33.3879,65.564,5.5008
10/27/1999,188,23.8,33.1,66,50,46.3,29.1,26.4,23.6,27.4,23.2,7.7,12.5044,33.9668,11.1015,68.3318,13.3323,41.6296,39.0192,50.4514,16.3457
10/28/1999,260,0,0.7,1.5,3,0,0,0,0,0,0,0,8.9524,36.9558,6.1913,64.3782,17.2422,46.5764,41.5153,58.3926,6.9654
10/29/1999,223,0,0,0,0,0,0,0,0,0,0,0,7.7676,41.0327,5.0414,72.3588,13.3323,48.0356,41.5153,62.2529,4.9319
10/30/1999,190,0,0,0,0,0,0,0,0,0,0,0,7.1902,36.9558,4.6721,84.8656,10.6901,46.5764,38.198,61.6009,4.3738
10/31/1999,150,0,0,0,0,0,0,0,0,0,0,0,7,34.4194,4.5809,90.622,8.1914,41.6296,31.8303,56.5086,2.7739
11/1/1999,141,0,0,0,0,0,0,0,0,0,0,0,7,32.1833,4.2209,83.4451,7.2368,38.9157,29.5382,47.5512,2.7739
11/2/1999,85,0,0,0,0,0,0,0,0,0,0,0,6.811,31.3076,4.2209,72.3588,6.4413,38.9157,28.0403,44.184,2.5198
11/3/1999,87,0,0,0,0,0,0,0,0,0,0,0,6.4367,30.4426,4.0438,64.3782,6.0568,38.2501,25.84,41.4723,2.27
11/4/1999,97,0,0,0,0,0,0,0,0,0,0,0,6.6232,30.0142,4.0438,59.2238,5.6763,37.5897,25.1191,38.3312,2.27
11/5/1999,107,0,0,0,0,0,0,0,0,0,0,0,6.811,31.3076,3.8687,56.698,5.3,36.9345,20.9317,36.807,2.27
11/6/1999,150,26.2,21,8.3,9,17.9,25,25.2,25.8,8,11.5,10.3,10.5899,32.1833,4.9484,68.3318,5.3,43.0175,22.3008,31.482,2.7739
11/7/1999,280,30,12,5.4,20.2,0,25.9,41.6,27.5,8.5,0,0,8.3552,33.0697,4.7637,69.666,7.7107,45.8545,40.6779,35.8079,3.5588
11/8/1999,589,28.3,22,72.5,16,5.9,32.6,36,24.6,32.7,8.5,48.6,14.7139,47.1086,8.0241,102.02,33.4962,73.2073,45.7817,61.6009,29.0336
11/9/1999,572,0,3.6,9.4,33,37.9,2.4,7,2.4,7.1,12.9,26.3,14.0424,51.3651,7.9191,137.884,51.1673,87.6489,88.7179,73.8596,43.4759
11/10/1999,619,9,8.1,1.6,24,27.6,14.9,9,24.3,2.5,6.3,25.6,21.6544,62.1242,11.9097,168.147,43.6038,128.861,76.9811,131.117,11.693
11/11/1999,459,0,0.7,0.3,3,2.3,5.7,4.8,0.4,3.1,1.5,0,9.9684,63.3094,6.3888,176.363,35.5198,103.257,55.6142,111.968,6.6211
11/12/1999,511,0,0,0,0,0,0,19.6,0,0,0,0,8.9524,57.4833,5.6087,179.678,29.5336,79.8206,51.9696,82.648,6.3459
11/13/1999,737,33.6,26.1,41.8,38,37.5,14.6,9,21.3,13.9,35.1,18.5,23.9433,47.6317,13.2089,194.79,23.8161,79.8206,61.2241,78.9263,17.9619
11/14/1999,522,1,1.8,0.2,0,4.6,0.5,1,0.8,0.2,0,0,11.6445,49.7497,8.9848,178.019,24.4371,81.3645,55.6142,91.1367,9.0022
11/15/1999,629,0,3,0,0,0,3.5,0,0.8,0,0,0,9.3558,59.7837,6.4881,168.147,20.7675,69.6932,54.6958,82.648,6.6211
11/16/1999,337,0,0,0,0,0,0,0,0,0,0,0,8.3552,46.5881,6.2898,153.618,16.6697,61.2504,47.5245,81.149,5.2959
11/17/1999,350,0,0,0,0,0,0,0,0,0,0,0,8.1582,39.8139,4.9484,150.436,13.8764,56.4215,40.6779,70.3432,5.0463
11/18/1999,498,0,0.6,0,1,8.4,0,0,0,0,0,0,8.9524,36.2561,4.7637,134.791,12.2593,52.5345,38.198,60.3073,5.0463
11/19/1999,282,0,0,0,0,0,0,0,0,0,6,0,8.7523,35.5624,4.7637,113.662,11.2076,49.5151,34.1754,56.5086,4.5628
11/20/1999,1879,21.2,59.3,34,30.2,34.2,21.7,16.4,36.8,8.5,6.2,13,9.3558,38.6116,10.4206,164.889,11.2076,69.6932,55.6142,54.0447,19.2647
11/21/1999,971,15.6,6.8,16.2,59,20,11.5,17.2,10.2,53.7,29.7,60.9,25.4981,50.0174,7.9191,156.817,22.5851,127.028,72.9366,85.6869,29.9968
11/22/1999,577,31,5,0,4,0,42.3,51.4,78.9,0.4,1,0,11.6445,127.061,7.7102,147.272,41.3,129.781,133.844,117.285,12.4127
11/23/1999,632,0,0,10.7,0,4,4.8,2.2,0,0,0.9,0,9.3558,103.403,6.9907,158.423,38.2597,117.124,142.494,201.107,11.3401
11/24/1999,634,0,0,0,4,1.1,6.2,7.6,14.4,3.1,4.9,0,8.9524,56.066,5.5131,263.725,31.5005,98.2261,94.6091,207.016,7.477
11/25/1999,1968,6.4,0,8.2,65,0,12.3,18,18.6,1.7,10.7,0,8.3552,46.848,5.2288,301.077,33.4962,86.0615,89.6936,140.766,6.6211
11/26/1999,745,0,19.1,4.1,0,0,1.4,0,0,0,0,11.6,9.7632,46.0701,5.0414,236.576,28.2388,95.7456,80.0519,133.02,9.0022
11/27/1999,1077,28.8,0.1,2.8,2,5.2,8.1,2.8,10,0.1,16.1,0,8.7523,64.5045,6.1913,198.191,21.3695,86.8539,95.5995,121.811,6.6211
11/28/1999,725,0,4,11.1,4.2,2.7,16.6,2,0,0,0,0,7.9624,63.0121,5.2288,191.404,17.8191,71.4405,58.398,137.835,9.0022
11/29/1999,910,0,4.5,0,0,2.3,0,0,12.6,0,0,0,7.1902,46.0701,5.2288,176.363,15.5382,65.4104,97.5876,92.7245,9.9756
11/30/1999,820,0,25.1,7.2,0,1.1,0,0,0,3.3,15.3,0,26.2839,42.7663,8.4476,176.363,13.8764,60.4332,89.6936,144.721,15.4755
12/1/1999,359,0,0,0,0,0,0,0,0,0,0,0,7.9624,40.2995,5.3231,161.648,12.7932,57.2139,66.026,131.117,13.151
12/2/1999,369,0,0,0,0,0,0,0,0,0,0,0,7.7676,43.519,4.8558,144.125,11.7308,54.0743,63.1312,98.3898,12.4127
12/3/1999,428,0,1.6,0,0,0,0,0,0,0.2,0,0,7.574,37.4256,4.6721,131.715,10.6901,50.2624,49.2876,92.7245,10.9919
12/4/1999,249,0,1.2,0,0,0,0,0,0,0,0,4.2,7.574,36.2561,4.7637,124.109,9.6723,49.5151,43.2061,73.1495,9.0022
12/5/1999,919,4.2,2,17.8,4,53.8,19.7,33.8,27.3,49.1,24.2,70.1,30.5648,45.298,13.4488,116.622,12.7932,62.0725,52.8735,65.564,24.3749
12/6/1999,552,9.8,12.2,6.6,7.1,0,9.3,31.8,22.3,0,0.1,0,9.1536,115.544,7.0923,106.347,20.1696,58.8136,81.0044,82.648,13.151
12/7/1999,416,0,0.9,34.1,0,0,0,0.4,11.3,5.2,0,0,11.0089,81.9351,5.9954,116.622,16.6697,64.5686,92.6355,122.726,9.9756
12/8/1999,1023,7,43.3,80.2,50,56.9,28.6,91,14.7,27.6,41,0,30.2929,56.631,28.445,240.151,17.8191,81.3645,87.7447,137.835,59.9138
12/9/1999,723,0,1.1,6,11,26.3,5,1.8,0.8,2.1,13.5,52.2,24.2008,60.6567,31.1042,243.74,21.9754,90.8557,130.634,136.865,67.466
12/10/1999,606,0,0.3,11.5,2,7,0.9,12,0.6,3.6,8.6,15.5,17.9625,101.927,20.7229,224.172,22.5851,107.521,104.621,191.832,17.9619
12/11/1999,828,0,0,2.2,0,3.5,0,5,2,14.2,8.5,7.5,16.7707,95.0483,17.0484,238.362,18.986,117.124,96.5924,154.847,14.2928
12/12/1999,665,6,0.7,8.5,6,8.3,19.4,13,17.3,0,1.7,18.1,15.3926,81.6018,27.4277,284.11,23.1987,131.628,116.938,146.719,39.0584
12/13/1999,1040,14.6,19.7,26.5,27.1,9.7,3.6,9,28,7.4,9,24.1,47.2152,88.729,19.6542,320.224,26.9575,146.751,156.815,179.434,48.6068
12/14/1999,1040,12.4,13.8,14.9,16,6.4,4.2,3.6,6.4,9.5,24.6,16.3,16.7707,142.031,14.4196,345.564,29.5336,176.718,108.69,227.742,68.8324
12/15/1999,998,11.8,3.5,3.4,85,4.5,11.3,13.2,12.6,2.9,6.8,0,28.1384,144.598,10.7597,349.507,32.1626,198.9,128.504,165.315,29.4649
12/16/1999,1164,0,0.6,0,22,3.6,3.7,4.8,0.6,2.5,0.1,0,14.4893,114.38,9.5305,395.492,30.186,166.5,104.621,189.547,16.2865
12/17/1999,840,0,0,0,0,0,0,0,0,0,0,0,12.9396,85.302,7.5028,387.807,22.5851,121.589,86.7741,153.819,12.7796
12/18/1999,862,0,0,0,0,0,0,0,0,0,0,0,11.0089,64.2048,7.2968,353.461,18.986,99.8928,71.9362,127.354,27.8942
12/19/1999,1037,0,0,0,0,0,0,3,0,0,0,0,10.5899,56.631,6.7885,308.699,15.5382,94.924,62.1753,105.92,25.8581
12/20/1999,612,4.6,0,0,10,0,0,38.2,2.7,0,0,0,10.5899,50.5545,6.4881,258.234,14.4255,69.6932,62.1753,92.7245,28.9372
12/21/1999,397,0,0,0,0,0,0,4.3,0,0,27.4,2.1,10.1746,49.7497,6.2898,224.172,15.5382,60.4332,62.1753,92.7245,14.2928
12/22/1999,430,0,0,0,0,2.7,1.5,3.8,0,0,2.1,0,9.9684,49.7497,5.9954,199.897,17.2422,58.8136,62.1753,92.7245,12.4127
12/23/1999,951,0,0,3.3,0,0,3.1,0,0,0,0,0,10.7989,48.4212,5.8981,183.009,14.9795,76.799,79.0288,95.132,18.826
12/24/1999,1242,64.8,52,40.2,38,39,30.6,32.2,38.8,40,17.9,43.4,25.4981,52.7287,12.0264,189.718,26.9575,94.1051,92.6355,119.99,26.3608
12/25/1999,636,2,12.5,6.2,17,36.4,4.7,3.3,6.7,1.9,0.9,2.6,12.5044,79.944,10.6463,173.064,38.2597,126.115,123.215,142.736,20.6068
12/26/1999,847,0,0,4.8,0,0,0,0,0,0,1.8,7.2,11.2199,73.147,7.5028,171.421,30.8416,131.628,109.714,182.774,15.8788
12/27/1999,729,0,3.3,9,10,35.8,3.8,23,1.5,0,6.9,0,19.4201,63.6072,13.3287,201.607,22.5851,97.3966,86.7741,161.087,15.0768
12/28/1999,673,0,4.8,53,10,6.2,0,12.2,1.3,0.8,0,27.5,40.1252,71.2545,15.035,249.15,21.9754,77.5255,70.9402,127.354,138.768
12/29/1999,745,4.2,5.3,1.4,5,8.5,0,12.6,11.5,0.3,15.7,0,17.2436,119.855,16.7932,236.576,30.8416,78.2878,81.0044,107.631,69.7489
12/30/1999,816,0,0,20.5,0,0,2.1,4.6,0.4,0,0,0,24.2008,107.132,13.8108,241.944,46.8777,100.73,79.0288,120.899,52.2798
12/31/1999,1071,1.2,1.7,5.3,0,9.1,0,3.2,14.3,0,0,0,19.9117,92.2159,21.3982,276.652,41.3,127.028,99.5853,120.899,58.6152
1/1/2000,1514,23.8,13.5,26.2,5,16.4,5.2,6.8,9.3,58.8,23.7,2,18.4454,88.0388,18.9938,291.619,43.1407,112.721,112.797,150.755,129.441
1/2/2000,998,22,11,31.5,93.2,18.9,23.2,27.2,17,86.5,57.4,38.2,17.2436,115.544,16.2857,297.284,74.3686,118.012,116.938,169.598,108.255
1/3/2000,1458,25,19.5,16,106,14.3,34.2,40,40.7,39.2,22.9,37.1,20.9034,157.737,15.6571,345.564,113.158,196.746,177.16,182.774,79.154
1/4/2000,1800,34.2,8.7,12.8,18,11.4,23.5,32.4,31.7,41.1,19.5,40,36.9671,251.786,14.1752,407.16,115.485,333.525,226.772,270.79,66.1095
1/5/2000,1581,0,0.3,2,0,1.9,0,11.6,17.1,6.1,15.5,5.1,26.0213,375.513,11.1015,441.127,104.531,358.744,193.376,333.965,51.4551
1/6/2000,1623,0,18.8,2.5,3,7.9,4.7,0,0,1.5,10.1,0,24.2008,363.474,23.7355,506.527,79.1359,319.119,162.408,284.569,64.3167
1/7/2000,1580,0,0,37.5,12,46.2,0,4.6,0,0,27.5,3.2,59.9072,274.592,30.6568,551.09,59.0042,234.455,133.844,239.114,58.6152
1/8/2000,1382,0,0,0,0,0,0,0,0,0,0,0,22.9195,225.775,19.1254,567.126,46.4066,176.718,122.163,198.768,57.7553
1/9/2000,1291,0,0,0,3,0,0,0,0,0,0,0,40.1252,187.773,13.932,560.225,36.2003,152.579,104.621,180.544,48.2047
1/10/2000,1015,0,0,0,0,0,0,0,0,0,0,0,23.1744,133.208,11.9097,539.776,32.8279,119.795,91.6524,154.847,31.0727
1/11/2000,1016,0,0,0,0,0,0,0,0,0,0,0,18.2036,101.193,10.8733,519.701,30.186,120.691,83.8776,135.899,28.4137
1/12/2000,884,0,0,0,0,0,0,0,0,0,0,0,16.7707,99.0049,9.973,468.009,26.3221,112.721,80.0519,124.567,25.3595
1/13/2000,814,0,0,0,0,0,0,0,0,0,0,0,16.0782,95.7623,9.4207,413.056,23.8161,108.381,74.9503,119.085,22.4567
1/14/2000,705,0,0,0,0,0,0,0,0,0,0,0,14.9394,83.948,8.7689,361.404,21.3695,109.244,62.1753,110.223,15.4755
1/15/2000,682,0,0,0,0,0,0,0,0,0,0,0,14.4893,77.323,8.5544,312.528,19.5757,101.57,61.2241,92.7245,12.7796
1/16/2000,596,0,5.1,9.3,0,9.7,2.3,22.4,7.7,0,0,8.7,17.7221,73.7828,8.4476,271.092,20.7675,103.257,56.5374,91.1367,12.4127
1/17/2000,619,8.6,4.1,1,5,0,3.4,10,10.6,12.1,0,9,15.1656,73.7828,8.2351,241.944,26.3221,101.57,62.1753,84.922,12.4127
1/18/2000,649,0,23.3,22.3,10,44.8,4.9,18.2,10.4,21.6,19.1,11.7,34.1491,79.944,23.8749,231.239,29.5336,114.475,86.7741,95.9413,40.8005
1/19/2000,739,4.6,0,0,0,0,0,0.2,0,0,0,0,20.4062,93.9817,11.4461,225.934,34.1677,123.392,106.651,132.067,31.0727
1/20/2000,1031,37.2,16.4,2.2,0,31.9,47.5,2,11,42.3,15.1,8.3,36.1163,94.6922,21.9425,236.576,30.186,130.703,106.651,158.993,36.116
1/21/2000,1014,40,3,0,2,1.7,0,0,84.5,0,25.3,0,18.688,110.159,12.1433,263.725,28.8845,127.943,139.236,163.194,24.8651
1/22/2000,844,0,4.6,1.3,0,0,0,0,0.2,0,0,0,16.0782,112.837,15.5322,271.092,26.9575,135.352,120.067,205.827,21.5231
1/23/2000,786,9.8,0,0,0,0,0,0,0,0,0,7.5,20.6545,97.5579,13.6899,280.374,24.4371,117.124,114.863,178.328,21.0628
1/24/2000,968,0,0,3.2,3,0,5.2,0,0,0,0,0,22.1584,89.4216,12.0264,274.795,21.9754,132.555,87.7447,168.522,21.0628
1/25/2000,618,74,5.5,20.1,12,0,7.4,29,28.4,9.9,0,1.5,29.2111,90.814,11.5616,272.942,50.6863,145.788,83.8776,131.117,24.8651
1/26/2000,618,2.4,1.3,4,0,0,12.1,1,0,4.5,0,11.1,34.7085,95.7623,11.3309,274.795,50.6863,166.5,80.0519,124.567,21.0628
1/27/2000,887,14.8,11,4.9,15,5,20,14,3.9,43,13.6,34.2,23.4301,124.638,12.496,261.891,50.2064,162.477,123.215,125.492,21.0628
1/28/2000,880,55.2,12.2,19.6,86.2,45.9,90.5,76.2,90,45.1,43.9,29,111.203,187.371,32.3056,267.402,72.2724,250.598,307.111,208.208,38.462
1/29/2000,1017,9.4,40,27.4,27,37.8,51.9,38.4,38.2,28.8,32.9,18.3,190.474,291.007,60.8483,339.672,63.525,388.017,417.289,472.894,140.543
1/30/2000,1714,3.6,31.5,10.3,40,0,17.1,34.6,38.3,27.2,1.6,6.7,96.8387,375.513,38.9829,468.009,83.4312,450.008,433.419,625.482,115.347
1/31/2000,1904,74.2,21.7,44.8,53,73.1,11.4,8,3.8,12.6,28.8,29.5,73.5679,392.027,73.1334,675.634,110.264,739.547,370.808,640.027,140.543
2/1/2000,4393,7.6,21.1,3.4,5,0,6.7,7.8,1.7,10.2,19,8,43.9326,374.16,48.2035,628.675,105.672,533.033,298.527,545.567,101.328
2/2/2000,3358,15.8,35.7,9.5,12,10.7,21.2,22,5,10.8,14.1,24.5,41.5802,342.789,34.8971,663.114,96.6279,395.912,249.164,439.366,69.7489
2/3/2000,3300,5,17.1,0,24.1,10.9,11.6,8.8,2.5,0,3.1,3.2,35.5517,327.254,27.7174,655.658,81.8142,316.276,231.643,369.615,56.4741
2/4/2000,2542,1.2,0,0,5,0,0,0,2.6,3,0,0,31.9325,283.258,22.7655,650.71,62.5136,284.497,185.226,340.036,66.5606
2/5/2000,2246,0,0,39.7,0,6.3,0,0,0,5.1,0,10,29.7509,237.073,22.7655,640.87,57.5149,244.326,146.866,272.153,48.2047
2/6/2000,1955,0,7.5,2.1,0,0,10.6,15.4,15.1,22.5,6.6,0,30.0216,224.852,19.1254,640.87,55.5432,209.802,139.236,219.088,47.4043
2/7/2000,1766,57.6,42.7,35.3,8,13.2,8.6,5.8,78.3,26.4,16.4,28.7,34.9891,228.095,21.1274,626.25,53.5879,196.746,185.226,214.218,96.6313
2/8/2000,1853,18.6,24.6,9.4,68.2,14.1,23.6,13.6,52.6,4.3,41.7,87.5,57.6916,265.083,35.2054,670.612,64.0321,246.825,206.346,279.016,95.0838
2/9/2000,3527,26.2,44.5,60.5,42,27.6,13.5,8.2,16.9,3.2,12.2,61.5,111.716,361.496,60.8483,683.201,66.07,300.868,310.343,321.988,283.858
2/10/2000,3387,30.4,14.6,50.2,28.1,34.1,16,10,16,6.2,21.7,23.6,66.2565,429.089,44.6992,706.153,71.2296,434.911,285.747,460.399,211.092
2/11/2000,3133,0,6.5,13.7,3,7.9,0,3,12.2,12,14.6,26.4,57.0622,467.428,37.6965,737.338,69.6722,357.235,230.423,420.517,146.519
2/12/2000,2718,0,0,2,0,7.9,0,0,0,0,1.6,7.1,54.2496,485.362,34.8971,807.19,61.506,254.4,169.179,336.993,142.326
2/13/2000,2540,0,1.8,22.4,2,2.2,0,0.6,0,0,4.8,3.6,46.3146,478.607,32.4566,809.939,52.6165,220.918,145.77,249.454,120.352
2/14/2000,2174,0,0,0,0,0,0,0,0,0.4,0,0,41.2882,434.491,28.0078,804.445,45.9367,189.274,138.154,216.646,69.7489
2/15/2000,1907,0,0,0,0,0,0,0,0,0,0,0,36.3994,370.796,24.1544,782.657,42.218,178.788,127.442,204.642,58.1846
2/16/2000,1650,0,0,0,0,0,0,0,0,0,0,0,33.3138,310.488,22.0791,769.189,36.8838,159.483,109.714,188.41,53.1092
2/17/2000,1836,0,0,0,0,0,0.1,8.4,0.4,0,0,18.5,33.3138,270.864,20.8575,758.498,35.5198,153.558,101.592,163.194,52.6939
2/18/2000,1715,34.6,0,10,0,9,14.2,28.6,5.2,13.8,0.7,17.6,32.2077,263.522,26.9947,747.881,40.8428,152.579,103.609,151.773,58.6152
2/19/2000,1637,4.3,15.4,0,1,0,0,3.8,0.2,4.3,0,23.7,40.7057,266.127,21.1274,734.714,60.002,157.499,132.772,158.993,50.2272
2/20/2000,1648,1.2,0,0.5,0,3.2,0,1.8,0,2.9,0.6,0,30.2929,269.806,20.1867,721.662,54.5635,181.911,124.269,197.604,51.4551
2/21/2000,1457,0,0,0,0,0,0,0,0,0,0,0,27.6056,259.908,19.3894,708.726,50.2064,175.686,108.69,183.895,37.281
2/22/2000,1456,0,0,0,0,0,0,0,0,0,6.7,0,26.2839,234.21,18.2091,683.201,44.5335,161.477,96.5924,161.087,34.3985
2/23/2000,1260,0,0,0,0,0,11.5,1,0,0,0,0,25.2374,179.463,17.4331,648.243,38.2597,149.654,91.6524,143.727,31.0727
2/24/2000,1174,0,0,0,0,0,0.2,0,0,0,0,0,24.2008,166.32,16.6659,614.193,34.1677,141.009,87.7447,136.865,29.4649
2/25/2000,1085,11.8,0.7,0,0,0,9.5,17.2,13.5,0,0,3,26.8107,153.742,16.2857,564.821,30.8416,126.115,85.8061,131.117,27.3789
2/26/2000,1176,0,3.6,0,0,0.8,0,11.8,5.7,4.1,22.2,0,24.2008,150.229,17.9495,524.13,34.1677,104.105,92.6355,129.229,25.8581
2/27/2000,1129,0,0,0,0,0,13.4,0.2,21,1.6,0,0,24.2008,145.458,22.353,461.736,38.9519,105.808,100.588,139.785,37.281
2/28/2000,976,0,0,1.5,0,1.6,2.5,0,0,1.3,0,0.4,25.2374,139.484,23.3185,420.983,36.2003,111.848,96.5924,149.741,34.967
2/29/2000,1170,0,0,22.5,3,1.4,0,0.4,0,0,24.1,6.2,32.7597,152.42,24.9979,395.492,33.4962,106.663,88.7179,143.727,33.2737
3/1/2000,984,72,10,4.5,18,18.3,0,27.2,15.7,3.9,1.7,4.8,24.459,181.808,22.6278,399.363,36.2003,101.57,83.8776,132.067,41.5586
3/2/2000,893,0,0,0,0,0,0,0,0,0,0,0,30.5648,167.694,18.6004,395.492,36.2003,102.412,78.0028,124.567,25.3595
3/3/2000,1080,0,0,0,0,0,0,0,0,0,0,0,22.1584,150.666,18.6004,401.305,31.5005,98.2261,73.9413,116.391,21.5231
3/4/2000,890,0,0,0,0,0,0,0,0,0,0,0,25.4981,136.54,15.9078,393.564,29.5336,89.2469,71.9362,110.223,19.7077
3/5/2000,688,0,0,0,0,0,0,0,0,0,0,0,23.1744,127.467,15.4075,372.66,26.9575,86.0615,67.9784,106.774,18.3918
3/6/2000,691,0,0,0,0,0,0,0,0,0,0,0,21.1531,121.838,14.9114,339.672,26.3221,83.7008,65.0566,100.869,15.4755
3/7/2000,599,0,0,0,0,0,0,0,0,0,0,0,22.6651,116.323,14.5421,318.295,25.0618,79.8206,65.0566,97.5702,15.8788
3/8/2000,705,1.6,0,22.1,4.1,2.5,0,30.4,0.7,13.7,11.5,17.4,32.4834,112.452,17.4331,301.077,30.186,83.7008,72.9366,98.3898,31.0727
3/9/2000,1176,0,2.1,9,2,1.7,8.2,0,0.6,1.8,0,0,22.1584,138.219,15.9078,293.504,38.9519,99.8928,87.7447,111.094,40.2632
3/10/2000,1171,27.8,6,14.6,12,8.5,11.6,15.6,37.1,38.6,61.7,82.4,25.7594,168.612,24.0145,302.978,45.9367,124.297,115.899,133.976,51.8669
3/11/2000,3175,53.6,77.5,103,20,59.1,16.9,24.6,21.7,19.8,29.7,37.6,65.0751,251.786,37.0696,413.056,55.5432,190.335,113.828,198.768,260.466
3/12/2000,1922,4,47,36.3,26.1,7.6,43.6,20.4,39,16.1,84.5,21.2,46.6143,362.813,38.9829,461.736,61.0037,236.904,155.702,219.088,117.562
3/13/2000,2070,32.2,13.7,11.3,17,16,52.7,16.6,25.5,11,6.9,0,35.2701,360.181,35.0512,539.776,69.1548,293.991,166.915,338.513,67.466
3/14/2000,1652,0,6.9,0,0,0,0,0,0,0,0,0,28.6736,301.203,21.534,564.821,58.5067,259.513,140.32,420.517,56.4741
3/15/2000,1797,0,0.5,0,0,2.8,0,0,0,0.5,0,0,26.547,232.788,19.3894,578.719,46.8777,182.956,109.714,269.431,69.7489
3/16/2000,2237,19.4,0.5,31.4,43,31.5,47.6,3.2,2.8,29,25.2,2.9,36.1163,209.155,43.0126,619.002,42.218,153.558,122.163,225.253,76.287
3/17/2000,2237,1,25.2,13.6,23.2,0,15.7,3.8,21.7,9,4.1,22.7,58.9553,216.673,36.9133,614.193,53.5879,166.5,108.69,222.777,89.4882
3/18/2000,2002,1.2,0.3,0,6,0,9.9,9.8,0,0.3,0,0.3,43.047,270.335,31.5533,602.252,54.0752,158.49,99.5853,205.827,166.244
3/19/2000,1930,2,14.2,53.3,15,36.9,7.3,5,15.9,23.9,44.1,59.4,86.6037,289.89,46.4293,628.675,50.6863,161.477,101.592,191.832,121.475
3/20/2000,1847,0,17.6,12,32,0.7,3.1,18.2,6.5,11.8,0.3,22.9,41.5802,346.598,37.4443,668.108,60.002,177.752,123.215,190.688,95.0838
3/21/2000,1556,0,0,0,28,10.7,0,20,0,67.8,0.7,11.8,41.2882,351.082,34.1295,673.12,85.0556,199.981,262.629,202.282,71.5951
3/22/2000,1671,0,0,0,0,0,0,0,0,0,0,0,35.5517,329.09,27.4277,680.674,113.738,212.008,156.815,323.473,67.9203
3/23/2000,1482,0,0,0,0,0,1.2,0,0,0,0.1,0,33.0365,277.818,24.9979,670.612,81.8142,233.236,115.899,308.774,58.1846
3/24/2000,1582,0,0,0,0,0,0,0,0,0,0,0,31.6579,235.161,23.3185,658.138,66.07,196.746,96.5924,219.088,57.327
3/25/2000,1395,0,0,0,0,0,0,1,0,0,0,0,30.0216,219.827,22.0553,643.323,49.7276,157.499,88.7179,149.741,53.9433
3/26/2000,1158,0,0,3,0,2.6,3.2,0,0,3.9,16.9,0,28.6736,206.549,21.3223,621.413,47.35,141.96,90.6717,144.721,50.2272
3/27/2000,1179,0,0,0,0,0,3.8,0,0,0.1,0,0,27.8717,195.952,20.4528,602.252,46.8777,156.51,82.9172,134.936,45.4246
3/28/2000,1305,0,0.3,0,0,0,0,0,0,0,0.8,0,48.7251,186.969,19.8795,574.068,42.6788,159.483,82.9172,129.229,43.8632
3/29/2000,1196,0,37.5,18.5,12,2.8,0,24.6,4.2,10,0,10.4,32.7597,183.78,24.2944,546.55,55.0529,192.463,81.9595,125.492,47.8039
3/30/2000,1176,0,0,6.4,2,10.2,0,4.4,0.6,0,3,1.8,36.3994,194.295,28.7374,519.701,50.6863,205.415,79.0288,123.645,41.1789
3/31/2000,1100,0,0,0,0,0,0,0,0,0,0,0,30.0216,187.773,20.309,487.08,43.6038,199.981,87.7447,119.99,34.3985
4/1/2000,914,0,0,0,0,0,0,0,0,0,0,5,27.8717,169.994,19.0291,465.914,38.9519,158.49,78.0028,119.99,31.6169
4/2/2000,904,0,0,0,0,0,0,0,0,0.6,0,0,27.0751,162.229,18.4686,439.092,36.8838,129.781,73.9413,117.285,30.5327
4/3/2000,1009,0,0,0,0,0,0,0,0,0,0,0.8,25.7594,152.86,18.0516,413.056,36.2003,132.555,69.9485,114.611,29.4649
4/4/2000,689,0,0,0,0,0,0,0,0,0,0,0,24.9773,145.027,17.6376,383.992,34.8422,123.392,67,111.968,27.3789
4/5/2000,776,0,0,1.2,0,0,0,0,0,0,0,0,23.9433,138.219,17.2266,359.414,32.8279,115.355,65.0566,109.355,25.8581
4/6/2000,682,0,0,0,0,0,0,3.6,0,0,0,0,23.1744,133.623,16.6833,339.672,31.5005,110.109,63.1312,106.774,25.3595
4/7/2000,665,0,0,0,0,0,0,0,6.5,0,0,0,22.9195,129.914,16.4137,326.027,30.186,107.521,62.1753,102.539,23.889
4/8/2000,636,0,0,3,0,0,0,0,0,0,0,0,22.6651,125.444,16.2794,314.448,29.5336,104.955,60.2774,100.869,22.4567
4/9/2000,605,0,0,0,0,0,0,0,0,0,0,0,22.4115,122.635,16.1455,304.882,28.8845,96.5698,61.2241,100.869,21.0628
4/10/2000,857,0,0,0,0,0,0,0,0.3,0,0,0,22.1584,119.855,15.8786,295.393,28.8845,96.5698,60.2774,98.3898,20.1551
4/11/2000,702,0,14.7,0,0,0,0.3,0,0.3,0,0,0,21.6544,117.104,15.6132,287.858,28.2388,94.1051,60.2774,92.7245,18.3918
4/12/2000,673,23.2,0,0,0,0,0,23.2,0,0,0,0,21.4034,115.155,15.7457,282.241,28.2388,96.5698,62.1753,96.754,17.9619
4/13/2000,574,1.6,0,6.8,0,0,13.1,6.2,20.9,0.6,1.5,35.5,21.1531,113.222,16.4137,274.795,28.2388,99.0581,81.0044,107.631,25.3595
4/14/2000,819,0,0,0,0,0,0,0,0,0,0,0,20.9034,111.686,16.1455,269.245,28.8845,104.955,80.0519,124.567,22.9299
4/15/2000,591,0,0,3.6,0,0,0.7,45,0,0.8,16,0,20.6545,110.159,15.2176,271.092,36.2003,118.902,71.9362,119.99,19.2647
4/16/2000,734,0,0,0,3,0,0,0,0,0.1,0,0,20.1586,109.019,14.9556,274.795,35.5198,125.205,71.9362,119.99,18.3918
4/17/2000,559,0,0,0,0,0,0,0,0,0,0,0,20.1586,107.885,14.8251,269.245,29.5336,119.795,74.9503,119.085,17.1153
4/18/2000,673,0,5.8,18.3,0,3.1,0,0,0.5,0,0,0,19.9117,104.516,14.695,263.725,27.5964,109.244,64.0916,118.184,24.3749
4/19/2000,588,0,0,2,0,5.1,0,0,0,0,3.7,11.7,20.9034,109.019,17.6376,254.59,26.9575,108.381,62.1753,106.774,21.5231
4/20/2000,601,4,4.1,20.6,52,23.2,8.8,7,4.1,17.1,43.1,1.7,26.547,135.703,21.3223,252.774,34.1677,105.808,64.0916,105.92,33.8341
4/21/2000,675,12.4,1.4,0,43,10.9,3.1,6.2,0,0,1.2,0,20.6545,157.291,15.8786,282.241,31.5005,96.5698,67.9784,104.223,21.0628
4/22/2000,679,0,0,0,0,0,0,0,0,0,0,0,19.4201,138.219,15.2176,312.528,28.2388,103.257,65.0566,102.539,19.2647
4/23/2000,651,0,0,0,0,0,0,0,0,0,0,0,19.1753,113.993,14.4359,312.528,26.3221,101.57,60.2774,102.539,16.6987
4/24/2000,590,0,0,0,0,0,0,0,0,0,0,0,18.9313,106.382,14.0499,278.512,25.0618,97.3966,57.4654,100.869,16.2865
4/25/2000,573,0,0,0,0,0,0,0,0,0,0,0,18.688,101.193,13.7943,260.061,24.4371,82.9193,53.7823,91.9289,15.0768
4/26/2000,519,0,0,0,0,0,0,0,0,0,0,0,18.4454,97.9187,13.6671,245.54,24.4371,79.0528,51.9696,88.002,13.9077
4/27/2000,489,0,0,0,0,0,0,0,0,0,0,0,18.4454,97.1976,13.2877,238.362,23.8161,77.5255,51.9696,85.6869,13.151
4/28/2000,484,0,0,0,0,0,0,0,0,0,0,0,18.2036,93.9817,13.0366,229.467,23.1987,75.8938,50.1766,83.4026,12.7796
4/29/2000,504,0,0,0,0,0,0,0,0,0,0,0,17.9625,92.2159,12.9116,222.415,23.1987,76.799,49.2876,83.4026,12.4127
4/30/2000,501,0,0,0,0,0,0,0,0,0,0,0,17.9625,90.465,12.7869,218.91,21.9754,76.799,49.2876,80.4047,12.4127
5/1/2000,492,0,0,0,0,0,0,0,0,0,0,0,17.7221,89.4216,12.7869,213.68,21.9754,78.2878,48.4035,78.9263,12.4127
5/2/2000,484,0,5.2,0,0,0,0,0,0,0,0,0,17.4825,88.3836,12.7869,211.945,21.9754,80.5912,48.4035,74.5731,12.4127
5/3/2000,456,0,0,0,0,0,0,0,0,0,0,0,17.4825,87.008,12.5388,208.484,21.9754,80.5912,47.5245,73.1495,12.4127
5/4/2000,455,0,3.7,0,0,0,0,0,0,0,0,0,17.2436,85.9826,12.4153,205.038,21.3695,76.799,47.5245,71.7395,12.0505
5/5/2000,438,0,0,0,0,0,0,0,0,0,0,0,17.2436,84.9626,12.2922,201.607,20.7675,76.799,46.6505,71.7395,11.3401
5/6/2000,433,0,0,0,0,0,0,0,0,0,0,0,17.2436,83.948,12.1695,198.191,20.7675,73.2073,46.6505,70.3432,10.9919
5/7/2000,425,0,0,0,0,0,0,0,0,0,0,0,17.0055,82.6037,12.0471,196.488,20.7675,71.4405,45.7817,70.3432,10.3096
5/8/2000,417,1.2,0,0,7.3,0,0,0,0,0,0,0,16.7707,81.269,11.9252,194.79,20.1696,70.5644,45.7817,68.9606,10.3096
5/9/2000,411,0,0,0,4,0,1.4,1.4,0,0,0,0,16.5391,80.6053,11.8036,193.095,20.1696,77.5255,45.7817,68.9606,9.9756
5/10/2000,410,0,0,0,0,0,0,0,0,0,0,3.1,16.5391,80.2743,11.6824,189.718,20.1696,74.9935,45.7817,68.9606,9.9756
5/11/2000,412,0,0,0,0,0,0,0,0,0,0,0,16.3083,78.6287,11.5616,186.355,20.1696,67.1088,45.7817,67.5917,9.9756
5/12/2000,401,0,0,0,0,0,0,0,0,0,0,0,16.0782,76.9981,11.4412,184.68,19.5757,73.2073,46.6505,67.5917,9.9756
5/13/2000,402,0,0,0,0,0,0,0,0,0,0,0,15.8489,76.0271,11.3212,181.342,19.5757,72.3214,44.918,64.8949,9.9756
5/14/2000,382,0,0,0,0,0,0,0,0,0,0,0,15.8489,75.0616,11.2015,179.678,18.986,72.3214,44.0594,64.8949,9.9756
5/15/2000,384,0,0,0,0,0,0,0,0,0,0,0,15.6204,74.421,11.0823,178.019,18.986,67.9654,43.2061,64.2293,9.6464
5/16/2000,389,0,0,0,0,0,0,0,0,0,0,0,15.6204,74.1016,11.0823,176.363,18.986,65.4104,42.3581,64.2293,9.6464
5/17/2000,389,0,0,0,0,0,0,0,0,0,0,0,15.6204,73.4646,10.9635,171.421,18.986,65.4104,41.5153,63.567,9.6464
5/18/2000,388,0,0,0,0,0,0,0,0,0,0,0,15.3926,72.5137,10.845,168.147,18.4004,63.7316,40.6779,63.567,9.6464
5/19/2000,385,0,0,0,0,0,0,0,0,0,0,0,15.1656,71.2545,10.727,168.147,18.4004,63.7316,39.8458,60.9524,9.3219
5/20/2000,370,0,0,0,0,0,0,0,0,0,0,0,15.1656,70.3165,10.6094,166.516,18.4004,63.7316,39.8458,60.9524,9.0022
5/21/2000,369,0,0,0,0,0,0,0,0,0,0,0,14.9394,69.6942,10.4921,164.889,17.8191,63.7316,39.8458,60.9524,8.6874
5/22/2000,364,0,0,0,0,0,0,0,0,0,0,0,14.9394,69.384,10.4921,163.266,17.8191,62.8996,39.8458,60.3073,8.6874
5/23/2000,359,0,0,0,0,0,0,0,0,0,0,0,14.9394,69.0744,10.4921,161.648,17.8191,62.0725,39.8458,60.3073,8.3775
5/24/2000,347,0,0,0,0,0,0,0,0,0,0,0,14.9394,68.457,10.3753,158.423,17.8191,60.4332,39.8458,59.6657,8.3775
5/25/2000,351,0,0,0,0,0,0,0,0,0,0,0,14.9394,67.8422,10.2589,158.423,17.8191,60.4332,39.8458,59.6657,8.3775
5/26/2000,335,0,0,0,0,0,0,0,0,0,0,0,14.7139,67.2297,10.2589,156.817,17.8191,61.2504,39.8458,58.3926,8.3775
5/27/2000,362,0,0,0,0,0,0,0,0,0,0,0,14.7139,66.6198,10.1429,155.215,17.2422,60.4332,39.0192,58.3926,8.3775
5/28/2000,351,0,0,0,0,1.4,0,0,0,0.1,0,1.6,14.7139,66.0123,10.1429,153.618,17.2422,61.2504,38.198,59.6657,8.3775
5/29/2000,328,0,0,0,5,11.3,0,3.4,1.8,0,0,0,14.7139,66.0123,11.0823,152.025,17.2422,62.0725,40.6779,58.3926,8.3775
5/30/2000,318,0,0,0,0,0,0,0,0,0,0,0,14.7139,65.4073,10.3753,152.025,17.2422,66.2572,39.0192,58.3926,8.0724
5/31/2000,303,0,0,0,0,0,1.2,0,0,0,0,0,14.4893,64.8048,9.9121,150.436,17.2422,67.1088,38.198,59.6657,7.7722
6/1/2000,338,0,0,0,0,0,1.9,0,0,0,0,0,14.4893,63.6072,9.7973,150.436,16.6697,63.7316,38.198,59.6657,7.7722
6/2/2000,341,0,0,0,0,0,0,7.2,0,1,0,0,14.0424,63.0121,9.7973,148.852,16.6697,61.2504,37.3823,59.6657,7.7722
6/3/2000,335,0,0,0,0,0,0,0,0,0,0,0,14.0424,62.4195,9.683,147.272,16.6697,61.2504,38.198,59.0274,7.7722
6/4/2000,326,0,0,0,0,0,0,0,0,0,0,0,14.0424,61.8294,9.683,145.696,16.6697,59.6209,40.6779,58.3926,7.7722
6/5/2000,312,0,0,0,0,0,0,0,0,0,0,0,14.0424,61.2418,9.569,142.558,16.6697,58.8136,46.6505,58.3926,7.7722
6/6/2000,311,0,0,0,0,0,0,0,0,0,0,0,13.8202,60.949,9.569,142.558,16.1017,61.2504,43.2061,58.3926,7.477
6/7/2000,300,0,0,0,0,0,0,0,0,0,0,0,13.8202,60.6567,9.4555,140.995,16.1017,59.6209,41.5153,58.3926,7.477
6/8/2000,303,0,0,0,0,0,0,0,0,0,0,0,13.5988,60.0741,9.4555,139.437,16.1017,56.4215,39.0192,57.7612,7.477
6/9/2000,303,0,0,0,0,0,0,0,0,0,0,0,13.5988,59.494,9.3424,139.437,16.1017,58.0113,39.0192,57.7612,7.477
6/10/2000,308,0,0,0,0,0,0,0,0,0,0,0,13.5988,59.494,9.2297,137.884,16.1017,58.8136,38.198,57.1332,7.477
6/11/2000,318,0,0,0,0,0,0,0,0,0,0,0,13.1585,58.9164,9.1175,136.335,15.5382,58.8136,36.5721,57.1332,7.1867
6/12/2000,298,0,0,0,0,0,0,0,0,0,0,0,13.1585,58.3413,9.1175,136.335,15.5382,58.0113,36.5721,57.1332,7.1867
6/13/2000,312,0,0,0,0,0,0,0,0,0,0,0,13.1585,57.7687,9.0057,133.251,15.5382,57.2139,34.9687,55.8875,7.1867
6/14/2000,292,0,0,0,0,0,0,0,0,0,0,0,13.1585,57.7687,9.0057,133.251,14.9795,56.4215,34.9687,54.6555,7.1867
6/15/2000,285,0,0,0,0,0,0,0,0,0,0,0,12.9396,57.1986,8.8943,131.715,14.9795,56.4215,34.1754,49.8645,7.1867
6/16/2000,275,0,0,0,0,0,0,0,0,0,0,0,12.9396,56.631,8.8943,130.185,14.9795,56.4215,34.1754,48.701,7.1867
6/17/2000,266,0,0,0,0,0,0,0,0,0,0,0,12.7216,56.066,8.7833,130.185,14.9795,58.0113,34.1754,48.701,7.1867
6/18/2000,253,0,0,0,0,0,0,0,0,0,0,0,12.7216,55.7844,8.7833,128.659,14.9795,59.6209,34.1754,48.701,7.1867
6/19/2000,263,0,0,0,0,0,0,0,0,0,0,0,12.7216,55.5035,8.6728,127.138,14.9795,55.6341,34.1754,47.5512,7.1867
6/20/2000,253,0,0,0,0,0,0,0,0,0,0,0,12.7216,54.9435,8.6728,125.621,14.9795,56.4215,33.3879,47.5512,7.1867
6/21/2000,260,0,0,0,0,0,0,0,0,0,0,0,12.5044,54.6644,8.5627,125.621,14.4255,56.4215,33.3879,47.5512,6.9014
6/22/2000,252,0,0,0,0,0,0,0,0,0,0,0,12.5044,54.386,8.5627,124.109,14.4255,56.4215,33.3879,46.4151,6.9014
6/23/2000,251,0,0,0,0,0,0,0,0,0,0,0,12.5044,54.1082,8.453,122.602,14.4255,55.6341,33.3879,46.4151,6.6211
6/24/2000,240,0,0,0,0,0,0,0,0,0,0,0,12.2881,53.2786,8.453,121.1,14.4255,54.8517,32.6062,46.4151,6.6211
6/25/2000,236,0,0,0,0,0,0,0,0,0,0,0,12.2881,53.2786,8.3438,121.1,14.4255,54.0743,32.6062,46.4151,6.6211
6/26/2000,234,0,0,0,0,0,0,0,0,0,0,0,12.0727,53.0033,8.3438,119.603,14.4255,54.8517,31.8303,46.4151,6.6211
6/27/2000,236,0,0,0,0,0,0,0,0,0,0,0,12.0727,52.7287,8.235,119.603,13.8764,54.0743,31.8303,45.2927,6.6211
6/28/2000,227,0,0,0,0,0,0,0,0,0,0,0,11.8581,52.1813,8.235,118.11,13.8764,53.3019,31.0603,45.2927,6.6211
6/29/2000,232,0,0,0,0,0,0,0,0,0,0,0,11.8581,51.3651,8.1267,116.622,13.8764,52.5345,31.0603,44.184,6.6211
6/30/2000,229,0,0,0,0,0,0,0,0,0,0,0,11.8581,51.0943,8.1267,116.622,13.3323,62.0725,30.2963,44.184,6.0757
7/1/2000,225,0,0,0,0,0,0,0,0,0,0,0,11.6445,50.5545,8.1267,115.14,13.3323,54.8517,30.2963,44.184,6.0757
7/2/2000,232,0,0,0,0,0,0,0,0,0,0,0,11.6445,50.5545,8.1267,113.662,13.3323,54.8517,30.2963,43.0891,5.8106
7/3/2000,229,0,0,0,0,0,0,0,0,0,0,0,11.4317,50.5545,8.0188,112.189,13.3323,54.0743,29.5382,40.9402,5.8106
7/4/2000,222,0,0,0,0,0,0,0,0,0,0,0,11.4317,50.2856,8.0188,112.189,13.3323,54.0743,29.5382,40.9402,5.8106
7/5/2000,217,0,0,0,0,0,0,0,0,0,0,0,11.4317,50.0174,8.0188,112.189,13.3323,54.0743,29.5382,42.0078,5.5507
7/6/2000,227,0,0,0,0,0,0,0,0,0,0,0,11.4317,49.7497,7.9114,110.721,13.3323,54.0743,29.5382,42.0078,5.5507
7/7/2000,220,0,0,0,0,0,0,0,0,0,0,0,11.2199,49.4827,7.9114,110.721,13.3323,54.0743,30.2963,40.9402,5.8106
7/8/2000,220,0,0,0,0,0,0,0,0,0,0,0,11.4317,49.4827,7.9114,109.258,13.3323,53.3019,30.2963,40.9402,5.8106
7/9/2000,210,0,0,0,0,0,0,0,0,0,0,0,11.2199,48.9507,7.9114,109.258,13.3323,52.5345,30.2963,40.9402,5.8106
7/10/2000,212,0,0,0,0,0,0,0,0,0,0,0,11.2199,48.9507,7.8044,109.258,12.7932,53.3019,30.2963,43.0891,5.8106
7/11/2000,210,0,0,0,0,0,0,0,0,0,0,0,11.4317,48.4212,7.8044,107.8,12.7932,54.0743,30.2963,44.184,5.8106
7/12/2000,206,0,0,0,0,0,0,0,0,0,0,0,11.2199,48.1574,7.6979,107.8,12.7932,54.0743,30.2963,45.2927,5.8106
7/13/2000,204,0,0,0,0,0,0,0,0,0,0,0,11.2199,47.8942,7.6979,106.347,12.2593,54.0743,30.2963,45.2927,5.5507
7/14/2000,203,0,0,0,0,0,0,0,0,0,0,0,11.2199,47.3698,7.5918,106.347,12.7932,52.5345,29.5382,44.7367,5.5507
7/15/2000,202,0,0,0,0,0,0,0,0,0,0,0,11.0089,47.1086,7.5918,104.9,12.7932,53.3019,30.2963,44.184,5.2959
7/16/2000,200,4.2,0,0,2,0,0,6.4,0.5,0.5,0.8,1.9,11.0089,47.1086,7.4862,103.457,13.8764,53.3019,31.0603,43.0891,5.2959
7/17/2000,199,0,0,0,0,0,2.3,4.6,3.2,7.4,3.8,0,11.0089,46.848,7.4862,103.457,14.4255,52.5345,32.6062,43.0891,5.2959
7/18/2000,197,0,0,0,0,0,4,0,0,0,0,0,10.7989,46.848,7.381,102.02,14.9795,54.0743,34.9687,43.0891,5.2959
7/19/2000,196,0,0,0,0,0,0,0,0,0,0,0,10.7989,46.3288,7.381,102.02,13.8764,54.0743,34.9687,43.0891,5.2959
7/20/2000,195,0,0,0,0,0,0,0,0,0,0,0,10.5899,46.3288,7.2763,102.02,13.3323,55.6341,33.3879,42.0078,5.2959
7/21/2000,193,0,0,0,0,0,0,0,0,0,0,0,10.5899,45.8121,7.2763,102.02,13.3323,54.0743,33.3879,42.0078,5.0463
7/22/2000,191,0,0,0,0,0,0.2,0,0,0,0,0,10.5899,45.8121,7.2763,100.588,12.7932,55.6341,32.6062,43.0891,5.0463
7/23/2000,192,0,0,0,0,0,0,0,0,0,0,0,10.5899,45.5547,7.2763,100.588,12.7932,54.8517,31.8303,43.0891,5.0463
7/24/2000,191,0,0,2,4,3.5,0,0,0,0.3,0,0.9,10.7989,45.298,7.5918,100.588,12.7932,54.8517,31.8303,43.0891,5.0463
7/25/2000,185,0,0,0,0,0,0,0,0,0,0,0,10.5899,45.5547,7.381,99.1611,12.7932,53.3019,31.8303,44.184,5.0463
7/26/2000,180,9.6,4.7,16.4,0,0.2,3,3,4.1,0.3,0,0,10.7989,45.5547,7.381,99.1611,13.3323,57.2139,33.3879,44.184,7.1867
7/27/2000,175,0,0.2,0,2,0,0,0,0,0,0,0,10.7989,45.0419,7.381,100.588,13.3323,62.0725,33.3879,43.0891,6.6211
7/28/2000,181,0,0,0,0,0,0,0,0,0,0,0,10.5899,44.7865,7.2763,100.588,12.7932,58.8136,33.3879,43.0891,5.5507
7/29/2000,179,0,0,0,0,0,0,0,0,0,0,0,10.5899,44.7865,7.1721,100.588,12.7932,54.8517,32.6062,42.0078,5.2959
7/30/2000,185,0,0,0,0,0,0,0,0,0,0,0,10.3818,44.2775,7.0683,99.1611,12.2593,51.7721,31.8303,42.0078,5.2959
7/31/2000,179,0,0,0,0,0,0,0,0,0,0,0,10.1746,43.7712,6.965,99.1611,12.2593,53.3019,31.0603,42.0078,5.0463
8/1/2000,176,0,0,0,0,0,0,0,0,0,0,0,10.1746,43.519,6.965,97.7396,12.2593,53.3019,31.0603,42.0078,4.8019
8/2/2000,182,0,0,0,0,0,0,0,0,0,0,0,9.9684,43.0165,6.8622,96.3235,11.7308,52.5345,30.2963,42.0078,4.8019
8/3/2000,181,0,0,0,0,0,0,0,0,0,0,0,9.9684,42.7663,6.8622,94.9128,11.7308,51.0147,30.2963,40.9402,4.8019
8/4/2000,180,1.2,1.5,0,2,0.2,3.7,2.8,0.6,5.3,2.3,4.4,10.1746,42.5167,6.965,93.5074,11.7308,51.0147,30.2963,40.9402,4.8019
8/5/2000,178,0,0,0,0,0,0,0,0,0,0,0,9.9684,43.2674,7.1721,93.5074,11.7308,51.0147,31.0603,40.9402,4.8019
8/6/2000,179,0,0,0,6,0,0,0,0,0,0,0,9.9684,43.519,7.0683,93.5074,11.7308,51.0147,31.8303,40.9402,4.8019
8/7/2000,170,0,0,0,0,0,0,0,0,0,0,0,9.7632,42.7663,6.965,92.0796,12.2593,51.0147,31.8303,40.9402,4.5628
8/8/2000,173,0,0,0,0,0,0,0,0,0,0,0,9.7632,42.2677,6.8622,92.0796,11.7308,48.7728,31.0603,40.9402,4.5628
8/9/2000,169,0,0,0,0,0,0,0,0,0,0,0,9.7632,42.0194,6.7599,92.0796,11.7308,51.0147,29.5382,39.8863,4.5628
8/10/2000,165,0,0,0,0,0,0,0,0,0,0,0,9.559,41.2784,6.658,90.622,11.2076,49.5151,28.0403,39.8863,4.5628
8/11/2000,161,0,0,0,1,0,0,0,0,0,0,0,9.559,41.0327,6.5566,89.1718,11.2076,48.7728,28.0403,38.8462,4.5628
8/12/2000,158,0,0,0,0,0,0,0,0,0,0,0,9.559,40.7876,6.5566,87.7289,11.2076,48.7728,27.3006,37.8197,4.329
8/13/2000,142,0,0,0,0,0,0,0,0,0,0,0,9.3558,40.5432,6.5566,86.2935,11.2076,48.0356,27.3006,37.8197,4.329
8/14/2000,140,0,0,0,0,0,0,0,0,0,0,0,9.3558,40.0564,6.4557,84.8656,11.2076,48.0356,26.5671,36.807,4.329
8/15/2000,136,0,0,0,0,0,0,0,0,0,0,0,9.3558,39.8139,6.4557,84.8656,11.2076,47.3035,26.5671,34.8226,4.329
8/16/2000,125,0,0,0,0,0,0,0,0,0,0,0,9.1536,39.5722,6.3553,84.8656,11.2076,47.3035,26.5671,34.8226,4.329
8/17/2000,122,0,0,0,0,0,0,0,0,0,0,0,9.3558,39.5722,6.3553,83.4451,11.2076,46.5764,26.5671,34.8226,4.329
8/18/2000,125,0,0,0,0,0,0,0,0,0,0,0,9.1536,39.331,6.2554,83.4451,10.6901,47.3035,25.84,34.8226,4.329
8/19/2000,123,0,0,0,0,0,0,0,0,0,0,0,9.1536,39.331,6.2554,82.0323,10.6901,48.0356,25.84,33.851,4.329
8/20/2000,125,0,0,0,0,0,0,0,0,0,0,0,9.1536,39.0906,6.2554,82.0323,10.6901,47.3035,25.84,33.851,4.329
8/21/2000,121,0,0,0,0,0,0,0,0,0,0,0,9.1536,38.8507,6.156,80.6271,10.6901,46.5764,25.1191,32.8931,4.1005
8/22/2000,125,0,0,0,0,0,0,0,0,0,0,0,8.9524,38.8507,6.156,80.6271,10.6901,47.3035,25.1191,32.8931,4.1005
8/23/2000,121,0,0,0,0,0,0,0,0,0,0,0,8.9524,38.3731,6.0571,80.6271,10.6901,46.5764,25.1191,32.8931,4.1005
8/24/2000,124,0,0,0,0,0,0,0,0,0,0,0,8.9524,38.1352,6.0571,79.2296,10.1783,46.5764,24.4047,32.8931,4.1005
8/25/2000,121,0,0,0,0,0,0,0,0,0,0,0,8.7523,37.6615,5.9586,77.8398,9.6723,46.5764,24.4047,32.8931,4.1005
8/26/2000,119,0,0,0,0,0,0,0,0,0,0,0,8.7523,37.4256,5.8607,76.4577,9.6723,46.5764,23.6968,31.9489,4.1005
8/27/2000,118,0,0,0,0,0,0,0,0,0,0,0,8.7523,37.4256,5.7633,75.0835,9.6723,45.1376,22.9955,31.9489,4.1005
8/28/2000,120,0,0,0,0,0,0,0,0,2,0,0,8.5532,37.1904,5.7633,75.0835,10.1783,46.5764,22.9955,32.4193,4.1005
8/29/2000,121,20.6,17.1,0,6,5.9,0,29.8,28.5,3.1,2.3,2,8.7523,37.1904,6.156,76.4577,10.6901,51.0147,28.7862,32.8931,4.1005
8/30/2000,122,3.4,12.7,6,8,0,16.7,0.4,0.2,0.1,0.1,0,8.5532,36.9558,6.4557,76.4577,11.2076,51.7721,31.0603,40.9402,4.1005
8/31/2000,123,0,0,11.4,0,0,0,0,0,0,0,0,8.9524,37.1904,6.156,77.8398,11.2076,51.0147,35.7676,44.184,4.5628
9/1/2000,119,0,0,2,6.1,5.4,0,0,0,0,0,33.4,10.1746,39.0906,7.0683,76.4577,11.7308,51.0147,32.6062,49.8645,4.329
9/2/2000,339,10,0.2,7.2,10,8.7,0,17,0,20.9,11.7,3.5,13.8202,43.519,7.381,79.2296,12.7932,51.7721,36.5721,46.4151,5.0463
9/3/2000,282,2,34.7,17,8,22.9,28.2,22.2,17.2,26.9,22.6,49.7,18.688,51.3651,10.727,83.4451,23.1987,64.5686,51.9696,53.4372,8.3775
9/4/2000,371,16.8,0.1,4.6,2,1.3,19.9,7.8,11,4.7,0.5,0.9,12.7216,69.6942,8.235,87.7289,31.5005,74.0979,64.0916,74.5731,6.0757
9/5/2000,256,0,0,0,0,0,0,0,0,0,0,0,10.1746,68.457,6.965,100.588,24.4371,74.0979,67.9784,90.3479,6.3459
9/6/2000,495,0,0,7.4,0,7,0,0,0,0,1,20,9.7632,53.5545,7.8044,116.622,18.986,66.2572,54.6958,93.5236,6.0757
9/7/2000,412,11.8,14.7,10,0,20.7,6.7,9,9,8,11.4,0.8,15.6204,48.1574,10.6094,130.185,17.2422,62.0725,45.7817,76.0105,5.8106
9/8/2000,208,0,0,0,16,0,0,0,0,0,0,0,10.5899,56.3482,7.2763,115.826,16.6697,58.8136,44.918,64.2293,5.5507
9/9/2000,309,0,1.3,3.9,1,1.4,0,0,0,1.7,0,3.1,11.8581,54.6644,6.8622,105.442,15.5382,58.0113,47.5245,63.567,5.5507
9/10/2000,221,1.4,1,0,0,0,0,2.8,2,1.7,0,0,11.8581,47.1086,6.7599,106.907,14.4255,56.4215,40.6779,66.2364,5.0463
9/11/2000,231,0,0,0,0,0,0,0,0,0,0,0,10.1746,45.298,6.5566,111.339,13.8764,53.3019,39.0192,57.1332,4.8019
9/12/2000,232,0,0,0,0,0,0,0,0,0,0,0,9.559,44.024,6.2554,102.531,13.8764,52.5345,37.3823,54.6555,4.5628
9/13/2000,230,0,0,0,0,4.3,0,0,0,0.1,3.7,10.7,9.7632,42.7663,6.4557,96.7831,12.7932,51.0147,34.1754,52.2326,4.5628
9/14/2000,236,0,0.5,4.2,0,1.2,0,0.2,0.4,0,0,11.3,10.1746,42.7663,7.0683,92.5399,12.2593,49.5151,32.6062,47.5512,4.5628
9/15/2000,220,0,0.1,0,0,0,0,0,0,0,0,0,10.1746,44.2775,6.658,86.974,12.7932,49.5151,31.8303,45.8522,4.329
9/16/2000,233,0,0.1,0,0,0,0,0,0,0,2.2,0,10.7989,44.024,6.4557,84.231,12.2593,50.2624,30.2963,44.7367,4.329
9/17/2000,226,0,0.3,0,2,0,2.5,6.2,0,9,0,0,12.5044,44.024,6.3553,84.231,12.2593,49.5151,30.2963,42.5467,4.1005
9/18/2000,201,0,0,0,0,8.9,0,0,0,2,3.6,0,10.5899,46.0701,6.8622,85.5991,11.7308,49.5151,30.2963,42.5467,4.1005
9/19/2000,202,0,0,0,0,0,0,0,0,0,0,0,10.3818,51.0943,6.3553,85.5991,11.2076,48.0356,29.5382,42.5467,4.1005
9/20/2000,185,0,0,0,0,0,0,0,0,0,0,0,10.1746,47.6317,6.156,85.5991,11.2076,46.5764,27.3006,41.4723,4.1005
9/21/2000,191,0,0,0,0,0,0,0,0,0,0,0,9.559,43.519,6.0571,89.7437,10.6901,45.8545,26.5671,38.3312,3.8774
9/22/2000,180,0,0,0,0,0,0,0,0,0,0,0,9.1536,40.7876,5.9586,89.7437,10.1783,46.5764,25.84,37.3116,3.8774
9/23/2000,178,0,0,0,0,0,0,0,0,0,0,0,8.9524,39.8139,5.8607,84.231,9.6723,45.1376,25.1191,36.3057,3.6598
9/24/2000,167,0,0,0,0,0,0,0,0,0,0,0,8.7523,39.0906,5.7633,80.1675,9.1724,45.8545,23.6968,35.3136,3.8774
9/25/2000,159,0,0,0,0,0,0,0,0,0,0,0,8.7523,38.3731,5.6664,76.1662,9.1724,45.1376,22.9955,33.3703,4.1005
9/26/2000,142,0,0,0,1,1.7,3.5,0,0,0.2,0,8.7,9.7632,37.898,6.0571,74.8464,8.6787,44.4258,22.9955,32.4193,4.1005
9/27/2000,130,1.3,9.6,16,3,10.8,0,14.4,3.6,14.7,3.2,0,10.1746,37.898,6.7599,72.2283,8.6787,45.8545,23.6968,32.4193,4.1005
9/28/2000,125,0,0,0,0,0,0,0,0,0,0,0,9.559,38.1352,6.2554,72.2283,9.6723,46.5764,25.1191,33.3703,4.1005
9/29/2000,116,0,0,0,0,0,0,0.6,0,0,0,0,9.1536,38.6116,6.0571,72.2283,10.1783,45.1376,33.3879,36.3057,3.8774
9/30/2000,103,0,0,0,0,0,0,0,0,0,0.7,0,8.5532,37.898,5.8607,72.2283,9.6723,45.8545,31.8303,46.9815,3.8774
10/1/2000,143,0,0,0,0,0,0,3.6,0,14.5,0,0,8.7523,37.898,5.9586,73.5338,8.6787,46.5764,29.5382,44.184,3.8774
10/2/2000,119,6.4,0,21.4,0,10,6.8,15,7.5,17.2,2.3,3.2,10.1746,36.9558,6.658,74.8464,9.6723,48.7728,30.2963,41.4723,3.8774
10/3/2000,132,0,0,0,0,0,0,0,0,0,0,0,9.3558,37.6615,6.2554,72.2283,12.2593,48.0356,39.0192,43.6348,4.5628
10/4/2000,132,0,0,0,0,0,0,0,0,0,0,0,8.7523,42.2677,6.156,70.93,10.6901,46.5764,46.6505,55.8875,4.329
10/5/2000,132,0,0,0,0,0,0,0,0,0,0,0.8,8.5532,39.0906,5.9586,69.6389,9.6723,45.8545,36.5721,64.2293,4.1005
10/6/2000,127,0,0,9.5,0,2.2,0,0,0,0,0,0,14.0424,37.1904,6.156,74.8464,9.1724,44.4258,31.0603,50.4514,3.6598
10/7/2000,142,0,0,0,0,0,1.4,1,10.6,0,0,0,10.3818,39.8139,5.8607,73.5338,8.6787,44.4258,27.3006,43.0891,3.6598
10/8/2000,134,0,0,0,0,0,0,0,0,0,0,0,8.7523,48.9507,6.156,70.93,8.6787,44.4258,25.1191,38.3312,3.4475
10/9/2000,112,0,0,0,0,0,0,12,0,0,0,0,8.5532,45.298,5.8607,69.6389,8.1914,44.4258,25.84,35.3136,3.4475
10/10/2000,103,0,0,0,0,0,0,0,0,0,0,0,8.3552,38.1352,5.6664,73.5338,7.7107,43.7191,25.1191,36.3057,3.2408
10/11/2000,101,0,0,0,0,0,0,0,0,0,0,0,8.3552,36.2561,5.4741,78.8268,7.7107,43.0175,22.9955,34.8226,3.0397
10/12/2000,98,0,0,0,0,0,0,0,0,0,0,0,8.1582,35.5624,5.3787,72.2283,7.2368,42.321,22.3008,32.4193,3.0397
10/13/2000,92,0,0,0,0,0,0,0,0,0,0,0,7.7676,34.6466,5.2838,67.0787,6.8297,43.0175,20.9317,31.0185,2.8441
10/14/2000,90,0,0,0,0,0,0,0,0,0,0,0,7.7676,34.1928,5.1895,65.8097,6.4413,41.6296,20.2575,29.1987,2.8441
10/15/2000,104,0,0,0,0,0,0,0,0,0,0,0,7.7676,33.5169,5.0957,62.0476,6.0568,41.6296,19.5902,28.3094,2.8441
10/16/2000,96,0,0,0,0,0,0,0,0,0,0,0,7.7676,33.0697,5.0957,60.8088,6.0568,41.6296,18.2768,27.4338,2.8441
10/17/2000,92,0,0,0,0,0,4,0,0,0,0,0.5,7.3815,32.4039,5.0957,59.5776,5.6763,41.6296,17.631,25.7237,2.8441
10/18/2000,94,0,0,0,0,0,0,0,0,0,0,0,7.3815,31.9634,5.0025,59.5776,5.6763,40.2624,16.3614,24.4772,2.6542
10/19/2000,92,0,0,0,0,0,0,0,0.4,0.3,4.7,0.3,7.3815,31.9634,5.0025,58.3542,5.6763,38.9157,16.3614,22.8633,2.6542
10/20/2000,88,0,0,0,0,0,0,0,0,0,0,0,7.3815,31.5255,4.9097,57.1386,5.3,38.2501,18.2768,23.2616,2.6542
10/21/2000,70,0,0,0,0,0,0,0,0.2,2.2,0,0,7.1902,31.3076,4.9097,55.9309,5.3,37.5897,18.2768,25.7237,2.6542
10/22/2000,66,0,4.7,0,5,0,3.2,3,0,5.7,0.8,0,7.574,31.0903,5.1895,54.7311,6.0568,36.2844,18.9299,25.7237,2.6542
10/23/2000,70,0,0,3.5,0,0,34.3,0,1.2,0,0,1.7,7.3815,31.0903,5.0957,53.5393,6.4413,40.9434,20.9317,27.0011,2.8441
10/24/2000,65,0,0,4.4,0,0,0,0,0,0.2,0,0,12.7216,32.4039,5.0025,53.5393,7.2368,42.321,21.6129,29.6485,2.8441
10/25/2000,70,0,0,0,7,0,0,0,0,0.1,0,5.8,13.8202,32.8471,5.4741,52.3556,6.8297,40.9434,30.2963,31.482,2.6542
10/26/2000,65,0,0,0,0,0,0,0,0,0,0,0,12.2881,34.1928,5.0957,52.3556,6.8297,40.2624,23.6968,42.0078,2.6542
10/27/2000,72,0,0,0,0,0,0,0,0,0,0,0,7.574,34.8746,4.9097,54.7311,6.4413,40.9434,19.5902,32.8931,2.6542
10/28/2000,71,0,0,0,0,0,0,0,0,0,0,0,7.3815,34.8746,4.8175,54.7311,6.0568,38.9157,18.2768,27.4338,2.47
10/29/2000,85,0,0,1.6,6,0,0,4,7.1,7.3,18.4,6.4,9.559,33.0697,5.3787,55.9309,6.0568,38.9157,18.2768,25.7237,2.47
10/30/2000,93,4.6,9.9,0,3.1,10.3,0,17.8,5,3.1,2,0,8.1582,35.3324,5.57,59.5776,6.8297,40.2624,18.2768,25.7237,2.47
10/31/2000,101,3,4.7,0,4,3.5,0,0,7.2,14.9,0,2.5,7.9624,42.0194,5.3787,59.5776,7.7107,40.2624,22.9955,26.1461,2.47
11/1/2000,92,0,0,14.6,0,0,0,0,0,0,0,0,7.9624,41.7717,5.2838,59.5776,9.1724,40.2624,30.2963,33.3703,2.47
11/2/2000,94,0,0,0,0,0,0,0,0,0,0,0,7.7676,37.4256,5.1895,65.8097,8.1914,42.321,30.2963,42.5467,2.8441
11/3/2000,169,0,0,0,0,0,0,0,0,0,0,0,9.559,34.4194,4.9097,68.3551,7.7107,43.7191,26.5671,42.0078,3.2408
11/4/2000,311,0,1.3,3,0,10.6,0,0.5,6.1,1.4,13.1,15.6,7.7676,33.9668,5.2838,68.3551,7.2368,41.6296,24.4047,37.3116,3.6598
11/5/2000,461,6.8,2.7,6.2,16.1,1.5,10.4,4,4.4,12.4,0,0.9,11.0089,34.6466,5.3787,60.8088,6.8297,40.2624,25.84,34.3351,4.329
11/6/2000,567,25,53.5,26,58,7.4,9.4,5.8,10.9,0.6,4,3.4,7.9624,36.9558,5.6664,65.8097,8.1914,46.5764,31.0603,36.807,10.3096
11/7/2000,576,15.6,21.2,40.5,12,3.1,21.7,52.6,35.7,6.2,6.2,0,8.3552,36.2561,6.7599,69.6389,12.7932,69.6932,52.8735,40.9402,6.6211
11/8/2000,490,20.8,11.8,8,17,10.3,20.9,45,22.2,8.9,6.4,2.7,8.5532,35.3324,7.2763,77.493,14.4255,74.0979,56.5374,61.6009,7.7722
11/9/2000,439,0,0,50.2,0,0,0,0,0,0,0,0,7.9624,35.1032,5.9586,80.1675,13.3323,58.8136,53.7823,81.8968,9.0022
11/10/2000,401,0,2.1,0,0,0,0,0,0,0,0,0,7.7676,35.1032,5.4741,77.493,11.2076,48.7728,48.4035,75.2901,6.3459
11/11/2000,422,0,0,0,0,0,0,0,0,0,0,0,7.3815,33.9668,5.1895,74.8464,9.6723,45.1376,39.0192,67.5917,6.0757
11/12/2000,437,11,0,6.2,0,0,0.2,0.4,2.5,0,14.3,0,17.2436,33.9668,5.9586,73.5338,8.6787,49.5151,34.1754,54.6555,6.9014
11/13/2000,614,12.8,5.3,20.5,12,14.4,20,0.8,4.4,2.7,15.5,1.7,10.1746,36.4887,7.9114,73.5338,8.1914,52.5345,32.6062,48.1244,9.9756
11/14/2000,814,69.6,53.1,20.6,6,30.2,20.6,26,38.2,37.2,26.7,6.3,12.2881,40.7876,11.0823,80.1675,14.4255,62.0725,45.7817,47.5512,12.4127
11/15/2000,1097,36.2,43.8,40.8,28,0,56.4,77.4,48.5,15.9,31.6,16.1,14.7139,42.7663,7.2763,109.856,33.4962,94.1051,108.69,72.4428,20.1551
11/16/2000,883,3.6,1,3,2,0,2.7,3,3.2,0.6,0,0,8.9524,44.7865,6.5566,112.829,32.1626,166.5,128.504,155.878,9.0022
11/17/2000,958,4.8,1.3,4.2,3,1.3,1,4,6.8,0.6,0.4,0,8.7523,47.1086,6.156,121.893,26.9575,128.861,109.714,179.434,6.0757
11/18/2000,900,25,1.5,6,5.1,1.6,27.2,18.8,18,2.7,3.5,5.5,11.0089,39.5722,6.3553,128.053,22.5851,116.238,99.5853,153.819,12.4127
11/19/2000,1055,0,14.6,12.4,8,45.5,0,7,0.8,47,35.8,61.7,37.2517,46.848,17.5003,120.367,20.7675,94.1051,107.67,141.749,27.3789
11/20/2000,731,9.4,5.1,26.5,4,25.1,2.7,6,1.4,22.2,30.1,17.7,21.6544,140.755,21.9081,114.325,40.3868,99.0581,78.0028,148.73,26.3608
11/21/2000,600,0,0.2,6,0,0,0,0,0,0,0,0,14.9394,174.84,16.9543,132.734,39.647,101.57,72.9366,110.223,20.1551
11/22/2000,585,0,0,0,6,7.3,0,5.4,1.6,30.4,12.9,36.2,26.547,114.38,26.277,234.452,34.8422,101.57,70.9402,103.379,21.5231
11/23/2000,517,0,5.3,0,0,0,0,0,0.2,0,0.7,6.6,19.4201,118.672,12.4153,273.605,38.2597,108.381,62.1753,99.2128,14.6826
11/24/2000,588,0,0,8.6,0,1.9,0,0,0,0,1.3,0,18.9313,118.279,13.9219,243.514,32.1626,104.105,59.3354,88.002,10.6484
11/25/2000,459,0,0,0,0,0,0,0,0,0,0,0,14.0424,97.1976,8.8943,239.87,25.0618,99.8928,59.3354,84.1606,8.0724
11/26/2000,587,0,0,23,2,11.6,0,0,1,1.5,2.6,14.6,12.2881,79.944,8.7833,225.552,19.5757,92.4751,48.4035,82.648,7.1867
11/27/2000,713,11.4,1.2,11.3,4,0,24.2,4.2,38.9,0.8,0.2,0,21.9061,71.8829,14.9556,203.179,16.6697,95.7456,51.9696,68.9606,12.7796
11/28/2000,537,1.8,0,34.2,0,3.2,20,3.6,10.7,0,0,50.7,19.9117,63.6072,8.8943,170.927,15.5382,88.4466,60.2774,74.5732,11.3401
11/29/2000,397,0,8.7,21,8,0.7,5.1,9.6,21.5,0,7.7,0,16.5391,81.9351,10.9635,151.963,14.9795,72.3214,85.8061,88.7805,10.3096
11/30/2000,575,17.6,19.4,18.8,5,30.2,80.3,15.4,12,0.2,1.5,2.5,19.4201,74.741,9.2297,142.249,18.4004,72.3214,70.9402,119.99,10.9919
12/1/2000,1087,24.2,53.3,12.3,28,2.1,4.3,1,10.8,22.5,7.1,3.6,19.9117,79.6142,12.7869,164.794,20.1696,74.9935,75.9635,100.869,9.0022
12/2/2000,959,30.4,0,10.6,0,35.5,10.5,22.4,9.4,18.1,7.7,2.3,16.0782,81.269,11.5616,175.597,32.1626,99.8928,107.67,111.094,8.6874
12/3/2000,931,12,28.9,2,3,0.5,0,29,5.6,1.2,1.4,8.4,21.6544,82.9389,9.7973,180.326,35.5198,110.977,113.828,152.794,8.3775
12/4/2000,856,0,3.4,12.6,2,0,0,0,0,8,0,0,15.8489,89.075,7.9114,181.915,28.2388,112.721,98.5853,158.993,7.477
12/5/2000,869,0,1.7,0,16,14.1,17.4,10,6.4,2,1.9,3.8,12.5044,80.6053,8.3438,188.339,32.1626,109.244,117.979,141.749,6.9014
12/6/2000,1137,14.6,3.1,0,2.1,1.7,0,1.4,3.5,0.8,13.7,0,12.2881,76.0271,9.1175,201.503,28.8845,110.109,193.376,176.125,6.3459
12/7/2000,916,0,0,1.3,0,0,2,1,1.9,0,0,0,11.2199,68.457,7.2763,185.114,25.6902,110.109,144.676,268.076,6.0757
12/8/2000,779,0,0,0,0,0,0,0,0,0,0,0,10.7989,60.3651,6.965,180.326,21.3695,112.721,145.77,204.642,6.3459
12/9/2000,595,0,0,0,0,0,0,0,0,0,0,0,10.5899,53.5545,6.658,163.278,17.2422,75.8938,73.9413,197.603,6.0757
12/10/2000,577,0,0,0,0,0,0,0,0,0.1,0,0,10.3818,49.4827,6.5566,145.465,16.1017,67.1088,64.0916,103.379,8.0724
12/11/2000,497,7.8,9.7,1.6,5,25.7,4.2,1.8,17.3,11.1,13.9,31.9,14.9394,53.831,22.3507,148.703,14.9795,86.0615,58.398,90.3479,9.9756
12/12/2000,511,0,0,22.2,0,0,0,0,0,0,0,0,11.0089,118.672,9.1175,124.961,15.5382,65.4104,78.0028,84.922,8.0724
12/13/2000,405,0,0,4,0,0,0,0,0,0,0,0,10.1746,85.642,7.5918,120.367,14.4255,58.0113,70.9402,109.355,8.0724
12/14/2000,640,0,0,1.2,0,0,0,3.6,31.4,0.4,0,0,10.5899,63.6072,7.1721,174.034,12.7932,58.8136,57.4654,99.2128,7.7722
12/15/2000,646,0,0,0,0,2.7,0,0,0,0.2,19.9,3,19.1753,59.494,8.1267,172.477,11.7308,52.5345,49.2876,80.4047,7.477
12/16/2000,600,0,0,4,20,9.4,0,0,0,0,1.3,18.8,16.5391,59.7837,9.0057,150.33,10.6901,51.0147,46.6505,69.6502,9.0022
12/17/2000,848,0,6,18.6,8,11.2,0,0,0,0,33.6,8,17.2436,76.0271,8.6728,135.883,10.6901,49.5151,44.918,65.564,28.9372
12/18/2000,2123,95.2,71.3,52,61,104.3,82.2,80.4,116.8,54,40.6,78.5,59.9072,110.539,42.1855,186.723,45.9367,92.4751,209.918,84.1606,174.514
12/19/2000,1122,0,0,0,0,3.6,3.3,7.6,3.8,14.2,5,5,24.2008,229.028,28.2991,227.319,52.1324,141.96,254.326,302.99,58.1846
12/20/2000,1266,0,0,0,0,0,0,0.8,5.4,11.8,2.3,0,17.9625,199.298,14.0499,319.759,47.35,179.827,199.247,353.893,23.4073
12/21/2000,1314,2.4,0,0,0,0,0,0,0,0,0,0.4,15.3926,136.121,11.2015,397.425,40.3868,159.483,126.382,273.519,15.8788
12/22/2000,1266,23.8,1.3,21,2,16.5,12.3,32.2,4.6,0.1,0.7,1.3,14.7139,99.3682,22.2028,397.425,32.1626,119.795,105.635,176.125,25.3595
12/23/2000,1601,0,0.9,56.5,8,16.3,0,0,0,0,0,8.2,32.7597,85.9826,25.9913,370.788,24.4371,89.2469,94.6091,148.73,55.2034
12/24/2000,1049,5,20.2,2.3,23,0,0,0,0,8.2,3.9,0,30.0216,96.4788,13.1619,356.054,21.9754,115.355,78.0028,132.067,44.2517
12/25/2000,975,0,1.3,0,10,2.3,0,11.6,0.6,4.3,24.9,7.8,18.4454,112.452,19.5948,323.933,28.8845,96.5698,75.9635,110.223,29.9968
12/26/2000,745,0,0,0,0,1.1,0,0,0,0.8,0,24,27.34,104.516,12.6627,311.488,28.8845,101.57,73.9413,107.631,21.5231
12/27/2000,754,0,0,0,0,0,0,0,1,4,0,4.9,23.1744,104.888,11.3212,301.293,26.3221,90.8557,71.9362,104.223,21.0628
12/28/2000,713,2.6,0,1.3,0,0,27.2,42.4,30,3.4,9.1,32.2,23.4301,157.737,10.2589,275.541,25.6902,94.1051,92.6355,104.223,27.8942
12/29/2000,706,11.8,8.2,4,14,1.5,0,6,5.8,0.2,1.2,12.2,18.688,143.74,10.3753,264.023,27.5964,118.902,112.797,133.976,30.5327
12/30/2000,784,14.6,0,12.2,38,7.2,3.7,18,8,22.6,0,2.6,17.2436,127.061,13.9219,287.291,34.1677,124.297,97.5876,157.952,43.8632
12/31/2000,810,26.2,3.3,26,19,8.7,12.3,6,20,14.4,1,0,18.4454,112.452,11.5616,287.291,42.218,129.781,99.5853,138.809,56.4741
1/1/2001,841,14.6,0,12.2,76,12.2,10.4,17,15.2,10.8,3.2,0,15.1656,111.303,11.2015,269.753,47.35,142.913,161.286,148.73,44.2517
1/2/2001,1117,0,16.8,26,25,1.8,12.7,19,17,0.1,0,3.6,46.0153,101.56,9.569,283.349,53.1017,215.333,195.719,232.762,46.6087
1/3/2001,1337,7.6,0,5.4,32.1,0,94.7,67,69.5,17.9,25.9,23.4,37.5368,194.295,13.4138,295.254,56.0346,260.8,338.645,294.416,58.6152
1/4/2001,1521,8.2,30.6,32.6,12,12.9,21,0.6,31.4,1.5,3.3,24.5,61.1818,308.731,17.7753,285.317,83.9718,326.282,420.734,489.205,95.5986
1/5/2001,1505,0,0,0,1,0,0,0,0.6,0,0,0,27.0751,291.007,11.4412,368.921,62.6828,324.843,363.831,588.846,59.9138
1/6/2001,1402,0,40.6,0,0,0,0,0,0,0,0,0,21.6544,195.537,9.9121,422.977,43.5978,272.52,231.547,498.386,34.3985
1/7/2001,1269,0,0,0,0,0,0,0,0,0,0,0,18.9313,128.688,9.4555,418.995,33.8025,164.484,149.532,317.553,22.9299
1/8/2001,1046,0,0,0,0,0,0,0,0,0,0,0,17.4825,97.9187,8.8943,367.057,29.7304,125.205,116.999,208.208,20.1551
1/9/2001,834,0,0,0,0,0,0,0,0.4,0.2,8.6,0.3,18.9313,88.0388,8.5627,285.317,33.2155,110.977,122.834,166.381,17.9619
1/10/2001,699,0,0,0,0,0,21.2,8.6,64,10.7,0,20.2,27.6056,83.948,10.0273,225.552,30.3067,118.902,126.377,173.936,16.6987
1/11/2001,617,8.6,0,0,0,0,0,0.6,0,59,4.8,0,19.1753,93.2736,8.5627,193.226,36.3877,126.115,119.323,178.328,15.8788
1/12/2001,629,0,0,0,2,0,0,0,0,0,0,6.5,19.6656,93.2736,8.3438,177.166,40.2457,141.96,104.48,167.45,14.6826
1/13/2001,645,0,0,0,0,0,0,0,0,0,0,0,18.688,86.6656,8.0188,177.166,33.8025,138.169,95.2315,146.719,13.9077
1/14/2001,582,0,0,0,0,1.1,0,0,0,0,3.2,5.4,17.0055,85.9826,7.8044,172.477,28.5833,124.297,89.2851,133.976,12.4127
1/15/2001,525,0,0,0,0,0,0,0,0,3.7,0,0,14.9394,97.5579,7.5918,166.318,25.7493,110.109,84.3985,125.492,12.0505
1/16/2001,487,0,0,0,0,0,0.8,0,0,0,0,0,14.4893,95.405,7.381,163.278,24.0732,101.57,75.7663,118.184,10.9919
1/17/2001,457,0,0,0,0,0,0,0,0,0,0,0,14.0424,88.729,7.2763,164.794,22.4164,98.2261,67.3555,105.92,10.9919
1/18/2001,420,0,0,0,0,0,0.2,8,1.5,0,0,0,14.0424,69.384,7.0683,164.794,20.7797,94.1051,63.6922,95.132,10.9919
1/19/2001,441,0,0,0,0,0,0,0,0,0,0,0,13.8202,65.4073,6.965,150.33,20.2388,92.4751,60.9761,89.5625,10.6484
1/20/2001,436,0,0,0,0,0,0,0,0,0,0,0,13.1585,62.7155,6.8622,135.883,19.7003,91.6641,58.2877,85.6869,10.3096
1/21/2001,421,9.4,0,0.6,0,0,0,8.8,16.5,2,0,0.2,13.3782,63.3094,7.2763,126.504,19.1643,86.0615,59.1808,82.648,10.3096
1/22/2001,426,23.8,1.9,9.8,12,28.2,18.2,87.4,16.3,0,32.6,4.5,16.3083,66.0123,9.9121,121.893,21.8685,79.8206,88.3027,87.2269,10.6484
1/23/2001,515,0,0,0,0,0,14,3.8,3.5,0,1,0,18.2036,72.5137,10.0273,121.893,20.7797,99.8928,114.69,128.289,13.151
1/24/2001,592,5,3.3,23.1,0,1.2,0,3,15.4,12.9,0.5,13,14.9394,76.6739,9.569,134.306,20.2388,104.105,93.2396,160.038,17.5364
1/25/2001,980,0,27.5,2.1,8,0,0,0.4,1.5,7.4,3.2,0,14.4893,74.1016,11.9252,145.465,22.9665,152.579,84.3985,131.117,14.2928
1/26/2001,604,0,0,0,0,0,0,0,0,0,1.2,11.6,13.8202,72.198,8.6728,153.601,33.2155,128.861,76.7147,118.184,14.6826
1/27/2001,530,0,0,0,0,0,0,0,0,0,0.1,7.8,13.8202,68.457,7.5918,151.963,27.4438,106.663,71.0654,107.631,15.4755
1/28/2001,520,0,0,0,0,0,0,0,0,0,0,1.8,16.3083,83.611,7.5918,143.854,20.7797,85.2719,62.7838,99.2128,20.6068
1/29/2001,497,4.6,8.4,27,0,16.7,0,3.4,1.4,10.4,17.4,2,23.6864,72.8301,10.845,140.649,18.6307,85.2719,60.0769,88.7805,23.889
1/30/2001,464,29.4,12.2,11.5,0,6.8,0,0,0.6,33.3,22.9,21.5,22.6651,98.2802,11.8036,142.249,22.4164,89.2469,66.4353,85.6869,19.7077
1/31/2001,462,0,0,0,2,41.2,0,0,0,5.9,2.7,7.4,21.9061,91.1635,12.1695,139.055,34.3912,87.6489,57.3978,92.7245,15.0768
2/1/2001,457,0,0,13.3,0,0,0,0,0,0,12,0,15.3926,105.26,12.9116,150.33,33.2155,79.8206,55.6276,81.149,67.0127
2/2/2001,444,0,0,6.5,0,9.6,0,0,0,0,0.1,23.9,29.2111,90.814,14.3068,163.278,26.3121,83.7008,59.1808,78.9263,21.5231
2/3/2001,410,0,0.4,14.7,0,5.4,0,0,0,1.9,0,0,17.4825,96.4788,11.6824,167.848,22.9665,73.2073,53.8703,83.4026,15.8788
2/4/2001,388,0,0,0,0,0,0,0,0,0,0,0,15.8489,104.888,10.4921,161.871,20.2388,70.5644,54.7473,76.7343,12.7796
2/5/2001,386,0,0,0,0,0,0,0,0,0.3,0,1.6,15.6204,81.9351,8.453,163.278,19.1643,61.2504,52.9966,77.4615,10.9919
2/6/2001,375,0,0,12,27.1,0,15.8,15.8,16.6,11.2,2.2,0,14.2655,70.005,8.3438,170.927,21.8685,68.8268,52.9966,75.2901,9.9756
2/7/2001,357,30.2,4.2,5.2,8,0,0,1,0,0,0,0,14.0424,66.3158,7.6979,160.206,24.0732,81.3645,61.8785,76.0105,10.3096
2/8/2001,341,3,30.3,0,0,0,0,0,0,2.4,0.3,0,14.0424,61.8294,8.5627,139.055,22.4164,82.1405,53.8703,86.4552,9.6464
2/9/2001,353,0,4.1,0,0,46.8,0,0,0.6,1.3,14.9,16.6,30.8372,62.1242,16.8187,128.053,22.4164,95.7456,52.9966,76.0105,9.3219
2/10/2001,333,0,0,0,0,7.7,0,0,0,0.2,2,0.9,19.6656,92.9204,13.2877,121.893,26.877,74.9935,65.518,76.7343,9.0022
2/11/2001,340,0,0,0,0,0,0,0,0,0,0,0,14.4893,126.656,9.4555,121.893,22.4164,67.9654,58.2877,91.9289,8.6874
2/12/2001,355,0,0,0,0,0,0,0,0,0,0,0,14.4893,83.948,8.3438,150.33,20.2388,63.7316,52.1261,81.8968,8.3775
2/13/2001,390,3.6,12.3,14.5,0,1.6,2.8,0,4.3,0,0,0.4,14.0424,67.8422,8.0188,180.326,18.0997,65.4104,52.1261,73.8596,25.3595
2/14/2001,353,0,0.5,28.2,16,0,0,3,1.8,0.8,0,5.1,14.2655,63.0121,8.0188,161.871,17.0454,65.4104,53.8703,73.8596,14.2928
2/15/2001,347,0,3.3,4,1,6.8,0,0,0,0.4,10.7,2.1,16.7707,66.0123,8.235,139.055,16.5223,65.4104,50.3953,76.0105,9.6464
2/16/2001,340,0,0,0,0,0,0,0.6,0,0,0,0,14.9394,72.8301,7.5918,123.424,15.4844,60.4332,53.8703,71.7395,9.0022
2/17/2001,365,0,0,6.2,0,9.5,7,0,0,11.3,2.6,9.2,14.0424,68.457,7.9114,120.367,16.5223,59.6209,47.8247,75.2901,9.0022
2/18/2001,301,0,0,0,0,0,0,0,0,0,0,0,13.1585,80.2743,7.4862,129.608,16.0019,64.5686,44.4464,67.5917,8.6874
2/19/2001,276,0,0,0,0,0,0,0,0,0,0,0,13.1585,81.9351,7.1721,129.608,15.4844,59.6209,47.8247,63.567,9.0022
2/20/2001,244,0,0,0,0,0,0,1.2,0,0,0,0,12.5044,66.3158,6.965,132.734,14.9697,54.8517,43.6108,66.9123,8.6874
2/21/2001,225,0,0,0,0,0,0,0,0,0,0,0,18.4454,59.494,6.8622,135.883,14.4579,52.5345,37.867,60.9524,8.3775
2/22/2001,218,0,0,0,0,0,0,0,0,0,0,0,12.5044,56.9145,6.7599,121.893,13.4434,51.0147,39.4889,54.0447,8.3775
2/23/2001,209,0,0,0,0,0,1.8,0,0,0,0,0,12.0727,56.066,6.658,109.856,12.8431,50.2624,36.261,55.2698,8.3775
2/24/2001,201,0,0,0,0,0,0,0,0,0.3,0,0,12.0727,53.831,6.5566,105.442,12.2523,49.5151,36.261,51.6355,8.0724
2/25/2001,190,0,0,0,0,1.3,4.2,1.8,0,2.6,1.7,1.6,13.3782,54.1082,6.4557,102.531,12.2523,49.5151,41.1263,52.2326,7.7722
2/26/2001,194,0,0,18.2,0,0,0,0,0,0,0,0,12.2881,52.4547,6.4557,99.6441,11.6687,48.0356,37.867,57.7612,7.7722
2/27/2001,185,0,0,0,0,0,0,0,0,0,0,0,12.0727,52.7287,6.3553,96.7831,11.6687,48.0356,36.261,53.4372,7.477
2/28/2001,190,0,0,10.6,0,0,0,11,3.9,0,0,0,11.8581,50.8241,6.2554,96.7831,13.4434,47.3035,37.867,51.6355,8.6874
3/1/2001,189,0,0,0,0,0,9.4,0,0,0,2.5,0,12.5044,49.4827,6.156,95.3622,12.2523,48.7728,34.6713,53.4372,8.3775
3/2/2001,207,0,0,0,0,0,1.4,0,0,0,0,0,11.8581,48.6856,6.0571,92.5399,11.6687,49.5151,33.0982,48.701,8.0724
3/3/2001,216,0,0,0,0,1.8,3.6,0.4,0,30.9,16.3,0,16.5391,49.4827,6.3553,91.1385,11.6687,49.5151,35.4641,46.9815,7.7722
3/4/2001,233,0,0,0,0,0,0.2,3.4,0,0,0,2.2,12.2881,65.4073,6.8622,89.7437,11.6687,48.7728,35.4641,50.4514,7.7722
3/5/2001,298,0,0.9,6.6,0,0,0,0,0,0,0,0,17.0055,63.9057,6.658,89.7437,11.6687,47.3035,40.3057,51.0417,8.6874
3/6/2001,371,4,19.7,0,69,10.8,0,14.8,15.1,5.8,21.1,6.7,12.7216,59.494,10.4921,101.084,17.0454,54.8517,39.4889,57.1332,9.0022
3/7/2001,341,0,0,2,14.3,26.2,0,0,0,0.5,12.7,3.3,14.9394,62.1242,7.5918,121.893,17.5712,59.6209,45.2856,56.5086,9.0022
3/8/2001,378,0,0,0,0,0,0,0,0,0,1.1,0,14.2655,78.3013,7.381,121.893,17.0454,57.2139,47.8247,64.2293,9.3219
3/9/2001,394,4.6,0,3.4,0,2.6,0,0,0.4,0.6,0.9,1.5,17.9625,73.147,9.0057,124.961,16.5223,57.2139,46.1284,67.5917,9.6464
3/10/2001,511,57.6,0.9,6.8,0,22.6,7.1,1,3,3.1,12.7,19.8,15.3926,69.384,9.4555,140.649,18.0997,55.6341,46.1284,65.564,9.9756
3/11/2001,1828,0,20.6,40.5,0,14,16.1,5.8,32.4,8.3,3.3,15.5,20.6545,86.3238,10.3753,145.465,24.0732,55.6341,82.4617,69.6502,12.4127
3/12/2001,1033,9,7.7,14.6,4,91.4,10.1,1.6,5.3,75.6,7.8,16.2,34.9891,117.887,30.8057,145.465,36.3877,70.5644,70.1336,115.499,81.5724
3/13/2001,780,0,22,35,55,5.7,5.9,35.6,10.4,32,13.4,2,18.9313,146.32,15.7457,180.326,85.4512,137.228,74.8205,100.039,63.427
3/14/2001,706,0,0,3.2,0,5.2,0,0,0,0.2,0.9,0,14.7139,117.887,11.2015,238.057,55.2067,166.5,119.323,111.094,32.1651
3/15/2001,772,0,0,0,0,0,0,0,0,0,0,0,14.0424,93.2736,9.3424,275.541,41.7135,121.589,78.6197,164.253,18.3918
3/16/2001,624,0,0,0,0,0,0,0,0,0,0,0,13.3782,77.6485,8.3438,271.676,31.4649,87.6489,56.5111,108.491,14.6826
3/17/2001,556,0,0,5.1,0,0,0,0,0,0,0,0,12.7216,65.1058,7.8044,234.452,24.6298,72.3214,50.3953,78.9263,15.8788
3/18/2001,462,0,0,0,0,0,0,0,0,0,0,0,12.5044,60.0741,7.5918,196.518,20.7797,62.0725,46.9748,71.0396,12.7796
3/19/2001,402,0,0,0,1,0,0,0,0,0,6.1,0,12.5044,59.2049,7.5918,164.794,19.7003,58.0113,46.1284,66.2364,11.3401
3/20/2001,329,0,0,0,0,0,5,2,0.4,7.4,22.8,0,13.3782,59.494,8.0188,143.854,21.323,76.799,44.4464,64.8949,9.3219
3/21/2001,329,0,0,0,0,0,0,0,0,0,0,0,12.9396,58.9164,7.381,129.608,23.5188,72.3214,39.4889,62.2529,7.7722
3/22/2001,247,0,0,0,0,0,0,0,0,0,0,0,12.0727,58.0547,7.0683,126.504,21.8685,63.7316,39.4889,55.8875,7.1867
3/23/2001,293,0,0,0,0,0,0,0,0,0,0,0,12.0727,55.2231,6.8622,123.424,19.1643,58.0113,37.062,55.8875,7.1867
3/24/2001,274,0,0,0,0,0,0,0,0,0,0,0,11.6445,52.4547,6.7599,121.893,17.5712,55.6341,36.261,52.2326,6.9014
3/25/2001,231,0,0,0,0,0,0,0,0,0,0,0,11.6445,50.8241,6.658,117.334,17.0454,54.8517,37.062,51.6355,6.6211
3/26/2001,215,0,0,2,0,0,0,0,0,0,0,0,11.6445,49.7497,6.5566,106.907,16.0019,52.5345,33.8826,52.2326,13.5271
3/27/2001,193,0,0,1.1,0,0,0,0,0,0,0,0,13.1585,48.6856,7.1721,102.531,15.4844,49.5151,33.0982,48.1244,22.4567
3/28/2001,200,0,0,54.6,0,1.1,0,0,0,4.5,3.2,19.4,13.8202,48.1574,6.7599,99.6441,14.9697,51.0147,33.0982,46.9815,53.9433
3/29/2001,229,1,23.8,0.6,14,4.1,13.1,13.8,27.1,23.6,8.3,29.4,20.1586,60.6567,6.7599,98.2104,16.0019,51.0147,43.6108,48.1244,13.9077
3/30/2001,232,0,0,13.4,8,0,23.1,23.2,18,0,0.7,7.3,36.683,115.155,7.9114,101.084,21.323,52.5345,56.5111,63.567,10.6484
3/31/2001,279,0,0,4.1,0,8.6,0,0,14.5,3.5,14.9,0,14.7139,110.539,8.5627,114.325,19.1643,52.5345,83.4288,83.4026,8.6874
4/1/2001,326,0,0,2,0,0,0,0,0,0,0,0,12.7216,93.2736,7.2763,185.114,18.0997,54.8517,72,116.391,8.6874
4/2/2001,339,0,0,0,0,0,0,0,0,0,0,0,19.6656,70.005,6.8622,211.653,21.8685,53.3019,55.6276,100.039,15.8788
4/3/2001,408,0,0,0,0,4.3,0,0,0,0,0,0,12.2881,60.949,13.6671,198.173,18.6307,54.8517,46.9748,77.4615,15.8788
4/4/2001,365,0,0,0,0,0,0.2,0,0.4,0,0,0,12.0727,60.6567,6.965,174.034,16.5223,51.0147,42.7789,66.2364,14.6826
4/5/2001,295,0,0,0,0,0,0,0.6,0,0,0,2,12.5044,55.7844,6.658,148.703,17.0454,51.7721,39.4889,60.3073,13.151
4/6/2001,272,0,0,0,0,0,0,0,0,0,0,0,11.6445,54.386,6.4557,134.306,16.0019,49.5151,38.676,55.8875,11.3401
4/7/2001,239,0,0,0,0,0,0,0,0,0,0,0,11.6445,53.0033,6.2554,120.367,15.4844,49.5151,43.6108,55.2698,10.3096
4/8/2001,236,0,0,0,0,0,0,0,0,0,0,0,11.4317,50.8241,6.2554,114.325,14.4579,48.7728,38.676,60.9524,9.3219
4/9/2001,224,0,0,0,0,0,0,2.3,0,0,0,0,11.4317,50.0174,6.156,109.856,13.9491,46.5764,34.6713,54.0447,8.6874
4/10/2001,204,0,0,0,0,0,0,0,0,0,0,0,12.0727,49.2164,6.0571,105.442,13.9491,46.5764,33.8826,49.2811,8.6874
4/11/2001,196,0,0,0,0,0,0,0,0,0,0,0,11.8581,49.4827,6.658,102.531,13.4434,44.4258,33.0982,48.1244,8.3775
4/12/2001,191,0,0,0,0,0,0,34,0.2,0,3.9,0.7,11.6445,50.2856,6.3553,98.2104,12.8431,48.0356,33.8826,46.9815,8.3775
4/13/2001,189,0,0,0,0,0,0,0,0,0,0,0,11.2199,49.2164,6.156,95.3622,12.8431,44.4258,33.8826,48.1244,8.3775
4/14/2001,187,0,0,0,0,0,2,0,0,0,0,0,11.0089,47.8942,6.0571,95.3622,12.8431,43.7191,46.1284,49.2811,8.0724
4/15/2001,170,3.6,0,0,0,0,0,0,0,0,0,0,11.0089,46.3288,5.9586,93.9478,12.2523,43.7191,42.7789,64.8949,8.0724
4/16/2001,160,2.4,0.4,0,12,0,3.1,1,0.6,5.7,0.3,0,11.0089,45.298,5.9586,91.1385,12.2523,44.4258,41.1263,60.3073,7.7722
4/17/2001,145,4.6,0,0,0,0,0,0,0,2.5,0,0,10.7989,45.0419,5.8607,88.3555,13.4434,46.5764,37.867,57.7612,7.477
4/18/2001,140,0,0,0,0,0,0,0,0,0,0,0,10.5899,45.5547,5.8607,86.974,12.8431,48.0356,37.867,53.4372,7.477
4/19/2001,145,0,0,0,0,0,0,0,0,0,0,0,10.5899,44.5317,5.7633,86.974,11.6687,46.5764,40.3057,54.0447,7.477
4/20/2001,141,0,0,0,0,0,0,0,0,0,0,0,10.3818,43.7712,5.6664,84.231,11.6687,45.1376,34.6713,56.5086,7.477
4/21/2001,142,11,0,0,0,0,0,0.6,0,0,0,0,10.1746,43.2674,5.6664,82.8697,11.0924,45.1376,33.0982,48.701,7.477
4/22/2001,134,0,0,0,0,0,0,0,0,0,0,0,10.1746,42.7663,5.4741,81.5152,10.5237,44.4258,31.5421,46.4151,7.1867
4/23/2001,131,0,0,0,0,0,0,0,0,0,0,0,9.9684,42.7663,5.4741,80.1675,10.5237,45.8545,30.7707,44.7367,7.1867
4/24/2001,123,0,0,0,0,0,0,0,0,0,0,0,9.9684,43.0165,5.3787,78.8268,10.5237,44.4258,30.0036,43.6348,6.9014
4/25/2001,121,0,0,0,0,0,0,0,0,0,0,0,9.7632,42.0194,5.2838,77.493,9.9626,43.0175,29.2411,42.5467,6.9014
4/26/2001,121,0,0,0,0,0,0,0,0,0,0,0,9.7632,41.2784,5.2838,77.493,9.9626,43.0175,27.7298,41.4723,6.9014
4/27/2001,119,0,0,0,0,0,0,0,0,0,0,0,9.559,40.7876,5.1895,76.1662,9.9626,43.0175,26.9811,39.3645,6.9014
4/28/2001,111,0,0,0,0,0,0,0,0,0,0,0,9.559,40.2995,5.0957,76.1662,9.4096,42.321,26.2372,38.3312,6.6211
4/29/2001,109,0,0,0,0,0,0,0,0,0,0,0,9.3558,40.0564,5.0957,74.8464,9.4096,42.321,25.4982,37.3116,6.6211
4/30/2001,105,0,0,0,0,0,0,0,0,0,0,0,9.3558,39.8139,5.0025,72.2283,9.4096,41.6296,25.4982,36.3057,6.6211
5/1/2001,108,0,0,0,0,0,0,0,0,0,0,0,9.3558,42.0194,5.0025,70.93,8.8647,42.321,25.4982,36.3057,6.3459
5/2/2001,109,0,0,0,0,0,0,0,0,0,0,0,9.3558,38.8507,5.0025,69.6389,8.8647,39.5864,24.764,35.8079,6.3459
5/3/2001,107,0,0,0,0,0,0,0,0,0,0,0,9.3558,38.3731,5.0025,69.6389,8.8647,38.9157,24.764,34.8226,6.0757
5/4/2001,109,0,0,0,0,0,0,0,0,0,0,0,9.1536,38.3731,4.9097,68.3551,8.3282,38.2501,24.0349,34.8226,6.0757
5/5/2001,108,0,0,0,0,0,0,0,0,0,0,0,8.9524,38.3731,4.9097,68.3551,8.3282,36.2844,24.0349,33.851,6.0757
5/6/2001,108,0,0,0,0,0,0,0.2,0,0,0,0,8.9524,37.898,4.9097,67.0787,8.3282,35,23.3108,33.851,6.0757
5/7/2001,102,0,0,0,0,0,0,0,0,0,0,0,8.9524,37.4256,4.8175,67.0787,8.3282,38.9157,23.3108,32.8931,6.0757
5/8/2001,102,0,0,0,0,0,0,0,0,0,0,0,8.7523,36.9558,4.8175,65.8097,8.3282,38.9157,24.0349,32.8931,5.8106
5/9/2001,107,0,0,0,0,0,0,0,0,0,0,0,8.7523,36.7219,4.7259,65.8097,7.8003,33.7365,24.0349,33.851,5.8106
5/10/2001,111,0,0,0,0,0,0,0,0,0,0,0,8.7523,36.7219,4.7259,64.5481,7.8003,31.8805,23.3108,33.851,5.8106
5/11/2001,101,0,0,0,0,0,0,0,0,0,0,0,8.5532,36.7219,4.7259,64.5481,7.8003,31.2724,23.3108,32.8931,5.8106
5/12/2001,112,0,0,0,0,0,0,0,0,0,0,0,8.7523,36.9558,4.8175,63.2941,7.2815,30.6695,22.5918,32.8931,5.5507
5/13/2001,117,0,0,0,0,1.1,0,0,0,0,5.6,6.5,9.1536,37.4256,5.0957,63.2941,7.2815,29.4797,22.5918,31.9489,5.5507
5/14/2001,127,0,0,0,2,3.6,6.4,9.7,0.6,17.8,2.9,0,9.9684,37.898,5.2838,63.2941,9.4096,30.6695,22.5918,31.9489,5.5507
5/15/2001,120,0,0,0,5,1.5,0,0,0,0,0,0,9.1536,38.1352,5.57,63.2941,12.2523,30.6695,27.7298,32.4193,5.5507
5/16/2001,142,0,0,0,0,0,0,0,0,0,0,0,12.0727,38.8507,5.4741,64.5481,10.5237,31.8805,30.7707,39.8863,5.5507
5/17/2001,132,29.6,17.2,37.6,34,28.2,24.2,27.2,24.6,19.1,33.7,9.3,12.9396,39.5722,13.2877,70.93,13.9491,38.9157,39.4889,44.7367,11.693
5/18/2001,201,0,0,11.2,0,0,0,0,0,0,0,0,12.0727,42.7663,9.569,73.5338,16.5223,43.7191,41.1263,55.8875,9.3219
5/19/2001,211,0,0,0,0,0,0,0,0,0,0,0,9.9684,45.5547,6.658,76.1662,15.4844,40.2624,56.5111,60.3073,6.9014
5/20/2001,196,0,0,0,0,0,0,0,0,0,0,0,8.9524,40.0564,5.2838,80.1675,13.4434,38.9157,42.7789,78.1922,6.0757
5/21/2001,154,0,0,0,0,0,0,0,0,0,0,0,8.9524,38.1352,5.1895,86.974,12.2523,36.2844,36.261,59.6657,5.8106
5/22/2001,144,0,0,4,0,0,0,0,0,0,0,0,8.7523,37.6615,5.1895,81.5152,11.0924,33.1125,31.5421,51.0417,5.5507
5/23/2001,143,0,0,0,0,0,0,0,0,0,0,0,8.7523,36.9558,5.1895,74.8464,9.9626,33.1125,30.7707,44.7367,5.5507
5/24/2001,165,1.8,0,0,8,1.1,1.7,0,0.8,0,0,0,8.7523,36.7219,6.4557,72.2283,9.4096,33.7365,29.2411,43.6348,5.5507
5/25/2001,149,0,0,0,6.1,7.5,0.7,1.6,0,7.7,8.4,4.2,9.1536,36.9558,6.156,69.6389,9.9626,34.3656,29.2411,41.4723,5.5507
5/26/2001,142,0,0,5.1,0,1.2,0,0.3,0,0.6,0.3,0,9.3558,37.4256,6.2554,68.3551,11.6687,33.7365,28.4831,41.4723,6.6211
5/27/2001,152,0,0,0,0,0,0,0,0,0,0,0,9.1536,38.1352,5.6664,69.6389,11.6687,35,33.8826,40.9402,6.0757
5/28/2001,159,1,1.1,0,3,0,0,1.1,1.8,0.2,0.7,1.4,9.1536,38.1352,5.4741,72.2283,11.0924,35,33.8826,48.1244,6.0757
5/29/2001,149,2.4,0,0,0,0,0,0,0,3.4,1.8,3.1,10.1746,38.1352,5.3787,73.5338,13.9491,35,32.318,47.5512,5.8106
5/30/2001,145,0,0,0,0,7.1,0,2.4,1,0,0,0,9.1536,39.0906,5.2838,72.2283,14.9697,34.3656,31.5421,45.8522,5.5507
5/31/2001,143,0,0,0,0,0,0,0,0,0,0,0,8.7523,39.8139,5.2838,72.2283,13.4434,36.2844,30.7707,44.7367,5.5507
6/1/2001,141,0,0,0,0,0,0,0,0,0,0,0,8.5532,38.1352,5.1895,73.5338,12.2523,35.6396,30.0036,43.6348,5.2959
6/2/2001,141,0,0,0,0,0,0,0,0,0,0,0,8.3552,36.7219,5.0957,73.5338,11.0924,34.3656,28.4831,42.5467,5.2959
6/3/2001,138,0,0,0,0,0,0,0,0,0,0,0,8.3552,36.0242,5.0957,72.2283,10.5237,32.4939,27.7298,40.4116,5.0463
6/4/2001,136,0,0,0,0,0,0,0,0,0,0,0,8.3552,35.5624,5.0957,69.6389,9.9626,32.4939,26.9811,39.3645,5.0463
6/5/2001,135,0,0,0,0,0,0,0,0,0,0,0,8.3552,35.3324,5.0957,67.0787,9.9626,32.4939,27.7298,38.3312,5.0463
6/6/2001,132,0,0,0,0,0,0,0,0,0,0,0,8.1582,35.1032,5.0025,65.8097,9.4096,31.2724,26.9811,39.3645,5.0463
6/7/2001,135,0,0,0,0,0,0,0,0,0,0,0,8.1582,34.8746,5.0025,64.5481,9.4096,30.072,26.9811,38.3312,5.0463
6/8/2001,130,0,0,0,0,0,0,0,0,0,0,0,8.1582,34.6466,4.9097,63.2941,9.4096,28.8928,26.9811,38.3312,4.8019
6/9/2001,126,0,0,0,0,0,0,0,0,0,0,0,7.9624,34.4194,4.9097,63.2941,9.4096,28.8928,26.2372,38.3312,4.8019
6/10/2001,123,0,0,0,0,0,0,0,0,0,0,0,7.9624,34.1928,4.8175,63.2941,8.8647,31.2724,25.4982,37.3116,4.8019
6/11/2001,118,0,0,0,0,0,0,0,0,0,0,0,7.7676,33.9668,4.8175,62.0476,8.8647,30.072,25.4982,36.3057,4.8019
6/12/2001,115,0,0,0,0,0,0,0,0,0,0,0,7.7676,33.5169,4.7259,60.8088,8.3282,30.072,25.4982,36.3057,4.5628
6/13/2001,119,0,0,0,0,0,0,0,0,0,0,0,7.7676,33.293,4.7259,60.8088,8.3282,28.8928,25.4982,36.3057,4.5628
6/14/2001,115,0,0,0,0,0,0,0,0,0,0,0,7.7676,33.293,4.7259,59.5776,8.3282,30.072,24.764,35.8079,4.5628
6/15/2001,118,0,0,0,0,0,0,0,0,0,0,0,7.7676,33.0697,4.6348,59.5776,7.8003,30.6695,24.0349,34.8226,4.5628
6/16/2001,114,0,0,0,0,0,0,0,0,0,0,0,7.7676,33.0697,4.6348,58.3542,7.8003,30.072,24.0349,33.851,4.5628
6/17/2001,112,0,0,0,0,0,0,0,0,0,0,0,7.574,32.8471,4.6348,58.3542,7.8003,30.072,23.3108,33.851,4.5628
6/18/2001,109,0,0,0,0,0,0,0,0,0,0,0,7.574,32.6252,4.6348,58.3542,7.8003,30.072,23.3108,32.8931,4.5628
6/19/2001,105,0,0,0,0,0,0,0,0,0,0,0,7.3815,32.4039,4.5443,57.1386,7.8003,29.4797,23.3108,32.8931,4.5628
6/20/2001,112,0,0,0,0,0,0,0,0,0,0,0,7.3815,32.4039,4.5443,57.1386,7.2815,30.072,22.5918,32.8931,4.5628
6/21/2001,109,0,0,0,0,0,0,0,0,0,0,0,7.3815,32.1833,4.5443,57.1386,7.2815,30.072,22.5918,31.9489,4.5628
6/22/2001,107,0,0,0,0,0,0,0,0,0,0,0,7.1902,31.7441,4.5443,57.1386,7.2815,29.4797,22.5918,31.9489,4.5628
6/23/2001,102,0,0,0,0,0,0,0,0,0,0,0,7.1902,31.7441,4.5443,55.9309,7.2815,30.6695,22.5918,31.9489,4.329
6/24/2001,103,0,0,0,0,0,0,0,0,0,0,0,7.1902,31.7441,4.5443,55.9309,7.2815,28.3112,22.5918,31.9489,4.329
6/25/2001,102,0,0,0,0,0,0,0,0,0,0,0,7.1902,31.5255,4.4543,55.9309,7.2815,28.3112,22.5918,31.9489,4.329
6/26/2001,100,0,0,0,0,0,0,0,0,0,0,0,7.1902,31.5255,4.4543,54.7311,7.2815,28.3112,21.8781,31.9489,4.329
6/27/2001,101,0,0,0,0,0,0,0,0,0,0,0,7,31.5255,4.3649,54.7311,7.2815,28.3112,22.5918,31.0185,4.329
6/28/2001,100,0,0,0,0,0,0,0,0,0,0,0,7,31.0903,4.3649,53.5393,7.2815,27.7349,20.4669,31.9489,4.1005
6/29/2001,101,0,0,0,0,0,0,0,0,0,0,0,7,30.8738,4.3649,53.5393,6.7718,27.7349,21.1698,29.1987,4.1005
6/30/2001,100,0,0,0,0,0,0,0,0,0,0,0,7,30.6579,4.3649,53.5393,6.7718,27.7349,21.1698,30.1017,3.8774
7/1/2001,99,0,0,0,0,0,0,0,0,0,0,0,7,30.4426,4.3649,53.5393,6.7718,27.164,20.4669,30.1017,3.8774
7/2/2001,99,0,0,0,0,0,0,0,0,0,0,0,6.811,30.4426,4.3649,52.3556,6.7718,27.7349,20.4669,29.1987,3.8774
7/3/2001,99,0,0,0,0,0,0,0,0,0,0,0,6.811,30.4426,4.276,52.3556,6.2718,27.7349,20.4669,29.1987,3.8774
7/4/2001,100,0,0,0,0,0,0,0,0,0,0,0,6.811,30.4426,4.276,52.3556,6.2718,27.7349,20.4669,29.1987,3.8774
7/5/2001,100,0,0,0,0,0,0,0,0,0,0,0,6.6232,30.2281,4.276,52.3556,6.2718,26.0382,20.4669,29.1987,3.8774
7/6/2001,99,0,0,0,0,0,0,0,0,0,0,0,6.6232,30.0142,4.276,52.3556,6.2718,27.164,19.7695,28.7523,3.8774
7/7/2001,99,0,0,0,0,0,0,0,0,0,0,0,6.6232,29.801,4.1877,51.18,6.2718,26.5984,19.7695,27.8698,3.8774
7/8/2001,100,0,0,0,0,0,0,0,0,0,0,0,6.6232,29.5885,4.1877,51.18,6.2718,26.5984,19.7695,27.8698,3.6598
7/9/2001,99,0,0,0,0,0,0,0,0,0,0,0,6.6232,29.5885,4.1877,51.18,6.2718,24.9339,19.7695,27.8698,3.6598
7/10/2001,100,0,0,0,0,0,0,0,0,0,0,0,6.6232,29.5885,4.1877,51.18,6.2718,24.3899,19.7695,27.8698,3.6598
7/11/2001,100,0,0,0,0,0,0,0,0,0,0,0,6.6232,29.5885,4.1877,50.0127,6.2718,22.7903,19.7695,27.8698,3.6598
7/12/2001,99,0,0,0,0,0,0,0,0,0,0,0,6.4367,29.5885,4.1,50.0127,5.7818,22.7903,19.7695,27.8698,3.6598
7/13/2001,100,0,0,0,0,0,0,0,0,0,0,0,6.4367,29.3766,4.1,50.0127,5.7818,22.7903,19.0777,27.8698,3.6598
7/14/2001,99,0,0,0,0,0,0,0,0,0,0,0,6.4367,29.1655,4.0129,50.0127,5.7818,20.7338,19.0777,27.0011,3.6598
7/15/2001,100,0,0,0,0,0,0,0,0,0,0,0,6.4367,28.955,4.0129,50.0127,5.7818,21.2397,18.3917,27.0011,3.6598
7/16/2001,100,0,0,0,0,0,0,0,0,0,0,0,6.4367,28.955,4.0129,48.8537,5.7818,20.7338,19.0777,26.1461,3.6598
7/17/2001,100,0,0,0,0,0,0,0,0,0,0,0,6.2513,28.955,4.0129,48.8537,5.7818,21.7511,18.3917,27.0011,3.6598
7/18/2001,100,0,0,0,0,0,0,0,0,0,0,0,6.4367,28.7452,4.0129,48.8537,5.7818,21.7511,18.3917,26.1461,3.6598
7/19/2001,101,0,0,7.2,2,2.8,8.3,22.8,0.8,0.8,1,0,6.6232,28.7452,4.276,47.703,5.7818,21.2397,19.0777,26.1461,3.6598
7/20/2001,99,0,0,0,0,0,1,0,0.6,0,0,0,6.4367,28.7452,4.1877,47.703,5.7818,20.7338,19.0777,27.0011,3.6598
7/21/2001,98,0,0,0,0,0,0,0,0,0,0,0,6.2513,28.7452,4.1,47.703,6.2718,21.2397,19.7695,27.0011,3.6598
7/22/2001,100,0,0,0,0,0,0,0,0,0,0,0,6.2513,28.7452,4.0129,46.5608,6.2718,21.7511,19.0777,27.8698,3.6598
7/23/2001,101,0,0,0,0,0,0,0,0,0,0,0,6.0673,28.536,4.0129,46.5608,5.7818,21.2397,18.3917,27.0011,3.4475
7/24/2001,101,0,0,2.2,3,9.6,0,0.9,2.8,8.7,22.5,0,11.0089,28.7452,5.1895,47.703,5.7818,20.2334,18.3917,26.1461,3.4475
7/25/2001,100,0,0,0,0,0,0,0,0,0,0,0,7.574,30.2281,5.4741,47.703,6.2718,21.2397,18.3917,26.1461,4.329
7/26/2001,101,0,0,0,0,0,0,0,0,0,0,0,6.6232,33.0697,4.4543,47.703,6.7718,21.2397,19.0777,26.1461,4.1005
7/27/2001,99,0,0,0,0,0,0,0,0,0,0,0,6.4367,31.9634,4.1877,48.8537,6.7718,22.7903,19.7695,27.0011,3.8774
7/28/2001,101,0,0,0,0,0,0,0,0,0,0,0,6.4367,29.801,4.1877,51.18,6.2718,21.2397,21.1698,28.3094,3.6598
7/29/2001,99,0,0,0,0,0,0,0,0,0,0,0,6.2513,28.955,4.1,53.5393,5.7818,21.7511,20.4669,30.1017,3.6598
7/30/2001,101,0,0,0,0,0,0,0,0,0,0,0,6.2513,28.536,4.0129,53.5393,5.3021,22.2679,19.0777,28.7523,3.4475
7/31/2001,94,0,0,0,0,0,0,0,0,0,0,0,6.2513,28.3276,4.0129,50.0127,5.3021,22.2679,19.0777,27.0011,3.4475
8/1/2001,97,0,0,0,0,0,0,0,0,0,0,0,6.0673,28.3276,4.0129,47.703,5.3021,22.2679,18.3917,27.0011,3.4475
8/2/2001,92,0,0,0,0,0,0,0,0,0,0,0,6.0673,28.1198,3.9263,46.5608,5.3021,20.7338,18.3917,26.1461,3.2408
8/3/2001,90,0,0,0,0,0,0,0,0,0,0,0,5.8845,27.5005,3.9263,46.5608,5.3021,22.2679,18.3917,26.1461,3.2408
8/4/2001,88,0,0,0,0,0,0,0,0,0,0,0,5.8845,27.2955,3.8403,45.4271,4.8332,21.2397,17.7115,26.1461,3.2408
8/5/2001,90,0,0,0,0,0,0,0,0,0,0,0,5.8845,27.2955,3.8403,45.4271,4.8332,21.2397,17.0373,24.8893,3.2408
8/6/2001,89,0,0,0,0,0,0,0,0,0,0,0,5.8845,27.0911,3.8403,44.302,4.8332,21.2397,17.7115,24.0686,3.2408
8/7/2001,86,0,0,0,0,0,0,0,0,0,0,0,5.8845,27.0911,3.755,44.302,4.3757,21.2397,17.7115,24.8893,3.2408
8/8/2001,84,0,0,0,0,0,0,0,0,0,0,0,5.703,26.8874,3.755,43.1856,4.3757,21.7511,17.0373,24.8893,3.2408
8/9/2001,77,0,0,0,0,0,0,0,0,0,0,0,5.703,26.8874,3.755,43.1856,4.3757,21.2397,17.0373,24.0686,3.2408
8/10/2001,74,0,0,0,0,0,0,0,0,0,0,0,5.703,26.6844,3.755,43.1856,4.3757,20.2334,17.0373,24.0686,3.2408
8/11/2001,73,0,0,0,0,0,0,0,0,0,0,0,5.703,26.4821,3.6702,43.1856,4.3757,20.2334,17.0373,24.0686,3.0397
8/12/2001,70,0,0,0,0,0,0,0,0,0,0,0,5.703,26.2804,3.6702,42.078,4.3757,20.7338,16.3692,24.0686,3.0397
8/13/2001,70,0,0,0,0,0,0,0,0,0,0,0,5.703,26.2804,3.6702,40.9792,4.3757,20.2334,16.3692,23.2616,3.0397
8/14/2001,72,0,0,0,0,0,0,0,0,0,0,0,5.703,26.2804,3.6702,39.8894,3.93,21.2397,16.3692,23.2616,3.0397
8/15/2001,71,0,0,0,0,0,0,0,0,0,0,0,5.703,26.2804,3.6702,39.8894,3.93,20.7338,16.3692,23.2616,3.0397
8/16/2001,71,0,0,0,0,0,0,0,0,0,0,0,5.5228,26.0795,3.586,39.8894,3.93,20.7338,15.7073,23.2616,3.0397
8/17/2001,70,0,0,0,0,0,0,0,0,0,0,0,5.5228,26.0795,3.586,39.8894,3.93,19.7386,15.7073,22.0769,2.8441
8/18/2001,69,0,0,0,0,0,0,0,0,0,0,0,5.5228,25.8792,3.586,39.8894,3.93,21.2397,15.7073,22.0769,2.8441
8/19/2001,70,0,0,0,0,0,0,0,0,0,0,0,5.5228,25.8792,3.586,38.8086,3.93,22.2679,15.7073,22.0769,2.8441
8/20/2001,70,0,0,0,0,0,0,0,0,0,0,0,5.5228,25.8792,3.586,38.8086,3.93,28.8928,15.7073,22.0769,2.8441
8/21/2001,70,0,0,4,0,0,0,0,0,0,0,0,5.5228,25.6796,3.5025,38.8086,3.93,28.3112,15.7073,22.0769,4.5628
8/22/2001,74,0,0,0,0,0,0,0,0,0,0,0,5.344,25.6796,3.5025,38.8086,3.93,28.3112,15.0519,22.0769,3.8774
8/23/2001,73,0,0,12.6,0,0,0,0,0,0,0,0,6.2513,25.4807,3.5025,38.8086,3.4969,28.8928,15.7073,21.3042,3.6598
8/24/2001,83,14.8,10.5,0.5,6,4.5,23.2,41.8,29.7,7.4,2.9,21.8,6.2513,25.6796,3.6702,38.8086,4.8332,29.4797,26.9811,23.6634,4.8019
8/25/2001,87,7,7.9,0,1,2.3,0,9,18,15.1,29.1,3.6,6.2513,28.7452,3.8403,38.8086,7.2815,34.3656,27.7298,38.3312,4.5628
8/26/2001,99,0,1.5,0,0,0,0,0,0,0.2,0,0,5.703,31.0903,3.8403,39.8894,9.4096,35.6396,24.0349,38.8462,3.8774
8/27/2001,111,0,0,0,0,0,0,0,0,0,3.3,0,5.5228,28.955,4.0129,40.9792,8.3282,35.6396,29.2411,34.8226,3.6598
8/28/2001,135,0,0,2.2,0,11.8,0,20,1,1.7,4.4,0,8.9524,27.9127,5.7633,45.4271,8.8647,35.6396,26.2372,40.9402,6.9014
8/29/2001,115,0,0,0,0,0,0,0,0,0,0,0,6.4367,26.8874,4.1,47.703,8.3282,34.3656,24.0349,36.807,5.2959
8/30/2001,110,0,0,29.4,22,17.7,5.2,0,0,13.4,13,1.1,10.1746,29.5885,5.4741,50.0127,7.8003,35,22.5918,33.851,10.9919
8/31/2001,118,0,0,0,0,0,0,0,0,0,0,0,6.6232,33.0697,4.9097,53.5393,8.8647,33.1125,21.1698,31.9489,7.7722
9/1/2001,110,0,0,0,0,0,0,0,0,8.3,0,0,6.4367,32.1833,4.1,58.3542,10.5237,34.3656,20.4669,30.1017,5.8106
9/2/2001,127,0,0,0,0,0,0,0,0,0,0,0,6.0673,28.955,4.0129,62.0476,8.3282,34.3656,19.7695,28.7523,5.5507
9/3/2001,123,0,0,0,0,0,0,0,0,0,0,0,5.703,26.8874,3.9263,64.5481,8.3282,35,19.0777,27.8698,5.0463
9/4/2001,118,0,0,0,0,0,20.1,0,0,0,0,0,5.703,26.0795,3.8403,60.8088,7.2815,33.1125,18.3917,27.0011,4.8019
9/5/2001,116,0,0,0,0,0,2,0,0,0,0,0,5.703,25.6796,3.6702,53.5393,6.7718,34.3656,17.7115,26.1461,4.5628
9/6/2001,108,0,0,0,0,0,0,0,0,0,0,0,5.703,25.6796,3.586,50.0127,6.2718,33.7365,17.0373,24.8893,4.5628
9/7/2001,98,0,0,0,0,0,0,0,0,0,0,0,5.5228,25.4807,3.586,47.703,5.7818,33.1125,16.3692,24.0686,4.5628
9/8/2001,99,0,0,0,0,0,0,0,0,0,0,0,5.5228,24.8882,3.5025,45.4271,5.3021,31.8805,15.7073,23.2616,4.329
9/9/2001,90,0,0,0,0,0,0,0,0,0,0,0,5.5228,24.4966,3.5025,44.302,4.8332,33.1125,15.7073,22.0769,4.329
9/10/2001,95,0,0,0,0,0,0,0,0,0,0,0,5.344,24.3018,3.5025,43.1856,4.8332,31.8805,15.0519,22.0769,4.1005
9/11/2001,99,0,0,0,0,0,0,0,0,0,0,0,5.344,24.1077,3.5025,42.078,4.3757,31.8805,15.0519,21.3042,3.6598
9/12/2001,88,0,0,0,0,0,0,0,0,0,0,0,5.1666,23.9144,3.4195,43.1856,4.3757,31.8805,14.4029,21.3042,3.6598
9/13/2001,89,0,0,0,0,0,0,0,0,0,0,0,4.9905,23.5297,3.4195,44.302,3.93,31.8805,14.4029,20.5453,3.6598
9/14/2001,125,0,0,0,0,0,0,0,0,0,0,3.9,5.8845,23.3384,3.3372,43.1856,3.93,31.8805,13.7606,20.171,3.6598
9/15/2001,149,29.8,0,14.3,5,24.5,25.2,14.2,44.6,20.5,16.1,9,17.0055,24.1077,6.658,43.1856,5.3021,32.4939,30.7707,21.6888,5.2959
9/16/2001,139,12.4,27.3,3.7,7,7.9,17.4,9,10,7.5,4.1,0,7.1902,28.7452,5.2838,43.1856,7.2815,38.2501,27.7298,43.0891,4.1005
9/17/2001,132,1,0.7,1.2,1.5,0,0,0.6,0.4,2.4,1.7,0,6.2513,41.5247,4.3649,44.302,9.4096,36.9345,31.5421,39.8863,3.6598
9/18/2001,120,0,0,0,0,0,0,0,0,0,0,0,5.8845,36.0242,4.0129,47.703,8.8647,36.2844,33.8826,44.7367,3.2408
9/19/2001,115,0,0,0,0,0,0,0,0,0,0,0,5.5228,28.3276,3.8403,59.5776,7.8003,36.2844,28.4831,47.5512,3.0397
9/20/2001,115,0,0,0,0,0,0,0,0,0,0,0,5.5228,26.0795,3.6702,64.5481,6.7718,35,23.3108,39.8863,3.0397
9/21/2001,105,0,0,0,0,0,11,0,0,0,0,0,5.344,25.2825,3.6702,57.1386,5.7818,35,21.8781,32.8931,2.8441
9/22/2001,102,0,0,0,0,0,0.4,0,0,0,0,0,5.344,24.8882,3.6702,48.8537,5.3021,35,19.7695,30.5584,2.8441
9/23/2001,94,0,0,0,0,0,0,0,0,0,0,0,5.1666,24.4966,3.586,45.4271,5.3021,35,17.7115,27.8698,2.8441
9/24/2001,90,0,3.1,0,0,2.2,0,1.2,0.4,0.1,0,0,5.703,24.692,3.755,44.302,5.3021,33.7365,18.3917,25.3048,2.8441
9/25/2001,87,0,0,0,0,8.1,0,0,0,0,0.4,0,5.8845,24.692,4.1,42.078,5.3021,33.1125,20.4669,26.1461,3.2408
9/26/2001,106,0,0,0,1,12.3,0,0.6,1.8,0.3,0.5,2.1,5.344,25.085,4.4543,40.9792,5.3021,33.1125,20.4669,29.1987,3.2408
9/27/2001,92,0,0.4,4.6,2,9.5,0,4,0.2,2.4,6.7,9.4,12.7216,25.2825,4.3649,42.078,5.3021,34.3656,22.5918,29.1987,3.2408
9/28/2001,78,0,0,10.2,3,36.3,5.4,12,0,5.2,5.2,6.2,12.5044,27.9127,5.2838,42.078,5.3021,33.1125,22.5918,31.9489,3.6598
9/29/2001,82,0,0,0,5,16.2,0,0,0,2,0,0.2,6.4367,31.3076,5.0957,43.1856,7.2815,27.8531,21.8781,31.9489,3.4475
9/30/2001,98,0,0,0,0,0,0,0.4,0,3.2,6.5,0,5.8845,35.5624,4.6348,46.5608,11.6687,24.2341,24.0349,31.0185,3.4475
10/1/2001,108,0,0,0,0,0,0,0,0,0,0,0,5.703,28.7452,4.4543,47.703,14.4579,25.2505,22.5918,33.851,3.2408
10/2/2001,250,0,7.8,0.4,2.3,0,0,0.4,0,0,0.2,0,8.5532,26.8874,4.1877,57.1386,12.2523,26.8016,21.8781,31.9489,2.8441
10/3/2001,297,21.2,45,34.6,32.2,41.6,26.4,29,22.2,41.1,28.9,42.1,9.559,30.2281,22.9034,62.0476,13.9491,33.3139,30.7707,31.9489,9.6464
10/4/2001,163,0,0,8.8,56.3,0,0,2,0,0.1,2.4,0,5.8845,43.2674,5.5029,68.3551,22.4164,36.1673,29.2411,43.6348,6.3459
10/5/2001,197,0,25,0,0,0,0,0,0,0,0,0,5.5228,41.2784,4.323,72.2283,18.0997,36.1673,53.8703,44.184,3.8774
10/6/2001,151,0,0,0,0,0,0,0,0,0,0,0,5.344,31.3076,3.8507,78.8268,14.4579,37.331,38.676,74.5731,3.0397
10/7/2001,150,0,0,0,0,0,0,0,0,0,0,0,5.344,27.5005,3.7739,89.7437,10.5237,31.6407,30.7707,54.0447,4.8019
10/8/2001,369,2.6,15.2,31.2,11.1,43.7,12.4,15,10.8,15.8,14.4,10,38.1086,26.8874,19.0076,81.5152,8.8647,29.9972,34.6713,44.184,11.693
10/9/2001,592,21.8,15.9,11.8,18,24.3,6,11,9.4,12.8,52,21.7,15.8489,62.4195,13.2271,78.8268,10.5237,35.5903,34.6713,49.2811,18.3918
10/10/2001,369,0,9,0,0,0,0,2.2,4.2,1.5,0,0.1,11.8581,77.323,10.8667,73.5338,8.3282,36.7476,26.2372,48.1244,10.6484
10/11/2001,262,0,0,0,0,0,0,0,0,0,0,0,8.9524,59.7837,6.3165,88.3555,8.3282,35.0163,26.9811,37.3116,5.8106
10/12/2001,228,0,0,0,0,0,0,0,0,0,0,0,7.7676,43.2674,5.5912,143.854,10.5237,36.1673,26.2372,38.3312,4.5628
10/13/2001,213,0,0,0,0,0,0,0,0,0,0,0,7.1902,34.1928,4.8156,140.649,9.4096,33.3139,24.0349,36.807,4.1005
10/14/2001,210,0,0,0,0,0,0,0,0,0,0,0,6.811,31.0903,4.5668,115.826,8.3282,30.5417,21.8781,33.851,3.6598
10/15/2001,193,0,0,0,0,0,0,0,0,0,0,0,6.4367,29.3766,4.4037,92.5399,7.8003,28.384,20.4669,31.0185,3.4475
10/16/2001,180,0,0,0,0,0,0,0,0,0,0,0,6.0673,28.3276,4.323,76.1662,7.2815,27.8531,19.7695,28.7523,3.4475
10/17/2001,176,0,0,0,0,0,0,0,0,0,0,0,5.8845,27.5005,4.2429,65.8097,6.7718,27.3256,18.3917,27.8698,3.2408
10/18/2001,156,0,0,0,0,0,0,0,0,0,0,0,5.8845,26.8874,4.0843,59.5776,6.2718,25.2505,17.7115,26.1461,3.2408
10/19/2001,163,0,0,0,0,0,0,0,0,0,0,0,5.8845,26.4821,3.928,55.9309,5.7818,24.7405,17.0373,24.8893,3.2408
10/20/2001,185,25,37.6,3.5,11.2,6.3,27.5,35,47.3,4.1,5.4,3.5,5.8845,26.2804,4.0843,58.3542,5.3021,29.9972,24.0349,24.8893,3.0397
10/21/2001,149,22.6,5.6,0,3,0,0,7,11.3,1.1,0,0,5.8845,26.4821,3.928,53.5393,5.7818,33.8781,46.1284,36.807,2.8441
10/22/2001,143,2.8,2,0,2.1,1.7,2.5,0,2.3,5.2,8,1.1,5.703,31.9634,3.8507,51.18,6.7718,29.4561,44.4464,64.8949,2.8441
10/23/2001,140,0,0,0,0,0,10.1,1.4,0.4,0.3,0,0,5.703,28.7452,3.8507,50.0127,6.2718,31.0895,41.9507,62.9083,2.8441
10/24/2001,142,0,0,0,0,0,0,0,0,0,0,0,5.5228,26.6844,3.6978,51.18,5.7818,37.9176,32.318,58.3926,2.8441
10/25/2001,128,0,0,0,0,0,0,0,0,0,0,0,5.344,26.0795,3.6222,53.5393,5.7818,39.6959,27.7298,45.2927,2.8441
10/26/2001,117,0,0,0,0,0,0,0,0,0,0,0,5.344,25.4807,3.6222,50.0127,5.3021,40.2948,25.4982,38.8462,2.8441
10/27/2001,106,0,0,0,0,0,0,0,0,0,0,0,5.344,24.692,3.4729,47.703,4.8332,38.5072,23.3108,35.8079,2.6542
10/28/2001,104,0,0,0,0,0,0,0,0,0,0,0,5.1666,24.3018,3.4729,45.4271,4.3757,40.2948,21.1698,32.8931,2.6542
10/29/2001,17,0,0,0,0,0,0,0,0,0,0,0,5.1666,23.9144,3.3991,43.1856,3.93,39.1,19.7695,29.6485,2.47
10/30/2001,105,0,0,0,0,0,0,0,0,0,0,0,4.9905,23.5297,3.3259,42.078,3.4969,37.331,19.0777,27.8698,2.47
10/31/2001,303,0,0,0.3,3,13.1,15.7,5.8,3,6.7,0.6,0,4.9905,23.1478,3.6222,40.9792,3.4969,35.0163,19.0777,27.0011,2.47
11/1/2001,109,5.2,0,0,2.1,12.1,12.6,11.6,3.5,59.2,0.5,4,6.811,24.1077,7.7637,40.9792,3.4969,28.384,18.3917,27.0011,2.47
11/2/2001,109,0,7.1,21.2,0,8.7,2.4,0,0,2.6,11.3,2.5,17.7221,28.1198,4.4037,39.8894,3.4969,26.8016,19.7695,26.1461,3.0397
11/3/2001,210,0,0,7,0,0,0,23,14.1,73,8.2,26.2,8.3552,35.3324,4.0843,42.078,8.8647,26.8016,37.867,30.1017,3.4475
11/4/2001,203,38.2,8.8,0,5.2,1.8,4.1,25,3.8,1.2,6.5,0,14.7139,45.5547,4.5668,54.7311,16.5223,27.8531,48.6781,54.6555,3.0397
11/5/2001,362,7,8.3,0,3,17.6,27.2,22.6,20.5,13.6,14.1,10.6,15.3926,42.2677,4.6492,72.2283,19.7003,31.6407,76.7147,72.4428,6.0757
11/6/2001,211,21.8,37.1,0,8,0,0,2.6,5.8,3.5,0,0,8.3552,39.8139,4.5668,70.93,19.1643,42.721,76.7147,108.491,6.0757
11/7/2001,258,0,0,0,0,0,0,0,0,0,0,0,6.4367,42.2677,4.0058,89.7437,16.0019,38.5072,80.5354,109.355,7.477
11/8/2001,300,0,0,3.1,0,4.5,0,0,0,0,0.2,3.6,40.9967,34.1928,3.6978,85.5991,12.8431,37.331,64.6036,111.968,7.1867
11/9/2001,248,1.2,15.7,12,0,0,8.2,6.2,6,0.9,0,1,14.4893,29.1655,6.9779,85.5991,12.8431,33.3139,51.259,89.5625,6.0757
11/10/2001,259,0,0,0,0,0,0,0,3.4,1,0,0,7.9624,46.5881,4.7321,74.8464,15.4844,29.4561,46.9748,71.7395,5.0463
11/11/2001,257,0,0,0,2.1,0,0,0,0,0,0,0,7,39.331,4.0843,63.2941,12.8431,28.384,45.2856,66.2364,3.6598
11/12/2001,310,21.4,6.4,0,5.880952381,0,14.2,8.6,13.2,34.3,0.2,4.9,6.4367,30.6579,3.928,65.8097,14.4579,29.4561,38.676,63.567,2.8441
11/13/2001,376,18,7.5,12.8,37.7,8.3,27.3,26,19,22.8,27.1,10.2,8.7523,28.955,4.9842,78.8268,22.9665,36.1673,52.9966,56.5086,9.6464
11/14/2001,624,18.2,19,23,9.1,12.5,19.1,34.4,72.4,12.8,53.1,6,11.8581,33.5169,8.7894,77.493,33.2155,47.7169,73.8776,77.4615,9.6464
11/15/2001,498,0,1.4,2.1,19,4.7,2.6,25.8,19,14.4,12.2,4.1,15.1656,44.5317,4.8156,76.1662,31.4649,86.0615,112.396,109.355,7.477
11/16/2001,503,19.6,3.9,0,7,0,2.5,0,2.4,10.5,0,0,7.9624,45.8121,4.323,80.1675,32.0467,81.3645,69.2047,153.819,9.6464
11/17/2001,702,0,0,0,12,0,1.1,0,0,0,0,0,6.4367,41.7717,3.928,92.5399,30.8849,73.0103,77.6659,99.2128,9.6464
11/18/2001,1004,33.8,12.5,12.6,41,0,9.8,37.2,6.9,40.1,26.7,0,10.1746,36.7219,3.7739,129.608,21.323,73.7558,104.48,112.846,8.0724
11/19/2001,756,1,9,0,5.1,14.2,0.8,0,0,30.8,11.8,17.9,12.0727,35.3324,4.2429,121.893,30.3067,63.7959,88.3027,145.718,7.477
11/20/2001,799,21.2,13.9,0,31,3.5,8.9,16,5.2,25.2,2.1,9.6,22.9195,41.0327,7.4653,126.504,28.5833,68.779,69.2047,122.726,6.3459
11/21/2001,901,40.6,4.2,34.2,28,0,0.6,0,3.3,0.4,0.6,0,10.1746,58.0547,7.3668,111.339,24.6298,77.5255,57.3978,96.754,5.5507
11/22/2001,553,0,0,8.2,2.1,0,0,0,0,0.4,23.3,2.3,8.1582,68.7654,5.4151,106.907,20.7797,63.0946,52.9966,80.4047,6.0757
11/23/2001,503,0,0,16.8,0,0,0,0,0,0,0,0,12.5044,45.5547,5.5029,121.893,18.0997,59.6278,51.259,74.5731,5.5507
11/24/2001,450,0,0,3.2,0,8.9,3.1,0,39.5,2.5,0.4,54.3,11.8581,38.3731,6.5029,135.883,15.4844,54.2223,51.259,72.4428,12.4127
11/25/2001,406,0,0,14.5,0,0,2.2,0,0,27.3,0.6,0,10.5899,51.0943,5.7694,120.367,20.7797,53.559,54.7473,73.1495,7.1867
11/26/2001,352,0,0,28.4,5,2.7,13.3,0,1.6,20.7,0,0,8.3552,50.2856,4.7321,99.6441,21.323,52.8985,49.535,76.7343,5.0463
11/27/2001,307,0,0,0.3,0,0,0,0,0,0,0,0,7.7676,39.5722,4.4037,98.2104,20.2388,54.8883,44.4464,69.6502,5.5507
11/28/2001,264,0,0,0,0,0,0,0,0,0,0,0,7.574,32.8471,4.2429,108.378,17.0454,53.559,41.1263,62.2529,4.8019
11/29/2001,457,7.6,0,6.3,2,0,6.5,11.4,5.1,2.4,0,2.4,10.5899,30.6579,5.155,93.9478,14.4579,50.2849,48.6781,59.0274,4.1005
11/30/2001,556,9.8,7.3,16.5,27.1,4.1,40.1,10.2,2.9,6.5,1,0,26.8107,34.1928,5.9497,80.1675,14.4579,50.934,45.2856,68.2744,6.0757
12/1/2001,697,22.6,28.5,45.6,38,42.3,35.2,43,30.4,49.9,43.6,27.9,16.5391,39.331,8.3734,80.1675,26.3121,55.5572,106.724,71.7395,10.9919
12/2/2001,501,25,6.5,8,21,0,28.1,9,9.5,31.6,8.4,0,9.7632,69.6942,9.972,86.974,64.6518,86.0615,227.259,166.381,7.1867
12/3/2001,450,0,0,0,0,0,0,0,0,0,0,0,8.9524,72.5137,6.3165,117.334,50.4278,120.691,184.453,316.081,6.0757
12/4/2001,505,0,0,0,0,0,0,0,0,0,0,0,8.5532,47.3698,5.5912,143.854,33.2155,102.412,99.2443,250.762,5.5507
12/5/2001,448,0,0,2.2,0,0,0,0,0,0,0,0,8.5532,37.1904,4.8156,151.963,24.6298,73.7558,67.3555,136.865,5.5507
12/6/2001,508,0,3,0,0,0,0,0,0,0,0,0,8.3552,33.5169,4.5668,128.053,20.2388,60.3158,54.7473,93.5236,5.2959
12/7/2001,358,7.4,24.5,0,0,0,1.3,7.2,4.8,0,16.1,0.6,8.1582,31.9634,4.6492,102.531,18.0997,56.9031,46.9748,76.7343,5.0463
12/8/2001,298,0.6,2.4,3.6,25,13.5,4.9,0,11,0.8,13.2,6.6,25.7594,32.6252,6.132,91.1385,18.0997,54.8883,52.1261,66.9123,4.1005
12/9/2001,270,0,0,0,0,0,0,0,0,0,0,0,14.0424,56.3482,5.3279,91.1385,20.7797,58.9426,66.4353,75.2901,3.6598
12/10/2001,260,0,0,0,0,0,0,0,0,0,0,0,9.7632,57.1986,4.6492,84.231,18.0997,56.9031,70.1336,94.3261,3.4475
12/11/2001,223,0,0,0,0,0,0,0,0,0,0,0,8.7523,39.5722,4.4037,93.9478,16.0019,54.8883,51.259,96.754,3.4475
12/12/2001,263,0,0,0,0,0,0,0,0,0,0,0,8.3552,33.0697,4.2429,108.378,14.4579,50.2849,43.6108,71.7395,3.2408
12/13/2001,210,0,0,0,0,0,0,0,0,0,0,0,8.1582,31.3076,4.0843,93.9478,13.4434,50.934,40.3057,61.6009,3.2408
12/14/2001,261,0,2.6,4.6,9,14.9,12.1,17.2,0.3,14.6,37.9,0,8.9524,31.0903,5.0693,103.983,12.2523,52.8985,39.4889,57.1332,6.0757
12/15/2001,210,11,9.2,0,35,44.9,21.2,14.8,18.5,7.1,20.5,27.7,17.9625,42.2677,9.8622,81.5152,14.4579,59.6278,45.2856,56.5086,6.0757
12/16/2001,313,12.2,33.4,0,43,8.9,51.6,41.6,61.1,67.1,13.3,9.4,15.8489,69.384,7.2689,84.231,36.7277,60.3158,72,67.5917,5.8106
12/17/2001,626,54.6,33.9,6.6,62.1,10.5,60.5,56.2,59,49.4,41.2,24.8,49.9409,133.208,9.8622,126.504,90.3329,164.484,188.473,116.391,7.1867
12/18/2001,906,30.4,5.3,3.2,25,9.5,23.6,35.6,8.5,0.9,33.9,12.1,18.2036,178.299,10.7533,229.092,178.206,233.39,324.235,283.175,28.4137
12/19/2001,1584,2,28.5,26.4,36.1,0,0.4,9.6,0,0.2,0,0,14.0424,179.463,6.4094,361.496,93.4765,300.352,249.087,449.821,21.0628
12/20/2001,1762,21.2,29,8,0,3.2,0.2,21.2,15.8,1.8,0.1,15.5,92.1156,123.435,7.5643,389.721,57.4752,208.702,116.999,336.993,23.4073
12/21/2001,1368,4.6,1.8,46.2,3.2,4.9,0,0,0,0.1,19.2,4.6,52.085,158.631,17.6256,391.64,40.6094,154.54,96.2311,163.194,15.0768
12/22/2001,1015,0,0.3,33.6,4,8.2,13.9,1.2,0,4.1,0.2,11.2,34.7085,229.495,28.0905,370.788,35.3801,127.943,128.757,139.785,16.2865
12/23/2001,1087,0,0,12,1,15.1,3.1,0,0,0.1,3.3,20.7,25.7594,202.26,14.3452,387.807,43.2165,127.943,103.365,179.434,17.1153
12/24/2001,1142,0,0.4,18.6,5.1,33.2,0.2,1.2,2,43.1,2.3,27,21.9061,183.78,24.2988,418.995,39.1677,125.205,86.3455,144.721,67.9203
12/25/2001,1092,5,22.9,43.4,11,41.8,3.9,12,10.6,2.5,34.9,19.5,35.2701,212.668,49.1073,413.056,39.8842,127.943,74.8205,120.899,101.328
12/26/2001,1294,1,1.7,39,32,4.1,4.5,2.2,2.3,6.7,1.8,0,19.9117,210.906,21.2991,405.203,38.4599,127.943,92.2473,108.491,109.877
12/27/2001,910,11.4,62.7,21.6,17,0,3.4,1.4,5.4,30.4,0.9,139.7,19.6656,153.301,18.3117,413.056,35.7138,130.703,93.2396,131.117,32.1651
12/28/2001,910,14.2,4.1,14.2,21,4.8,50.5,24.2,14.5,1.7,10.7,1.6,53.0102,181.808,25.3834,405.203,34.7188,135.352,137.194,137.835,50.2272
12/29/2001,1093,37,38,34,40.2,86.6,28.3,29.4,32.3,10.9,45.6,99,139.448,214.441,74.3258,451.373,42.8374,192.463,167.354,197.603,167.507
12/30/2001,2036,49.2,27.9,66.8,31,28.5,33.1,36.6,37.2,26.9,21.9,29.5,62.7837,335.264,57.7549,453.437,53.4355,229.963,232.982,245.551,204.934
12/31/2001,1826,32.4,1.1,15.6,0,5.1,18.5,24.4,9,63.7,10.9,14.5,49.0284,411.251,50.0223,495.677,86.0515,242.619,278.441,335.478,159.361
1/1/2002,1942.83,0,0,18.2,5,0,1.1,6,13.7,3,9.8,0,33.8701,394.129,39.7678,539.776,155.579,322.8,225.835,387.302,75.6239
1/2/2002,2104.8,5.2,0,14.6,28,54.3,2.2,22,5.7,2.9,11.3,1.8,37.8225,300.057,35.0328,578.719,109.112,395,202.064,317.553,56.8081
1/3/2002,1780.89,9,0,29,3,0,0,21,5.2,0.1,0.3,0,25.4981,243.857,27.1233,585.73,66.07,315.698,172.56,283.175,67.9008
1/4/2002,1491.54,0,0,0,0,0,0,0,0,0,0,0,22.1584,195.537,16.2831,574.068,49.7276,199.981,189.818,246.849,32.9172
1/5/2002,1315.93,0,0,0,0,0,0,24.6,0,0,0,0,19.4201,169.072,13.8441,555.648,39.647,146.751,133.557,261.349,23.5903
1/6/2002,1148.57,0,0,0,0,0,5.2,0,0,3.3,0,0,20.9034,168.612,12.5008,526.351,33.4962,126.115,131.15,188.41,20.6039
1/7/2002,1049.72,0,0,0,0,0,0,0,0,0,0,0,19.4201,147.618,12.5008,489.222,30.8416,112.721,131.15,186.145,19.5019
1/8/2002,1265.11,0,8.7,2.4,0,5.4,0,0,0,0,0,13.1,36.683,123.435,12.5008,459.654,29.5336,108.381,104.48,182.774,18.4101
1/9/2002,929.46,0,0,0,0,0,0,0,0,0,0,0,18.9313,126.656,11.673,426.978,26.9575,107.521,88.3027,145.718,17.6882
1/10/2002,799.83,0,0,0,0,0,0,0,0,0.1,0,0,21.1531,108.641,10.0822,382.092,25.6902,104.105,80.5354,123.645,16.9711
1/11/2002,733.02,0,0,0,0,0,0.2,0,0.5,0,0,0,16.0782,90.465,9.5355,340.885,23.8161,100.73,70.1336,112.846,16.2591
1/12/2002,637.89,0,0,2,0,3.9,0,0,0,0,0,1.9,15.8489,80.6053,9.5355,295.254,22.5851,99.0581,62.7838,98.3898,16.2591
1/13/2002,859.96,0,0,0,0,4,0,0,0,0,0,11.5,16.5391,77.6485,10.0822,243.514,21.3695,89.2469,58.2877,88.002,15.5522
1/14/2002,397,26.2,5.5,14.6,43,28.4,17.3,19.6,26.8,28,10.4,23.7,58.3227,75.7047,14.9809,223.792,28.8845,104.955,77.6659,84.922,15.5522
1/15/2002,529.94,5.8,12.1,0,38,0,29.1,13.8,12.1,6.6,1.7,0.9,19.9117,104.144,12.6208,204.86,34.8422,117.124,94.2343,111.968,15.5522
1/16/2002,592.44,16.4,0,2,19,9.8,11.1,16,11.3,4.7,3.6,0,17.0056,128.688,13.4726,209.945,38.2597,117.124,164.77,141.749,15.905
1/17/2002,1391.06,1.6,38.8,0,0,0,0,0,0,0,0,1.5,16.3083,93.6273,10.4157,249.03,32.1626,121.589,159.639,232.762,18.7729
1/18/2002,1916.2,6.8,28,14.3,7.2,2.2,38.2,46.8,4,9.2,26.7,18.7,16.5391,83.611,11.79,343.033,34.1677,180.868,166.06,226.496,108.801
1/19/2002,3891.65,79.8,78.1,66.2,12,99.2,67.1,46,48.4,36.6,36.3,27.4,43.637,107.885,52.8354,417.01,54.0752,331.427,246.089,245.551,124.797
1/20/2002,1936.94,2.6,2.3,40.8,6.1,6.5,6.5,8.4,5.8,5.7,1.1,0.2,30.0216,165.863,45.5588,357.812,59.0042,317.112,214.546,344.624,75.6239
1/21/2002,2166.7,0,0,11,0,0,0,0,0,0.1,0,0,25.4981,174.84,19.8554,378.306,45.0001,251.981,192.519,301.553,55.4997
1/22/2002,1620.87,0,0,0,0,0,0,0,0,0,0,0,21.9061,129.096,17.6256,413.056,34.8422,184.004,132.352,265.375,37.7614
1/23/2002,1273.65,0,0,0,0,0,9.6,0,0,0,0,0.4,19.6656,105.26,24.1453,409.12,29.5336,146.751,102.279,183.895,31.3277
1/24/2002,1063.31,0,0,16.2,0,8.8,0,0,0,0,0,8.7,19.1753,96.8379,16.8153,391.64,27.5964,131.628,91.2574,143.727,24.3472
1/25/2002,1002.44,4,0,0,2,5.3,35.1,41.2,19.8,3.8,0,24,18.688,100.096,13.8441,376.419,30.8416,128.861,100.253,130.171,23.2134
1/26/2002,920.43,38.4,0,12.2,0,0,4.2,9.8,5.6,4.6,0.1,8.7,24.9773,98.6423,15.4969,359.652,34.8422,138.169,138.413,146.719,23.5903
1/27/2002,1070.89,5.2,1.9,3,0,2.6,20.1,3,54.7,0.4,0,0.7,49.6363,96.1203,22.4812,347.348,39.647,147.717,192.519,202.282,29.7516
1/28/2002,988.87,0,0,49.3,2,24.1,0.2,14,5.8,2.1,61.8,34.4,30.2929,127.467,29.7305,336.609,32.8279,145.788,179.137,270.79,46.0666
1/29/2002,1195.2,1,0,3.8,0,0,0,0,10,0,0.9,0.2,27.34,151.104,17.8989,317.681,28.8845,147.717,181.789,253.389,38.9894
1/30/2002,1046.06,0,0,11.2,0,16.8,0,0.4,0,7.3,14.5,0.4,22.1584,141.605,15.8882,332.358,34.8422,149.654,138.413,252.074,37.7614
1/31/2002,1358.24,0,10.3,18,19.1,4.7,15.2,0.4,2,0.9,0.8,6.4,19.9117,115.155,15.1093,403.252,30.8416,145.788,142.089,196.442,25.1081
2/1/2002,1228.98,15.8,0,7.22,0,28.6,2.8,0.8,4.1,2.4,7.4,20.2,18.9313,107.509,18.4501,353.868,26.9575,140.06,169.951,204.642,50.7466
2/2/2002,1279.97,3,13.2,13.04,1.2,24.5,27.1,23.4,33.5,9.2,6.8,3.5,27.8717,153.742,36.2748,351.688,33.4962,144.828,132.352,236.563,112.013
2/3/2002,1504.59,28.4,5,7.56,9,11.3,4.3,12.2,6.5,33,5.2,0,19.6656,173.698,30.8992,317.681,36.8838,158.49,213.147,197.603,96.5655
2/4/2002,1500.39,0,0,1.36,2.9,0,0,0,0,0,9,0.6,19.4201,152.42,17.4896,353.868,41.7584,156.51,183.12,298.688,78.4431
2/5/2002,1051.31,0,1.5,5.22,0,0,0,0,0,0,0,0,17.7221,132.794,15.7574,368.921,33.4962,157.499,138.413,253.389,110.079
2/6/2002,1050.31,0,0,14.4,41.2,0,0.9,0,0,0,9.7,4.8,22.6651,110.539,16.0194,365.199,26.3221,151.602,110.116,192.979,73.3381
2/7/2002,1365.13,0,0,15.48,8,24.9,0,0,0,3.1,11.2,24.6,108.15,130.734,22.3321,353.868,26.9575,126.115,131.15,158.993,80.5073
2/8/2002,1748.73,29.8,17.1,18.82,22.1,32.1,9.6,11.4,25.6,24.5,45.8,27.9,45.12,267.174,43.0126,353.868,42.218,89.2469,127.565,185.018,74.7081
2/9/2002,1604.83,46.2,22.6,34.98,33.2,7.1,33.2,26.6,20,11.6,12.7,59.6,38.3952,366.788,33.4599,403.252,53.1017,153.558,152.04,183.895,159.983
2/10/2002,1390.67,4.1,3.1,13.66,18,7.6,25.3,7.2,21.2,9,33.2,32.8,32.4834,421.494,28.7423,493.521,50.6863,165.491,287.688,231.502,231.382
2/11/2002,2064.05,0,3,3.8,21,18.9,14.1,0,14.5,0.1,3,14.6,48.7251,479.731,31.7443,607.015,45.9367,175.686,249.087,402.08,90.8077
2/12/2002,1795.78,0,0,11.98,0,0,0,0.4,0,0,0,0,33.8701,505.839,22.3321,576.391,38.9519,145.788,207.582,347.7,78.4431
2/13/2002,1493.8,0,0,8.88,0,0,0,0.8,0,0,0,2.3,28.6736,478.607,19.8554,592.783,32.8279,131.628,147.038,285.965,72.427
2/14/2002,1425.09,0,0,4.5,0,0,0,0,0,0,0,0,28.1384,340.896,20.2845,597.509,28.8845,107.521,118.159,204.642,68.3512
2/15/2002,1412.15,0,0.5,15.92,0,30.5,0,6.5,0,0,2.4,21.6,28.4057,278.9,28.4157,597.509,25.0618,85.2719,132.352,169.598,68.8021
2/16/2002,1203.36,9.8,0,0.7,0,0,1.8,0,19.7,0,0,8.1,31.9325,270.864,18.8676,595.144,23.8161,88.4465,101.265,183.895,40.6368
2/17/2002,1495.8,70.4,16.8,10.7,28,3.8,55.1,42.4,23.9,38.5,5.1,0,29.7509,253.294,23.0811,602.252,63.0188,140.06,203.439,155.878,49.4628
2/18/2002,1655.57,24.8,24.2,12.88,61,55.4,63.8,47,33,37.9,9.1,42.4,36.1163,246.314,37.1718,602.252,71.7505,276.064,324.235,302.99,72.8823
2/19/2002,3162.52,12.4,38,8.84,18.1,5.5,5.4,5.4,5.6,14.7,1,1.8,28.1384,281.617,31.5746,611.796,76.4788,334.328,348.736,462.173,93.0825
2/20/2002,3069.24,1.2,4.9,11.72,31,14.1,14.1,13.4,8,17.1,46.5,49.9,53.0102,293.813,21.7396,599.878,61.0037,356.487,269.258,483.737,137.589
2/21/2002,2393.63,8,11.4,8.5,42,18.6,6.2,10.2,17.5,21.1,16.6,26.8,50.5514,358.217,23.687,604.631,59.0042,282.708,238.75,377.603,148.935
2/22/2002,2460.76,0,4.5,12.28,12.1,4.1,11.3,22,17.6,14.3,8.5,16,44.5254,432.327,30.2293,633.539,74.3686,265.598,257.116,340.036,71.0641
2/23/2002,2229.59,11.2,4.7,4.26,35,2.9,24.5,25,9.2,12,10.6,22.4,32.2077,465.205,19.5713,660.624,68.6384,276.064,279.466,366.443,66.5525
2/24/2002,2045.41,23.4,0,9.4,33,2.6,6.9,9.8,0.8,9.6,7.6,13.5,35.5517,432.327,22.6306,665.609,62.0093,256.711,273.332,395.478,77.9326
2/25/2002,2511,2.4,5.7,4.98,5.1,14.3,0,2.8,0,13.2,2,3.3,77.3671,406.92,25.0717,698.46,68.1229,260.279,227.259,380.823,61.2055
2/26/2002,2367.13,0,43.7,6.1,0,1.1,0,58,8.1,0,0.2,0,33.5917,404.767,22.0351,701.02,62.5136,233.39,195.231,317.553,60.3217
2/27/2002,1997.43,0,0,3.3,0,0,0,0.4,0,4.6,4.2,18.7,69.8644,354.961,20.862,695.906,54.0752,186.105,147.038,270.79,57.2454
2/28/2002,1735.77,0,0,1.82,0,0,1.8,0,2.5,0,0,0,33.5917,347.236,18.3117,685.733,46.4066,165.491,139.635,207.016,56.3714
3/1/2002,1541.37,0,0,0,0,0,1.2,0,0,0,0,0,30.0216,314.618,17.2187,675.634,43.1407,152.579,126.377,196.442,42.7117
3/2/2002,1443.46,0,0,0,0,0,0,0,0,0,0,0,27.6056,266.127,16.1511,673.12,39.932,141.96,114.69,177.225,34.5196
3/3/2002,1347.56,0,1.2,0,0,0,0,1.8,0,0.2,0,0,27.6056,233.261,15.4969,663.114,35.5198,133.485,107.851,161.087,30.1444
3/4/2002,1348.56,0,0,2.2,0,1.1,0,0,0,0,0,1.4,42.4588,214.886,15.3673,648.243,33.4962,121.589,97.2331,151.773,27.8009
3/5/2002,1349.56,0,1.5,0,0,3.1,0.9,0,0,0,0,0,34.7085,208.284,15.3673,623.829,30.8416,118.012,96.2311,137.835,25.4899
3/6/2002,967.98,1,12.5,0,0,0,1.2,5,0,0,0,0,24.9773,193.471,15.2381,611.796,29.5336,116.238,94.2343,135.899,23.9683
3/7/2002,1065.2,0,0,0,0,0,0,0,0,0,0,0,24.7179,177.912,17.0838,548.818,28.2388,109.244,92.2473,133.02,23.2134
3/8/2002,1163.74,0,0,0,0,0,0,0,0,0,0,0,29.4807,168.612,13.8441,502.173,26.9575,95.7456,84.3985,129.229,21.7159
3/9/2002,883.02,0,0.4,0,12,0,0,6.8,0,0.5,0,1.5,22.9195,163.134,13.8441,451.373,28.8845,89.2469,81.4973,119.085,19.5019
3/10/2002,775.54,0,0,0,0,0,0.3,0,0.2,0,0,0,21.9061,151.981,13.4726,405.203,26.3221,97.3966,80.5354,115.499,18.7729
3/11/2002,787.11,0,0,0,0,0,0,0,0,0,0,0,21.4034,142.031,13.2271,372.66,25.0618,89.2469,80.5354,113.727,17.6882
3/12/2002,677.63,0,0,0,0,0,0,0,0,0,0,0,20.4062,134.453,12.9833,340.885,24.4371,79.8206,75.7663,113.727,17.6882
3/13/2002,591.35,0,0,0,0,0,0,0,0,0,0,0,19.9117,128.688,12.7412,315.61,23.1987,78.2878,72.9374,106.774,16.6145
3/14/2002,687.57,0,0,0,2,0,0,0,0,0,0,0,19.6656,124.638,12.7412,297.26,23.1987,74.5042,72,103.379,16.2591
3/15/2002,679.63,0,0,5.6,0,0,27.2,6.4,0.9,0.4,0,0,23.6864,120.647,14.0938,281.387,23.1987,74.5042,77.6659,102.539,15.5522
3/16/2002,981.93,0,2.6,3,23.2,0,0,14.8,47.6,41,4,0.6,24.2008,124.638,16.6817,273.605,40.3868,76.0093,99.2443,112.846,16.9711
3/17/2002,783.17,3.4,23.4,21.3,4,15.5,17.4,12.8,2.5,0.3,0,0,38.9699,134.453,15.3673,265.927,58.0103,117.124,106.724,141.749,17.329
3/18/2002,686.57,0,0,12.4,7.1,0,0.2,10,0,0.7,0,0,22.6651,129.096,15.7574,271.676,42.6788,132.555,101.265,150.755,16.9711
3/19/2002,874.07,0,10.6,24,0,0,0.7,22.6,9,0.7,0,1.2,21.9061,124.237,19.2887,271.676,34.8422,104.105,94.2343,142.736,20.6039
3/20/2002,780.48,6.8,25.3,8.2,0,36.5,0,0,10.2,22.8,0,10.7,20.4062,120.251,16.4156,271.676,42.6788,98.2261,95.2315,133.976,22.8375
3/21/2002,973.5,21.6,0.6,2.8,45,10.5,17.4,42,0.9,1.4,0.8,9.5,24.459,131.145,16.1511,281.387,58.5067,116.238,91.2574,133.976,20.6039
3/22/2002,1064.32,0,13.9,10.9,3,0,0.5,0,0,0.7,0,0.1,23.4301,147.185,14.9809,287.291,52.6165,141.96,93.2396,129.229,19.5019
3/23/2002,1166.43,0,0.7,0,12,4.2,0,0,0,0,0,0,21.6544,144.168,14.7254,328.133,50.2064,138.169,110.116,133.976,17.6882
3/24/2002,878.7,0,0.5,0,11.2,0,0,0,0,0,5,14.5,22.6651,123.035,13.4726,309.436,42.218,146.751,92.2473,153.819,16.6145
3/25/2002,1265.28,4.8,11.2,2.5,13,3.7,20.4,1,5.3,1.5,1.6,17.4,29.7509,119.066,15.7574,301.293,34.8422,111.848,84.3985,129.229,16.9711
3/26/2002,881.33,3.4,13.4,43,8,32.9,0,0,1,6.8,17.5,28.2,28.1384,151.104,17.6256,287.291,31.5005,119.795,88.3027,119.99,16.2591
3/27/2002,884.22,0,7.4,1.2,2,7.7,3.6,2.6,1.2,0,0,0.5,30.2929,164.042,23.2321,285.317,30.186,94.924,99.2443,126.421,17.329
3/28/2002,591.78,0,0,0,0,9.5,0,0,0,4.1,10.3,19.2,33.3138,156.845,20.2845,303.319,30.8416,104.105,97.2331,140.766,16.6145
3/29/2002,791.11,0,0,0,0,0,6.9,0,0,0,0,0,22.4115,186.568,14.5982,313.546,28.8845,99.0581,81.4973,135.899,15.905
3/30/2002,591.67,0,0,0,0,0,0,0,0,0,0,0,21.9061,144.598,13.4726,323.933,25.0618,93.2888,72,114.611,15.5522
3/31/2002,688.77,0,0,0,0,0,0,0,0,0,0,0,20.9034,118.672,13.105,328.133,23.8161,90.05,68.2787,101.702,15.5522
4/1/2002,590.78,0,0,0,0,0,0,0,0,0,0,0,20.1586,109.398,12.5008,293.253,22.5851,83.7008,65.518,96.754,14.5019
4/2/2002,589.67,0,0,0,0,0,0,0,0,0,0,0,19.6656,103.773,12.3813,254.604,21.9754,86.8538,62.7838,92.7245,14.1545
4/3/2002,491.44,0,0,0,0,0,0,0,0,0,0,0,19.1753,99.0049,12.1434,232.659,21.3695,76.0093,59.1808,88.7805,13.4641
4/4/2002,493.33,0,0,0,0,0,0,0,0,0,0,0,19.1753,95.7623,11.9074,218.55,20.7675,73.7558,58.2877,83.4026,12.7796
4/5/2002,494.56,0,0,0,0,0,0,0,0,0,0,0,18.2036,93.2736,11.5565,208.243,20.1696,70.5644,55.6276,81.8968,12.7796
4/6/2002,408.22,0,0,0,0,0,0,0,0,0,0,0,18.4454,91.8645,11.4404,203.179,18.986,61.6998,53.8703,78.9263,12.4395
4/7/2002,601.67,0,0,0,0,0,0,0,0,0,0,0,17.7221,89.4216,11.3248,196.518,18.4004,62.3959,52.9966,76.0105,12.4395
4/8/2002,310,0,0,0.4,22,0,0,6.2,0,0,17.5,0,18.9313,88.0388,11.3248,189.962,19.5757,64.4999,53.8703,75.2901,12.101
4/9/2002,300,0,0,4.9,13,4.4,0,0,0.5,7.6,26.5,0,21.6544,97.1976,12.0252,191.591,21.9754,62.3959,55.6276,76.7343,12.7796
4/10/2002,497.44,0,0,12.2,0,0,4.2,0,0,0.8,0,0,18.4454,96.4788,11.5565,193.226,21.3695,68.0593,67.3555,80.4047,11.7641
4/11/2002,500.33,0,0,0,0,0,0,0.2,0,0,0,5.1,18.4454,95.405,11.673,196.518,20.7675,70.5644,60.0769,94.3261,11.4288
4/12/2002,494.56,0,1.2,0,0,0,0.4,0,0,0,0,0.3,17.4825,88.729,11.3248,199.835,20.1696,75.2553,55.6276,84.1606,11.0951
4/13/2002,498.44,0,0,0,0,0,0,0,0,0,0,0,17.0056,87.351,11.0949,194.869,18.986,64.4999,53.8703,78.9263,11.0951
4/14/2002,358,0,0,0,0,0,0,0,0,0,0,0,16.5391,83.948,10.8667,189.962,18.4004,61.6998,53.8703,76.0105,11.0951
4/15/2002,493.44,0,0,0,0,0,0,0,0,0,0,0,16.3083,80.9368,10.4157,185.114,17.8191,68.0593,51.259,76.0105,10.7631
4/16/2002,298,0,0,0,0,0,0,0,0,0,0,0,16.3083,78.6287,10.1929,177.166,17.2422,61.6998,51.259,72.4428,10.7631
4/17/2002,398.22,0,0,0,0,0,0,0,0,0,0,0,16.0782,77.323,10.0822,172.477,16.6697,56.2287,49.535,72.4428,10.7631
4/18/2002,398.22,0,0,0,0,0,0,0,0,0,0,0,16.0782,76.6739,10.0822,167.848,16.1017,57.5802,49.535,70.3432,10.4328
4/19/2002,303,0,0,0,0,0,0,0,0,0,0,0,16.0782,75.7047,9.8622,166.318,16.1017,56.2287,47.8247,69.6502,10.4328
4/20/2002,403.22,0,0,0,0,0,0,0,0,0,0,0,15.8489,74.421,9.7528,163.278,15.5382,56.9031,46.1284,67.5917,10.1042
4/21/2002,402.11,0,0,0,0,0,0,0,0,0,0,0,15.8489,72.8301,9.7528,160.206,14.9795,54.8883,45.2856,64.8949,10.1042
4/22/2002,303,0,0,0,0,0,0,0,0,0,0,0,15.6204,71.2545,9.5355,156.893,14.9795,54.8883,45.2856,64.2293,10.1042
4/23/2002,405.34,0,0,0,0,0,0,0,0,0,0,0,15.3926,71.5684,9.5355,153.601,14.4255,54.8883,44.4464,64.2293,10.1042
4/24/2002,207.66,0,0,0,0,0,0,0,0,0,0,0,15.1656,70.3165,9.4275,151.963,13.8764,52.8985,44.4464,62.9083,10.1042
4/25/2002,306,0,0,0,0,0,0,0,0,0,0,0,14.9394,68.457,9.32,150.33,13.8764,52.8985,42.7789,62.9083,9.7774
4/26/2002,303,0,0,0,0,0,0,0,0,0,0,0,14.9394,67.5356,9.2129,147.081,13.8764,52.8985,42.7789,60.3073,9.4524
4/27/2002,295.89,0,0,0,0,0,0,0,0,0,0,0,14.7139,65.7095,9.1064,145.465,13.3323,52.2409,41.9507,60.3073,9.4524
4/28/2002,307,0,0,0,0,0,0,0,0,0,0,0,14.7139,65.1058,9.1064,142.249,13.3323,52.2409,41.1263,59.0274,9.1293
4/29/2002,210.78,0,0,0,0,0,0,0,0,0,0,0,14.4893,64.5045,9.0002,139.055,12.7932,51.586,41.1263,58.3926,9.1293
4/30/2002,400,0,0,0,0,0,0,0,0,0,0,0,14.2655,63.9057,9.0002,137.466,12.7932,50.2849,40.3057,58.3926,9.1293
5/1/2002,303.78,0,0,0,0,0,0,0,0,0,0,0,14.4893,63.6072,8.8946,137.466,12.7932,48.9951,41.1263,57.1332,8.808
5/2/2002,198.44,0,0,0,0,0,0,0,0,6.2,0,0,15.1656,63.0121,9.0002,134.306,12.7932,48.9951,39.4889,57.7612,8.808
5/3/2002,401,0,0,0,0,8.3,0,0,0,0,0,3.5,15.8489,63.0121,9.8622,132.734,12.7932,48.3546,39.4889,55.8875,8.808
5/4/2002,301.89,0,0,2,0,12.5,0,0,0,0.9,0,0,16.0782,63.6072,9.5355,132.734,12.7932,49.6386,39.4889,55.8875,9.1293
5/5/2002,204.56,0,0,7.8,11,0,0,6.1,0,2.6,0,0,17.9625,66.0123,9.7528,132.734,12.7932,48.3546,38.676,55.8875,9.4524
5/6/2002,401,0,9.6,2.2,0,0,0,0,0,0,0,0,20.1586,65.7095,10.0822,132.734,12.7932,49.6386,40.3057,55.2698,9.4524
5/7/2002,402,15.2,23.3,9.6,0,7.4,2.5,8,34,16.9,28.8,9.7,20.9034,68.7654,14.8529,137.466,13.8764,50.2849,45.2856,57.7612,9.4524
5/8/2002,201.44,0,0,0,4,0,0,0,0,0,0,0,14.9394,77.323,9.4275,139.055,14.9795,52.2409,55.6276,65.564,8.808
5/9/2002,399,0,0,0,0,0,0,0,0,0,0,0,17.7221,72.198,9.1064,142.249,17.2422,51.586,60.0769,79.6638,8.1714
5/10/2002,302.89,0,0,0,0,26.1,3.9,0,0,1.2,0.7,10.6,15.6204,65.7095,10.0822,147.081,16.1017,54.2223,50.3953,84.1606,8.1714
5/11/2002,302.78,0,0,0,0,0,0,0,0,0,0,0,14.4893,69.0744,9.2129,147.081,14.9795,52.2409,47.8247,71.0396,8.1714
5/12/2002,299.78,0,0,0,0,0,0,0.2,0,0,0,0,14.0424,66.0123,9.0002,139.055,14.4255,51.586,46.9748,67.5917,7.8561
5/13/2002,295.78,0,0,0,0,0,0,0,0,0,0,0,14.0424,62.1242,8.8946,135.883,13.8764,51.586,44.4464,66.2364,7.8561
5/14/2002,298.66,0,0,0,0,0,0,0,0,0,0,0,13.8202,60.0741,8.6847,134.306,13.3323,52.2409,42.7789,62.9083,7.8561
5/15/2002,197.67,0,0,0,0,0,0,0,0,0,0,0,13.5988,59.494,8.5804,129.608,12.7932,50.2849,41.1263,60.3073,7.5429
5/16/2002,296.78,0,0,0,0,0,0,0,0,0,0,0,13.1585,58.6285,8.4767,126.504,12.7932,50.2849,40.3057,58.3926,7.5429
5/17/2002,201.44,0,0,0,0,0,0,0,0,0,0,0,13.5988,58.0547,8.3734,123.424,12.2593,50.2849,39.4889,57.1332,7.5429
5/18/2002,301.89,0,0,6.2,0,0,0,0,0,0,0,0,13.5988,57.1986,8.3734,120.367,12.2593,49.6386,38.676,55.8875,7.5429
5/19/2002,397,0,0,11.6,0,0,0,0,0,0,0,0,13.3782,56.631,8.2706,118.848,12.2593,48.9951,39.4889,54.6555,7.8561
5/20/2002,182.56,0,0,4.8,12,0,0,0,0,0,33.1,13,13.5988,58.6285,8.2706,118.848,12.2593,48.9951,39.4889,55.8875,8.4887
5/21/2002,304,0,0,1.2,0,5.6,0,0,1.3,1.3,7.6,13.9,14.0424,59.7837,8.7894,118.848,12.7932,48.9951,39.4889,55.8875,7.5429
5/22/2002,333,0,0.9,2,2,0,1.4,0.2,0.6,17.5,1.7,0,14.4893,63.6072,9.1064,121.893,16.1017,48.9951,41.1263,55.8875,7.5429
5/23/2002,136.44,0,0,4.8,13,7.9,0,1,0.2,0,0,0,15.3926,66.3158,9.972,123.424,18.986,49.6386,41.9507,58.3926,7.5429
5/24/2002,254.89,0,0,0,0,0,0,0,0,0,0,0,13.8202,66.0123,8.8946,126.504,16.1017,54.8883,40.3057,59.0274,7.2319
5/25/2002,204.33,0,0,0,0,0,0,0,0,0,0,0,13.1585,62.1242,8.4767,129.608,14.4255,51.586,41.1263,57.1332,7.2319
5/26/2002,303.56,0,0,0,0,0,0,0,0,0,0,0,13.1585,57.7687,8.2706,128.053,13.3323,49.6386,38.676,57.7612,6.923
5/27/2002,246.78,0,0,0,0,0,0,0,0,0,0,0,12.9396,56.066,8.0664,128.053,12.7932,47.0821,37.867,54.6555,6.923
5/28/2002,140.22,0,0,0,0,0,0,0,0,0,0,0,12.7216,54.9435,8.0664,123.424,12.7932,47.0821,37.062,53.4372,6.923
5/29/2002,298.67,0,0,0,0,0,0,0,0,0,0,0,12.7216,54.386,8.0664,117.334,12.2593,48.3546,36.261,52.2326,6.6165
5/30/2002,209.22,0,0,0,0,0,0,0,0,0,0,0,12.7216,53.831,7.965,114.325,12.2593,47.7169,36.261,51.6355,6.6165
5/31/2002,219.67,0,0,0,0,0,0,0,0,0,0,0,12.5044,53.5545,7.965,112.829,12.2593,47.0821,36.261,51.6355,6.6165
6/1/2002,333,0,0,0,0,0,0,0,0,0,0,0,12.5044,52.7287,7.8641,111.339,12.2593,47.0821,35.4641,51.0417,6.6165
6/2/2002,138.56,0,0,0,0,0,0,0,0,0,0,0,12.2881,52.1813,7.6637,109.856,11.7308,43.9522,35.4641,50.4514,6.6165
6/3/2002,233.66,0,0,0,0,0,0,0,0,0,0,0,12.2881,51.6365,7.6637,106.907,11.7308,45.1953,34.6713,49.8645,6.3123
6/4/2002,213.67,0,0,0,0,0,0,0,0,0,0,0,12.2881,51.0943,7.6637,105.442,11.7308,45.8213,33.8826,49.2811,6.3123
6/5/2002,212.56,0,0,0,0,0,0,0,0,0,0,0,12.0727,50.8241,7.5643,103.983,11.2076,45.1953,33.8826,48.1244,6.3123
6/6/2002,216.56,0,0,0,0,0,0,0,0,0,0,0,12.0727,50.5545,7.5643,103.983,11.2076,45.1953,33.8826,48.1244,6.3123
6/7/2002,218.56,0,0,0,0,0,0,0,0,0,0,0,11.8581,50.0174,7.4653,103.983,11.2076,45.8213,33.8826,46.4151,6.3123
6/8/2002,213.44,0,0,0,0,0,0,0,0,0,0,0,11.8581,49.4827,7.4653,102.531,10.6901,45.1953,33.8826,46.4151,6.0105
6/9/2002,215.67,0,0,0,0,0,0,0,0,0,0,0,11.8581,48.9507,7.3668,101.084,10.6901,46.4503,33.0982,45.8522,6.0105
6/10/2002,150.22,0,0,0,0,0,0,0,0,0,0,0,11.8581,48.4212,7.3668,99.6441,10.6901,45.1953,33.0982,45.8522,6.0105
6/11/2002,253.67,0,0,0,0,0,0,0,0,0,0,0,11.8581,48.1574,7.2689,99.6441,10.6901,47.0821,32.318,45.2927,5.7113
6/12/2002,251.56,0,0,0,0,0,0,0,0,0,0,0,11.6445,47.6317,7.2689,98.2104,10.6901,47.0821,32.318,44.7367,5.7113
6/13/2002,270.19,0,0,0,0,0,0,0,0,0,0,0,11.6445,47.1086,7.1714,98.2104,10.6901,45.8213,32.318,44.7367,5.7113
6/14/2002,193.09,0,0,0,0,0,0,0,0,0,0,0,11.4317,46.5881,7.1714,98.2104,10.1783,45.8213,33.0982,44.184,5.7113
6/15/2002,194.09,0,0,0,0,0,0,0,0,0,0,0,11.4317,46.3288,7.0744,96.7831,10.1783,45.1953,33.0982,44.184,5.7113
6/16/2002,196.09,0,0,0,0,0,0,0,0,0,0,0,11.4317,45.8121,7.0744,93.9478,9.6723,43.3351,31.5421,43.6348,5.4146
6/17/2002,243.33,0,0,0,0,0,0,0,0,0,0,0,11.2199,45.5547,6.9779,93.9478,9.6723,42.721,31.5421,43.6348,5.4146
6/18/2002,108.83,0,0,0,0,0,0,0,0,0,0,0,11.2199,45.298,6.9779,92.5399,9.6723,43.9522,31.5421,43.0891,5.4146
6/19/2002,324.85,0,0,0,0,0,0,0,0,0,0,0,11.2199,44.7865,6.8819,91.1385,9.6723,46.4503,31.5421,43.0891,5.4146
6/20/2002,130.32,0,0,0,0,0,0,0,0,0,0,0,11.0089,44.7865,6.8819,91.1385,9.6723,44.5723,31.5421,43.0891,5.4146
6/21/2002,235.37,0,0,0,0,0,0,0,0,0,0,0,11.0089,44.5317,6.7864,89.7437,9.1724,42.721,30.7707,42.5467,5.4146
6/22/2002,119.11,0,0,0,0,0,0,0,0,0,0,0,11.0089,43.7712,6.6914,89.7437,9.1724,42.721,30.7707,42.0078,5.4146
6/23/2002,224.96,0,0,0,0,0,0,0,0,0,0,0,11.0089,43.7712,6.6914,88.3555,9.1724,41.5018,30.0036,40.9402,5.4146
6/24/2002,127.94,0,0,0,0,0,0,0,0,0,0,0,10.7989,43.519,6.6914,88.3555,9.1724,42.721,30.0036,40.9402,5.1206
6/25/2002,313.67,0,0,0,0,0,0,0,0,0,0,0,10.7989,43.519,6.6914,86.974,9.1724,42.721,30.0036,40.9402,5.1206
6/26/2002,126.74,0,0,0,0,0,0,0,0,0,0,0,10.7989,43.0165,6.6914,85.5991,8.6787,43.9522,30.0036,40.9402,5.1206
6/27/2002,126.94,0,0,0,0,0,0,0,0,0,0,0,10.7989,43.0165,6.5969,85.5991,8.6787,42.721,30.0036,40.9402,4.8294
6/28/2002,229.45,0,0,0,0,0,0,0,0,0,0,0,10.7989,42.7663,6.5969,85.5991,8.6787,42.1099,30.0036,40.9402,4.8294
6/29/2002,127.06,0,0,0,0,0,0,0,0,0,0,0,10.5899,42.5167,6.5029,85.5991,8.6787,42.1099,30.7707,40.9402,4.8294
6/30/2002,224.85,0,0,0,0,0,0,0,0,0,0,0,10.5899,42.0194,6.5029,84.231,8.6787,41.5018,30.0036,43.0891,4.8294
7/1/2002,120.23,0,0,0,0,0,0,0,0,0,0,0,10.3818,41.7717,6.4094,84.231,8.6787,41.5019,30.0036,43.0891,4.5411
7/2/2002,224.28,0,0,0,0,0,0,0,0,0,0,0,10.3818,41.7717,6.4094,84.231,8.6787,42.1099,30.0036,42.5467,4.5411
7/3/2002,223.85,0,0,0,0,0,0,0,0,0,0,0,10.3818,41.5247,6.3165,82.8697,8.6787,43.9522,30.0036,42.5467,4.5411
7/4/2002,117.23,0,0,0,0,0,0,0,0,0,0,0,10.3818,41.0327,6.3165,81.5152,8.1914,41.5019,29.2411,42.0078,4.5411
7/5/2002,223.28,0,0,0,0,0,0,0,0,0,0,0,10.1746,40.7876,6.3165,81.5152,8.1914,42.721,29.2411,42.0078,4.5411
7/6/2002,127.74,0,0,0,0,0,0,0,0,0,0,0,10.1746,40.7876,6.224,80.1675,8.1914,42.1099,29.2411,42.0078,4.5411
7/7/2002,89.43,0,0,0,0,0,0,0,0,0,0,0,10.1746,40.7876,6.224,80.1675,8.1914,42.721,29.2411,41.4723,4.5411
7/8/2002,214.28,0,0,0,0,0,0,0,0,0,0,0,10.1746,40.5432,6.132,80.1675,8.1914,43.3351,29.2411,41.4723,4.5411
7/9/2002,115.43,0,0,0,0,0,0,0,0,0,0,0,9.9684,40.0564,6.132,78.8268,8.1914,42.1099,29.2411,40.9402,4.5411
7/10/2002,116.74,11.8,0,1.7,0,0,0,3.8,0.4,0.2,0,0,9.7632,39.5722,6.132,78.8268,8.1914,42.1099,28.4831,40.9402,4.8294
7/11/2002,408.09,0,0,2.6,0,0,1.9,9.4,1.7,0,0,0,9.7632,39.0906,6.132,78.8268,8.1914,42.1099,29.2411,40.9402,4.8294
7/12/2002,117.74,0,1.5,0,0,12.9,0,0,0,2.8,4,15,10.7989,39.5722,6.7864,77.493,8.1914,42.1099,30.7707,40.9402,4.8294
7/13/2002,116.43,2.4,2.3,5.2,3.2,1.5,1.7,0,1.8,4.6,8.9,3.9,11.0089,43.7712,6.8819,80.1675,9.1724,44.5723,32.318,40.4115,4.8294
7/14/2002,219.28,0,0,0,0,0,0,0,0,0,0,0,10.1746,46.0701,6.5029,80.1675,10.1783,43.9522,30.7707,40.4115,4.5411
7/15/2002,118.43,0,0,0,0,0,0,0,0,0,0,0,9.9684,45.298,6.4094,82.8697,9.6723,44.5723,31.5421,40.4115,4.5411
7/16/2002,208.65,0,0,0,0,0,0,0,0,0,0,0,9.7632,43.0165,6.132,86.974,9.1724,45.1953,31.5421,40.4115,4.5411
7/17/2002,218.28,0,0,0,0,0,0,0,0,0,2.9,0,9.7632,40.7876,6.132,88.3555,9.1724,43.3351,30.7707,40.4115,4.5411
7/18/2002,211.65,0,0,0,0,0,0,0,0,0,0,0,9.7632,40.0564,6.0406,85.5991,9.1724,44.5723,30.0036,40.4115,4.5411
7/19/2002,116.43,0,0,0,0,0,0,0,0,0,0,0,9.559,39.5722,5.9497,82.8697,8.6787,43.3351,29.2411,38.8462,4.5411
7/20/2002,123.37,0,0,0,0,0,0,0,0,0,0,0,9.559,39.0906,5.9497,80.1675,8.6787,43.3351,28.4831,38.8462,4.5411
7/21/2002,216.28,0,0,0,0,0,0,0,0,0,0,0,9.559,39.0906,5.9497,77.493,8.1914,41.5019,28.4831,36.807,4.5411
7/22/2002,20.52,0,0,0,0,0,0,0,0,0,0,1.5,9.7632,38.6116,5.9497,77.493,8.1914,41.5019,28.4831,36.807,4.5411
7/23/2002,210.65,0,0,2.6,2,0,2.2,0.8,1.7,1,1.2,4,9.9684,38.8507,5.8593,76.1662,8.1914,43.9522,27.7298,36.3057,4.5411
7/24/2002,212.28,0,0,0,0,0,0,1.8,0.1,0,0,0,9.7632,39.0906,5.8593,76.1662,8.1914,43.3351,27.7298,36.3057,4.2559
7/25/2002,211.65,0,0,0,0,0,0,0,0,0,0,0,9.559,39.0906,5.7694,74.8464,8.1914,42.721,27.7298,36.3057,4.2559
7/26/2002,110.43,0,0,0,0,0,0,0,0,0,0,0,9.3558,38.3731,5.7694,74.8464,7.7107,42.1099,26.9811,36.3057,4.2559
7/27/2002,116.37,0,0,1.6,0,0,0,0,0,0,0,0,9.1536,37.4256,5.68,74.8464,7.7107,43.3351,26.9811,35.8079,4.2559
7/28/2002,119.37,0,0,0,2.1,2.9,0,0,0,0,0,8.6,9.3558,37.4256,5.9497,73.5338,7.7107,40.2948,26.9811,35.8079,4.2559
7/29/2002,14.2,0,0,0,0,0,0,0,0,0,0,0,8.9524,37.898,5.7694,73.5338,7.2218,40.2948,26.2372,35.8079,3.9737
7/30/2002,217.96,0,0,0,0,0,0,0,0,0,0,0,8.9524,38.3731,5.68,72.2283,7.2218,43.3351,26.2372,35.8079,3.9737
7/31/2002,115.94,0,0,0,0,0,0,0,0,0,0,0,8.9524,37.4256,5.5912,72.2283,6.8297,41.5019,25.4982,35.8079,3.9737
8/1/2002,108.23,0,0,0,0,0,0,0,0,0,0,0,8.7523,36.7219,5.5029,70.93,6.8297,42.1099,25.4982,35.8079,3.9737
8/2/2002,116.37,0,0,0,0,0,0,0,0,0,0,0,8.7523,36.7219,5.5029,70.93,6.8297,41.5019,25.4982,35.8079,3.9737
8/3/2002,116.37,0,0,0,0,0,0,0,0,0.9,0,0.5,9.1536,36.4887,5.5029,70.93,6.8297,42.1099,25.4982,35.8079,3.9737
8/4/2002,112.74,0,0,3.2,0,0,0,1.1,5.5,1.2,5.3,0,8.5532,36.4887,5.4151,69.6389,6.8297,41.5019,26.2372,35.3136,3.9737
8/5/2002,106.15,0,0,0,0,0,0,0,0,0,0,0,8.5532,36.2561,5.4151,69.6389,7.2218,41.5019,26.2372,35.3136,3.6949
8/6/2002,111.86,0,0,0,0,0,0,0,0,0,0,9.4,8.3552,36.0242,5.4151,69.6389,7.2218,40.2948,26.9811,35.3136,3.6949
8/7/2002,25.68,0,0,0,0,0,0,0,0,0,0,0,8.3552,35.5624,5.3279,68.3551,6.8297,42.721,28.4831,34.8226,3.6949
8/8/2002,138.46,0,0,0,0,0,0,0,0,0,0,0,8.3552,34.8746,5.3279,67.0787,6.8297,40.2948,26.9811,34.8226,3.4196
8/9/2002,147.63,0,0,0,0,0,0,0,0,0,0,0,8.3552,34.4194,5.2411,67.0787,6.4413,39.1,25.4982,34.8226,3.4196
8/10/2002,140.63,0,0,0,0,0,0,0,0,0,0,0,8.1582,34.1928,5.2411,65.8097,6.4413,41.5019,24.0349,34.8226,3.4196
8/11/2002,155.91,0,0,0,0,0,0,0,0,0,0,0,8.1582,33.7415,5.155,65.8097,6.0568,37.9176,24.764,34.8226,3.4196
8/12/2002,130.37,0,0,0,0,0,0,0,0,0,0,0,7.9624,33.5169,5.155,64.5481,6.0568,39.1,23.3108,34.8226,3.4196
8/13/2002,32.46,0,0,0,0,0,0,0,0,0,0,0,7.9624,33.293,5.0693,64.5481,6.0568,39.6959,22.5918,34.3351,3.1479
8/14/2002,138.63,0,0,0,0,0,0,0,0,0,0,0,7.9624,33.0697,5.0693,63.2941,6.0568,40.2948,23.3108,34.3351,3.1479
8/15/2002,131.69,0,0,0,0,0,0,0,0,0,0,0,7.7676,32.6252,4.9842,62.0476,6.0568,39.6959,22.5918,33.851,3.1479
8/16/2002,117.41,0,0,0,0,0,0,0,0,0,0,0,7.7676,32.4039,4.9842,60.8088,5.6763,38.5072,21.8781,33.851,3.1479
8/17/2002,67.19,0,0,0,0,0,0,0,0,0,0,0,7.7676,32.1833,4.9842,59.5776,5.6763,42.1099,21.8781,33.3703,3.1479
8/18/2002,82.13,0,0,0,0,0,0,0,0,0,0,0,7.574,32.1833,4.8996,59.5776,5.3,37.331,21.8781,33.3703,3.1479
8/19/2002,72.87,0,0,0,0,0,0,0,0,0,0,0,7.574,31.7441,4.8996,59.5776,5.3,35.5903,21.8781,33.3703,3.1479
8/20/2002,37.63,0,0,0,0,0,0,0,0,0,0,0,7.574,31.7441,4.8156,58.3542,5.3,34.4456,21.1698,32.8931,3.1479
8/21/2002,20.37,0,0,0,0,0,0,0,0,0,0,0,7.574,31.5255,4.8156,58.3542,5.3,37.9176,21.8781,32.8931,3.1479
8/22/2002,26.31,0,0,0,0,0,0,0,0,0,0,0,7.574,31.3076,4.7321,58.3542,5.3,36.7476,20.4669,32.4193,2.88
8/23/2002,40,0,0,0,0,0,0,0,0,0,0,0,7.574,31.0903,4.7321,58.3542,5.3,37.331,21.1698,29.1987,2.88
8/24/2002,50,0,0,0,0,0,0,0,0,0,0,0,7.3815,31.0903,4.7321,57.1386,5.3,36.7476,20.4669,30.1017,2.88
8/25/2002,60,0,0,0,0,0,0,0,0,0,0,0,7.3815,31.0903,4.7321,57.1386,5.3,35.0163,20.4669,29.1987,2.88
8/26/2002,60,0,0,0,0,0,0,0,0,0,0,0,7.3815,30.8738,4.7321,57.1386,4.9281,34.4456,20.4669,29.1987,2.88
8/27/2002,60,0,0,0,0,0,0,0,0,0,0,0,7.3815,30.6579,4.7321,55.9309,4.9281,35.0163,19.7695,28.7523,2.88
8/28/2002,60,0,50,0,0,0,0,0,0,0,0,0,7.1902,30.4426,4.7321,55.9309,4.9281,36.1673,19.7695,27.8698,2.88
8/29/2002,65,0,0,0,0,0,0,0,0,1.8,0,0,8.3552,30.4426,4.6492,55.9309,4.9281,36.7476,19.7695,27.8698,2.88
8/30/2002,65,0,0,0,0,0,0,0,0,0,0,0,7.574,30.2281,4.6492,55.9309,5.3,35.5903,19.7695,27.8698,3.1479
8/31/2002,65,0,0,0,0,0,0,0,0,0,0,0.9,7.7676,30.4426,4.6492,54.7311,5.3,35.0163,18.3917,27.8698,3.1479
9/1/2002,65,4,0,0,38,5.8,11.8,9.4,14.2,1.5,0,0,7.7676,30.6579,4.8996,54.7311,5.6763,39.1,23.3108,26.5719,3.1479
9/2/2002,70,3.2,1.3,3.2,42.1,7.9,24.5,26.6,20.5,6.6,5,0,7.574,30.8738,5.0693,54.7311,6.4413,40.8968,30.7707,33.851,3.1479
9/3/2002,80,0,0,5.4,8,0,1.6,0,0.6,0,0,0,7.574,31.0903,4.9842,54.7311,7.2218,41.5018,33.8826,44.184,3.1479
9/4/2002,85,0,0,0,19,0,0,0,0,0,0,0,7.1902,31.0903,4.8156,55.9309,7.2218,41.5018,35.4641,48.1244,3.1479
9/5/2002,85,0,0,0,0,0,0,0,0,0,0,0,9.7632,30.4426,4.8156,55.9309,6.4413,39.1,31.5421,49.8645,3.1479
9/6/2002,85,0,10,22.7,0,14.1,0,0,0,0.1,9.8,9.7,8.5532,30.4426,8.0664,57.1386,6.0568,39.6959,26.2372,44.184,6.923
9/7/2002,85,0,0,0,2,0,0,0,0,0.1,0,0,7.7676,32.1833,5.2411,57.1386,6.0568,39.6959,24.0349,36.807,6.0105
9/8/2002,90,10.6,0,0,21,1.3,5.4,4.8,4.8,0,0,1,7.574,35.3324,5.0693,57.1386,6.0568,40.2948,24.764,34.3351,5.1206
9/9/2002,90,0,0,2.4,0,0,0,0,0,0,0,0,7.574,34.6466,4.7321,57.1386,6.0568,40.2948,25.4982,35.3136,4.2559
9/10/2002,95,0,0,0,0,0,0,0,0,0,0,0,7.3815,31.0903,4.6492,63.2941,6.0568,40.8968,26.2372,36.3057,3.9737
9/11/2002,95,0,0,0,0,0,0,0,0,0,0,0,7.3815,30.6579,4.5668,63.2941,5.6763,41.5018,24.0349,36.807,3.4196
9/12/2002,120,0,0,0,0,0,0,0,0,0,0,0,7.1902,30.2281,4.5668,58.3542,5.3,41.5018,23.3108,33.851,3.4196
9/13/2002,150.33,0,0,0,0,0,0,0,0,0,0,0,7.1902,29.5885,4.5668,55.9309,5.3,39.1,21.8781,32.8931,3.1479
9/14/2002,108.26,0,0,0,0,0,0,0,0,0,0,0,7,29.1655,4.485,53.5393,5.3,37.9176,21.1698,31.0185,2.88
9/15/2002,188.39,0,0,0,0,0,0,0,0,0,1.2,0,7,29.1655,4.485,52.3556,4.9281,36.1673,20.4669,30.1017,2.88
9/16/2002,98.2,0,0,0,0,0,0,0,0,0,0,0,7,28.955,4.4037,51.18,4.9281,36.7476,19.7695,28.7523,2.88
9/17/2002,107,0,0,0,0,0,0,0,0,0,0,0,6.811,28.7452,4.4037,51.18,4.5609,38.5072,19.7695,27.8698,2.88
9/18/2002,100.14,0,0,0,0,0,0,0,0,0,0,0,6.811,28.536,4.323,50.0127,4.5609,38.5072,19.0777,27.8698,2.88
9/19/2002,61.06,0,0,0,0,0,0,0,0,0,0,0,6.811,28.3276,4.323,48.8537,4.5609,37.9176,18.3917,27.0011,2.88
9/20/2002,97.89,0,0,0,0,0,0,0,0,0,0,0,6.811,28.1198,4.2429,48.8537,4.5609,37.9176,18.3917,26.1461,2.88
9/21/2002,88.2,0,4.5,4.6,3,0,0,0,0,0,0.7,7,7,27.9127,4.2429,47.703,4.1985,37.9176,17.7115,26.1461,2.88
9/22/2002,249.67,6.2,0,0,18.1,8.5,1.6,6,14,9.4,11.5,0,7.1902,28.3276,4.4037,47.703,4.9281,39.1,21.1698,25.3048,2.88
9/23/2002,237.06,18,9.7,2.2,25,1.5,6.6,14,2.4,2.7,0.2,0,7.3815,29.801,4.5668,51.18,5.3,39.6959,20.4669,30.1017,3.6949
9/24/2002,281.43,7.4,8,12.4,32,12.1,15.2,13.6,19.2,11.9,57.9,17.6,7.574,31.3076,5.2411,54.7311,9.6723,47.0821,41.1263,31.482,4.2559
9/25/2002,470,26.2,7.9,7,19,8.5,21.7,36.6,21.5,6.8,11.7,0,8.3552,35.5624,6.224,59.5776,12.7932,56.9031,62.7838,60.9524,5.7113
9/26/2002,158.16,0,0,0,0,0,0.6,0,0,0,0,0,7.574,39.0906,5.0693,59.5776,13.8764,60.3158,60.0769,88.7805,3.9737
9/27/2002,172.39,0,0,0,0,0,0,0,0,0,0,0,7.574,36.0242,4.7321,62.0476,11.2076,58.26,60.0769,84.922,2.88
9/28/2002,20.5,0,0,0,0,0,0,0,0,0,0,0,7.3815,32.6252,4.485,68.3551,8.1914,53.559,44.4464,83.4026,2.88
9/29/2002,326.06,0,0,0,0,0,0,0,0,0,0,0,7,30.6579,4.4037,68.3551,7.2218,47.7169,34.6713,61.6009,2.88
9/30/2002,172.28,0,0,0,0,0,0,0,0,0,0,0,7,29.5885,4.323,64.5481,6.8297,44.5723,29.2411,48.701,2.88
10/1/2002,189.55,0,0.719047619,1.2,0,0,0,0,0,0,0,0,7,28.955,4.2429,58.3542,6.0568,42.1099,26.2372,40.9402,2.88
10/2/2002,151.39,1,5.7,0,0,0,4.1,4,3.4,20,0.9,1.1,7.574,28.536,4.2429,55.9309,5.6763,42.721,25.4982,37.3116,2.88
10/3/2002,85.77,0,0,0,0,0,0,0,0,0,0,0,7.574,28.1198,4.4037,53.5393,6.4413,40.2948,24.764,35.8079,2.88
10/4/2002,43,0,0,0,0,0,0,0,0,0,0,0,7.574,28.1198,4.485,52.3556,6.4413,36.1673,25.4982,35.3136,2.88
10/5/2002,120.77,0,22.2,12.2,0,0,0,0,0,0,0,0.8,7.1902,27.7063,4.4037,50.0127,6.0568,40.2948,24.0349,35.8079,2.6162
10/6/2002,195.39,0,0,0,0,0,6.3,0,0,0,0,0,7,28.3276,4.323,48.8537,5.6763,39.1,23.3108,33.851,2.6162
10/7/2002,40.5,0,0,0,0,0,0,0,0,0,0,0,7,28.1198,4.1633,47.703,5.3,37.9176,22.5918,32.8931,2.3568
10/8/2002,37.38,0,0,0,0,0,0,0,0,0,0,0,6.811,27.5005,4.0058,46.5608,5.3,42.1099,21.1698,31.9489,2.3568
10/9/2002,53.39,0,0,0,0,0,0,0,0,0,0,0,6.4367,26.6844,3.928,46.5608,4.9281,40.8968,20.4669,30.1017,2.1021
10/10/2002,76.07,0,0,0,0,0,0,0,0,0,0,0,6.0673,26.0795,3.8507,46.5608,4.5609,37.9176,19.0777,28.7523,1.8525
10/11/2002,73.96,0,0,0,0,0,0,0,0,0,0,0,5.8845,25.8792,3.7739,45.4271,4.5609,37.9176,18.3917,27.0011,1.8525
10/12/2002,70.07,0,0,0,0,0,0,0,0,0,0,0,5.703,25.4807,3.7739,43.1856,3.8412,37.9176,17.0373,25.7237,1.8525
10/13/2002,70.19,0,0,0,0,0,0,0,0,0,0,0,5.5228,25.085,3.7739,43.1856,3.8412,29.9972,16.3692,24.0686,1.8525
10/14/2002,72.76,0,0,0,0,0,0,0,0,0,0,0,5.344,24.692,3.7739,42.078,3.8412,31.0895,15.7073,23.2616,1.6083
10/15/2002,69.76,0,0,0,0,0,0,0,0,0,0,0,5.344,24.4966,3.7739,40.9792,3.4894,28.384,15.0519,22.0769,1.6083
10/16/2002,69.76,0,0,0,0,0,0,0,0,0,0,0,5.5228,24.1077,3.6978,38.8086,3.1435,29.4561,14.4029,21.3042,1.6083
10/17/2002,63.64,0,0,0,0,0,0,0,0,0,0,0,5.344,24.1077,3.6222,38.8086,3.1435,33.8782,14.4029,20.5453,1.3702
10/18/2002,62,0,0,0,0,0,0,4.8,0,0,0,0,5.344,23.9144,3.5473,37.737,3.1435,35.0163,13.1252,20.171,1.3702
10/19/2002,62,0,0,0,0,0,0,0,0,0,0,0,5.344,23.7217,3.4729,36.6747,2.8037,34.4456,13.1252,18.708,1.3702
10/20/2002,62,0,0,0,0,0,0,0,0,0,0,0,5.1666,23.7217,3.3991,36.6747,2.8037,35.0163,12.4968,18.3509,1.3702
10/21/2002,60,0,0,0,0,0,0,0,0,0,0,0,5.1666,23.7217,3.3259,35.6217,2.4708,34.4456,11.8756,17.6469,1.3702
10/22/2002,60,0,0,0,0,0,0,0,0,0,0,0.8,5.344,23.7217,3.4729,35.6217,2.4708,33.8782,13.1252,16.9566,1.6083
10/23/2002,58,2.8,1.7,15.3,0,1.5,19.5,5,21.2,6.3,0,4.7,8.9524,23.5297,3.5473,35.6217,2.4708,33.3139,17.7115,19.0686,1.8525
10/24/2002,58,0,0,0,0,0,0,0,0,0,0,0,5.8845,23.3384,3.4729,35.6217,2.8037,33.3139,19.0777,25.3048,2.3568
10/25/2002,58,0,0,0,0,0,0,0,0,0,0,0,5.5228,27.7063,3.3259,34.5781,3.1435,33.8782,21.8781,27.4338,2.3568
10/26/2002,60,0,0,0,0,15.7,0,0,0,0,4,4.3,5.344,25.8792,3.6222,33.5441,3.1435,35.0163,23.3108,31.0185,2.6162
10/27/2002,60,24.2,5.2,24.2,2,0,7.3,14.6,2.5,0,0,0,5.8845,24.692,4.5668,35.6217,2.8037,35.5903,22.5918,32.8931,2.88
10/28/2002,62,0,0,18.6,0,11.5,0,0,0,0,0,6,9.7632,24.3018,4.2429,38.8086,2.8037,37.331,20.4669,31.9489,3.6949
10/29/2002,62,7.4,48.7,6.2,3.1,1.1,0,44.8,12.9,5.6,16.7,2.5,6.0673,26.8874,3.928,39.8894,3.1435,43.9522,30.7707,30.1017,4.8294
10/30/2002,64,0,0.8,10.5,1.2,0,0.5,6,0,7.7,12.8,12.1,9.7632,28.955,6.224,39.8894,5.3,45.8213,23.3108,42.5467,4.8294
10/31/2002,68,28.4,8.1,2.4,38,15.3,10,15,21,20.5,8.9,17.9,12.5044,31.9634,7.965,44.302,7.7107,48.3546,24.0349,32.8931,5.4146
11/1/2002,70,0,2.8,13,22.1,13.1,11.9,1.6,3.6,7.9,27,0,9.559,40.0564,6.3165,59.5776,13.3323,48.3546,26.2372,34.3351,6.923
11/2/2002,231.21,47.2,3.5,10.4,31,88.7,10.4,44.4,39.7,9.5,36.8,11.5,9.9684,35.793,5.4151,68.3551,21.3695,67.3422,43.6108,39.3645,7.2319
11/3/2002,198.78,0,0,0,0,0,0.3,0,3.7,4,0,0,7.1902,54.386,4.323,72.2283,17.8191,73.7558,63.6922,64.2293,3.9737
11/4/2002,158.7,0,0,0,0,0,0.7,0,0,0,0,0,6.6232,47.8942,4.1633,76.1662,13.3323,66.6277,52.9966,88.7805,3.1479
11/5/2002,567.63,12.6,1.4,30.2,8.1,0,0,10.2,5.1,0,0,4,6.4367,34.4194,4.2429,84.231,10.6901,57.5802,41.1263,73.8596,3.6949
11/6/2002,1031.89,34.8,84.4,19.8,54,64.4,27.4,22,42.8,25.4,1.7,3,8.3552,45.298,5.2411,106.907,17.8191,76.0093,48.6781,59.0274,9.7774
11/7/2002,334.35,14.2,3.4,1,6,2.9,7.4,4.6,5.6,0.4,72.8,0,6.6232,47.8942,4.8156,108.378,31.5005,78.2878,71.0654,71.7395,5.4146
11/8/2002,176.46,0,0,0,2,0,1.1,0,0.5,0,0,0,6.4367,41.0327,4.4037,120.367,27.5964,85.2719,80.5354,101.702,4.8294
11/9/2002,290.16,0,0,0,0,0,0,0,0,0,0,0,6.4367,34.1928,4.323,128.053,16.6697,71.4405,56.5052,111.094,4.5411
11/10/2002,362.35,0,0,0,0,0,0,0,0,0,0,0,6.0673,31.0903,4.2429,129.608,11.7308,60.3158,43.6987,78.1922,4.5411
11/11/2002,248.08,0,0,0,5.2,0,0,0,0,0,0,0,6.0673,29.5885,3.928,115.826,10.1783,50.2849,44.5614,62.2529,4.2559
11/12/2002,437.05,24.6,21.4,56.6,11,13.9,7.4,70,44.9,26.3,0,19.3,10.3818,35.3324,4.6492,101.084,9.1724,56.2287,46.2983,63.567,14.1545
11/13/2002,371.35,0,0,0,8.2,0,0,3.4,0,1.6,57.6,0,6.6232,44.024,4.8996,88.3555,12.2593,58.26,35.2944,64.2293,7.8561
11/14/2002,165.76,0,0,0,0,4.5,0,0,0,2.8,0,38.5,29.7509,55.5035,4.6492,82.8697,16.1017,54.2223,41.1343,50.4514,4.8294
11/15/2002,226.98,0,0,0,0,0,0,0,0,0,8.4,8.8,8.7523,71.2545,4.8996,92.5399,13.3323,53.559,38.6063,57.7612,5.1206
11/16/2002,214.09,0,0,15.2,0,0,0,7.2,0.7,2.3,0,0,7.3815,71.8829,4.4037,105.442,12.2593,53.559,39.4448,54.6555,9.1293
11/17/2002,233.08,0,0,11.6,2,1.7,6.1,0,0,2.7,0.9,0,8.1582,50.8241,4.8156,112.829,10.1783,48.9951,32.0528,54.6555,11.0951
11/18/2002,103.28,27.2,0,2.4,0,0,8.2,2.6,7.7,1.2,0,0,12.2881,43.0165,5.2411,114.325,9.1724,47.0821,36.9418,45.8522,6.923
11/19/2002,329.17,0,0,0,0,13.2,0,0,0,0,0,0,10.1746,45.0419,14.3452,98.2104,8.1914,46.4503,60.5076,55.2698,4.5411
11/20/2002,133.41,0,0,0,0,0,9.7,1.2,4.4,15.7,0,0,8.5532,47.6317,5.5912,84.231,7.7107,46.4503,87.9489,88.7805,3.6949
11/21/2002,332.17,0,7.5,0,0,0,0,0,0.4,0,0,0,10.1746,47.3698,5.3279,82.8697,7.2218,46.4503,83.5771,123.645,3.4196
11/22/2002,597.37,35.4,0.6,2.1,51.2,19.6,3.3,26,0.3,0.4,12.3,32,14.7139,51.0943,4.9842,84.231,13.3323,47.7169,92.3715,119.085,3.4196
11/23/2002,525.61,2,9,5.6,62,0,4.1,35,3.8,1.5,53.2,14.6,14.2655,71.8829,9.972,102.531,26.3221,63.0946,93.485,131.117,8.4887
11/24/2002,396.3,0,0,36.8,0,0,16.7,9.8,45.6,0,0.4,0.4,8.9524,91.1635,5.4151,117.334,28.2388,77.5255,94.6014,132.067,10.4328
11/25/2002,391.98,1.4,0,3.2,8.1,19.6,9.2,24.4,16.6,12.1,27.7,14.9,16.5391,76.0271,8.7894,131.168,27.5964,82.1405,102.501,134.936,8.808
11/26/2002,377.3,9.2,1.7,21,0,0,0,0,1,0,0,0,10.5899,68.1493,9.7528,151.963,29.5336,101.57,208.47,157.952,6.3123
11/27/2002,458.11,0,0,0,1,27.9,0,0,0,0.3,19.2,2.7,8.7523,74.741,7.3668,153.601,18.4004,88.4466,191.2,292.999,5.7113
11/28/2002,360.98,0,0,0,0,2.5,2.3,2,1,0.1,0,0,7.9624,59.7837,5.68,147.081,14.9795,67.3422,71.8281,256.028,4.5411
11/29/2002,395.3,0,0,0,0,0,0,0,0,0,0,0,7.3815,45.5547,5.155,156.893,12.7932,57.5802,64.5722,100.869,3.9737
11/30/2002,261.35,0,0,0,0,0,0,0,0,0,0,0,7.3815,40.5432,4.6492,148.703,10.6901,54.2223,57.4999,90.3479,3.4196
12/1/2002,255.72,0,0,0,0,0,0,0,0,0,0,0.6,7,36.0242,4.485,121.893,9.6723,50.934,47.1725,80.4047,2.6162
12/2/2002,257.35,0,0,0,0,0,0,0,0,0,0,0,7,36.7219,4.323,101.084,8.6787,47.0821,42.8399,66.2364,2.3568
12/3/2002,190.54,0,0,0,0,8.9,0,0,0,0,0,3.6,7.1902,36.0242,4.485,86.974,7.7107,44.5723,38.6063,60.3073,2.3568
12/4/2002,224.85,0,0,0,0,0,0,0,0,0,0,0,7,37.1904,4.2429,77.493,6.8297,44.5723,34.4773,54.0447,2.3568
12/5/2002,70.17,0,0,0,2,0,6.4,0,0,32.9,0,0.2,33.0365,33.9668,4.2429,73.5338,6.4413,43.9522,44.5614,49.8645,1.8525
12/6/2002,18.56,0,0,0,8.1,0,0,0,0,0,0,0,7.7676,38.1352,4.485,69.6389,9.6723,43.3351,47.1725,63.567,1.8525
12/7/2002,190.17,11.6,20,0,5,2.3,8.7,2,0.5,0,0,0,7,45.5547,4.323,69.6389,10.1783,47.0821,48.0504,66.9123,1.6083
12/8/2002,248.04,34.5,0,1.2,3,4.5,42,9.1,9,0.1,0,11.2,7.1902,34.1928,5.3279,68.3551,8.6787,49.6386,95.721,73.8596,1.6083
12/9/2002,416.65,1.8,1.5,2.6,6.2,18.4,13.1,8,36.7,0.9,0,8,8.7523,32.4039,6.9779,76.1662,9.1724,46.4503,165.326,143.727,1.3702
12/10/2002,806.61,12.8,38.1,43.2,8,80.3,33.7,0,0,28.3,42.3,41.7,56.7481,37.6615,13.9687,78.8268,11.2076,72.3214,110.544,227.742,11.4288
12/11/2002,831.74,8.2,4.9,10,12,67.6,13.7,25,38,23.3,26.4,31.7,14.0424,127.873,18.8676,86.974,17.8191,110.977,134.264,158.993,17.6882
12/12/2002,659.13,9.4,54.6,47.2,22,38.1,78.4,24,40.9,51.4,14.4,15.4,15.6204,188.176,22.3321,142.249,40.8428,112.721,169.151,194.13,44.3839
12/13/2002,888.61,28.2,15.6,10.6,28,53.1,47.6,53,41.2,36.9,40.5,37.5,107.645,219.827,26.4856,245.346,51.6493,149.654,299.993,256.028,28.5785
12/14/2002,2279.5,29.8,89.6,6.2,23.1,4.2,14.1,15.4,11.8,7.9,5.4,0,40.7057,302.927,19.9981,338.744,53.5879,160.479,298.968,423.913,23.5903
12/15/2002,1830.11,22.4,19.4,4,27,13.5,19.6,15,23.6,8.7,21,38.7,58.6388,293.25,16.9494,413.056,45.9367,158.49,244.007,417.134,20.6039
12/16/2002,1589.98,21.2,25.8,2.4,13.2,29.5,14.5,24,30,21.1,19.3,10,25.2374,277.278,18.1737,451.373,44.5335,160.479,184.65,338.513,18.7729
12/17/2002,1583.93,18.4,7.4,6,39.1,17.8,24.3,34.4,24.4,29.3,21.3,5.4,22.9195,272.99,26.4856,470.11,59.5026,178.788,217.91,265.375,19.8681
12/18/2002,1308.59,0,0,1.3,0,10.1,4.4,14,8.4,0,1.8,32.9,19.1753,236.116,13.7198,495.677,59.5026,176.718,226.077,310.229,15.2007
12/19/2002,1267.59,0,0,0,0,0,0,0,0,0,0,0,15.3926,189.388,9.2129,497.838,45.4678,152.579,172.996,313.148,9.7774
12/20/2002,1185.96,0,0,0,0,0,0,0,0,0,0,0,33.8701,123.835,8.8946,482.81,32.1626,111.848,129.436,239.114,8.1714
12/21/2002,1122.15,0,11.5,3.2,0,17.4,0,0,0,0,0,2,36.9671,148.486,10.9806,453.437,25.6902,90.8557,101.364,179.434,7.5429
12/22/2002,1114.2,49.6,0,0,14,42.5,0,47,59,24.6,67.1,6.9,37.8225,129.914,31.9143,397.425,37.5703,83.7008,148.987,149.741,10.7631
12/23/2002,793.13,3.4,3.7,6.4,0,0,1.5,0,0,0,0,0,33.0365,112.837,21.153,378.306,43.1407,110.109,124.649,208.208,8.808
12/24/2002,861.26,4.6,8.6,0,0,0,14.3,23,24.9,0,0,6.1,16.0782,141.605,14.4715,370.788,38.2597,113.596,128.235,177.225,13.1211
12/25/2002,879.07,0,0.3,14.8,0,5.5,0,48,25.3,0,0,0,16.7707,182.201,11.9074,363.345,37.5703,89.2469,139.132,182.774,12.101
12/26/2002,1194.72,7.6,2.7,11.1,8,6.3,2.2,20.8,6.3,14.4,19.7,37.2,25.2374,164.496,10.7533,349.515,34.1677,112.721,133.053,196.442,13.1211
12/27/2002,792.44,22.4,0,2,0,0,0,4.2,2.6,0,0,0,16.7707,191.83,8.8946,323.933,37.5703,104.105,127.037,187.276,12.101
12/28/2002,749.81,0,0,0,0,0,0.2,0,0.5,0,0,0,14.0424,299.485,8.5804,309.436,30.8416,95.7456,94.6014,176.125,9.1293
12/29/2002,792.14,0,0,40.5,15.1,0,20.6,1.2,0,0,0,0,12.7216,216.225,8.0664,301.293,25.0618,84.485,86.8512,133.02,15.905
12/30/2002,678,16.8,0,32.2,0,0,27.2,6.4,52,0.9,0,0,11.8581,120.251,7.0744,287.291,20.1696,73.7558,92.3715,123.645,25.8728
12/31/2002,873.5,1.6,3,12,45,32.9,0,0.5,6.2,0,12.5,50.4,19.1753,94.3366,16.8153,273.605,18.986,78.2878,90.154,130.171,21.3442
1/1/2003,1093.35,8,31.2,21.6,0,1.9,1.8,0.3,10,0,0.9,1.1,41.2882,262.486,12.3813,236.251,21.9754,102.412,100.229,129.229,18.0485
1/2/2003,948.52,0,2.4,17.8,111.4,16.1,0,1.4,0,19.5,4.6,0,14.7139,246.314,9.972,269.753,28.8845,89.2469,93.485,140.766,13.4641
1/3/2003,988.65,24.2,3.6,39,5,27.3,53.3,58.4,36.1,41.5,17.3,0,18.4454,134.869,14.9809,285.317,40.8428,92.4751,174.283,142.736,19.5019
1/4/2003,1429,6.8,42.9,11.2,12.2,11.9,22.5,28.6,7.9,21.5,8.2,32,18.9313,132.794,17.2187,319.759,87.2329,127.028,294.874,261.349,19.5019
1/5/2003,1562.94,28.4,3.5,14.9,19,0,24.7,26,6.2,4.9,7.7,31.6,17.9625,493.287,14.4715,297.26,67.0946,224.294,272.573,415.448,13.8086
1/6/2003,1291.5,8.6,0.3,4.3,8,4.4,10.9,10,10.8,10.1,13.2,19.3,18.688,486.491,12.862,315.61,56.527,210.904,216.556,379.211,13.8086
1/7/2003,1574.26,51.6,3.9,1.2,18,5.6,33.5,17.8,19.4,18.7,38.3,3.5,17.7221,390.631,12.862,871.584,51.1673,207.604,260.567,311.687,11.4288
1/8/2003,1473.13,62.8,17.3,8.2,3,0,47.2,30.6,9.8,0,0,0,16.0782,288.777,10.6403,840.482,45.4678,217.561,367.08,382.437,13.8086
1/9/2003,1503.99,0,0,5.3,1,0,28.6,1.2,8.6,2.4,0,0,14.9394,186.168,9.7528,670.612,39.932,180.868,269.561,507.652,15.2007
1/10/2003,1685.78,0,13.8,19.6,0,4.1,2.4,0,0,0,0,0,13.8202,152.86,9.0002,489.222,32.8279,143.869,191.2,372.8,22.8375
1/11/2003,1263.3,1.2,0,28.4,6,5.5,25.2,21.8,18.6,43,7.9,0,56.7481,134.453,12.1434,321.843,56.527,176.718,278.619,281.786,26.2565
1/12/2003,1138.67,3.8,7.4,3.1,8.1,2.5,8.3,0,16,2.4,4.3,5.3,18.688,128.688,12.6208,265.927,75.4219,253.16,261.563,392.197,65.6562
1/13/2003,1271.5,4.2,8.3,5,5,38.5,2.1,31.1,1.6,23.5,0,2.6,16.5391,120.251,12.9833,236.251,50.6863,235.685,263.558,371.206,55.4997
1/14/2003,1137.6,21.2,3.8,2.2,28,4.7,19.4,6.6,32.2,19.2,32.8,0,20.9034,132.794,19.7132,225.552,50.6863,273.428,203.12,366.443,48.61
1/15/2003,1479.31,0,4.5,42,0,29.3,12.4,2,25.5,13.5,10,0,57.0622,141.605,14.7254,215.088,83.4312,234.536,220.625,290.175,34.1178
1/16/2003,1418.13,15.8,0.3,11.6,0,0,13.1,112.2,99,0,5.7,6.2,21.9061,152.42,11.0949,238.057,110.841,331.427,454.679,341.562,30.9324
1/17/2003,1669.96,27.4,2.8,12.9,54,3.1,43.9,65.8,63,22.2,57.7,30.6,69.8644,172.94,12.862,252.739,150.423,513.342,387.526,635.854,29.7516
1/18/2003,1757.09,36.8,16.7,42.2,8,89.7,8.7,23.4,44.2,13.4,38,40,104.641,323,36.2748,275.541,178.955,645.147,358.542,545.567,86.3698
1/19/2003,2164.11,22.2,14.4,31.5,12,23.6,28.9,10.2,32.6,19.9,21.2,25.2,134.895,459.662,37.1718,338.744,161.308,585.992,344.757,505.792,89.1261
1/20/2003,3034.02,1,30.9,2,35,13.2,14.1,23,7.4,23,13.7,51.6,93.5201,564.364,36.812,602.252,141.793,490.193,342.647,487.379,58.1216
1/21/2003,2429.85,1.2,21.3,6.8,25.1,2.7,1.3,1.2,4.8,11.4,23.3,0,58.007,656.578,37.1718,837.682,106.243,422.317,326.905,483.737,41.8797
1/22/2003,2203.63,66.2,20.4,0,51.3,32.1,9.2,14,31.2,68.3,10.3,17.1,45.12,683.326,32.5979,1019.99,122.533,365.55,296.92,458.627,51.1757
1/23/2003,2157.63,3.4,0,2.6,0,35.6,3.4,0.8,4,14.1,7,57.2,44.5254,654.051,28.9061,1169.99,196.504,402.94,283.678,418.824,46.0666
1/24/2003,2150.27,0,0,0,0,0,0,1.4,22.4,0,0.14,0,36.3994,625.26,19.4298,1203.22,182.718,447.178,258.577,398.772,40.2239
1/25/2003,1998.73,0,0,0,0,0,0,0,0,0,0,1.1,37.8225,571.547,16.1511,1153.55,93.8413,367.072,193.834,358.574,34.9221
1/26/2003,1724.22,0,0,0,0,0,1.5,0,0,0,4.3,0,30.2929,458.557,18.4501,1095.32,65.0492,255.525,172.996,272.153,30.1444
1/27/2003,1404.89,0,0,4.1,9.2,12.5,8.7,0,0,4.5,1.5,0,26.0213,374.836,21.153,986.353,54.0752,208.702,167.874,244.257,50.318
1/28/2003,1476.89,0,0,45.6,12,17.2,0,0,1.5,7.4,37.5,21,25.4981,348.515,22.1834,793.514,53.1017,173.629,232.936,245.551,55.9352
1/29/2003,1643.06,0,2,4,30.1,27.8,4.2,13,0.3,79.5,33.2,9.3,41.5802,366.788,28.9061,658.138,73.3187,168.526,156.479,320.506,57.2454
1/30/2003,1955.61,35.4,17.3,1.6,11,8.9,34,71.8,46.2,60.7,18.8,149,203.43,401.909,31.2362,621.413,185.749,273.428,224.712,230.245,59.8806
1/31/2003,1857.41,33.6,37.2,9.5,0,17.9,11.4,30.2,52.2,17.2,26.9,19.2,53.0102,504.693,38.9829,658.138,330.023,643.13,340.539,332.456,62.9795
2/1/2003,1934.68,0,0,0,0,0,0,0,0,0,0,4.7,40.1252,565.559,28.0905,734.714,203.537,675.791,299.993,476.495,48.1845
2/2/2003,2166.08,0,0,0,0,0,0,0,0,0,0,0,33.8701,540.666,18.4501,909.061,116.068,491.955,204.454,413.765,36.9464
2/3/2003,1851.35,0,0,0,0,0,0,0,0,0,0,0,29.4807,434.491,16.2831,995.472,82.8914,315.698,155.225,283.175,24.3472
2/4/2003,1471.95,0,0,0,0,0,0,0,0,0,0,0,27.0751,362.154,15.1093,935.463,62.5136,217.561,144.04,217.866,22.4626
2/5/2003,1469.4,0,0,0,0,0,0,0,0,0,0,0,25.2374,312.253,14.2193,753.18,54.0752,180.868,127.037,202.282,19.1368
2/6/2003,1398.56,0,0,0,0,0,0,0,0,9.6,0,2.5,31.6579,277.278,13.8441,631.105,50.6863,164.484,118.724,178.328,17.329
2/7/2003,1268.5,0,0,0,0,0,0,0,0,0,0,0,24.7179,270.335,13.105,546.55,54.0752,161.477,108.232,166.381,16.2591
2/8/2003,1204.77,0,0,0,0,0,0,0,0,0,0,0,22.9195,239.48,12.2621,489.222,47.35,161.477,102.501,152.794,15.5522
2/9/2003,1193.43,0,0,0,0,0,0,0,0,0,0,0,21.4034,212.227,11.79,472.215,43.1407,140.06,97.9691,144.721,15.2007
2/10/2003,1118.24,0,0,0,0,0,0,0,0,0,0,0,20.9034,191.421,11.4404,418.995,40.8428,138.169,93.485,137.835,14.5019
2/11/2003,1145.89,0,0,0,0,0,0,0,0,0,0,0,19.4201,177.526,11.0949,370.788,38.9519,129.781,89.0499,132.067,13.8086
2/12/2003,831.83,0,0,0,0,0,0,0,0,0,0,0,18.688,164.951,10.9806,336.609,36.8838,124.297,87.9489,126.421,12.4395
2/13/2003,931.43,0,0,0,0,0,0,0,0,0,0,0,18.2036,129.096,10.4157,311.488,34.8422,123.392,82.4922,123.645,11.7641
2/14/2003,845.67,0,0,0,0,0,0,0,0,0,0,0,22.9195,126.656,10.7533,283.349,33.4962,119.795,78.1858,116.391,11.0951
2/15/2003,873.98,0,0,0,0,0,0,0,0,0,0,26.9,61.8214,120.251,10.1929,227.319,31.5005,119.795,100.229,113.727,11.4288
2/16/2003,1405.07,18.2,14.9,28.3,12,44.7,66.4,26,20,8,15.3,36.4,23.9433,143.74,19.5713,223.792,38.2597,139.113,121.086,144.721,11.0951
2/17/2003,803.06,0,0,0,0,0,0.7,0,0,0,0,2,23.1744,252.791,13.2271,343.033,38.2597,140.06,121.086,171.76,12.4395
2/18/2003,1018.94,26.2,18.1,0,21,11.6,21.2,2,10.4,18.8,13.1,7.9,24.2008,230.902,14.2193,367.057,42.218,153.558,122.271,171.76,8.808
2/19/2003,1567.15,32.4,30.9,10,61,24.5,12.5,5.4,38.7,20.3,33.9,41.9,38.1086,190.199,13.8441,660.624,43.1407,150.627,119.904,172.846,56.8081
2/20/2003,1818.15,2.6,25.6,0,3,3.4,1.5,1.4,3.7,6.6,3.1,14.1,43.9326,211.786,13.7198,513.094,44.0681,142.913,127.037,170.677,21.7159
2/21/2003,1083.89,0,0,0,0,0,0,3.4,0,0,0,0,32.2077,248.294,11.79,445.212,40.3868,137.228,105.931,177.225,19.5019
2/22/2003,1015.93,0,0,0,0,2.5,0,0,0,0,0,11,26.0213,277.278,10.8667,447.261,35.5198,127.028,92.3715,148.73,16.2591
2/23/2003,945,0,0,0,0,0,0,0,0,0,0,0,23.4301,228.561,10.4157,447.261,33.4962,119.795,84.6652,130.171,14.1545
2/24/2003,778.33,0,0,0,0,0,0,0,0,0,0,0,21.9061,216.225,9.972,424.975,31.5005,116.238,76.0528,119.085,13.1211
2/25/2003,779.65,0,0,0,0,0,0,0,0,0,0,0,21.4034,177.526,9.6439,399.363,28.8845,105.808,73.9335,107.631,12.4395
2/26/2003,691,0,0,0,0,0,0,0,0,0,0,0,20.1586,148.486,9.4275,372.66,27.5964,83.7008,69.7368,104.223,12.101
2/27/2003,695,4.8,0,0,0,0,0,0,0,0,0,0,19.6656,138.219,9.2129,334.48,27.5964,79.0528,67.66,98.3898,11.7641
2/28/2003,521.02,0,0,0,0,0,0,0,0,0,0,0,18.9313,133.208,9.1064,301.293,26.3221,76.766,65.5977,95.9413,11.7641
3/1/2003,596.67,0,0,0,0,0,0,0,0,0,1,0,18.4454,126.656,8.8946,273.605,25.0618,78.2878,63.5503,92.7245,11.0951
3/2/2003,530.33,0,0,0,0,0,0,0,0,0,0,0,27.8717,119.46,8.8946,252.739,24.4371,70.5644,60.5076,89.5625,11.0951
3/3/2003,448.37,0,0,1.3,0,0,2.2,0.1,0,0,0,0,19.9117,123.035,11.5565,236.251,23.1987,68.779,60.5076,85.6869,10.7631
3/4/2003,577.3,0,5.9,11.9,2,0,1.2,7.6,0,2.6,0,1.3,19.1753,126.656,10.4157,225.552,22.5851,73.7558,60.5076,85.6869,11.7641
3/5/2003,476.33,30.4,0.6,16.2,0,8.8,0,0,0,0.3,0,0,18.2036,117.495,9.32,220.291,26.9575,73.0103,61.518,85.6869,10.7631
3/6/2003,493.33,0,0,0,0,0,0,0,0,0,0,3,17.7221,109.398,9.4275,220.291,25.0618,89.2469,61.518,87.2269,10.1042
3/7/2003,445.57,0,0,4.8,0,0,0,0,0,10.2,0,0,17.0055,104.516,9.1064,215.088,23.1987,73.7558,58.4985,86.4552,8.4887
3/8/2003,636.47,0,0,11,0,0,0,0,0,1.6,0,0,21.9061,104.888,9.7528,209.945,28.2388,68.0593,58.4985,82.648,9.4524
3/9/2003,447.06,3.2,20.5,3.6,51.2,4.9,14.5,18,8.1,37.4,2,6.8,22.9195,117.104,10.3041,229.092,28.2388,89.2469,69.7368,84.1606,9.4524
3/10/2003,707,2.8,0.5,5.1,2,8.1,1.7,1,1.8,1.7,3,65.6,22.9195,153.742,10.9806,220.291,25.0618,110.109,74.9914,99.2128,10.1042
3/11/2003,635.24,1,2.9,1.3,6,2.9,1.7,11,5.5,12.6,2.8,4.5,20.1586,178.686,11.2096,216.816,34.8422,108.381,87.9489,107.631,11.4288
3/12/2003,722,1.2,0,5.1,8.1,6.3,0.8,0,0.4,16.4,0.9,40.6,18.9313,160.876,10.6403,227.319,45.9367,96.5698,78.1858,123.645,10.7631
3/13/2003,604.47,33.2,12.9,10,22,22.5,24,59.6,24.7,51.3,39.3,46.5,21.6544,165.863,15.4969,252.739,43.1407,135.352,82.4922,111.094,13.4641
3/14/2003,955.94,1,0.6,6.2,0,20.5,0.9,3,9.1,0.4,3,42.2,48.1199,241.904,21.5924,291.26,36.8838,176.718,93.485,118.184,19.8681
3/15/2003,963.59,4,24,16.4,2,0,2,1,14.1,0.3,0,0,21.4034,356.912,12.7412,347.348,36.8838,166.5,111.704,134.936,13.1211
3/16/2003,1352.96,2,4.9,2.1,23.1,0,8,8.6,5.1,1.7,38.2,0,22.4115,256.84,15.2381,397.425,36.2003,141.009,161.521,164.253,11.4288
3/17/2003,766.18,17.4,31.9,3.6,27,16.5,48.3,60.2,37,33,19.5,13.8,48.7251,162.681,12.862,437.061,44.5335,142.913,244.007,239.114,18.4101
3/18/2003,1982.8,1.8,103.5,53.4,0,0,0.5,6.4,11.3,0,25.3,0.3,27.34,167.694,12.5008,470.11,38.2597,138.169,313.388,353.893,24.3472
3/19/2003,1458.5,0,0.3,5.9,0,1.7,1.7,1.3,2.9,1.4,0,0,22.9195,172.94,11.9074,411.086,47.35,171.581,247.689,435.908,19.5019
3/20/2003,1420.59,0,7.2,1.2,2,0,0,9.6,0.7,1.9,0.6,0,39.258,148.052,17.2187,389.721,41.7584,146.751,161.521,340.036,15.5522
3/21/2003,1177.87,0,0,36.9,0,4.1,2.4,2.4,3.8,26.5,12.7,1.9,29.4807,134.453,25.8536,367.057,45.0001,182.956,133.053,225.253,15.5522
3/22/2003,1340.31,7,29.6,0,0,2.6,5.3,15.2,2.6,4.6,0.1,3.4,24.9773,171.845,23.687,349.515,41.7584,160.479,123.459,187.276,25.1081
3/23/2003,1258.31,0.1,4.2,5.1,0,2.9,3.1,16.6,2.9,0,0,0,25.7594,161.777,22.3321,321.843,38.2597,173.629,141.581,177.225,21.3442
3/24/2003,1042.28,5.2,7.5,0,0,1.3,0,0,0,0,0,0,21.9061,139.484,13.596,334.48,30.8416,161.477,175.571,204.642,18.4101
3/25/2003,995.72,0,0,0,0,0,0,0,0,0,0,0,20.9034,127.061,12.1434,330.242,28.8845,147.717,136.693,244.257,14.1545
3/26/2003,1460.69,0,0,5.5,0,0,0,0,0,0,0,0,20.4062,117.104,11.5565,309.436,30.8416,118.902,104.785,189.547,14.8506
3/27/2003,810.81,3.4,18.9,13.9,0,4.1,0.8,2.2,0.6,0.5,2.4,3.5,22.4115,111.686,12.2621,289.272,28.2388,110.109,96.8436,147.723,15.905
3/28/2003,718,1,1.5,1.2,0,4.8,0,3.4,4.5,3.6,2.6,1.5,25.4981,112.837,13.105,260.236,26.3221,118.012,92.3715,136.865,14.8506
3/29/2003,718,0,0,0,0,0,0,0,1.3,0,0,0,20.6545,118.672,11.2096,245.346,26.9575,110.109,90.154,130.171,13.8086
3/30/2003,626.91,0,0,0,0,0,0,0,0,0,0,0,19.4201,115.155,10.6403,232.659,25.0618,102.412,84.6652,127.354,12.7796
3/31/2003,636,0,0,0,0,0,0,0,0,0,0,0,18.9313,109.019,10.1929,229.092,21.9754,104.105,79.2574,119.085,12.4395
4/1/2003,622.09,0,0,0,0,0,0,0,0,0,0,0,18.688,103.403,10.0822,222.038,24.4371,96.5698,76.0528,111.968,12.101
4/2/2003,278.37,0,0,0,0,0,0,0,0,0,0,0,18.688,99.3682,9.7528,211.653,23.8161,85.2719,72.879,107.631,11.7641
4/3/2003,658,0,0,0,0,0,0,0,0,0,0,6.4,18.4454,95.7623,9.6439,204.86,23.1987,91.6641,70.7807,102.539,11.4288
4/4/2003,486.81,0,0,0,0,0,0,0,1.1,0.9,0,1,18.4454,100.096,9.6439,198.173,22.5851,79.0528,70.7807,100.039,12.101
4/5/2003,509,0,3,0,0,0,0,18.6,3.6,8.8,35.6,14.7,19.1753,121.44,9.8622,193.226,24.4371,90.8557,71.8281,100.039,12.101
4/6/2003,497,0,2.9,12.8,0,24.9,4.2,0,7.9,0,0,0,18.4454,130.324,10.3041,191.591,28.2388,98.2261,76.0528,102.539,11.4288
4/7/2003,777.09,10.4,4.6,2.2,0.4,1.9,0,13.8,13,0,0.3,6.3,18.9313,116.323,9.5355,201.503,26.3221,104.105,79.2574,108.491,11.0951
4/8/2003,502,0,0,0,0,0,0,0,0,0,0,0,18.688,144.168,9.32,201.503,25.0618,108.381,84.6652,112.846,13.1211
4/9/2003,706.81,0,3.5,25.2,0,34.7,0,0,0,2.4,0.3,1.2,17.9625,129.096,9.5355,201.503,25.6902,94.1051,82.4922,119.99,15.905
4/10/2003,500,0,1.3,3.1,2,0,6.2,0.8,3.6,3.8,0.3,0.7,26.2839,102.664,10.3041,199.835,28.8845,87.6489,91.2612,118.184,12.7796
4/11/2003,646.91,1,1.7,0,16,10.3,0,0,0.7,4.1,9.3,21.6,28.6736,109.778,10.9806,206.549,29.5336,91.6641,94.6014,129.229,11.7641
4/12/2003,510,0,0,0,0,1.1,0,0,0,0,1.4,0,18.688,139.484,9.4275,199.835,26.3221,91.6641,82.4922,132.067,11.0951
4/13/2003,498,0,0,0,3.4,10.9,0,0,0,0,0,0,17.9625,121.838,9.2129,208.243,24.4371,88.4466,72.879,115.499,10.4328
4/14/2003,500,0,0,0,0,0,0,0,0,0,0,0,17.4825,99.0049,9.0002,232.659,23.1987,87.6489,68.6966,102.539,10.1042
4/15/2003,505,0,0,0,0,0,0,0,0,0,0,0,17.4825,92.5678,9.0002,222.038,22.5851,85.2719,65.5977,96.754,10.1042
4/16/2003,511,0,0,0,0,0,0,0,0,0,1.2,1.2,17.7221,89.4216,9.0002,201.503,22.5851,76.766,64.5722,92.7245,9.7774
4/17/2003,420.09,0,0,0,0,0,0,0,0,0,0,0,17.4825,88.3836,8.6847,191.591,21.9754,76.0093,61.518,91.1367,9.4524
4/18/2003,412.09,0,0,0,0,0,0,0,0,0,0,0,17.0055,86.6656,8.4767,183.511,21.3695,73.7558,60.5076,87.2269,9.4524
4/19/2003,421.09,0,0,0,0,0,0,0,0,0,0,0,16.5391,83.948,8.2706,178.743,20.1696,73.7558,58.4985,85.6869,9.4524
4/20/2003,411.09,0,0,0,0,0,0,0,0,0,0,0,16.3083,81.9351,8.2706,175.597,19.5757,73.7558,56.5052,82.648,8.808
4/21/2003,378.81,0,0,0,0,0,0,0,0,0,0,0,16.5391,80.9368,8.2706,170.927,19.5757,73.0103,55.5146,79.6638,8.808
4/22/2003,504,0,0,0,0,0,0,0,0,0,0,0,16.0782,79.6142,8.1682,167.848,19.5757,71.4405,55.5146,78.9263,8.808
4/23/2003,310.81,0,0,0,0,0,0,0,0,0,0,0,15.8489,78.3013,8.0664,164.794,18.986,68.779,54.528,78.1922,8.4887
4/24/2003,310.5,0,0,0,0,0,0,0,0,0,0,0,15.6204,76.3502,7.965,161.871,18.4004,63.0946,53.5455,76.7343,8.4887
4/25/2003,319.19,0,0,0,0,0,0,0,0,0,0,0,15.6204,75.3828,7.8641,158.547,18.4004,61.6998,52.4951,75.2901,8.1714
4/26/2003,325.19,0,0,0,0,0,0,0,0,0,0,0,15.3926,74.741,7.8641,155.244,18.986,61.0065,52.4951,74.5732,7.8561
4/27/2003,317.81,0,0,0,0,0,0,0,0,0,0,0,15.1656,73.7828,7.7637,150.33,20.7675,68.779,51.599,74.5732,7.5429
4/28/2003,324.81,0,0,0,0,0,0,0,0,0,0,0,14.9394,72.5137,7.6637,148.703,21.9754,76.766,51.599,73.1495,7.5429
4/29/2003,411.41,0,0,0,0,0,0,0,0,0,0,0,14.9394,71.5684,7.5643,145.465,18.4004,62.3959,49.8174,73.1495,6.923
4/30/2003,344.19,0,0,0,0,0,0,0,0,0,0,0,14.7139,70.3165,7.4653,143.854,17.2422,57.5802,48.9321,70.3432,6.923
5/1/2003,219.28,0,0,0,0,0,0,0,0,0,0,0,14.4893,71.5684,7.4653,140.649,16.1017,54.2223,48.0504,68.9606,6.923
5/2/2003,310.81,0,0,0,0,0,3.3,0,0,0,0,0,14.2655,70.6285,7.3668,139.055,16.1017,54.2223,47.1725,68.2744,6.923
5/3/2003,411.41,4.2,0,11.7,0,6.7,0,2.4,2.6,4.5,6.8,18.9,14.9394,70.3165,7.2689,137.466,16.1017,54.2223,46.2983,66.9123,6.923
5/4/2003,164.91,0,0.8,0,3,0,0,0,0,0,0,0,14.7139,72.5137,7.4653,135.883,16.6697,54.8883,48.0504,65.564,7.5429
5/5/2003,581.91,0,0,0,9,0,0,0,0.4,0,0.1,1.6,14.9394,72.8301,7.8641,137.466,17.2422,55.5572,49.8174,68.2744,7.2319
5/6/2003,309.19,19.8,11.3,17,15,19.2,14.9,20.8,23.1,18.8,22.4,28.8,19.4201,75.7047,10.8667,143.854,20.1696,65.2066,59.5011,71.7395,10.1042
5/7/2003,504,4.6,8.5,10.3,25,11.7,4.2,2,0.4,6.3,3.9,0,16.5391,96.8379,10.8667,153.601,21.3695,71.4405,62.5323,84.922,8.808
5/8/2003,397.09,0,0,0,0,0,0,0,0,0,0,0,14.7139,92.2159,8.1682,158.547,21.3695,72.3214,64.5722,88.7805,8.4887
5/9/2003,394.09,0,0,0,0,0,0,0,0,0,0,0,14.2655,79.944,7.8641,175.597,19.5757,65.9158,58.4985,90.3479,7.8561
5/10/2003,406.09,0,0,0,0,0,0,0,0,0,0,0,14.0424,73.4646,7.6637,177.166,18.986,63.7959,52.4951,81.8968,7.8561
5/11/2003,387.41,0,0,0,0,0,0,0,0,0,0,0,14.0424,70.9412,7.5643,166.318,17.8191,61.0065,49.8174,73.8596,7.5429
5/12/2003,318.81,0,0,0,0,0,0,0,0,0,0,0,13.8202,69.384,7.4653,151.963,17.2422,58.9426,48.0504,70.3432,7.5429
5/13/2003,215.91,0,0,0,0,0,0,0,0,0,0,0,13.8202,68.7654,7.3668,143.854,16.6697,57.5802,48.0504,68.2744,7.2319
5/14/2003,218.28,0,0,0,0,0,0,0,0,0,0,0,13.8202,67.8422,7.3668,139.055,16.6697,57.5802,48.0504,68.2744,6.923
5/15/2003,221.91,0,0,0,0,0,0,0,0,0,0,0,13.5988,67.2297,7.3668,134.306,16.6697,57.5802,48.0504,68.2744,6.923
5/16/2003,406.41,0,0,0,0,0,0,0,0,0,0,0,13.5988,66.6198,7.2689,131.168,16.1017,57.5802,47.1725,68.2744,6.6165
5/17/2003,228.91,0,0,0,0,0,0,0,0,0,0,0,13.5988,65.7095,7.2689,129.608,16.1017,61.0065,46.2983,66.9123,6.6165
5/18/2003,218.28,0,0,0,0,0,0,0,0,0,0,0,13.3782,65.1058,7.1714,128.053,16.1017,58.26,46.2983,65.564,6.3123
5/19/2003,320.5,0,0,0,0,0,0,0,0,0,0,0,13.1585,64.5045,7.0744,126.504,15.5382,56.9031,46.2983,65.564,6.3123
5/20/2003,231.22,0,0,0,0,0,0,0,0,0,0,0,13.1585,63.9057,7.0744,124.961,15.5382,55.5572,46.2983,65.564,6.3123
5/21/2003,218.59,0,0,0,0,0,0,0,0,0,0,0,13.1585,63.3094,6.9779,123.424,15.5382,55.5572,44.5614,65.564,6.3123
5/22/2003,310.19,0,0,0,0,0,0,0,0,0,0,0,12.9396,62.7155,6.9779,121.893,14.9795,54.2223,44.5614,62.9083,6.3123
5/23/2003,218.91,0,0,0,0,0,0,0,0,0,0,0,12.7216,62.1242,6.8819,120.367,14.9795,54.2223,43.6987,62.9083,6.3123
5/24/2003,310.81,0,0,0,0,0,0.7,2.6,2.3,3.6,0,0,12.9396,61.5353,6.7864,118.848,14.9795,54.2223,43.6987,61.6009,6.3123
5/25/2003,211.59,0,0,0,0,2.4,0,0,0,0,0,1.2,12.9396,61.5353,6.8819,117.334,14.9795,52.8985,42.8399,61.6009,6.3123
5/26/2003,210.28,0,0,0,0,0,0,0,0,0,0,0,12.7216,61.2418,6.7864,117.334,14.9795,52.8985,42.8399,60.9524,6.3123
5/27/2003,251.06,0,0,0,0,0,0,0,0,0,0,0,12.5044,60.6567,6.6914,115.826,14.9795,54.2223,41.9851,60.3073,6.0105
5/28/2003,169.04,0,0,0,0,0,0,0,0,0,0,0,12.5044,59.494,6.6914,115.826,14.4255,52.8985,41.9851,59.6657,5.7113
5/29/2003,421.67,0,1.7,0,0,0,0,0,0,0,0,0,13.5988,58.9164,6.6914,114.325,14.4255,53.559,41.1343,59.6657,5.7113
5/30/2003,253.57,0,0,0,0,0,0,0,0,0,0,0,12.9396,58.6285,6.5969,114.325,13.8764,52.2409,41.1343,58.3926,5.7113
5/31/2003,251.17,0,0,0,0,0,0,0,0,0,0,0,12.5044,58.9164,6.5969,112.829,13.8764,52.8985,42.8399,58.3926,5.7113
6/1/2003,336.59,0,0,0,0,0,0,0,0,0,0,0,12.2881,56.3482,6.5969,111.339,13.8764,51.586,41.1343,60.3073,5.4146
6/2/2003,167.52,0,0,0,0,0,0,0,0,0,0,0,12.2881,55.2231,6.5969,111.339,13.8764,51.586,41.1343,58.3926,5.4146
6/3/2003,251.06,0,0,0,0,0,0,0,0,0,0,0,12.2881,54.9435,6.5029,109.856,13.8764,52.8985,41.1343,58.3926,5.4146
6/4/2003,263.37,0,0,0,0,0,0,0,0,0,0,0,12.0727,54.6644,6.5029,109.856,13.8764,53.559,40.2875,58.3926,5.4146
6/5/2003,256,0,0,0,0,0,0,0,0,0,0,0,12.0727,54.386,6.4094,108.378,13.8764,52.2409,40.2875,57.1332,5.4146
6/6/2003,250.37,0,0,0,0,0,0,0,0,0,0,0,12.0727,54.386,6.4094,108.378,13.8764,52.2409,40.2875,57.1332,5.4146
6/7/2003,331.7,0,0,0,0,0,0,0,0,0,0,0,11.8581,54.1082,6.4094,105.442,13.3323,49.6386,40.2875,57.1332,5.1206
6/8/2003,245.06,0,0,0,0,0,0,0,0,0,0,0,11.8581,53.5545,6.3165,103.983,13.3323,50.934,40.2875,57.1332,5.1206
6/9/2003,242.06,0,0,0,0,0,0,0,0,0,0,0,11.8581,53.0033,6.3165,103.983,13.3323,50.934,37.7719,56.5086,5.1206
6/10/2003,173.41,0,0,0,0,0,0,0,0,0,0,0,11.8581,52.4547,6.3165,103.983,13.3323,50.934,39.4448,53.4372,5.1206
6/11/2003,252.69,0,0,0,0,0,0,0,0,0,0,0,11.6445,51.9086,6.3165,102.531,12.7932,51.586,37.7719,55.8875,5.1206
6/12/2003,173.24,0,0,0,0,0,0,0,0,0,0,0,11.6445,51.3651,6.224,99.6441,12.7932,51.586,36.9418,53.4372,5.1206
6/13/2003,246.17,0,0,0,0,0,0,0,0,0,0,0,11.6445,51.0943,6.224,99.6441,12.7932,48.9951,36.9418,52.2326,4.8294
6/14/2003,249.06,0,0,0,0,0,0,0,0,0,0,0,11.6445,50.5545,6.132,98.2104,12.2593,50.2849,36.9418,52.2326,4.8294
6/15/2003,254.06,0,0,0,0,0,0,0,0,0,0,0,11.4317,50.2856,6.132,98.2104,12.2593,51.586,36.9418,52.2326,4.5411
6/16/2003,164.41,0,0,0,0,0,0,0,0,0,0,0,11.4317,49.7497,6.132,96.7831,12.2593,53.559,36.1159,52.2326,4.5411
6/17/2003,248.69,0,0,0,0,0,0,0,0,0,0,0,11.2199,49.4827,6.0406,95.3622,12.2593,52.8985,35.2944,51.0417,4.5411
6/18/2003,257,0,0,0,0,0,0,0,0,0,0,0,11.2199,49.2164,6.0406,95.3622,11.7308,52.8985,36.1159,49.8645,4.5411
6/19/2003,159.41,0,0,0,0,0,0,0,0,0,0,0,11.2199,48.6856,6.0406,93.9478,11.7308,52.8985,36.1159,51.0417,4.5411
6/20/2003,159.41,0,0,0,0,0,0,0,0,0,0,0,11.0089,48.4212,5.9497,93.9478,11.7308,53.559,35.2944,51.0417,4.5411
6/21/2003,163.41,0,0,0,0,0,0,0,0,0,0,0,11.0089,48.1574,5.9497,92.5399,11.7308,51.586,34.4773,49.8645,4.5411
6/22/2003,247.06,0,0,0,0,0,0,0,0,0,0,0,11.0089,47.8942,5.9497,92.5399,11.7308,52.8985,35.2944,48.701,4.2559
6/23/2003,170.67,0,0,0,0,0,0,0,0,0,0,0,10.7989,47.6317,5.8593,91.1385,11.2076,53.559,33.6646,49.8645,4.2559
6/24/2003,247.37,0,0,0,0,0,0,0,0,0,0,0,10.7989,47.1086,5.8593,91.1385,11.2076,52.8985,34.4773,47.5512,4.2559
6/25/2003,69.46,0,0,0,0,0,0,0,0,0,0,0,10.7989,46.848,5.8593,89.7437,11.2076,51.586,34.4773,48.701,4.2559
6/26/2003,285.41,0,0,0,0,0,0,0,0,0,0,0,10.5899,46.3288,5.8593,89.7437,11.2076,50.934,33.6646,48.701,4.2559
6/27/2003,205.06,0,0,0,0,0,0,0,0,0,0,0,10.5899,46.0701,5.8593,88.3555,11.2076,52.8985,33.6646,47.5512,4.2559
6/28/2003,199.19,0,0,0,0,0,0,0,0,0,0,0,10.5899,46.0701,5.8593,88.3555,11.2076,52.2409,33.6646,47.5512,4.2559
6/29/2003,207.13,0,0,0,0,0,0,0,0,0,0,0,10.3818,45.8121,5.8593,85.5991,10.6901,50.934,34.4773,47.5512,4.2559
6/30/2003,230.72,0,0,0,0,0,0,0,0,0,0,0,10.3818,45.5547,5.8593,85.5991,10.6901,52.2409,32.0528,48.701,4.2559
7/1/2003,152.56,0,0,0,0,0,0,0,0,0,0,0,10.3818,45.0419,5.7694,84.231,10.6901,50.934,32.0528,45.2927,3.9737
7/2/2003,305.11,0,0,0,0,0,0,0,0,0,0,0,10.3818,44.7865,5.7694,84.231,10.6901,50.934,32.0528,43.0891,3.9737
7/3/2003,152.13,0,0,0,0,0,0,0,0,0,0,0,10.1746,44.7865,5.68,82.8697,10.6901,52.2409,31.2538,42.5467,3.9737
7/4/2003,226,0,0,0,0,0,0,0,0,0,0,0,10.1746,44.5317,5.68,82.8697,10.6901,52.2409,32.0528,42.0078,3.9737
7/5/2003,228.4,0,0,0,0,0,0,0,0,0,0,0,10.1746,44.2775,5.5912,82.8697,10.6901,50.934,32.0528,43.0891,3.9737
7/6/2003,204.44,0,0,0,0,0,0,0,0,0,0,0,10.1746,44.024,5.5912,81.5152,10.6901,50.934,31.2538,42.5467,3.9737
7/7/2003,198.56,0,0,0,0,0,0,0,0,0,0,0,9.9684,43.7712,5.5029,81.5152,10.6901,51.586,31.2538,42.0078,3.9737
7/8/2003,227.83,0,0,0,0,0,0,0,0,0,0,0,9.9684,43.519,5.5029,81.5152,10.6901,51.586,32.8564,42.0078,3.9737
7/9/2003,149.7,0,0,0,0,0,0,0,0,0,0,0,9.9684,43.2674,5.4151,80.1675,10.1783,50.934,31.2538,43.6348,3.9737
7/10/2003,227,0,0,0,0,0,0,0,0,0,0,0,9.9684,43.0165,5.4151,80.1675,10.1783,50.934,29.6699,41.4723,3.6949
7/11/2003,227.83,0,0,0,0,0,0,0,0,0,0,0,9.9684,42.7663,5.3279,80.1675,10.1783,50.934,29.6699,39.8863,3.6949
7/12/2003,303.22,0,0,0,0,0,0,0,0,0,0,6.7,9.7632,42.5167,5.3279,78.8268,10.1783,50.934,29.6699,39.8863,3.6949
7/13/2003,152.44,1,0.3,15.2,7.2,6.9,0,2.4,0.2,0,0,0,12.5044,42.5167,6.6914,82.8697,10.1783,51.586,29.6699,39.8863,9.4524
7/14/2003,157.44,0,0,0,0,0,0,0,0,0,0,0,10.1746,43.2674,6.4094,84.231,10.1783,52.2409,30.4595,39.8863,6.0105
7/15/2003,129,0,0,0,0,0,0,0,0,0,0,0,10.3818,43.7712,5.9497,84.231,10.1783,52.2409,36.1159,41.4723,4.5411
7/16/2003,279.2,0,0,0,0,0,0,0,0,0,0,0,9.9684,43.0165,5.68,84.231,9.6723,52.8985,37.7719,48.701,4.2559
7/17/2003,134.06,0,0,0,0,0,0,0,0,0,0,0,9.9684,42.2677,5.5912,84.231,9.6723,52.8985,35.2944,50.4514,3.9737
7/18/2003,209.56,0,0,0,0,0,0,0,0,0,0,0,9.7632,41.7717,5.4151,84.231,12.2593,50.934,33.6646,46.9815,3.6949
7/19/2003,218.44,0,0,0,0,0,0,0,0,0,0,0,9.7632,41.5247,5.4151,82.8697,12.7932,48.3546,32.0528,44.7367,3.6949
7/20/2003,125.8,0,0,0,0,0,0,0,0,0,0,0,9.7632,40.7876,5.3279,81.5152,9.6723,62.3959,31.2538,42.5467,3.6949
7/21/2003,256.4,0,0,0,0,0,0,0,0,0,0,0,9.559,40.2995,5.3279,80.1675,9.1724,64.4999,31.2538,42.0078,3.6949
7/22/2003,191.44,0,0,0,0,0,0,0,0,0,0,0,9.559,40.2995,5.2411,78.8268,9.1724,50.934,30.4595,41.4723,3.4196
7/23/2003,117.06,0,0,0,0,0,0,0,0,0,0,0,9.559,40.0564,5.2411,77.493,9.1724,47.0821,30.4595,40.9402,3.4196
7/24/2003,263.95,0,0,0,0,0,0,0,0,0,0,0,9.3558,39.8139,5.2411,76.1662,9.1724,47.0821,30.4595,40.9402,3.4196
7/25/2003,196.44,0,0,0,0,0,0,0,0,0,0,0,9.3558,39.331,5.2411,76.1662,9.1724,46.4503,28.8852,40.4115,3.4196
7/26/2003,201.33,0,0,0,0,0,0,0,0,0,0,0,9.3558,39.0906,5.2411,74.8464,9.1724,46.4503,28.1053,38.3312,3.4196
7/27/2003,64.78,0,0,0,0,0,0,0,0,0,0,0,9.1536,39.0906,5.155,74.8464,9.1724,47.0821,29.6699,37.8197,3.4196
7/28/2003,238.33,0,0,0,0,0,0,0,0,0,0,0,9.1536,38.8507,5.155,73.5338,9.1724,46.4503,29.6699,39.8863,3.4196
7/29/2003,133.06,0,0,0,0,0,0,0,0,0,0,0,8.9524,38.8507,5.155,73.5338,8.6787,47.0821,28.8852,39.3645,3.4196
7/30/2003,203.44,0,0,0,0,0,0,0,0,0,0,0,8.9524,38.6116,5.0693,73.5338,8.6787,47.0821,28.8852,38.8462,3.4196
7/31/2003,116.06,0,0,0,0,0,0,0,0,0,0,0,8.9524,38.3731,5.0693,72.2283,8.6787,47.0821,28.8852,38.8462,3.4196
8/1/2003,197.56,0,0,0,0,0,0,0,0,0,0,0,8.9524,38.1352,4.9842,72.2283,8.6787,46.4503,28.1053,38.3312,3.4196
8/2/2003,91.06,0,0,0,0,0,0,3,0,0.1,0,0,8.9524,37.898,4.9842,72.2283,8.6787,46.4503,28.8852,37.8197,3.4196
8/3/2003,137.83,0,0,0,0,0,0,0,0,0,0,0,8.7523,37.6615,4.9842,70.93,8.6787,47.0821,30.4595,38.8462,3.4196
8/4/2003,138.06,0,0,0,0,0,0,0,0,0,0,0,8.7523,37.4256,4.8996,69.6389,8.6787,46.4503,28.8852,40.4115,3.4196
8/5/2003,143.06,0,0,0,0,0,0,0,0,0,0,0,8.7523,37.1904,4.8996,69.6389,8.1914,46.4503,28.1053,38.3312,3.4196
8/6/2003,220.33,0,0,0,0,0,0,0,0,0,0,0,8.5532,36.9558,4.8996,68.3551,8.1914,45.1953,28.1053,37.8197,3.1479
8/7/2003,216.44,0,0,0,0,0,0,0,0,0,0,0,8.5532,36.7219,4.8156,68.3551,8.1914,45.8213,28.1053,37.8197,3.1479
8/8/2003,115,0,0,0,0,0,0,0,0,0,0,0,8.5532,36.4887,4.8156,68.3551,8.1914,49.6386,27.3304,37.3116,3.1479
8/9/2003,115,0,0,0,0,0,0,0,0,0,0,0,8.3552,36.2561,4.7321,67.0787,8.1914,46.4503,26.5606,36.3057,2.88
8/10/2003,68.78,0,0,0,0,0,0,0,0,0,0,0,8.3552,36.0242,4.7321,65.8097,8.1914,43.3351,26.5606,35.3136,2.88
8/11/2003,67.67,0,0,0,0,0,0,0,0,0,0,0,8.3552,36.0242,4.7321,65.8097,8.1914,48.9951,26.5606,35.3136,2.88
8/12/2003,145.06,0,0,0,0,0,0,0,0,0,0,0,8.1582,36.0242,4.8156,65.8097,8.1914,48.3546,26.5606,35.3136,2.88
8/13/2003,326.46,0,0,0,0,0,0,0,0,0,0,0,8.1582,36.0242,4.8156,64.5481,7.7107,47.7169,26.5606,35.3136,2.88
8/14/2003,90.61,0,0,20.9,3,0,0,0,0,0,0,0,8.3552,35.793,5.4151,64.5481,7.7107,52.2409,26.5606,35.3136,3.4196
8/15/2003,154.93,0,0,0,12.1,8.5,0,0,0,0,0.5,0,8.1582,35.5624,5.0693,64.5481,7.7107,50.2849,26.5606,35.3136,3.4196
8/16/2003,113.79,1,0,1.2,0,3.8,0,11,1.5,2.5,1.9,0,9.3558,36.0242,4.7321,63.2941,7.7107,52.2409,26.5606,35.3136,3.4196
8/17/2003,130.65,0,0,0,0,0,0,0,0,0,0,0,8.7523,36.2561,4.7321,64.5481,9.1724,48.3546,29.6699,35.8079,3.1479
8/18/2003,118,0,0,0,0,0,0,0,0,0,0,0,8.3552,36.0242,4.5668,63.2941,8.6787,50.2849,39.4448,40.9402,3.1479
8/19/2003,59.3,0,0,0,0,0,0,0,0,0,0,0,8.1582,35.5624,4.5668,64.5481,8.1914,50.934,33.6646,52.2326,3.1479
8/20/2003,218.39,0,0,0,0,0,0,0,0,0,0,0,8.1582,34.6466,4.5668,64.5481,7.7107,50.934,28.8852,44.7367,2.88
8/21/2003,67.3,0,0,0,0,0,0,0,0,0,0,0,8.1582,34.4194,4.485,64.5481,7.7107,51.586,28.8852,38.8462,2.88
8/22/2003,183.39,0,0,0,0,0,0,0,0,0,0,0,7.9624,34.4194,4.485,63.2941,7.7107,50.934,26.5606,38.3312,2.88
8/23/2003,110.69,0,0,0,0,0,0,0,0,0,0,0,7.9624,34.1928,4.4037,62.0476,7.2218,49.6386,26.5606,35.3136,2.6162
8/24/2003,66.35,0,0,0,0,0,0,0,0,0,0,0,7.9624,33.9668,4.4037,60.8088,7.2218,48.9951,26.5606,35.3136,2.6162
8/25/2003,273.95,0,0,0,0,0,0,0,0,0,7.8,0,7.7676,33.293,4.4037,59.5776,7.2218,51.586,26.5606,35.3136,2.88
8/26/2003,179.39,1.6,2,7.7,7.2,5.1,8.2,5.8,1.8,6,9,5.7,7.7676,33.5169,4.7321,59.5776,6.8297,49.6386,25.7958,35.3136,2.88
8/27/2003,24.3,0,0,0,3.1,0,0,0,0.2,0,0,0,8.1582,34.1928,4.7321,59.5776,8.1914,45.1953,26.5606,34.8226,2.88
8/28/2003,181.39,0,7.6,0,0,0,0,0,0,0,0,0,9.559,34.4194,4.9842,58.3542,8.1914,43.9522,27.3304,35.8079,2.88
8/29/2003,331.85,3.4,0,1.5,0,11.1,0,0,0,0.1,0,0,12.2881,34.8746,5.155,60.8088,8.1914,45.1953,30.4595,36.807,4.8294
8/30/2003,255.83,0,0,0,0,0,0,0,0,0,0,0,8.5532,35.5624,4.8996,62.0476,8.1914,44.5723,29.6699,40.4115,4.5411
8/31/2003,85.35,0,0.3,0,0,9.3,0,0,0,1.3,0.3,0,9.7632,36.9558,7.6637,64.5481,8.1914,43.3351,29.6699,39.8863,4.2559
9/1/2003,108.12,0,1.6,15,2.2,2.3,0,0,0,0,0,0,8.5532,35.3324,6.0406,67.0787,8.1914,42.721,28.8852,39.3645,9.7774
9/2/2003,229.22,0,0,0,0,0,0,0,0,0,0,0,8.1582,36.2561,5.2411,74.8464,8.1914,45.8213,28.8852,38.8462,6.0105
9/3/2003,172.35,0,0,0,0,0,0,0,0,0,0,0,8.1582,34.8746,4.8996,78.8268,7.7107,45.1953,26.5606,38.3312,3.9737
9/4/2003,152.78,0,0,0,4,0,0,0,0,0,0,0,7.9624,33.7415,4.8156,81.5152,7.2218,42.721,27.3304,35.8079,3.4196
9/5/2003,222.22,0,0,0,0,0,0,0,0,0,0,0,7.9624,33.293,4.7321,78.8268,6.8297,39.6959,25.7958,36.3057,2.88
9/6/2003,155.04,0,0,0,0,0,0,0,0,0,0,0,7.7676,32.8471,4.5668,72.2283,6.8297,39.1,25.0363,34.3351,2.6162
9/7/2003,123.54,0,0,0,0,0,0,0,0,0,0,0,7.574,32.6252,4.485,65.8097,6.8297,33.8782,25.0363,33.3703,2.6162
9/8/2003,167.78,0,0,0,0,0,0,0,0,0,0,0,7.574,32.4039,4.4037,63.2941,6.8297,34.4456,25.0363,33.3703,2.6162
9/9/2003,172.78,0,0,0,0,0,0,0,0,0,0,0,7.3815,32.1833,4.4037,59.5776,6.4413,37.9176,23.5332,33.3703,2.6162
9/10/2003,144.59,0,0,0,0,0,0,0,0,0,0,0,7.3815,31.9634,4.323,58.3542,6.4413,37.9176,23.5332,31.482,2.3568
9/11/2003,119.65,0,0,0,0,0,0,0,0,0,0,0,7.3815,31.5255,4.2429,57.1386,6.4413,37.9176,23.5332,31.482,2.3568
9/12/2003,106.53,1,0,0,0,0,0,0,0,0,0,0,7.3815,31.3076,4.2429,55.9309,6.0568,35.0163,22.7897,31.482,2.3568
9/13/2003,266.6,2.2,0,31.5,2,38.2,0,0,0.2,3.9,11.5,14,15.6204,31.5255,8.2706,55.9309,6.4413,36.7476,22.7897,30.5584,2.3568
9/14/2003,86.89,5,0,2.2,5.3,1.2,0,1,1.5,6.6,11.1,12.4,10.7989,37.6615,5.9497,60.8088,7.7107,40.8968,22.7897,30.5584,4.5411
9/15/2003,45.15,0,0,0,0,0,0,0,0,0,0,0,7.7676,43.2674,4.9842,59.5776,9.6723,45.1953,22.7897,30.5584,3.6949
9/16/2003,289.98,0,0,0,0,0,0,0,0,0,0,3.5,8.1582,37.6615,4.7321,62.0476,9.1724,42.1099,22.7897,30.5584,3.1479
9/17/2003,89.33,0,0,0,6,0,0,1.4,0.2,0.1,0.4,1.1,8.3552,34.8746,4.6492,74.8464,8.1914,38.5072,23.5332,30.5584,2.88
9/18/2003,103.33,1,0,0,0,0,0,0,0,0,0,0,8.1582,34.6466,4.5668,69.6389,7.7107,35.0163,23.5332,31.482,2.88
9/19/2003,122.91,0,0,0,0,0,0,0,0,0,0,0,7.7676,34.4194,4.485,68.3551,7.2218,33.3139,24.282,31.482,2.88
9/20/2003,117.53,0,0,0,0,0,0,0,0,0,0,0,7.574,33.5169,4.485,63.2941,7.2218,35.0163,25.0363,32.4193,2.88
9/21/2003,105.26,0,0,0,0,0,0,0,0,0,0,0,7.3815,32.8471,4.4037,62.0476,6.8297,34.4456,23.5332,33.3703,2.88
9/22/2003,111.59,0,0.3,0,0,0,0,0,0,0,0,0,7.1902,32.1833,4.323,60.8088,6.8297,33.3139,22.7897,31.482,2.88
9/23/2003,121.22,0,0,0,0,0,0,0,0,0,0,0,7,31.3076,4.1633,58.3542,6.4413,33.8782,22.0519,30.5584,2.6162
9/24/2003,120.91,0,0,0,0,0,7.3,0,0,0,0,0,7,30.8738,4.0843,57.1386,6.0568,33.8782,20.5932,29.1987,2.6162
9/25/2003,46.72,0,0,0,0,0,0,0,0,0,0,0,6.811,30.4426,4.0058,55.9309,6.0568,32.1951,20.5932,27.4338,2.6162
9/26/2003,71.21,0,0,0,0,0,0,0,0,0,0,0,6.811,30.0142,3.928,54.7311,5.6763,31.6407,19.158,27.4338,2.3568
9/27/2003,49.4,0,0,0,0,0,0,0,0,0,0,0.5,6.6232,29.5885,3.8507,52.3556,5.3,31.6407,20.5932,25.7237,2.3568
9/28/2003,192.73,1,0,12.6,2,0,0,11,1.6,3.8,7,0,7.574,29.5885,3.7739,51.18,5.3,31.0895,20.5932,27.4338,2.3568
9/29/2003,56.46,2,1.4,3,7,7.4,0,4.8,2.1,7.3,3.8,11,8.1582,30.2281,4.485,51.18,5.3,32.1951,20.5932,27.4338,2.3568
9/30/2003,45.15,1,0.7,0,1,0,0,0,0.3,0.5,0,0,7,41.5247,4.5668,51.18,6.4413,32.1951,20.5932,27.4338,2.3568
10/1/2003,89.98,0,0,0,0,0,0,0,0,0,0,0,6.811,37.4256,4.323,51.18,6.0568,32.1951,22.7897,27.8698,2.3568
10/2/2003,71.26,0,0,0,0,0,0,0,0,0,0,0,6.811,33.0697,4.0843,59.5776,6.0568,32.1951,23.5332,30.5584,2.3568
10/3/2003,76.46,0,0,0,0,0,0,0,0,0,0,0,6.6232,31.7441,3.928,68.3551,5.6763,32.1951,22.7897,31.482,2.3568
10/4/2003,88.46,0,0,0,0,0,0,0,0,0,0,0,6.4367,30.6579,3.8507,63.2941,5.3,32.1951,21.3196,30.1017,2.3568
10/5/2003,11.02,0,0,0,0,0,0,0,0,0,0,0,6.4367,30.0142,3.7739,57.1386,5.3,30.5417,20.5932,28.3094,2.3568
10/6/2003,54.54,0,0,0,0,0,0,0,0,0,0,0,6.4367,29.5885,3.6222,53.5393,4.9281,32.7529,19.158,27.4338,2.3568
10/7/2003,123.67,0,0,0,0,0,0,0,0,0,0,0,6.2513,29.1655,3.7739,51.18,4.5609,31.0895,18.4495,25.7237,2.3568
10/8/2003,87.91,0,0,2.3,0,0,0,0,0,0,0.6,18.1,7,28.7452,3.6978,50.0127,4.5609,31.6407,17.7472,24.4772,2.3568
10/9/2003,85.91,4.2,1.4,3,7,0,3.6,9.6,5.2,6.6,5.5,12,8.9524,30.0142,4.0843,48.8537,4.5609,28.9184,17.7472,23.6634,2.3568
10/10/2003,104.22,2.6,1.8,12.5,1,14.9,0,0,1,0,3.4,2.7,7.1902,31.3076,4.4037,47.703,5.3,31.0895,19.158,24.0686,2.3568
10/11/2003,102.54,0,0,21.9,3.1,8.9,0,0.2,0,0,10.5,20.9,10.3818,47.1086,5.155,47.703,5.3,29.4561,22.7897,26.1461,6.923
10/12/2003,14.54,1,0,4.3,2,0,2.5,3,1.6,3.3,0,0.2,7.574,39.8139,5.9497,50.0127,6.0568,31.6407,24.282,30.5584,6.6165
10/13/2003,83.72,0,0,0,0,0,0,0,0,0,0,0,6.6232,43.2674,4.4037,58.3542,6.4413,32.1951,31.2538,33.3703,6.0105
10/14/2003,24.09,0,0,0,0,0,0,0,0,0,0,0,7.3815,39.0906,4.2429,64.5481,6.0568,31.6407,28.8852,41.4723,5.4146
10/15/2003,154.48,0,0,0,0,0,0,0,0,0,0,0,7,33.9668,4.1633,64.5481,5.6763,31.6407,25.7958,38.3312,4.2559
10/16/2003,65.54,0,0,0,0,0,0,0,0,0,0,0,6.811,31.9634,4.0058,65.8097,5.3,31.0895,23.5332,34.3351,2.6162
10/17/2003,19.09,0,0,0,0,0,0,0,0,0,0,0,6.6232,30.8738,3.8507,60.8088,4.9281,31.0895,22.0519,31.482,1.8525
10/18/2003,30.8,0,0,0,0,0,0,0,0,0,0,0,6.4367,30.0142,3.7739,55.9309,4.5609,30.5417,20.5932,29.1987,1.6083
10/19/2003,118.78,0,0,0,0,0,0,0,0,0,0,0,6.4367,29.5885,3.6978,52.3556,4.1985,28.384,19.8726,27.4338,1.6083
10/20/2003,115.78,0,0,0,0,0,0,0,0,0,0,0,6.2513,29.1655,3.6978,50.0127,4.1985,27.8531,19.158,26.5719,1.6083
10/21/2003,90.91,0,0,0,0,0,0,0,0,0,0,0,6.0673,28.7452,3.6222,47.703,3.8412,27.8531,17.0513,25.3048,1.3702
10/22/2003,152.78,0,0,0,0,0,0,0,0,0,0,0,6.0673,28.536,3.6222,46.5608,3.8412,27.8531,17.0513,22.8633,1.3702
10/23/2003,119.78,0,0,1.4,6.2,5.2,0,0.7,0,6.1,10.9,8.2,7,28.1198,3.7739,46.5608,3.8412,27.8531,15.679,22.4684,1.8525
10/24/2003,185.78,18.2,25.6,5.6,12,5.5,7.1,7.8,15,29.3,0,19.2,9.559,29.1655,4.1633,50.0127,5.6763,29.9972,19.8726,21.3042,1.8525
10/25/2003,82.91,0,0,0,0,0,0,0,0,0,0,0,7.1902,32.4039,4.2429,48.8537,8.1914,34.4456,18.4495,26.5719,1.8525
10/26/2003,71.91,0,0,0,0,0,0,0,0,0,0,0,6.811,35.3324,3.8507,47.703,8.6787,36.7476,19.8726,24.8893,1.8525
10/27/2003,106.78,0,0,0,0,0,0,0,0,0,0,0,6.6232,32.8471,3.6222,50.0127,6.8297,37.331,28.1053,27.4338,1.6083
10/28/2003,91.91,0,0,0.3,0,0,6.4,0,0,4,0,2.5,6.6232,30.8738,3.6222,53.5393,6.4413,36.7476,23.5332,37.3116,1.8525
10/29/2003,124.78,0,0,0,2.4,0,0,0,0,0,0,0,6.4367,29.801,3.6222,54.7311,6.0568,40.2948,19.8726,31.0185,1.8525
10/30/2003,60.91,0,0,0,0,0,0,0,0,0,0,0,6.2513,29.3766,3.6222,52.3556,5.6763,36.7476,17.7472,26.1461,1.8525
10/31/2003,122.78,0,0,0,0,0,0,0,0,8.8,0,0,6.2513,29.5885,3.6222,50.0127,5.3,38.5072,17.0513,23.6634,1.8525
11/1/2003,57.04,2.8,27.8,11,5.3,2.6,11.1,2.2,16,0,0,0,9.1536,30.6579,3.6978,60.8088,4.9281,38.5072,21.3196,23.2616,1.8525
11/2/2003,318.39,0,0,26.5,6,1.5,8.2,0,1.2,1,1.8,6.1,7.574,30.0142,8.8946,50.0127,4.9281,37.331,22.7897,28.7523,3.1479
11/3/2003,194.96,2.4,40.7,0,4.1,16.8,19.1,70,19.3,25.8,3.5,7.2,14.0424,34.1928,15.4969,47.703,13.3323,42.1099,35.2944,31.9489,3.4196
11/4/2003,72.3,0,0,0,0,0,0,0,0,0,0,0,7.7676,37.898,5.3279,48.8537,16.1017,52.2409,38.6063,47.5512,3.9737
11/5/2003,89.48,0,0,0,0,0,0,0,0,0,0,0,6.811,39.8139,4.323,57.1386,12.7932,59.6278,48.0504,52.8332,3.6949
11/6/2003,254.52,0,0,0,0,1.8,0,0,0,0,2.6,7.4,7.9624,35.3324,4.4037,63.2941,9.1724,54.8883,36.9418,62.9083,3.9737
11/7/2003,206.22,2.2,2.7,2.2,6.1,12.7,13.6,15,7.9,5.2,19.7,6.9,9.3558,33.5169,5.155,68.3551,9.1724,50.2849,30.4595,48.701,3.9737
11/8/2003,193.65,9.2,0,5.8,13.2,3.4,6.8,36,28.2,2.5,24.7,2.6,8.9524,47.8942,7.8641,68.3551,12.2593,50.934,53.5455,43.6348,4.2559
11/9/2003,105.48,0,0,1,0,0,0,0,0,0,0,0,7.574,47.1086,6.6914,64.5481,12.7932,52.8985,45.4279,70.3432,3.4196
11/10/2003,143.72,7.4,0,0,0,0,7.5,2.2,0,0,0,0,7,41.7717,4.5668,67.0787,10.6901,53.559,78.1858,64.2293,2.88
11/11/2003,261.15,0,0,0,0,0,0,0,0,0,0,0,6.6232,36.9558,4.2429,77.493,8.6787,46.4503,50.7064,101.702,2.3568
11/12/2003,203.28,0,0,0,0,0,0,0,0,1.9,0,0,6.2513,33.0697,4.0843,74.8464,7.2218,42.721,39.4448,66.2364,2.3568
11/13/2003,220.59,0,0,1.4,0,0,0.3,0.2,0,0,0,0,6.0673,30.8738,3.928,68.3551,6.4413,41.5018,32.8564,52.2326,2.1021
11/14/2003,96.17,0,0,0,2.3,0,4.8,0,2.9,2.2,0,5.3,6.6232,30.0142,3.8507,62.0476,6.0568,39.1,32.8564,44.184,1.8525
11/15/2003,204.96,6,0,2.2,10,2.3,0,0,0,0,17.3,0,6.2513,30.2281,4.0843,55.9309,6.0568,39.1,27.3304,43.0891,1.8525
11/16/2003,151.35,0,0,16.1,3.1,9.1,0,2.2,0,12.1,19,3.7,12.9396,43.519,5.5029,52.3556,6.0568,39.1,26.5606,36.3057,5.1206
11/17/2003,143.09,2.8,0,0,5.3,9.2,3.4,11.4,31.5,7,2.7,0,17.7221,44.024,6.5029,52.3556,7.2218,41.5018,26.5606,35.3136,5.7113
11/18/2003,208.91,0,17.8,25,2.1,7.4,3.1,8.8,4.1,0,2.4,6.5,17.4825,54.9435,6.132,59.5776,7.7107,45.8213,32.8564,36.3057,4.8294
11/19/2003,200.96,0,0,2.2,1,0,0,0,0,0.8,0,4.1,11.2199,53.2786,5.8593,69.6389,8.6787,45.1953,32.8564,44.184,6.923
11/20/2003,165.04,26.2,6.8,15.6,22,5.5,42.1,34,14,20.5,27.9,6.6,10.7989,53.2786,5.155,77.493,9.1724,51.586,44.5614,45.2927,6.6165
11/21/2003,320.39,1.4,0,2,38.2,3.8,9.7,9,4,10.2,10.1,6.6,9.1536,50.8241,4.8996,86.974,11.2076,55.5572,68.6966,62.2529,4.8294
11/22/2003,444.44,3.6,58.6,0,3,7.5,0,0,0.7,0,2.8,0,8.3552,54.6644,4.8156,95.3622,10.6901,59.6278,116.373,97.5702,3.4196
11/23/2003,205.22,0,0,0,0,0,0,0,0,0,0,0,7.574,52.4547,4.5668,93.9478,10.1783,51.586,79.2574,151.773,2.88
11/24/2003,213.22,0,0,0,0,1.4,0,0,0,0,0,0,8.3552,42.7663,4.4037,93.9478,8.6787,48.3546,52.4951,102.539,2.6162
11/25/2003,207.22,0,0,0,0,1.8,0,0,0,0,0.5,4.5,7.9624,38.3731,4.485,91.1385,7.7107,43.9522,41.1343,68.9606,2.3568
11/26/2003,211.22,0,1.3,11.3,13.2,4.7,0,1.2,0,24.1,8.2,7.6,8.1582,37.6615,4.7321,81.5152,7.2218,37.9176,34.4773,54.0447,2.3568
11/27/2003,302.78,0,0,0,8,3.7,0,1,0.5,4.2,4.5,5,19.4201,38.8507,7.8641,72.2283,9.1724,39.1,40.2875,46.9815,2.3568
11/28/2003,206.65,30.2,1.1,18.2,0,16.3,0,0,1.6,14.4,14.5,19,14.0424,52.7287,12.6208,69.6389,10.1783,45.1953,32.0528,52.8332,11.0951
11/29/2003,179.67,2,0,7.8,46,6.2,1.2,10.2,36.4,3.8,3.5,11.2,32.7597,82.2691,10.8667,67.0787,14.9795,56.9031,53.5455,45.2927,11.7641
11/30/2003,273.78,0,0,4.2,0,21.3,2.1,0.3,1,86.5,0,2.1,15.1656,64.5045,13.8441,77.493,39.932,65.9158,54.528,71.7395,12.4395
12/1/2003,720.22,6.4,11.6,15.5,44.1,10.3,15,28,3,47.8,23.8,9.7,16.7707,73.147,8.2706,126.504,59.0042,105.808,56.5052,73.1495,10.4328
12/2/2003,878.07,5.8,2,12,23.2,11.5,0,15.8,10.4,20.2,63.3,3.6,14.7139,103.403,8.3734,158.547,67.6083,137.228,77.1176,78.1922,14.5019
12/3/2003,946.39,6,42.9,2,2.4,14.8,2.4,38.4,11,2.6,1.5,3.2,16.5391,101.56,12.0252,180.326,59.0042,137.228,127.037,109.355,14.5019
12/4/2003,941.44,10.6,20.5,4.1,2.6,4.6,1.4,0,0.3,0.3,3.7,7,26.0213,93.2736,8.1682,198.173,45.9367,128.861,118.724,168.522,11.7641
12/5/2003,1052.56,8.4,25,12.1,4.1,30.5,3.3,26.4,2.6,17.3,28.4,6.6,16.0782,109.778,17.762,222.038,38.2597,106.663,90.154,155.878,16.6145
12/6/2003,893.46,14.2,5.5,34.2,10,10.6,34.1,53.2,70.8,5,26.1,1.5,13.8202,126.251,17.762,208.243,48.7733,125.205,184.65,131.117,46.0666
12/7/2003,2020.78,28.2,25.8,11.6,18,7.4,62.2,57,33.6,18.3,18.5,13.8,22.1584,117.887,23.535,223.792,71.2296,189.274,303.074,260.013,40.6368
12/8/2003,1508.52,13.2,6.7,6.4,10.3,8.1,8.3,28.2,6.9,13.7,4.9,4.6,28.942,117.104,14.2193,254.604,97.7479,255.525,366.011,412.085,23.2134
12/9/2003,1405.04,0,0,3,3,0,0,1,2.1,9.9,1.6,0,38.1086,130.324,12.6208,264.023,68.6384,231.104,232.936,474.693,19.5019
12/10/2003,1168.24,1,3.5,1.7,9,3.1,0,1.8,0,12.8,47.9,0.9,37.2517,143.312,13.2271,273.605,53.5879,179.827,150.23,301.553,17.6882
12/11/2003,902.46,17.4,0,0,0,1.5,0,3.2,5.5,1.5,0,2.4,31.6579,129.505,13.3497,291.26,42.6788,153.558,122.271,197.604,14.5019
12/12/2003,779.78,0,0,0,0,0,0,0,0,0,0,0.3,19.6656,112.837,8.8946,295.254,38.2597,127.943,122.271,163.194,13.8086
12/13/2003,802.35,0,0,15.6,6.3,3.4,0,0,0,0,0,6.2,16.5391,103.403,8.8946,269.753,29.5336,114.475,87.9489,160.038,12.7796
12/14/2003,558.56,0,0,0,0,8.2,0,0,0.2,35.3,0,0,15.3926,83.948,7.5643,241.689,31.5005,110.977,86.8512,117.285,9.7774
12/15/2003,501,0,0,0,0,0,1.9,0,0,18.6,0.3,0,13.8202,66.9245,7.965,215.088,32.8279,106.663,83.5771,115.499,8.4887
12/16/2003,442.44,0,0,0,0,0,0,0,0,0,0,0,12.2881,58.9164,6.5969,188.339,29.5336,104.955,81.4106,111.094,8.1714
12/17/2003,440.13,0,0,0,0,8.1,0,0,0,0,0,0,11.8581,52.4547,6.224,166.318,22.5851,95.7456,66.627,88.002,8.1714
12/18/2003,281.52,0,0,0,0,0,7.9,5,31,5.5,10.4,0,11.6445,50.0174,5.8593,137.466,34.1677,90.05,64.5722,84.922,27.8009
12/19/2003,384.89,0,0,0,0,0,0,0,0,0,0,0,11.2199,49.4827,5.7694,121.893,57.0204,100.73,52.4951,84.1606,13.1211
12/20/2003,329.33,0,0,0,0,0,0,0,0,0,0,0,10.5899,47.3698,5.4151,112.829,34.8422,129.781,47.1725,81.8968,11.4288
12/21/2003,323.39,0,0,0,0,8.2,1.3,0,0,0,0,0,10.1746,45.5547,5.2411,109.856,30.8416,95.7456,45.4279,78.9263,8.4887
12/22/2003,325.7,15.8,0,5.5,5.3,13.1,26,60,49.3,27.9,0,17.2,10.7989,44.5317,5.5912,106.907,34.1677,79.8206,87.9489,78.9263,8.808
12/23/2003,275.78,0,0.6,8.6,0,1.7,0,3.6,1.7,10.3,17.8,17.9,11.8581,60.6567,7.4653,98.2104,39.932,88.4466,92.3715,117.285,49.4628
12/24/2003,438.13,1.4,1.5,0,6.6,0,13,0,0,2.6,6.2,1.6,14.0424,74.1016,11.4404,96.7831,48.2977,101.57,89.0499,122.726,15.905
12/25/2003,325.39,0,0,0,0,0,0,0,0,0,0,0,12.9396,76.0271,5.9497,105.442,37.5703,123.392,80.3324,117.285,6.923
12/26/2003,494,3,0,1.4,0,12.9,5.4,0,0,0,2,0,10.1746,60.3651,6.0406,121.893,28.8845,106.663,68.6966,105.07,5.7113
12/27/2003,441.13,6.2,0,14,0,0,1.2,14.8,12.4,0,11.2,2.4,11.0089,48.6856,6.132,142.249,25.6902,119.795,62.5323,90.3479,8.4887
12/28/2003,1125,0,23,2.2,2.3,0,3.9,0,3.4,0,4.6,1.5,14.9394,67.2297,6.8819,132.734,28.2388,89.2469,71.8281,84.1606,6.6165
12/29/2003,615.74,1,3,0,0.5,2.2,0,0.8,0,0.1,61.4,1.8,14.4893,84.9626,10.5278,111.339,26.3221,82.9193,65.5977,94.3261,6.6165
12/30/2003,440.13,3.4,0,3.6,0.1,0,2.1,3,3.6,1.5,0,4.4,37.5368,82.9389,14.3452,103.983,24.4371,77.5255,61.518,86.4552,5.4146
12/31/2003,436.13,0,2,5,5,0,0,5.2,8.7,0,9.7,6.8,54.5605,84.6238,7.5643,131.168,23.1987,64.4999,63.5503,84.922,5.7113
1/1/2004,604.74,1,35,24.2,1,14.3,0,3,4.5,0,28.5,11,13.1585,92.5678,9.0002,150.33,22.5851,64.4999,65.5977,85.6869,36.5401
1/2/2004,778.41,3.2,7.4,6.8,13.3,9.3,16.8,14.2,31,8.7,13.2,11.8,37.5368,103.033,23.2767,160.206,32.8279,73.7558,69.7368,91.1367,49.0361
1/3/2004,781.72,67.4,30,32.8,8.2,17.9,16.4,37.6,22.2,21.2,11.7,12.3,30.0216,142.884,18.9619,172.477,44.0681,155.524,133.053,105.92,52.4667
1/4/2004,892.52,14.6,6.9,45,5,14.3,11.4,30,10,0.8,29.4,2.5,23.6864,151.542,14.4932,216.816,56.527,145.788,151.475,140.766,130.458
1/5/2004,1134.57,0,5.2,15,81,0,0,0,0.9,0,0,0.4,22.1584,131.557,14.1385,279.432,58.0103,162.477,100.229,196.442,66.1041
1/6/2004,899.09,61.6,26.1,6,2.6,0,11.2,3.6,8.5,83.3,0,32.4,15.1656,112.452,13.1009,328.133,46.8777,152.579,90.154,133.02,47.3354
1/7/2004,1131.57,0,0,19.2,0,2.2,0,2,3,5,0,10,13.8202,114.768,8.2427,319.759,36.8838,115.355,81.4106,119.99,35.3255
1/8/2004,958.96,9.6,9.7,6,15.2,20.1,2.4,1.2,11.9,2.4,7.1,12.8,30.8372,106.757,9.9315,297.26,32.8279,96.5698,71.8281,107.631,29.7516
1/9/2004,840.22,29.4,10.7,12.8,16.3,10.8,48.1,49,32.2,57,37.6,6.2,19.6656,165.863,9.8335,279.432,55.5432,105.808,139.132,104.223,39.8117
1/10/2004,956.96,9,0,34.2,13,9.1,71.2,72.6,91.5,94.7,18.2,25.5,25.4981,213.997,19.6499,291.26,151.666,276.064,383.165,214.218,135.828
1/11/2004,1883.89,16.2,20,2,10.4,51.7,10.3,14,20.4,26.6,17.7,16.7,21.9061,226.701,27.7086,370.788,156.66,493.72,566.812,534.049,67.0015
1/12/2004,2075.02,10,0.5,0,17.6,0,11.7,12.4,7.4,0.9,0,0,19.4201,231.373,21.0633,420.983,184.231,637.096,507.535,535.96,64.3156
1/13/2004,2797.19,15.8,0.8,6.2,0.1,3.9,20,37.6,19.2,13.1,0,11.7,19.4201,203.968,22.5264,441.127,156.66,538.869,355.205,592.862,53.7631
1/14/2004,2264.41,2.6,25.3,0,22,8.7,51.9,2,12.6,79.3,0,2.8,38.1086,183.78,26.8885,457.577,90.5229,472.75,356.315,726.737,49.8901
1/15/2004,2262.78,13.2,14.8,0,18,9.1,38.2,14.8,15.2,11.3,0.4,26,31.9325,200.986,28.0402,484.943,101.692,384.017,361.875,582.847,43.9648
1/16/2004,2152.24,0,8.9,3.1,0,6.5,16.2,18,2.4,0,0,0,20.4062,210.906,18.4204,453.437,74.3686,327.099,301.74,517.003,41.8797
1/17/2004,1906.18,41.2,0,0,0,1.5,0,0,36,0,1.2,0,18.688,155.068,17.3613,445.212,54.0752,262.669,283.629,430.747,29.3597
1/18/2004,1502.52,0,0,0,0,0,0,0,0,0,0,0,17.2436,120.251,10.1289,430.997,45.9367,217.561,191.039,395.478,27.4134
1/19/2004,1306.13,0,0,12.2,0,0,0,0,0,0,0,0,16.5391,102.295,8.9736,397.425,40.3868,150.627,141.406,366.443,23.5903
1/20/2004,1035.78,0,0,0,0,0,0,0,0,0,0,0,15.3926,95.7623,8.3324,357.812,36.8838,135.352,115.899,346.16,23.5903
1/21/2004,900.61,0,0,0,0,0,0,0,0,0,0,0,14.7139,92.2159,7.8019,315.61,33.4962,115.355,103.609,246.849,23.2134
1/22/2004,891.78,0,0,0,0,0,0,0,0,0,0,0,14.4893,75.0616,7.8019,283.349,31.5005,98.435,94.6091,216.646,22.0887
1/23/2004,1991.12,56.2,50.9,2,39,29.8,4.3,18,18,32,0,19,41.2882,76.3502,10.6313,287.291,46.8777,137.228,95.5995,207.016,21.7159
1/24/2004,1034.3,6.8,11,34,51,10.1,7.1,16.6,5.1,3,16,9.3,19.6656,107.885,9.2558,241.689,55.0529,173.629,93.621,192.979,20.6039
1/25/2004,974.11,0,10.9,16.8,12,3.4,0.5,0.6,0,0.4,0,0.2,16.7707,101.927,9.7359,241.689,40.3868,162.477,89.6936,189.547,19.1368
1/26/2004,965.05,0,0,11,25.8,14.9,0,0,0,0.3,18,38.2,18.9313,106.757,16.5878,279.432,34.8422,135.352,84.8405,185.018,41.4647
1/27/2004,1034.04,0,0,66.8,2.5,47.3,0,0,0,0,27.3,94.6,130.417,186.168,41.369,285.317,32.8279,125.205,81.0044,178.328,139.359
1/28/2004,962.05,0,0,2.2,0,0,0,0,0,0,2,10,56.208,358.217,30.244,301.293,30.8416,118.012,74.9503,173.936,71.0641
1/29/2004,894.15,0,0,0,0,0,0,0,0,0,0,1,61.9768,428.012,19.789,378.306,28.8845,114.475,70.9402,167.45,57.6832
1/30/2004,1198.67,0,0,8,0,2.6,0,0.4,0,0.4,0,0,36.9905,389.934,13.6724,465.914,26.9575,105.808,67.9784,153.819,54.1964
1/31/2004,898.09,0,0,0,0,0,0,0,0,0,0,0,29.3812,275.128,11.5665,502.173,25.6902,82.0487,65.0566,147.723,55.0647
2/1/2004,839.22,0,0,0,0,0,0,0,0,3,6.3,0,30.4766,201.835,10.7332,515.292,25.0618,76.1039,63.1312,129.229,70.6107
2/2/2004,1046.56,0,40.5,0,5.2,0,0,9.8,0.5,3.3,0.7,0,30.2017,183.78,10.1289,506.527,26.3221,72.4739,63.1312,124.567,79.9879
2/3/2004,907.54,65.2,20.8,8.2,8.1,7.2,0,14,36.5,1.5,76.6,0,25.902,176.371,16.7155,474.324,33.4962,91.2758,64.0916,111.968,77.0009
2/4/2004,846.11,0,8.2,0,0,0,15.5,0,0,4.7,0,0,24.0814,167.694,12.3216,435.035,29.5336,113.596,78.0028,117.285,92.5103
2/5/2004,775.29,0,0,0,0,0,0,0,0,0,0,0.4,22.048,152.86,9.4464,391.64,28.8845,92.0613,67.9784,131.117,83.671
2/6/2004,706.02,0,0,12.5,0,10.1,0,0,0,0,0.7,1.7,22.5515,131.145,8.8805,357.812,25.0618,83.561,60.2774,144.721,80.5073
2/7/2004,583.22,0,23.9,45,24.8,0,6.5,0,1.7,0.2,27.1,3.4,21.2988,182.201,8.6958,317.681,23.1987,76.1039,56.5374,157.952,105.028
2/8/2004,1702.35,48.4,5,82.6,11.5,78.2,11.6,25.4,17.6,26.5,30,21,37.8663,194.709,22.2298,309.436,26.9575,139.113,61.2241,168.522,173.873
2/9/2004,1716.48,14.8,90,6.5,19,3.8,17,13,19.1,21.4,10.3,4.4,32.4208,220.28,19.9286,347.348,37.5703,137.228,74.9503,161.087,59
2/10/2004,1403.24,3.8,7,2.2,39.2,1.9,1.1,0.2,7.2,1.8,2.3,8.8,27.7599,207.415,13.1009,403.252,38.2597,125.205,106.651,154.847,74.251
2/11/2004,2458.17,12.6,20.2,42.8,24,15.6,15.7,35.4,29.9,9,7.1,5.2,25.6396,162.229,14.1385,592.783,47.8233,128.861,129.568,165.315,129.741
2/12/2004,2777.3,25,56,64.2,11,1.3,10.5,7,13.1,2.3,0.4,1.7,27.2253,158.631,17.8869,521.913,62.0093,259.088,125.324,227.742,191.489
2/13/2004,1881.78,0,0,0,0,0,0,0,0,0,0,0,22.048,143.312,12.764,484.943,51.6493,204.324,135.995,220.314,124.101
2/14/2004,1729,0,0,1.6,0,13.5,0,0,0,0,5.6,2.9,40.8272,131.557,12.9881,451.373,39.647,170.56,119.022,202.282,82.079
2/15/2004,1877.78,13.4,14.7,8.8,38.2,30.5,15.2,61.8,12.7,33.3,9,26.4,33.8303,169.072,15.2161,430.997,48.2977,203.235,106.651,216.646,66.5525
2/16/2004,2495.77,20.2,20,23,42,18.8,24.9,31,39,42.2,32.5,41.1,47.5591,277.818,24.9712,420.983,88.8743,303.113,162.408,236.563,116.616
2/17/2004,1459.13,1.8,0,0,1,31.5,5.2,3,9.6,1.4,9.6,0,31.5834,382.329,21.7886,480.681,99.4336,414.188,275.189,283.175,144.118
2/18/2004,1993.63,0,17,0,3,0,11.1,0.4,19.5,0,0,0,29.3812,340.896,15.5843,542.029,91.074,391.846,225.558,360.141,119.98
2/19/2004,1686.3,0,0.8,5,0,2.2,20.9,2,0.4,0.4,0,0,36.41,260.937,15.9569,576.391,59.0042,332.876,198.07,344.624,84.7436
2/20/2004,2673.24,1,13.5,44.6,31,0,8.5,10,9.2,1.2,0,26.5,36.9905,262.486,16.2078,680.674,45.4678,259.088,156.815,338.513,89.1261
2/21/2004,2080.65,19.2,0,16.2,8.3,65.6,22.5,6,17.6,4.7,2.6,49.2,64.6837,278.9,42.1855,631.105,44.5335,286.732,134.919,327.949,143.52
2/22/2004,2242.57,4.6,9.5,54,19,30.5,5.9,4.2,6.7,18.4,38.9,27.5,51.3521,366.124,54.7682,633.539,61.0037,281.373,163.532,283.175,301.683
2/23/2004,3004.06,0,2.7,5.5,12.1,12.1,0,6,5.6,32.3,6.7,11.5,57.5239,461.876,54.7682,650.71,60.002,227.689,162.408,274.888,155.652
2/24/2004,2330.33,12.4,5.4,0,54,31.9,34.2,11.2,14.6,11.3,58.6,38,83.467,519.665,50.0223,668.108,68.1229,234.536,162.408,231.502,96.5655
2/25/2004,2067.39,0,0,5,9.4,12.5,0,6,0,15.2,6.8,71,76.9402,546.555,56.7476,701.02,62.5136,233.39,194.547,211.804,74.7081
2/26/2004,1946.33,7.2,0,12.2,10.1,18.5,11.7,9.8,5.4,8.5,16.7,47.6,93.0508,594.519,45.5588,747.881,64.5402,205.415,205.159,269.431,124.797
2/27/2004,2237,12.2,25.7,0,0,11.5,16.6,6.6,0.5,0.1,7.6,0,55.8804,665.449,41.369,734.714,57.0204,189.274,265.758,310.229,91.9404
2/28/2004,2234,23.6,14.2,3.2,9,4.2,25.2,36,17.7,11.7,0,0,49.4452,711.775,34.4896,742.6,60.002,180.868,337.547,338.513,71.9722
2/29/2004,2041.19,9.4,15.9,0,8,0,0,0,0,0.1,0,2.6,42.9372,666.72,31.4657,742.6,82.8914,212.008,410.416,425.617,63.8697
3/1/2004,2418.81,0,33.8,0,6,0,0,0,0,0,0.6,0,37.8663,583.596,22.5264,753.18,62.0093,216.446,247.106,507.652,57.2454
3/2/2004,2311.37,19.8,25.7,0,0,0,3.1,0,20,0,0,0,65.4678,483.107,19.6499,761.164,45.0001,201.063,174.871,432.464,52.4667
3/3/2004,1848.41,0,0,11,0,0,2.1,0,1.4,4.3,0,21,36.6999,410.527,21.3519,771.873,42.6788,165.491,142.494,329.448,56.8081
3/4/2004,2712.83,6.2,8.2,36.8,5.2,29.1,4.2,36.6,6,11.4,0,0,163.347,382.329,32.8919,834.887,40.3868,197.822,257.433,317.553,89.1261
3/5/2004,3536.04,20,43.5,62.5,16,33.8,3.8,6.6,4.6,10.3,41.9,17,70.6791,388.543,55.7521,863.047,56.0346,167.512,240.953,333.965,384.466
3/6/2004,2880.31,1.4,18.3,33.2,5,16.9,4.3,9.6,10,3.1,9,27.4,57.1941,414.159,53.796,880.164,65.5591,182.956,172.589,355.45,269.434
3/7/2004,2486.11,0,1,0,2,3.4,4.1,3.2,4.5,19.4,0.6,14.3,53.9263,416.349,33.7761,992.428,59.0042,192.463,165.785,210.602,110.721
3/8/2004,2013.57,0,0,0,1.2,0,0,0.4,0,1.5,0,0,48.1855,388.543,29.5569,998.521,58.5067,181.911,142.494,198.768,83.138
3/9/2004,2002.63,0,0,0,0,0,0,0,0,0,0,0,43.8507,363.474,25.2857,950.293,45.9367,167.512,123.215,194.13,66.5525
3/10/2004,1627.31,0,0,0,0,0,0,0,0,0,0,0,40.8272,313.434,22.0823,911.976,40.8428,135.352,109.714,181.658,57.6832
3/11/2004,1615.37,0,0,0,0,0,0,0,0,0,0,2.1,38.1595,278.358,20.0687,894.555,38.2597,123.392,101.592,157.952,52.4667
3/12/2004,1524.04,0,0,0,0,0,0,0,0,0,0,0,36.1207,262.486,19.2356,874.439,36.2003,121.589,97.5876,155.878,48.61
3/13/2004,2015.78,1,7.7,15,52.1,11.3,0.3,1,0.4,0,0,3.4,52.3132,246.314,21.7886,874.439,34.1677,117.124,96.5924,142.736,49.0361
3/14/2004,1529.55,0,0,0,0,1.5,0,0.6,3.3,0,47.5,0,39.3387,241.418,24.9712,851.727,32.8279,116.238,93.621,138.809,53.3304
3/15/2004,2017.89,0,4,35,23,65.7,0.6,9,0.3,10.2,12.5,28.9,94.9353,265.604,46.4293,865.888,34.8422,123.392,94.6091,134.936,148.935
3/16/2004,2699.33,6.8,17,5.1,6.1,26.2,10.7,3,9.6,9.5,0,16.1,50.0785,324.211,42.1855,840.482,40.8428,129.781,93.621,133.02,116.616
3/17/2004,2117,5.4,0,16,0,0,0,0.2,0.5,0,0,0,43.5456,326.644,28.5413,812.692,40.3868,130.703,93.621,129.229,61.2055
3/18/2004,1438.9,1,38.4,3.5,0,0,0,0,0,0,0,0,44.1565,276.74,23.5803,785.364,34.8422,123.392,92.6355,129.229,46.0666
3/19/2004,2631.95,0,0,50.3,0,0,0,3,0,0,0,2.5,37.5737,242.879,22.8251,763.834,32.1626,111.848,83.8776,128.289,154.423
3/20/2004,1735,0,1.5,14.3,0,0,1.3,0,0.3,0,12,0,35.2567,225.775,20.2093,747.881,30.8416,110.977,86.7741,124.567,61.6482
3/21/2004,1645.61,19.4,15,5,8.1,0,2.9,3.6,2.3,1.5,0,4.1,34.1142,212.227,19.0985,732.094,32.8279,110.977,95.5995,129.229,45.6449
3/22/2004,1638.21,1,15,0,0,0,0,0,0,0,0,0.9,32.4208,206.549,20.0687,706.153,32.8279,111.848,99.5853,140.766,38.17
3/23/2004,1447.96,7.6,17.5,0,1,0,11.7,0,0,0.2,0,0,31.0286,199.298,17.2311,688.269,30.186,110.977,92.6355,126.421,34.9221
3/24/2004,1240.57,9.8,0,0,0,0,0,2.2,0,0,0,0,29.654,186.168,16.4606,668.108,28.8845,104.142,83.8776,119.99,34.5196
3/25/2004,1146.35,0,0,0,0,0,0,0,0,0,0,0,28.8379,181.416,16.3339,623.829,27.5964,103.319,76.9811,118.184,33.3166
3/26/2004,1153.18,0,0,0,0,0,0,0,0,0,0,0,28.0283,173.319,18.1526,592.783,26.3221,91.2758,74.9503,117.285,32.1208
3/27/2004,1150.41,0,0,24.2,0,9.5,0,0,0,5.7,45,15.3,48.8142,169.994,32.7119,557.935,25.6902,80.5469,71.9362,106.774,77.9326
3/28/2004,947.22,0,0,6,0,9.1,4.8,0,0,7.8,0,0,39.3387,191.83,37.4443,519.701,30.8416,78.3136,73.9413,102.539,77.9326
3/29/2004,1049.64,0,0,0,0,0,0,0,0,0,0,0,45.0773,203.113,27.2151,493.521,34.1677,85.0835,76.9811,106.774,68.3512
3/30/2004,849.69,0,0,0,2.1,15.1,10.4,29.6,1.4,0,0,10.6,39.3387,185.768,23.8859,502.173,28.8845,88.1593,78.0028,111.094,38.17
3/31/2004,1050.87,0,0,0,0,0,0,0,0,0,0,0,34.3988,188.579,23.1257,493.521,26.9575,109.244,86.7741,111.094,42.7117
4/1/2004,949.22,13.4,0,9.2,4,5.6,10.3,4,11.5,9.7,0,0,51.6719,180.633,18.555,484.943,27.5964,118.902,91.6524,131.117,31.7239
4/2/2004,977.11,0,0,0,0,0,0,0,0,0,0,0,29.654,172.94,17.1015,474.324,29.5336,113.596,81.9595,148.73,62.9795
4/3/2004,943.69,0,0,3.6,0,0,0,0,0,0,0,16.5,28.8379,153.301,17.4919,459.654,25.6902,102.499,75.9635,157.952,37.3536
4/4/2004,927.69,0,0,5.6,13,4.2,0,0,0,2.1,0,22.3,31.3056,170.456,18.8258,437.061,24.4371,83.561,73.9413,165.315,32.1208
4/5/2004,927.69,11.2,0.6,3,21.2,11.5,8.4,13.2,37.8,4,0,1,31.0286,208.719,20.9197,417.01,30.186,85.0835,111.767,190.688,34.1178
4/6/2004,821.26,3.8,0,17.6,0,20.7,11.8,0,4.7,0,8,28.5,61.214,191.421,23.1257,403.252,34.1677,102.499,185.226,224.013,32.5186
4/7/2004,1011.11,0,0,26.6,3,5.4,0,1,0,0,2,20.6,33.8303,204.826,29.5569,422.977,28.8845,122.489,133.844,252.074,42.2953
4/8/2004,1163.41,0,20.7,13,0,23.8,0,0,0,0,34,0,48.8142,199.298,27.2151,478.558,27.5964,107.521,116.938,194.13,40.6368
4/9/2004,1560.33,0,30,5.5,0,2.7,0,0,0.7,0,0,0.8,39.043,193.06,20.492,465.914,25.6902,97.6296,95.5995,171.76,32.1208
4/10/2004,2089.22,0,45.3,11.2,2,22.2,0,2.2,0,0,0,0,43.5456,169.994,25.2857,493.521,24.4371,96.0261,82.9172,129.229,45.2239
4/11/2004,1672.67,0,8.9,8.8,0,7.8,0,0,7.4,6.7,0,3.4,46.3135,164.496,22.6755,457.577,25.6902,97.6296,114.863,122.726,48.61
4/12/2004,2107.74,0,15.3,3.2,4,3.1,14.3,15.6,6.4,1.7,6,1.6,33.2644,165.863,21.7886,455.504,42.218,103.319,153.482,106.774,46.4889
4/13/2004,1996.94,6.2,16.9,5.5,7.2,2.9,8.2,1.2,0.2,3.6,2.5,4.6,39.6352,159.079,20.9197,449.315,43.6038,122.489,119.022,169.598,52.0358
4/14/2004,1344.17,1,0.8,7.9,3,3.1,0.6,1.6,1.1,1.1,2.5,3.4,32.9825,169.072,18.2863,439.092,35.5198,123.392,114.863,154.847,42.2953
4/15/2004,1017.78,0,0,5,0,5.9,0.7,0.2,0.4,4.4,5,4.2,32.1409,157.737,18.0195,433.014,31.5005,110.977,104.621,151.773,39.8117
4/16/2004,945.98,0,0,0,2,0,0,0,0,0.9,0,24.4,51.6719,158.184,18.0195,418.995,30.186,104.142,87.7447,137.835,32.1208
4/17/2004,927.39,0,0,0,0,0,0,0,0.8,0,0,10.3,33.547,191.013,17.2311,395.492,31.5005,104.142,83.8776,117.285,29.7516
4/18/2004,926.39,0,0,0,0,0,5.1,0.2,0,0,0,5.6,38.1595,179.074,18.555,393.564,28.2388,100.053,86.7741,112.846,27.0269
4/19/2004,814.39,0,0,0,0,0,0,0,0,0.1,0,0,39.3387,177.14,16.2078,397.425,25.6902,96.0261,84.8405,115.499,24.3472
4/20/2004,799.19,0,0,0,0,0,0,0,0,0,0,0,30.7522,153.742,15.0944,385.897,24.4371,92.0613,74.9503,111.968,25.4899
4/21/2004,790.07,0,0,0,0,0,0,0,0,0,0,7.8,43.8507,164.042,14.6125,372.66,23.1987,83.561,70.9402,100.039,24.3472
4/22/2004,590.71,0,0,0,0,0,0,0,0,0,0,0,30.7522,174.078,14.2562,347.348,22.5851,81.2965,66.026,94.3261,22.8375
4/23/2004,694.27,0,0,0,0,0,0,0,0,0,0,0,29.1092,145.458,13.9044,336.609,21.3695,79.0554,65.0566,88.002,21.7159
4/24/2004,682.65,0,0,0,0,0,0,0,0,0,0,0,28.2974,127.873,13.6724,332.358,20.7675,76.8378,64.0916,87.2269,20.9735
4/25/2004,580.85,0,0,0,0,0,0,0,0,0.2,0,0,27.4922,121.838,13.4423,305.352,20.7675,76.8378,63.1312,85.6869,20.6039
4/26/2004,812.7,17.8,0,5.2,10,4.9,9.9,8.2,7.7,10.3,10,3.8,29.9275,119.066,13.6724,285.317,27.5964,82.8035,68.9613,84.922,20.6039
4/27/2004,579.97,1.2,0,0,0,0,5.4,1,1.1,0,0,0,27.2253,117.887,13.6724,269.753,34.1677,97.6296,68.9613,91.9289,20.2355
4/28/2004,806.59,0,0,0.3,0,0,0,0,0.2,0,0,0,26.4291,121.838,13.2142,264.023,28.2388,88.9346,67,91.9289,19.1368
4/29/2004,466.54,0,0,0,0,0,0,0,0,0,0,0,25.6396,117.495,12.8758,262.127,24.4371,78.3136,64.0916,89.5625,17.6882
4/30/2004,489.43,0,0,0,0,0,0,0,0,0,0,0,25.1171,110.539,12.6526,262.127,22.5851,68.9108,62.1753,85.6869,16.9711
5/1/2004,587,0,0,0,0,0,0,0,0,0,0,0,24.5977,108.641,12.4315,254.604,21.3695,66.8053,58.398,82.648,16.6145
5/2/2004,585,0,0,0,0,0,0,0,0,0,0,0,24.0814,105.634,12.2123,243.514,20.7675,64.7244,58.398,78.1922,16.2591
5/3/2004,517.31,0,0,0,0,0,0,0,0,0,0,0,23.8245,103.403,11.9951,236.251,20.1696,64.7244,57.4654,78.1922,16.2591
5/4/2004,471.43,0,0,0,0,0,0,0,0,0,0,0,23.3129,101.56,11.7798,239.87,19.5757,62.6682,55.6142,76.7343,16.2591
5/5/2004,474.43,0,0,0,0,0,0,0.2,0,0,0,0,33.2644,99.0049,12.2123,227.319,19.5757,62.6682,55.6142,74.5731,15.5522
5/6/2004,485.54,0,0,0,0,0,0,0,0,0,0,0,24.5977,96.8379,14.6125,222.038,18.986,62.6682,57.4654,74.5731,15.2007
5/7/2004,590.74,0,0,0,0,0,0,0,0,0,0,0,23.5683,101.193,11.8872,218.55,18.986,60.637,53.7823,76.7343,14.8506
5/8/2004,353,0,0,0,0,0,0,0,0,2.7,0,0,23.0583,96.8379,11.6729,216.816,18.986,60.637,53.7823,71.7395,14.8506
5/9/2004,465.43,0,0,0,0,0,0,0,0,0,0,0,22.5515,95.405,11.5665,215.088,18.986,60.637,53.7823,71.7395,14.8506
5/10/2004,467.43,0,0,0,0,0,0,0,0,0,0,0,22.2994,93.9817,11.4607,213.367,18.4004,59.2968,51.9696,71.7395,14.5019
5/11/2004,469,0,0,0,0,0,0,0,0,0,0,0,22.048,92.5678,11.3553,209.945,18.4004,59.2968,51.9696,69.6502,14.1545
5/12/2004,450,0,0,0,0,0,0,0,0,0,0,0,21.5477,91.1635,11.2503,204.86,18.4004,59.9655,51.0707,69.6502,14.1545
5/13/2004,489.54,0,0,0,0,0,0,0,0,0,0,0,21.2988,89.7688,11.1459,203.179,17.8191,59.9655,50.1766,68.2744,13.8086
5/14/2004,484.43,0,0,0,0,0,0,0.4,0,0,0,0.5,21.2988,89.7688,10.9386,201.503,17.8191,59.9655,50.1766,66.9123,13.4641
5/15/2004,365,0,0,0,2,0,0,0,0,0,0,0,21.5477,90.1166,10.8357,198.173,17.8191,63.3508,50.1766,66.9123,12.7796
5/16/2004,469.31,0,0,0,3.2,7.7,1.5,12.2,0,18.1,5,0.7,21.5477,89.7688,11.3553,196.518,20.7675,65.4153,50.1766,66.9123,12.7796
5/17/2004,312.69,0,0,0,0,0,0,0,0,0,0,0,20.8035,91.8645,10.9386,194.869,25.0618,79.7998,55.6142,67.5917,12.7796
5/18/2004,536,0,0,0,0,0,0,0,0,0,0,0,20.5571,90.1166,10.7332,194.869,21.9754,84.3209,65.0566,75.2901,12.7796
5/19/2004,430.57,0,0,0,0,0,0,0,11.1,0,0,0,20.0669,89.4216,10.8357,196.518,20.1696,81.2965,59.3354,86.4552,12.7796
5/20/2004,447.46,0,0,2.4,0,4.3,4.2,0,1,9.1,0,0,20.0669,84.2856,11.4607,196.518,18.986,94.4327,56.5374,78.9263,12.7796
5/21/2004,516,0,0,0,1,0,0,0,0,0,0,0,20.3116,83.2747,10.8357,191.591,22.5851,64.7244,57.4654,76.0105,12.7796
5/22/2004,358,0,0,2.8,0,0,0,0,0,0,0,3.8,21.2988,83.2747,10.5298,188.339,21.9754,64.7244,55.6142,76.7343,12.7796
5/23/2004,539.54,0,0,0,0,0,0,0,0,0,0,0,20.3116,83.2747,10.4289,185.114,19.5757,67.5044,56.5374,74.5731,12.101
5/24/2004,255.46,0,0,0,0,0,0.4,0,0,0,0,0,19.58,86.3238,10.3284,181.915,18.986,65.4153,53.7823,75.2901,11.7641
5/25/2004,376,0,0,0,0,0,0,0,0,0,0,0,19.4116,83.611,10.2284,180.326,18.4004,65.4153,51.9696,71.7395,11.4288
5/26/2004,469.54,1,0,0,4,0,0,0.8,2.6,7.8,0,1.6,19.4116,81.9351,10.1289,180.326,18.4004,64.7244,51.0707,69.6502,11.4288
5/27/2004,467.43,0,0,0,3.2,0,6.3,4,7.3,0,0,0,18.9662,78.9566,10.03,178.743,19.5757,61.9883,51.0707,68.2744,11.4288
5/28/2004,473.31,0,0,0,0,0,0,0,0,0,0,0,18.7444,78.3013,9.9315,174.034,18.4004,60.637,51.0707,68.2744,11.4288
5/29/2004,382,0,0,0,0,1.4,8.3,0,1.7,7,0,12.7,18.5231,80.6053,10.03,172.477,18.4004,62.6682,53.7823,68.2744,11.0951
5/30/2004,136.26,1,0,0,0,0,13.3,13,15.2,22.8,45,2,18.7444,85.642,10.03,169.384,25.0618,70.328,60.2774,72.4428,10.7631
5/31/2004,471.43,0,0,0,0,0,0,2.2,0,0,5,0,18.5231,92.9204,9.9315,170.927,31.5005,91.2758,70.9402,81.8968,10.7631
6/1/2004,363,0,0,0,0,4.9,0,1,0,9.5,0,20.1,18.3025,85.9826,10.3284,180.326,25.6902,93.6397,61.2241,93.5236,10.7631
6/2/2004,492.31,0,0,21.5,0,5.8,0,3.2,12.7,0.2,0,0,18.5231,83.948,13.4423,185.114,26.3221,84.3209,57.4654,81.149,13.8086
6/3/2004,381,0,0,0,0,8.1,8.3,7.4,0.8,2,17.5,13.4,18.7444,89.075,10.2284,180.326,31.5005,77.5744,79.0288,79.6638,12.4395
6/4/2004,488.43,0,0,0,0,3.5,3.2,9.4,1.5,10.1,6,0.7,18.3025,93.9817,10.4289,180.326,40.3868,88.9346,76.9811,105.07,11.0951
6/5/2004,372,0,0,3.3,0,0,0.4,0,1.2,0,0,0,18.0825,88.3836,9.7359,188.339,32.8279,107.521,70.9402,102.539,10.7631
6/6/2004,487.43,0,0,0,0,0,0,0,0,0,0,0,17.6444,80.6053,9.7359,193.226,25.0618,96.8266,67,94.3261,10.1042
6/7/2004,491.54,0,0,0,0,0,0,0,0,0,0,0,17.4262,76.9981,9.7359,188.339,22.5851,85.0835,58.398,88.7805,10.1042
6/8/2004,375,0,0,0,0,0,0,0,0,0,0,0,17.4262,75.3828,9.7359,178.743,21.3695,80.5469,53.7823,77.4615,9.4524
6/9/2004,381,0,0,0,0,0,0,0,0,0,0,0,17.2087,74.1016,9.6389,170.927,20.1696,64.0362,51.9696,71.7395,9.4524
6/10/2004,376,0,0,0,0,0,0.1,0,0,0,0,0,17.2087,73.147,9.5424,167.848,19.5757,62.6682,51.0707,69.6502,9.4524
6/11/2004,377,0,0,0.1,0,0,0,0,0,0,0,0,16.9918,70.9412,9.2558,163.278,18.986,60.637,50.1766,70.3432,9.4524
6/12/2004,375,0,0,0,0,0,0,0,0,0,0,0,16.7756,70.3165,8.9736,160.206,18.4004,60.637,49.2876,69.6502,9.4524
6/13/2004,375,0,0,0,0,0,0,0,0,0,0,0,16.9918,69.0744,8.9736,156.893,18.4004,59.2968,48.4035,69.6502,9.4524
6/14/2004,376,0,0,0,0,0,0,0,0,0,0,0,16.7756,68.457,8.8805,155.244,17.8191,57.9678,46.6505,68.9606,9.4524
6/15/2004,325.46,0,0,0,0,0,0,0,0,0,0,0,16.56,68.1493,8.9736,153.601,17.8191,59.9655,46.6505,66.9123,9.4524
6/16/2004,326.57,0,0,1.5,0,1.7,1.7,0,0,1.4,1.2,7.6,16.7756,68.7654,9.0672,151.963,17.8191,59.9655,49.2876,64.8949,9.4524
6/17/2004,264.26,0,0,0,0,0,0,0,0,0,0,0,16.56,68.7654,8.8805,150.33,17.8191,59.2968,51.9696,64.2293,9.1293
6/18/2004,471,0,0,0,0,0,0,0,0,0,0,0,16.345,68.1493,8.7879,148.703,17.8191,63.3508,57.4654,64.2293,9.1293
6/19/2004,356.57,0,0,0,0,0,0,0,0,0,0,0,16.1307,66.3158,8.6958,148.703,17.2422,62.6682,51.9696,64.2293,8.808
6/20/2004,241.03,0,0,0,0,0,0,0,0,0,0,0,15.9171,65.7095,8.6958,148.703,16.6697,57.3075,51.9696,63.567,8.808
6/21/2004,354.57,0,0,0,0,0,0,0,0,0,0,0,15.9171,65.1058,8.6042,145.465,16.6697,55.3438,46.6505,63.567,8.808
6/22/2004,262.69,0,0,0,0,0,0,0,0,0,0,0,15.7041,64.2048,8.5131,142.249,16.6697,55.9956,46.6505,61.6009,8.808
6/23/2004,265.57,0,0,0,0,0,0,0,0,0,0,0,15.4918,63.6072,8.4225,140.649,16.1017,55.9956,45.7817,58.3926,8.808
6/24/2004,341.46,0,17.5,0,3,0,0,0,0,19.1,0,0,15.4918,63.0121,8.4225,139.055,16.6697,55.9956,44.0594,58.3926,8.808
6/25/2004,346.57,0,0,0,0,0,0,0,0,0,0,0,15.2801,62.7155,8.4225,137.466,18.4004,55.3438,44.0594,56.5086,8.808
6/26/2004,346.57,0,0,0,0,0,0,0,0,0,0,0,15.2801,62.4195,8.3324,135.883,16.6697,56.6501,43.2061,56.5086,8.808
6/27/2004,346.69,0,0,0,0,0,0,0,0,0,0,0,15.0691,61.2418,8.2427,134.306,16.1017,56.6501,43.2061,55.2698,8.4887
6/28/2004,231.03,0,0,0,0,0,0,0,0,0,0,0,15.0691,60.6567,8.2427,132.734,15.5382,55.9956,43.2061,52.2326,8.4887
6/29/2004,457,0,0,0,0,0,0,0,0,0,0,0,15.0691,60.3651,8.2427,131.168,15.5382,55.9956,42.3581,52.2326,8.1714
6/30/2004,230.15,0,0,0,0,0,0,0,0,0,0,0,14.8588,60.0741,8.1536,129.608,15.5382,54.695,42.3581,51.6355,8.1714
7/1/2004,229.26,0,0,0,0,0,0.1,0,0.2,0,0,0,14.6492,59.494,8.1536,129.608,15.5382,52.1283,41.5153,53.4372,7.8561
7/2/2004,339.46,0,0,0,0,0,0,0,0,0,0,0,14.6492,58.9164,8.0649,128.053,15.5382,53.4059,41.5153,53.4372,7.5429
7/3/2004,228.15,0,0,0,0,0,0,0,0,0,0,0,14.4403,58.6285,7.9768,126.504,15.5382,52.7656,40.6779,53.4372,7.5429
7/4/2004,341.69,0,0,0,0,0,0,0,0,0,0,0,14.4403,58.0547,7.8891,126.504,14.4255,52.7656,40.6779,53.4372,7.5429
7/5/2004,228.03,0,0,0,0,0,0,0,0,0,0,0,14.4403,57.1986,7.8019,124.961,14.4255,53.4059,39.8458,53.4372,7.2319
7/6/2004,340.57,0,0,0,0,0,0,0,0,0,0,0,14.4403,56.9145,7.7152,123.424,14.4255,53.4059,39.8458,54.0447,7.2319
7/7/2004,227.26,0,0,0,0,0,0,0,0,0,0,0,14.232,56.631,7.7152,121.893,14.4255,53.4059,39.0192,54.6555,6.923
7/8/2004,342.57,0,0,0,0,0,0,0,0,0,0,0,14.232,55.7844,7.8019,118.848,13.8764,54.049,38.198,55.2698,6.923
7/9/2004,237.41,0,0,0,1.2,0,0,0,0,3.9,0,0,14.0245,55.5035,7.7152,117.334,13.8764,52.7656,38.198,57.1332,6.923
7/10/2004,346.2,0,0,5.5,3.1,3.9,0,1,0.3,2.8,0,0,14.232,55.5035,7.9768,117.334,14.4255,53.4059,39.0192,57.7612,6.923
7/11/2004,564.8,29.6,30.2,19,7.2,4.9,22.2,17.2,15.3,9.9,20.6,13.2,17.2087,60.0741,8.3324,131.168,23.1987,66.1089,49.2876,58.3926,6.923
7/12/2004,299.41,0,0,0,1,0,0,0,0,0,0,0,14.6492,69.384,7.9768,126.504,26.3221,69.618,65.0566,68.9606,7.5429
7/13/2004,250.29,0,0,0,0,0,0,0,0,0,0,0,14.232,65.4073,7.8019,131.168,21.3695,85.0835,63.1312,71.7395,7.2319
7/14/2004,466,0,0,0,0,0,0,0,0,0,0,0,14.0245,60.3651,7.7152,140.649,17.8191,63.3508,50.1766,88.002,6.923
7/15/2004,248.52,0,0,0,0,0,0,0,0,0,0,0,13.8177,57.4833,7.629,139.055,16.6697,57.9678,45.7817,70.3432,6.923
7/16/2004,354.2,0,0,0,0,0,0,0,0,0,0,0,13.6116,56.066,7.5433,131.168,16.1017,55.9956,43.2061,70.3432,6.923
7/17/2004,319.2,0,0,0,0,0,0,0,0,0,0,0,13.6116,55.5035,7.4581,124.961,15.5382,54.695,41.5153,66.9123,6.923
7/18/2004,353.09,0,0,0,0,0,0,0,0,0.2,0,0,13.6116,54.6644,7.3734,120.367,14.9795,54.049,40.6779,64.2293,8.4887
7/19/2004,135.73,0,0,0,0,0,0,0,0,0,0,0,13.4062,53.831,7.5433,117.334,14.4255,52.7656,39.8458,58.3926,8.808
7/20/2004,462,6.2,10.4,18.2,22.1,12.6,9.7,12.6,13.4,25.1,24,19.7,14.4403,59.2049,8.3324,118.848,16.6697,54.049,43.2061,55.8875,9.1293
7/21/2004,348.2,6,0,6.4,60.2,8.5,11.9,11.6,3.3,0,1.7,0,13.6116,64.5045,8.6042,118.848,24.4371,69.618,52.8735,57.7612,8.4887
7/22/2004,351.09,0,0,2,0,0,0,0,0,0,0,0,13.2015,65.4073,7.7152,126.504,21.9754,88.9346,52.8735,58.3926,7.8561
7/23/2004,240.73,0,0,0,0,0,0,0,0,0,0,0,13.2015,58.6285,7.629,134.306,17.8191,81.2965,50.1766,64.8949,7.5429
7/24/2004,279.61,0,0,0,0,0,0,0,0,0,0,0,12.9976,55.2231,7.4581,137.466,16.1017,71.0406,47.5245,63.567,6.923
7/25/2004,275.61,0,0,0,0,0,0,0,0,0,0,0,12.9976,53.5545,7.2891,129.608,14.9795,55.9956,41.5153,60.9524,6.923
7/26/2004,279.61,0,0,0,0,0,0,0,0,0,0,0,12.7944,52.7287,7.2054,121.893,14.4255,54.049,39.8458,58.3926,6.923
7/27/2004,161.81,0,0,0,0,0,0,0,0,0,0,0,12.7944,52.1813,7.1221,117.334,14.4255,52.7656,38.198,58.3926,6.923
7/28/2004,277.61,0,0,0,0,0,0,0,0,0,0,0,12.5919,51.6365,7.1221,114.325,13.8764,52.7656,38.198,57.7612,6.923
7/29/2004,279.61,0,0,0,0,0,0,0,0,0,0,0,12.5919,51.0943,7.0394,111.339,13.8764,52.7656,37.3823,56.5086,6.6165
7/30/2004,284.5,0,0,0,0,0,0,0,0,0,0,0,12.5919,50.5545,6.9571,109.856,13.8764,52.7656,36.5721,55.8875,6.3123
7/31/2004,177.93,0,0,0,0,0,0,0,0,0,0,0,12.3902,50.2856,6.9571,108.378,13.3323,52.7656,36.5721,55.2698,6.3123
8/1/2004,287.61,0,0,0,0,0,0,0,0,0,0,0,12.3902,50.2856,6.8753,106.907,13.3323,52.7656,36.5721,54.6555,6.3123
8/2/2004,286.5,0,0,0,0,0,0,0,0,0,0,0,12.1892,50.0174,6.794,105.442,13.3323,52.1283,35.7676,54.6555,6.0105
8/3/2004,287.73,0,0,0,0,0,0,0,0,0,0,0,12.1892,49.4827,6.794,103.983,13.3323,51.4939,35.7676,54.0447,5.7113
8/4/2004,286.61,0,0,0,0,0,0,0,0,0,0,0,11.989,49.2164,6.7132,103.983,12.7932,49.6081,34.9687,54.0447,5.7113
8/5/2004,289.61,0,0,0,0,0,0,0,0,0,0,0,11.989,48.6856,6.7132,102.531,12.7932,49.6081,34.1754,53.4372,5.7113
8/6/2004,180.81,0,0,0,0,0,0,0,0,0,0,0,11.7896,47.8942,6.6329,101.084,12.7932,49.6081,34.1754,53.4372,5.7113
8/7/2004,177.81,0,0,0,0,0,0,0,0,0,0,0,11.7896,47.3698,6.6329,99.6441,12.7932,49.6081,33.3879,53.4372,5.7113
8/8/2004,257.5,0,0,0,0,0,0,0,0,0,0,0,11.7896,47.3698,6.5531,98.2104,12.2593,48.9854,32.6062,52.2326,5.4146
8/9/2004,287.73,0,0,0,0,0,0,0,0,0,0,0,11.5909,47.1086,6.5531,96.7831,12.2593,48.9854,32.6062,52.2326,5.4146
8/10/2004,252.81,0,0,0,0,0,0,0,0,0,0,0,11.5909,46.5881,6.5531,95.3622,11.7308,47.7487,31.8303,51.0417,5.4146
8/11/2004,73.02,0,0,0,0,0,0,0,0,0,0,0,11.5909,46.3288,6.5531,95.3622,11.7308,48.3656,31.8303,49.8645,5.4146
8/12/2004,512.2,0,0,0,0,0,0,0,0,0,0,0,11.393,46.0701,6.5531,93.9478,11.7308,47.7487,31.0603,49.2811,5.1206
8/13/2004,73.02,0,0,0,0,0,0,0,0,0,0,0,11.393,46.0701,6.4737,93.9478,11.7308,47.7487,31.0603,46.4151,5.1206
8/14/2004,96.02,0,0,0,0,0,0,0,0,0,0,0,11.196,45.298,6.3949,92.5399,11.2076,47.1349,30.2963,45.2927,5.1206
8/15/2004,145.81,0,0,0,0,0,0,0,0,0,0,0,11.196,44.7865,6.3949,91.1385,11.2076,47.7487,30.2963,45.2927,5.1206
8/16/2004,299.75,0,0,0,0,0,0,0,0,0,0,0,11.196,44.7865,6.3949,89.7437,11.2076,47.7487,31.0603,45.2927,5.1206
8/17/2004,221.97,0,0,0,0,0,0,0,0,0,0,0,11.196,44.5317,6.3165,89.7437,11.2076,47.7487,31.0603,44.7367,5.1206
8/18/2004,321.39,0,0,0,0,0,0,0,0,0,0,0,11.196,44.5317,6.3165,88.3555,11.2076,47.1349,31.0603,44.184,5.1206
8/19/2004,220.74,0,0,0,0,0,0,0,0,0,0,0,10.9997,44.2775,6.2387,88.3555,10.6901,47.7487,30.2963,44.184,5.1206
8/20/2004,219.85,0,0,0,0,0,0,0,0,0,0,0,10.9997,43.7712,6.2387,86.974,10.6901,45.9161,30.2963,43.6348,5.1206
8/21/2004,222.97,0,0,0,0,0,0,0,0,0,0,0,10.9997,43.519,6.2387,86.974,10.6901,46.524,29.5382,43.6348,5.1206
8/22/2004,319.39,0,0,0,0,0,0,0,0,0,0,0,10.8042,43.2674,6.1613,86.974,10.6901,47.7487,29.5382,43.6348,4.8294
8/23/2004,202.74,0,0,0,0,0,0,0,0,0,0,0,10.8042,42.7663,6.1613,85.5991,10.6901,44.7093,28.7862,43.0891,4.8294
8/24/2004,222.85,0,0,0,0,0,0,0,0,0,0,0,10.8042,42.2677,6.1613,85.5991,10.1783,45.9161,28.0403,43.0891,4.8294
8/25/2004,225.97,0,0,0,0,0,0,0,0,0,0,0,10.6095,42.2677,6.0844,84.231,10.1783,45.9161,28.0403,43.0891,4.8294
8/26/2004,226.85,0,0,0,0,0,0,0,0,0,0,0,10.6095,41.7717,6.0844,82.8697,9.6723,45.9161,28.0403,43.0891,4.8294
8/27/2004,131.31,0,0,0,0,0,0,0,0,0,0,0,10.4157,41.7717,6.0844,82.8697,9.6723,45.9161,27.3006,43.0891,4.8294
8/28/2004,415.81,0,0,0,0,0,0,0,0,0,0,0,10.4157,41.2784,6.008,81.5152,9.6723,45.3112,27.3006,42.0078,4.5411
8/29/2004,225.97,0,0,0,0,0,0,0,0,1.4,0,0,10.4157,41.0327,6.008,78.8268,9.1724,44.7093,26.5671,41.4723,4.5411
8/30/2004,228.85,0,0,0,0,0,0,0,0,0,0,1.3,10.4157,40.7876,6.008,78.8268,9.1724,44.7093,25.84,40.9402,4.2559
8/31/2004,128.31,0,0,0,0,0,0,0,0,0,0,0,10.2227,40.5432,5.9321,77.493,9.1724,44.7093,25.84,40.4115,4.2559
9/1/2004,225.85,0,0,0,0,0,0,0,0,0,0,0,10.2227,40.5432,5.9321,76.1662,9.1724,43.5146,25.1191,39.8863,4.2559
9/2/2004,133.31,0,0,0,0,0,0,0,0,0,0,0,10.2227,40.2995,5.8567,76.1662,9.1724,45.3112,24.4047,37.8197,4.2559
9/3/2004,133.31,0,0,0,0,0,0,0,0,0,0,0,10.0305,39.8139,5.8567,74.8464,9.1724,45.9161,24.4047,37.3116,4.2559
9/4/2004,328.27,0,0,0,0,0,0,0,0,0,0,0,10.0305,39.5722,5.7818,74.8464,8.6787,46.524,24.4047,36.807,4.2559
9/5/2004,132.31,0,0,0,0,0,0,0,0,0,0,0,10.0305,38.8507,5.7818,73.5338,8.6787,45.9161,24.4047,36.807,4.2559
9/6/2004,233.97,0,0,0,0,0,0,0,0,0,0,0,9.8391,38.6116,5.7073,73.5338,8.1914,45.3112,24.4047,35.8079,4.2559
9/7/2004,138.31,0,0,0,0,0,0,0,0,0,0,0,9.8391,38.3731,5.7073,72.2283,8.1914,45.9161,23.6968,35.8079,4.2559
9/8/2004,257.85,0,0,0,0,0,0,0,0,0,0,0,9.6487,38.1352,5.6334,70.93,7.7107,48.9854,22.9955,35.8079,4.2559
9/9/2004,114.31,0,0,0,0,0,0,0,0,0,0,0,9.4591,37.898,5.5599,70.93,7.7107,50.8624,22.9955,35.3136,4.2559
9/10/2004,247.85,0,0,0,0,0,0,0,0,0,0,0,9.4591,37.6615,5.5599,69.6389,7.7107,44.1105,22.9955,35.3136,4.2559
9/11/2004,144.26,0,0,0,0,0,0,0,0,0,0,0,9.4591,37.1904,5.5599,69.6389,7.7107,44.1105,22.3008,35.3136,4.2559
9/12/2004,153.94,0,0,0,0,0,0,0,0,0,0,0,9.2703,36.9558,5.4869,68.3551,7.2218,42.9218,22.3008,34.8226,4.2559
9/13/2004,117.04,0,0,0,0,0,0,0,0,0,0,0,9.2703,36.7219,5.5599,67.0787,7.2218,43.5146,21.6129,34.3351,4.2559
9/14/2004,156.63,0,0,0,0,0,0,0,0,0,0,0,9.2703,36.4887,5.4145,65.8097,7.2218,42.9218,21.6129,34.3351,3.9737
9/15/2004,266.85,0,0,0,0,0,0,0,0,0,0,0.5,9.2703,36.2561,5.4869,65.8097,7.2218,42.332,20.9317,33.851,3.9737
9/16/2004,176.26,0,0,1.2,17.2,0,0,3.6,0,0.1,0,0,9.2703,36.2561,5.7073,65.8097,6.8297,43.5146,21.6129,33.851,3.6949
9/17/2004,173.94,0,0,0,0,0,0,0,0,0,0,0,9.2703,36.4887,5.7073,65.8097,7.7107,42.332,21.6129,33.3703,3.6949
9/18/2004,175.26,0,0,1.2,0,4.3,0,0,0,30.8,1.5,7.2,10.2227,37.898,5.6334,64.5481,9.6723,42.332,21.6129,33.3703,3.6949
9/19/2004,165.94,0,0,0,0,0,0,0,0,0,1.2,4.1,11.393,38.6116,5.4869,64.5481,11.7308,42.9218,21.6129,32.8931,3.6949
9/20/2004,154.31,0,0,0,0,5.9,0,0,0,2.6,0,5.2,12.5919,41.2784,5.4869,64.5481,10.6901,44.7093,22.9955,32.8931,3.6949
9/21/2004,175.26,0,0,0,0,0,0,0,0,0,0,0,10.2227,42.0194,5.5599,64.5481,9.6723,46.524,24.4047,30.1017,3.6949
9/22/2004,72.41,0,0,0,0,0,0,0,0,0,0,0,9.6487,42.5167,5.4145,69.6389,9.1724,44.7093,23.6968,30.1017,3.6949
9/23/2004,167.57,0,0,0,0,0,0,0,0,0,0,0,9.2703,39.331,5.4145,72.2283,8.1914,45.3112,22.3008,31.482,3.6949
9/24/2004,188.63,0,0,0,0,0,0,0,0,0,0,0,9.2703,37.4256,5.4145,73.5338,7.7107,43.5146,21.6129,29.6485,3.6949
9/25/2004,165.31,0,0,0,0,0,0,0,0,0,0,0,8.8955,36.4887,5.4145,70.93,7.7107,42.9218,21.6129,28.7523,3.6949
9/26/2004,189.57,0,0,0,0,0,0,0,0,0,0,0,8.7094,35.5624,5.3425,67.0787,7.2218,42.9218,20.9317,28.7523,3.6949
9/27/2004,120.09,0,0,0,0,0,0,0,0,0,0,0,8.7094,35.3324,5.271,64.5481,6.8297,42.332,20.2575,27.8698,3.6949
9/28/2004,77.24,0,0,0,0,0,0,0,0,0,0,0,8.5243,34.8746,5.1294,62.0476,6.8297,42.332,19.5902,27.0011,3.6949
9/29/2004,153.63,0,0,0,0,0,0,0,0,0,0,0,8.34,33.9668,5.0594,60.8088,6.4413,41.7453,19.5902,26.1461,3.6949
9/30/2004,74.78,0,0,0,0,0,0,0,0,0,0,0,8.34,33.9668,5.0594,59.5776,6.0568,41.7453,19.5902,26.1461,2.88
10/1/2004,270,0,0,0,0,0,0,0,0,0,0,0,8.34,33.5169,5.0594,58.3542,6.0568,44.1105,19.5902,26.1461,2.88
10/2/2004,171.89,0,0,0,3,3.9,0,0,0,0,2.7,20,8.1567,33.293,5.271,57.1386,5.6763,46.524,19.5902,26.1461,4.5411
10/3/2004,253.23,0,0,0,0,10.1,0,0.8,5.9,0.6,4.2,11.6,10.2227,34.4194,6.794,57.1386,5.6763,42.332,22.9955,26.5719,5.4146
10/4/2004,56.55,14.2,1.5,1.6,8,34.5,20.1,15.2,23.5,23.9,13.8,28.3,38.7478,39.5722,11.5665,57.1386,7.2218,44.1105,29.5382,31.482,5.7113
10/5/2004,73.78,1.6,0.6,0,0,0,0,1.2,3,0.3,0.7,0,10.2227,56.066,6.1613,58.3542,9.6723,48.3656,31.0603,39.8863,5.7113
10/6/2004,77.67,0,0,0,0,0,0,0,0,0,0,0,9.4591,56.9145,5.6334,62.0476,9.1724,50.2338,43.2061,43.0891,5.1206
10/7/2004,173.89,0,0,0,0,0,0,0,0,0,0,0,9.0825,43.0165,5.4869,77.493,8.1914,50.2338,38.198,57.1332,5.1206
10/8/2004,80.67,0,0,0,0,0,0,0,0,0,0,0,8.7094,38.8507,5.4145,96.7831,7.7107,47.7487,30.2963,50.4514,4.8294
10/9/2004,77.67,0,0,0,0,0,0,0,0,0,0,0,8.5243,36.7219,5.271,84.231,7.7107,45.9161,26.5671,39.8863,4.5411
10/10/2004,178.89,0,0,0,0,11.4,0,0,0,0,0,0,8.34,35.793,4.9207,70.93,7.2218,45.3112,24.4047,35.3136,3.9737
10/11/2004,373.33,0,10,12.8,6.1,18.6,2,6.2,2.3,35.3,22.6,30.8,9.0825,36.4887,5.4145,67.0787,7.7107,45.9161,22.9955,32.4193,3.9737
10/12/2004,173.89,7.2,10.5,2.6,8,4.3,5.5,8.6,9.2,3.4,3.1,3.5,9.4591,37.898,5.7073,64.5481,12.7932,48.3656,25.1191,31.0185,3.4196
10/13/2004,163.89,8,0,1.4,1,6.3,4.2,0,1,10.4,6.8,2.5,10.4157,42.2677,6.0844,64.5481,13.3323,54.695,27.3006,33.851,3.9737
10/14/2004,174.89,0,0,1.4,2,4.8,0,2,0.5,5.9,0.6,7.4,21.2988,42.0194,5.6334,67.0787,13.8764,49.6081,38.198,37.8197,3.9737
10/15/2004,80.67,0,0,0,0,11.1,0,3.6,0,0,7.8,0,11.393,52.7287,6.3165,73.5338,12.7932,48.3656,34.1754,50.4514,3.9737
10/16/2004,176.89,0,0,6.9,5.2,16.7,7.6,0,0,32.7,13.2,37,56.5361,54.1082,7.2054,82.8697,17.2422,52.7656,31.0603,45.2927,3.9737
10/17/2004,271.11,0,0,0,0,0,0,0,0,0.1,0,0,13.6116,98.2802,6.4737,82.8697,14.4255,48.9854,30.2963,41.4723,3.9737
10/18/2004,80.67,0,0,0,0,0,0,0,0,0,0,0,10.8042,93.9817,6.2387,91.1385,13.3323,51.4939,28.7862,40.4115,3.9737
10/19/2004,331.96,0,0,0,0,1.7,0,0,0,0,0.7,7.1,10.4157,55.2231,5.6334,118.848,12.2593,50.2338,25.1191,38.3312,3.9737
10/20/2004,341.28,1,0,0,2,2.7,0,0,0.2,0,0,0,10.2227,45.8121,5.6334,140.649,10.6901,47.7487,25.1191,33.3703,3.4196
10/21/2004,42.98,0,10.3,0,0,0,0,0,0,0,0,0,10.0305,43.2674,5.5599,114.325,9.1724,48.3656,23.6968,33.3703,3.9737
10/22/2004,191.03,0,0,0,0,0,0,0,0,0,0,0,9.6487,41.5247,5.4869,89.7437,8.6787,45.9161,22.9955,31.482,5.1206
10/23/2004,186.32,0,0,27,3,0,0,0,0,0,0,0,9.4591,40.2995,5.4145,78.8268,8.1914,44.1105,22.3008,30.5584,4.8294
10/24/2004,100.93,0,0,2.4,0,3.5,0,0,0,0,0,9.9,9.8391,39.331,5.5599,74.8464,7.7107,45.9161,22.3008,29.6485,4.2559
10/25/2004,184.52,0,0,0,1,0,0,0,0,0,3.4,3.3,9.8391,43.2674,5.4145,70.93,7.2218,45.9161,22.3008,29.6485,4.5411
10/26/2004,318.28,7.8,0,0,20.2,0,31.1,10.2,26.2,14.1,1.4,11.9,13.4062,45.8121,5.4145,70.93,8.1914,47.7487,26.5671,30.1017,4.5411
10/27/2004,181.11,2,32,0,29,14.4,0,4.8,2.1,0.1,0.8,8.5,10.9997,51.3651,5.5599,73.5338,7.2218,47.1349,27.3006,35.8079,5.4146
10/28/2004,184.06,0,0,5.6,0,0,0,0,0,0,0,0,10.2227,53.831,5.7818,76.1662,9.6723,44.7093,34.9687,37.3116,4.5411
10/29/2004,288.85,0,6.8,0,0,0,0,0,0,0,0,0,9.8391,48.1574,5.271,95.3622,8.6787,44.1105,35.7676,46.9815,3.9737
10/30/2004,187.23,0,0,0,0,0,0,0,0,0,0,0,9.6487,42.5167,5.1294,89.7437,7.7107,44.1105,29.5382,46.9815,3.6949
10/31/2004,102.46,0,0,0,0,0,0,0,0,0,0,0,9.4591,40.0564,5.0594,88.3555,7.2218,44.7093,25.84,38.8462,3.4196
11/1/2004,370.56,0,0,0,0,0,0,0,0,0,0,0,9.0825,39.0906,5.1294,81.5152,6.8297,44.7093,24.4047,34.3351,3.4196
11/2/2004,53.52,3.2,11,5.8,0,0,4.1,0,11,19.1,0,0,13.6116,36.9558,5.5599,73.5338,6.8297,40.0037,26.5671,32.8931,5.4146
11/3/2004,88.83,0,0,0,0,0,0,0,0,0,0,0,11.989,39.5722,5.7073,69.6389,9.1724,40.0037,33.3879,36.3057,3.4196
11/4/2004,95.43,0,0,0,0,0,0,0,0,0,0,0,10.4157,40.5432,5.1999,65.8097,7.7107,49.6081,31.0603,44.184,3.4196
11/5/2004,215.28,0,0,0,0,0,0,0,0,0,0,0,9.2703,39.0906,5.1999,67.0787,6.8297,48.3656,25.84,40.9402,3.4196
11/6/2004,189.65,0,0,0,0,4.2,0,0,0,0,0,31,9.2703,38.1352,5.6334,68.3551,6.4413,46.524,23.6968,34.3351,3.9737
11/7/2004,283.56,0,0,0,42,0,7.8,0,2.4,1.2,12.7,1.9,14.8588,45.298,7.629,68.3551,6.4413,44.7093,25.1191,31.9489,5.7113
11/8/2004,190.96,1,10.9,25.6,12.3,30.6,0,0,0,2.9,23.9,4.2,12.9976,60.3651,12.1034,65.8097,8.6787,43.5146,27.3006,33.851,11.0951
11/9/2004,-0.17,0,0,0,0,0,0,0,0,0,0,0,10.6095,71.2545,5.7073,68.3551,7.7107,42.9218,42.3581,38.3312,6.0105
11/10/2004,4.52,0,0,0,0,0,0,0,0,0,0,0,9.6487,58.9164,5.4869,84.231,7.2218,42.9218,37.3823,55.8875,5.1206
11/11/2004,81.83,0,0,0,3.2,0,0,0,0,0,0,0,9.2703,47.8942,5.271,103.983,6.4413,41.7453,28.7862,49.2811,4.5411
11/12/2004,365.43,0,0,0,8,0,0,0,0,0.4,0,0,8.7094,42.7663,5.0594,103.983,6.0568,40.5812,25.1191,38.3312,3.6949
11/13/2004,169.93,4,6.2,0,0,0,0,0,0.4,0.1,0,0,8.5243,39.331,5.0594,91.1385,6.0568,40.5812,23.6968,33.3703,2.88
11/14/2004,98.43,0,0,0,0,0,0,0,0,0,0,0,8.34,37.6615,5.0594,76.1662,6.0568,41.1617,21.6129,31.482,2.88
11/15/2004,198.28,0,0,0.2,0,0,0,0,0,0,0,0,8.34,36.4887,5.271,67.0787,5.6763,41.1617,21.6129,28.7523,3.4196
11/16/2004,95.43,0,14.3,11.8,30.2,88.3,0,3.2,0,14.8,32.3,14.2,12.1892,36.7219,18.8258,65.8097,5.6763,40.0037,20.2575,28.7523,5.1206
11/17/2004,298.56,8.2,0,2.6,6,0,7.3,6.2,4.8,17,9.5,2.9,10.0305,44.2775,12.3216,63.2941,7.7107,41.1617,20.2575,27.0011,5.1206
11/18/2004,216.28,15.4,18.3,0,22.3,39.8,10.7,12.8,19.6,11.3,30.4,13.8,11.196,56.066,11.3553,67.0787,11.2076,44.1105,31.0603,28.3094,5.1206
11/19/2004,304.19,3,14.6,23,0,3.4,0,0,4.5,3.1,15.7,13.6,11.7896,66.9245,7.4581,78.8268,13.8764,47.1349,28.0403,40.9402,6.0105
11/20/2004,296.19,8.6,0,0,18,10.7,0,26,7,8.3,16.3,10.8,10.0305,66.3158,7.0394,111.339,17.2422,52.7656,39.0192,38.8462,5.7113
11/21/2004,296.19,0,0,0,2,0,21.2,0,0,0,0,0,9.6487,66.3158,6.4737,134.306,15.5382,54.695,51.0707,53.4372,4.5411
11/22/2004,193.65,0,1.2,0,0,0,14.7,0,1.7,1.7,0,4.7,14.232,55.7844,5.9321,135.883,12.7932,53.4059,47.5245,67.5917,4.5411
11/23/2004,193.33,0,0,0,0,0,0,0,0,0,0,0,9.6487,48.9507,6.0844,128.053,10.1783,48.9854,39.0192,62.2529,4.5411
11/24/2004,200.28,0,0,0,0,0,0,0,0,0,0,0,9.0825,46.0701,5.8567,112.829,9.1724,44.1105,30.2963,51.0417,3.9737
11/25/2004,199.85,0,0,3.3,5,0,0,0,0,0,0,0,8.5243,42.0194,5.6334,96.7831,8.1914,43.5146,25.84,39.8863,5.1206
11/26/2004,131.23,0,0,0,10.2,0,0,0,0,0,0,0,8.34,39.8139,5.6334,88.3555,7.2218,42.332,23.6968,34.3351,4.5411
11/27/2004,228.28,0,0,0,8,0,0,2,0,0.1,0,0,8.7094,38.3731,6.008,81.5152,6.8297,40.5812,21.6129,31.482,4.5411
11/28/2004,299.19,0,8.3,0,6,7.8,26.2,3.2,0,0.6,0,10,13.2015,37.898,6.3165,74.8464,6.0568,42.332,21.6129,28.7523,4.5411
11/29/2004,434.09,8.4,3.8,1.8,11.2,14.1,7.8,21,10.6,58,25.4,13.6,12.3902,44.5317,7.0394,70.93,6.8297,41.7453,25.1191,29.1987,4.5411
11/30/2004,297.19,17.6,21.7,9.6,13,25.6,0,27,7,17.8,19.8,10.3,10.8042,77.323,8.4225,81.5152,26.9575,50.2338,44.0594,35.8079,4.5411
12/1/2004,397.09,4,0,5.6,1,0,0,1.2,8.3,8.2,0,2.8,9.8391,84.9626,7.8891,81.5152,32.8279,57.9678,59.3354,60.9524,6.923
12/2/2004,136.43,0,0,11.2,1.2,0,0,0.2,0.3,0,14.6,0,15.7041,84.9626,9.8335,115.826,31.5005,72.4739,72.9366,81.149,4.8294
12/3/2004,291.56,0,16,0,0,5.5,4.5,2,0,0.2,0.5,5.6,11.7896,59.494,6.9571,158.547,27.5964,70.328,47.5245,94.3261,4.5411
12/4/2004,392.09,0,0,0,0,3.9,0,0,0,9.9,4.3,6.1,13.2015,52.1813,8.8805,153.601,21.3695,67.5044,38.198,62.2529,4.5411
12/5/2004,301.19,0,0,0,8,10.9,24.5,0,31.5,0.7,5.9,37.7,11.5909,64.5045,23.5803,129.608,18.4004,57.9678,36.5721,51.0417,7.8561
12/6/2004,144.49,0,6.6,12.4,23,42.6,20,17.2,1.5,0.4,0.6,8.2,10.6095,95.405,10.1289,112.829,17.2422,57.3075,40.6779,49.2811,6.3123
12/7/2004,296.56,36.2,0,4.6,12.1,0,38.2,0,39.4,26.9,9.2,55.2,10.2227,80.9368,7.9768,117.334,25.6902,57.3075,64.0916,57.1332,5.7113
12/8/2004,296.87,10.4,11,11,34.2,0,13.5,1.2,3,3.3,0.1,13.2,9.8391,132.794,7.4581,148.703,39.647,67.5044,144.676,95.132,5.7113
12/9/2004,394.09,0,20,16.2,6,8.2,20.5,41.6,0.7,8,4,1.7,10.4157,121.838,9.2558,164.794,35.5198,82.8035,94.6091,187.276,5.7113
12/10/2004,584.91,27.8,12.6,32.8,12.3,41.6,24.5,20,37.7,28.7,13,47.5,13.4062,97.5579,22.5264,203.179,36.2003,88.1593,116.938,129.229,70.1578
12/11/2004,683.13,17.6,12.9,5.8,18.1,6.1,0,36.4,2.9,10.3,5.7,5,12.3902,144.168,25.7613,216.816,39.932,99.2429,91.6524,153.819,41.4647
12/12/2004,1068.7,3.6,0,19.6,21,0,0,37,13,14.3,9,0.6,11.196,119.855,11.8872,232.659,38.9519,120.691,102.6,123.645,21.7159
12/13/2004,1163.5,9.2,26.7,3.1,35.3,0,18.2,19,16.7,1.1,1.1,7.8,11.7896,88.3836,9.5424,287.291,36.8838,127.028,105.635,137.835,11.7641
12/14/2004,963.97,0,0,6.2,2,0,22,3,0,0,0,0,10.2227,72.8301,8.6042,277.483,29.5336,100.053,90.6717,139.785,9.7774
12/15/2004,677.81,0,0,0,0,0,5.2,0,0,0,0,0,12.1892,63.0121,8.5131,243.514,23.1987,79.7998,66.026,118.184,8.808
12/16/2004,581.91,0,0.3,0,0,0,0,0,0,42.6,0,0,10.6095,57.4833,8.1536,206.549,20.7675,66.1089,57.4654,87.2269,6.923
12/17/2004,497,4.8,50.5,0,1,0,0,0,5.6,0.4,0,0,9.8391,55.2231,7.1221,177.166,18.986,59.9655,51.0707,76.0105,6.923
12/18/2004,405.09,4.6,24,0,27.2,0,4,0,0,0,0,0,9.8391,51.0943,7.8019,153.601,17.2422,58.6309,44.918,67.5917,9.4524
12/19/2004,501,5.8,23.6,5.5,3.1,18.5,42.2,3.6,36.4,27.4,15.3,32.5,9.8391,50.5545,13.2142,132.734,17.2422,57.9678,65.0566,62.2529,9.4524
12/20/2004,504,1,0,3,31,21.1,21.5,4.4,8,36.2,43.8,100.8,13.6116,80.9368,14.9732,134.306,37.5703,57.9678,79.0288,88.7805,9.7774
12/21/2004,783.72,35.2,49.3,12.2,63,2.3,25.2,47.6,51.1,35,18.9,22.7,17.2087,221.189,12.2123,164.794,78.0705,156.51,159.047,114.611,9.4524
12/22/2004,1464.65,41.4,10.4,23.5,112,74.2,74.1,27.8,28.3,34.3,37.6,37,18.0825,261.969,29.0468,289.272,123.717,237.988,218.307,219.088,36.5401
12/23/2004,2897.83,45.6,53.6,34.8,78,43.3,61.4,14.8,33.6,50.4,60.5,51,152.358,385.772,32.1748,453.437,170.782,285.388,337.547,305.875,55.9352
12/24/2004,2044.67,7.8,6,11.5,48.2,33.3,10.1,15.2,11.7,108.8,119.8,27,51.6719,531.294,49.1073,524.13,210.663,328.539,307.111,448.07,34.9221
12/25/2004,2227.85,10,33.2,39,1,23.1,47.5,42.8,48.5,41,0,0.8,30.2017,631.477,28.3737,640.87,254.457,544.419,368.57,417.134,139.95
12/26/2004,2036.72,0,0,14.6,5,0,0,0,0.4,0,0,0,24.5977,730.105,16.8436,658.138,301.281,737.053,326.608,487.379,54.6302
12/27/2004,2230.48,0,0,23.3,0,0,0,0.6,3.6,0.9,0,1,19.823,692.33,15.8322,665.609,129.079,657.32,215.902,423.913,49.0361
12/28/2004,2134.14,0,0.7,3.8,0,0,0,0,0,0,0,0,18.0825,581.178,13.7882,673.12,83.4312,422.317,140.32,280.399,45.2239
12/29/2004,1650.89,0,0,5.6,2,0,3.5,0,0,0.1,0,0,16.7756,442.095,13.4423,680.674,63.0188,277.386,123.215,186.145,30.538
12/30/2004,1551.56,30.2,2.4,12.8,0,0,0,19.4,20.9,13.7,0,7.6,17.6444,360.838,14.8525,708.726,55.0529,197.822,121.114,164.253,39.8117
12/31/2004,1459.28,0,1.8,0,1,18.8,10.3,21,1.5,0.2,1,1.7,15.4918,316.996,12.4315,708.726,53.5879,156.51,146.866,165.315,41.8797
1/1/2005,1368,0,0,4.6,0,0,18.3,16.6,9.9,2,1.3,9.7,44.7697,325.426,11.042,719.066,61.506,168.526,121.114,192.979,15.5522
1/2/2005,1273.66,23.6,38.7,23,56.1,6.5,3.9,17.8,12.2,23.8,60.3,31.3,17.8631,333.403,10.5298,726.869,67.0946,216.446,134.919,163.194,22.0887
1/3/2005,1270.89,0,0,10.6,1,0,2,0,0,0,0,0.3,15.2801,342.157,9.9315,732.094,75.9499,224.294,114.863,178.328,27.0269
1/4/2005,2028.56,1,40.5,21.8,0,9.5,0,3,0,27.3,3.7,15.8,21.0508,351.082,13.1009,732.094,59.0042,225.424,104.621,152.794,22.8375
1/5/2005,3213.22,62.2,55.4,52.6,74,32.2,27.9,40.6,45,48.6,45.9,39.3,32.4208,360.181,29.7279,761.164,69.1548,278.712,125.324,142.736,65.2088
1/6/2005,2341.88,2,3,9.5,126,36.1,9,25,21,40.9,13.1,30,43.2411,369.456,31.6422,777.256,130.878,377.811,110.739,166.381,131.75
1/7/2005,1892.36,0,0,7,0,17.1,0,21,1.1,2.2,1.7,6.4,38.7478,464.094,32.3533,747.881,160.588,399.754,121.114,149.741,114.629
1/8/2005,2279.22,3.8,0,5.6,3,38.5,15.7,40.8,8,9.6,19.3,1.3,47.2468,403.336,30.7646,734.714,162.752,373.19,122.163,162.139,110.079
1/9/2005,1892.28,9.4,0,19,5,0,3.7,4.8,2.6,15.6,1.1,18.9,60.0787,354.312,30.417,713.887,138.132,356.487,201.607,172.846,100.134
1/10/2005,1591.35,8.6,0,5,1,4.9,0,17.6,2.2,2.5,5.2,0,25.6396,345.325,20.3504,698.46,92.1785,371.655,265.758,277.637,98.3391
1/11/2005,1684.14,0,0,14.9,6,0,0,27,0.2,14.8,0,0,22.5515,292.688,15.708,688.269,74.8948,298.975,155.702,343.091,94.8133
1/12/2005,1495.56,16.2,19.5,10.2,2,0,8.6,22.6,5.9,2.7,10.6,1.8,21.2988,259.908,16.0821,683.201,74.3686,218.678,137.073,205.827,90.8077
1/13/2005,1794.8,10.4,25.9,0,0,25.3,33.2,40.6,16.7,27.6,9.8,7.9,35.2567,253.799,21.0633,680.674,119.584,231.104,178.307,188.41,75.6239
1/14/2005,1506.38,0,0,0,0,0,0,0,0,0,0,0,20.5571,244.837,13.6724,665.609,147.327,338.703,227.988,244.257,60.3217
1/15/2005,1517.87,0,0,0,0,0,0,0,0,0,0,0,23.5683,216.225,12.764,653.182,77.0085,324.23,153.482,295.837,50.7466
1/16/2005,1505.19,0,0,1.2,4,0,0,0,0,0,0,0,22.2994,196.368,12.8758,633.539,57.0204,225.424,114.863,201.107,41.4647
1/17/2005,1314.06,0,1.3,0,8,0,22.3,0,0,14.4,0,5.4,20.0669,184.574,14.7322,607.015,49.7276,174.656,114.863,153.819,26.6412
1/18/2005,1411.16,11.4,43.5,5.6,2,12.3,6.4,32,19,45.7,17.2,19,19.1886,195.952,18.4204,574.068,97.1875,148.684,241.976,168.522,21.3442
1/19/2005,1582.69,13.2,50.7,0,0,24.8,11.8,28,23.6,26.3,17.6,24,19.1886,222.101,20.3504,546.55,151.044,298.975,445.018,347.7,68.8021
1/20/2005,2013.41,9,33.3,2.3,0,9.1,3.7,19,12.4,2.9,10.3,21.3,18.9662,248.79,22.0823,517.494,110.264,385.577,483.742,598.912,41.0504
1/21/2005,2012.15,1,11.5,0,3.1,9.8,0.3,0,0,0.9,0,17.5,19.1886,263.522,15.0944,504.348,77.0085,338.703,233.815,617.245,28.9687
1/22/2005,1614.03,4.6,0,0,7.2,0,6.5,12.6,0,0.5,0.1,3.2,18.5231,270.335,13.7882,504.348,64.5402,253.16,185.226,307.323,25.8728
1/23/2005,1414.19,2,4.5,12.6,2,15.1,19.2,0,32.9,3.3,0,8.5,17.4262,256.84,15.2161,506.527,57.0204,228.825,166.915,245.551,19.8681
1/24/2005,1312.54,0,0,0,0,0,0.5,0,0,0,0,0.7,17.2087,242.879,16.3339,502.173,50.2064,198.9,275.189,235.293,16.6145
1/25/2005,1112.46,0,0,2,0,0,0,0.2,0.9,27.8,0.4,0,16.345,215.332,12.3216,493.521,45.4678,222.041,227.988,363.285,26.2565
1/26/2005,1014.46,0,0,0,5.1,0,0,0,0,1,0.3,0,15.2801,195.122,11.8872,476.439,47.8233,184.004,166.915,297.261,27.0269
1/27/2005,1611.03,13.8,0,4,10,24.5,33.6,88.8,42,33.6,43.9,40.5,28.2974,194.709,20.2093,476.439,87.2329,242.619,169.179,224.013,45.6449
1/28/2005,1816.34,5.4,16.1,54.6,38.1,82.9,17.9,4,14.1,9.5,56.9,85.8,34.1142,313.434,41.369,491.369,73.8432,318.53,226.772,232.762,189.502
1/29/2005,2010.76,45.2,8,5.8,28.2,14.7,2.4,17.6,25,2.9,49.7,15.3,23.3129,433.408,45.5588,614.193,87.7792,448.861,180.607,297.261,187.521
1/30/2005,2306.37,7.2,0,2,6,0,19.1,8.6,21.2,0.5,0.7,2.5,34.6841,506.985,32.7119,670.612,69.1548,401.345,200.426,244.257,110.079
1/31/2005,2000.61,8.4,11.3,0,22.1,7.5,3.2,10,7,27,41.9,16.7,53.2794,480.855,24.9712,724.263,88.8743,340.168,161.286,264.029,95.395
2/1/2005,2930.37,0,0,4,1,0,0.3,0,0,0,0,0,26.6937,456.349,17.4919,832.097,73.3187,296.233,139.236,213.009,74.251
2/2/2005,2856.44,1,12.5,0,0,0,0,0.6,1.1,0,0,0,40.5282,391.329,15.708,790.793,59.0042,228.825,123.215,183.895,69.2536
2/3/2005,1960.61,10.2,0,6.6,6.2,7.1,2.9,10.8,9.3,2.6,9.2,9.6,23.3129,377.548,15.4611,761.164,52.1324,204.324,117.979,164.253,59.44
2/4/2005,1662,48,2.5,0,3.1,5.9,23.4,8.6,0.4,4.2,0,0,25.902,369.456,17.8869,758.498,51.6493,180.868,147.964,161.087,47.3354
2/5/2005,1759.54,0,0,2.2,0,0,7.8,10,0,12.1,2.2,14.4,32.1409,321.19,22.6755,750.528,51.1673,170.56,146.866,197.603,38.5793
2/6/2005,1359.27,12.8,0,0,42,6.2,0,72,17.3,38.7,14,5.6,28.8379,326.644,18.8258,750.528,131.479,251.981,170.314,198.768,34.1178
2/7/2005,1559.58,0,37.5,0,0,0,0,0,0,0,0,0,21.7975,331.549,14.4932,737.338,133.889,315.698,189.873,230.245,26.2565
2/8/2005,1661,0,0,0,0,0,0,0,0,0,0,0,20.5571,309.316,13.5571,729.479,114.902,290.785,139.236,248.15,21.7159
2/9/2005,1660,0,0,0,0,0,0,0,0,0,0,0,19.58,256.331,12.8758,719.066,73.3187,401.345,113.828,182.774,21.3442
2/10/2005,1267.93,0,0,0,0,0,0,0,0,0,0,0,19.1886,229.964,12.3216,703.584,51.6493,199.981,100.588,150.755,20.2355
2/11/2005,1113.35,0,0,0,0,0,0,0,0,0,0,0,18.9662,210.906,11.9951,685.733,46.4066,159.483,98.5853,133.976,19.8681
2/12/2005,1212.65,0,0,0,2,0,0,0,0,17.5,0,0,17.8631,195.537,11.7798,645.781,44.0681,141.009,90.6717,131.117,19.8681
2/13/2005,1115,0,0,2,0,0,0,0,0,17.4,0,0,17.4262,184.574,11.5665,595.144,44.5335,135.352,140.32,127.354,19.1368
2/14/2005,1212.07,3.2,5,0,32,0,4.7,6,0.6,1.5,0,0,16.9918,176.371,11.3553,533.042,48.7733,139.113,154.591,189.547,18.4101
2/15/2005,914.42,0,0,0,0,0,0,0,0,0,0,0,16.7756,167.235,11.042,474.324,44.0681,140.06,133.844,204.642,18.4101
2/16/2005,912.54,0,0,0,0,0,0,0,0,0,0,0,16.56,160.425,11.3553,428.985,40.8428,125.205,104.621,176.125,18.0485
2/17/2005,812,1.4,0,0,3.1,0,0,2,10.4,10.3,0,1.3,22.2994,156.845,13.6724,393.564,42.218,102.499,96.5924,138.809,17.329
2/18/2005,812,0,0,0,0,0,18.9,3,0,0,0,0,16.7756,158.184,12.5418,365.199,45.0001,103.319,110.739,131.117,16.2591
2/19/2005,944.65,0,28,12.6,0,0,4.6,11,84.3,15.3,0,0,16.56,151.104,11.5665,356.054,46.4066,110.109,176.015,155.878,18.4101
2/20/2005,800,47.8,21.9,3,29.2,0,12.7,3,10.9,0.5,0,0,16.345,144.168,10.9386,353.868,61.506,128.861,208.726,239.114,17.6882
2/21/2005,889.54,0,0,0,0,0,0,2,0.2,0,0,0,16.1307,141.18,10.6313,338.744,54.5635,160.479,168.046,274.888,16.6145
2/22/2005,862.5,0,0,0,0,0,0,0,0,0,0,0,15.9171,132.381,10.3284,323.933,43.6038,139.113,113.828,217.866,15.905
2/23/2005,841.19,0,0,0,0,0,0,0,0,0,0,0,15.4918,130.324,9.9315,307.391,38.2597,122.489,95.5995,149.741,15.5522
2/24/2005,643,0,0,0,0,0,0,3,0,0,0,0,14.8588,125.444,9.7359,291.26,36.2003,114.475,87.7447,127.354,15.5522
2/25/2005,616,0,0,0,0,0,1.9,7,0,8.2,0,0,17.2087,121.838,10.7332,275.541,35.5198,110.977,85.8061,117.285,20.6039
2/26/2005,649.54,15.8,0,0,0,7.1,24.3,17.2,57,19.6,2.52,5,19.823,123.435,14.3745,264.023,39.647,134.417,135.995,120.899,19.5019
2/27/2005,660.42,8.2,2.4,26.8,18,0,2.5,2,11.3,0.6,0,2.2,17.2087,136.54,10.6313,265.927,45.0001,143.869,149.064,183.895,23.5903
2/28/2005,856.73,5.4,2,17.7,22,13.2,12.3,20,3.6,18.5,0,17,37.5737,155.068,10.5298,277.483,46.4066,137.228,130.634,197.603,24.3472
3/1/2005,855.5,0,27.2,5.6,8.1,0,5.9,0,13.9,0,0,0,20.5571,182.99,13.2142,307.391,53.5879,137.228,211.112,183.895,20.9735
3/2/2005,2306.8,0,21,18.8,6.2,13.1,2.1,9,7.4,5.7,0,14,23.8245,177.14,16.4606,353.868,47.8233,175.686,225.558,284.569,19.8681
3/3/2005,2829.72,49.8,84.6,46,38.1,49.1,25.1,52,52.3,25.3,27.7,0,20.3116,162.681,15.708,443.167,62.0093,227.689,229.205,301.553,31.7239
3/4/2005,2934.93,24.2,34.8,19.2,21,11.8,65.9,53.2,73.6,56.4,21.9,12.2,19.823,159.527,15.4611,484.943,117.238,406.137,355.205,320.506,33.3166
3/5/2005,2855.94,74.6,56.2,38.3,44,2.2,24.5,17.6,32.3,8.6,0,0,19.4116,156.845,12.1034,487.08,126.689,506.163,526.739,494.703,26.6412
3/6/2005,2478.37,4.2,3.5,0,12,0,2.2,0,0.8,0,0,0,17.4262,144.168,11.2503,476.439,82.3524,481.432,436.892,693.335,20.9735
3/7/2005,1935.39,0,0,0,0,0,1.3,0,0,0,0,0,16.9918,134.038,10.6313,445.212,57.5149,298.975,252.258,563.073,19.5019
3/8/2005,2263.66,0,6.3,0,1,0,0,3,0,0,0,0,16.56,124.638,10.3284,418.995,48.2977,192.463,192.207,330.95,19.1368
3/9/2005,1734.71,0,0,2.6,0,0,3.1,2,1.3,0.4,1.3,0,16.345,119.46,10.1289,374.538,45.0001,168.526,169.179,254.707,18.0485
3/10/2005,1509,0,1.7,5.6,5,7.9,0,0,2.2,0,39.8,1.9,16.56,124.638,11.3553,345.187,43.1407,212.008,150.165,224.013,25.1081
3/11/2005,1349.8,21.4,8.8,42,3.4,9.1,0,0,0,0,16.9,12.5,20.8035,152.86,13.5571,349.515,41.7584,209.802,140.32,199.936,54.1964
3/12/2005,1304.48,1.2,0,25.4,0,0,0,0,10.4,0,2.1,14.6,17.8631,166.777,13.2142,359.652,41.7584,170.56,149.064,188.41,39.4002
3/13/2005,1193.91,0,0,0,0,0,0,0,0,0,0,0,18.0825,159.527,19.0985,382.092,39.932,143.869,134.919,197.603,21.3442
3/14/2005,1087,0,0,8.6,1,0,0,0,0,0,0,0,21.5477,152.86,16.5878,391.64,36.8838,135.352,125.324,179.434,19.8681
3/15/2005,1149.8,0,0,14,2,0,0,0,3,0,0,7.6,17.4262,136.959,12.2123,391.64,36.8838,127.028,114.863,166.381,19.1368
3/16/2005,1579.98,83.4,21.4,3.6,23.2,13.7,8.6,42,15,24.2,10.6,38.1,17.4262,129.505,17.1015,391.64,47.35,173.629,126.382,154.847,18.0485
3/17/2005,1278.59,7.2,0,32.4,6,1.7,0,0,0.5,0,0,2,21.0508,150.229,13.6724,356.054,72.7951,235.685,134.919,169.598,23.9683
3/18/2005,1397.39,0,33.4,8.3,12,3.9,0.7,0.2,0,8,9,22.8,24.0814,181.024,16.2078,357.812,99.997,294.866,146.866,181.658,19.8681
3/19/2005,1289.59,9.2,20.9,3.6,10.2,0,17.6,10,4,20.4,8.3,5.5,21.5477,223.015,13.2142,368.921,94.3971,357.99,171.451,198.768,45.6449
3/20/2005,1856.72,7.4,4.1,11.5,4.1,0,0,0,0.9,0,4.2,6,29.654,192.649,14.9732,441.127,74.3686,308.675,156.815,227.742,41.4647
3/21/2005,1752.56,1.8,3.2,18.6,58.1,25.1,1.3,3.3,4.3,1.1,14,24.8,36.6999,189.388,29.5569,424.975,59.5026,255.525,140.32,208.208,57.6832
3/22/2005,1478.7,4,1,6,2,6.5,22.6,0,3,3.8,0.1,4.4,41.4269,208.284,29.3864,413.056,55.5432,232.246,146.866,188.41,49.0361
3/23/2005,1193.43,0,0,7.4,0,17.1,0,3,0,3.8,0.4,37.2,50.7142,229.964,26.8885,395.492,52.6165,194.6,143.584,196.442,50.7466
3/24/2005,1195.31,0,0,0,0,0,0,0,0,0,0,0.7,40.8272,244.837,20.3504,428.985,51.6493,166.5,135.995,190.688,40.2239
3/25/2005,1305.85,0,0,0,0,0,0,9.8,0,0,0,38.8,42.3312,219.827,18.555,445.212,50.2064,181.911,137.073,181.658,35.7296
3/26/2005,1413.28,1,2.3,0,38.1,14.7,18.6,0,6.1,16.8,49.9,4,56.8648,242.879,22.9751,476.439,67.6083,207.604,143.584,183.895,29.3597
3/27/2005,1419.39,0,2.1,0,0,0,0,0,0,0,0,0,30.2017,221.189,15.8322,470.11,61.506,288.08,206.346,198.768,29.7516
3/28/2005,1302.74,2.4,0,4.3,0,0,0,4.2,0.8,0,0,0,31.3056,201.41,14.9732,474.324,52.6165,277.386,155.702,269.431,25.4899
3/29/2005,1216.85,0,0,0,0,0,1.8,0,0,0,0,0,25.6396,174.84,13.9044,461.736,45.9367,217.561,122.163,204.642,23.5903
3/30/2005,1108.97,0,0,0,0,0,0,0,0,0,0,0,24.3392,157.737,13.4423,426.978,41.7584,147.717,107.67,162.139,22.4626
3/31/2005,995.31,0,0,0,0,0,0,0,0,0,0,0,23.0583,142.884,12.764,382.092,39.932,131.628,101.592,143.727,22.0887
4/1/2005,806,0,0,0,0,0,0,0,0.5,0,0,0,22.048,134.038,12.5418,347.348,38.9519,127.028,100.588,135.899,20.2355
4/2/2005,779,0,0,0,0,0,0,0,0,0.1,0,0,22.048,127.467,12.4315,315.61,37.5703,127.028,95.5995,133.976,19.8681
4/3/2005,778,0,0,0,0,0,0,0,0,0,0,34,21.0508,123.435,12.8758,293.253,36.2003,126.115,90.6717,127.354,19.1368
4/4/2005,778,0,0,0,0,0,0,0,0,0,0,0,20.5571,121.838,11.9951,277.483,35.5198,125.205,87.7447,120.899,19.1368
4/5/2005,668,0,0,0,0,0,0,0,0,0,0,0,20.3116,118.672,11.6729,265.927,34.1677,120.691,85.8061,117.285,18.0485
4/6/2005,675,0,0,0,0,0,0,0,0,0,0,0,19.58,113.993,11.4607,258.352,34.1677,110.109,82.9172,114.611,17.6882
4/7/2005,571,0,0,0,0,0,0,0,0,0.4,0,0,18.5231,110.539,11.2503,252.739,33.4962,113.596,81.9595,111.094,17.329
4/8/2005,558,0,0,0,0,0,0,0,0,0,0,0,18.0825,108.641,11.1459,241.689,32.8279,112.721,80.059,109.355,16.6145
4/9/2005,642.43,0,0,0,0,0,0,0,0,0,0,0,17.8631,106.382,10.9386,236.251,32.1626,105.808,79.0288,106.774,15.5522
4/10/2005,448,0,0,0,0,0,0,0,0,0,0,0,17.6444,104.516,10.7332,229.092,31.5005,106.663,79.0288,105.92,15.5522
4/11/2005,641.43,0,0,0,0,0,0,0,0,0.5,0,0,17.4262,101.56,10.6313,225.552,30.8416,104.967,74.9503,105.07,14.8506
4/12/2005,547,0,0,0,0,0,0,0,0,0,0,0,17.2087,99.3682,10.5298,220.291,30.8416,103.319,72.9366,100.039,14.5019
4/13/2005,491,0,0,0,0,0,0,0,0,0,0,0,16.9918,97.5579,10.3284,215.088,30.186,102.499,71.9362,97.5702,14.1545
4/14/2005,503,0,0,0,0,0,0,0,0,0,0,0,16.7756,95.0483,10.1289,211.653,29.5336,102.499,70.9402,95.9413,14.1545
4/15/2005,497,0,0,0,0,0,0,1,0,0,0,0,16.56,93.6273,10.1289,206.549,28.8845,96.8266,69.9485,95.132,13.4641
4/16/2005,514,0,0,0,0,0,0,0,0,0,0,0,16.56,91.8645,9.9315,203.179,28.2388,98.435,68.9613,93.5236,13.1211
4/17/2005,465,0,0,0,0,0,0,0,0,0,0,0,16.345,90.814,9.8335,199.835,28.2388,100.053,67,91.9289,12.7796
4/18/2005,516,1.6,0,0,0,4,0,4.2,30.3,2,0,0,16.1307,90.1166,9.7359,196.518,27.5964,98.435,68.9613,89.5625,12.4395
4/19/2005,504,0,0,0,0,0,0,0,0,0,0,0,15.9171,89.7688,9.7359,194.869,28.2388,98.435,68.9613,91.9289,12.101
4/20/2005,534,0,0,0,0,0,0,0,0,0,0,0,15.9171,87.351,9.7359,191.591,27.5964,98.435,70.9402,92.7245,12.101
4/21/2005,497,0,0,0,0,3.1,0,0,0,0,0,1.9,16.56,85.302,10.5298,191.591,27.5964,96.0261,67,94.3261,12.101
4/22/2005,506,0,1,0,0,8.5,0,0,0,0.1,1.1,4.7,17.8631,85.9826,14.2562,191.591,28.8845,89.7125,66.026,89.5625,12.101
4/23/2005,507,0,0,4.2,5,0,0,0,0,0.8,0,0,17.4262,96.4788,13.6724,188.339,28.8845,88.9346,66.026,88.002,12.101
4/24/2005,489,0,0,7.6,0,7.6,10.7,0,0,3.6,0,4.3,19.4116,93.6273,13.5571,188.339,28.8845,85.0835,68.9613,88.7805,12.101
4/25/2005,504,0,0,0,0,0,0,0,0,0,0,0,15.7041,95.0483,10.9386,194.869,30.8416,85.8486,68.9613,91.9289,12.101
4/26/2005,621.54,0,0,4.8,0,0,0,3.2,0,8,0.8,7.5,15.7041,89.7688,10.4289,194.869,28.8845,92.0613,68.9613,91.9289,12.101
4/27/2005,391.46,8.6,6.8,12,0,23.3,14.1,0.3,0,4.4,0,1.6,18.9662,88.3836,11.3553,194.869,33.4962,88.9346,76.9811,93.5236,13.4641
4/28/2005,380.84,0,0,5.6,0,0,0,0,0,0,0,0,15.9171,91.1635,12.3216,191.591,32.1626,91.2758,106.651,106.774,11.4288
4/29/2005,397.57,0.8,4.9,46.5,8.1,11.7,25.1,25,25.7,7.1,4.3,2,17.4262,89.075,19.2356,193.226,35.5198,104.967,100.588,141.749,32.1208
4/30/2005,1869,15.2,40.3,28.7,4,13.9,6.1,1,25.5,33.2,27.3,12.4,28.0283,90.465,19.0985,220.291,43.6038,120.691,104.621,134.936,18.4101
5/1/2005,1185.56,0,4.5,10,0,0,0,0,6.7,2.3,0,0,16.1307,100.096,11.9951,218.55,47.35,139.113,134.919,143.727,12.7796
5/2/2005,505,0,0,0,0,0,0,0,0,0,0,0,15.2801,96.8379,10.6313,223.792,39.932,172.604,126.382,179.434,13.4641
5/3/2005,620.43,0,0,0,0,0,0,0.8,0,0,0,0,15.0691,85.642,10.1289,236.251,32.8279,149.654,91.6524,165.315,13.4641
5/4/2005,617.54,0,0,0,0,0,0,0,0,0,0,0,14.6492,81.9351,9.9315,230.872,30.186,103.319,79.0288,120.899,12.7796
5/5/2005,618.43,0,0,0,0,0,0,0,0,0,0,0,14.6492,80.6053,9.8335,209.945,28.8845,97.6296,72.9366,105.07,12.7796
5/6/2005,505,0,0,0,0,0,0,0,0,0,0,0,14.6492,79.2851,9.7359,194.869,28.2388,94.4327,69.9485,97.5702,12.4395
5/7/2005,391.57,0,0,0,0,0,0,0,0,0,0,0,14.6492,77.6485,9.6389,183.511,27.5964,93.6397,67,93.5236,12.101
5/8/2005,504,0,0,0,0,0,0,0,0,0,0,0,14.4403,76.9981,9.5424,177.166,26.9575,88.1593,66.026,89.5625,12.101
5/9/2005,396.46,0,0,0,0,0,0,0,0,0,0,0,14.4403,76.0271,9.3508,174.034,26.9575,85.8486,65.0566,88.002,11.7641
5/10/2005,392.57,0,0,0,0,0,0,0,0,0,0,0,14.232,75.3828,9.3508,170.927,26.3221,82.8035,64.0916,87.2269,11.4288
5/11/2005,597,0,0,0,0,0,0,0,0,0,0,0,14.0245,74.1016,9.2558,167.848,26.3221,78.3136,63.1312,85.6869,11.4288
5/12/2005,272.26,0,0,0,0,0,0,0,0,0,0,0,14.0245,73.4646,9.2558,166.318,25.6902,77.5744,61.2241,84.1606,11.4288
5/13/2005,391.57,0,0,0,0,0,0,0,0,0,0,0,13.8177,72.8301,9.1612,163.278,25.6902,76.1039,62.1753,81.8968,11.0951
5/14/2005,503,0,0,0,0,0,0,0,0,0,0,0,13.6116,71.8829,9.1612,161.871,25.0618,71.7559,60.2774,82.648,10.7631
5/15/2005,278.03,0,0,0,0,0,0,0,0,0,0,0,13.6116,71.2545,9.0672,158.547,24.4371,74.6439,58.398,80.4047,10.7631
5/16/2005,502,0,0,0,0,0,0,0,0,0,0,0,13.4062,70.6285,8.9736,158.547,24.4371,76.8378,58.398,78.1922,10.7631
5/17/2005,387.57,0,0,0,0,0,0,0,0,0,0,0,13.4062,69.6942,8.8805,155.244,24.4371,72.4739,57.4654,78.1922,10.1042
5/18/2005,273.26,0,0,0,0,0,0,0,0,0,0,0,13.4062,68.7654,8.7879,153.601,23.8161,70.328,57.4654,76.7343,10.1042
5/19/2005,368.03,0,0,0,0,0,0,0,0,0,0,0,13.2015,67.8422,8.6958,151.963,23.8161,67.5044,56.5374,76.7343,10.1042
5/20/2005,396.57,0,0,0,0,0,0,0,0,0,0,0,13.2015,66.9245,8.6958,150.33,23.8161,68.9108,55.6142,75.2901,10.1042
5/21/2005,395.69,0,0,0,0,0,0,0,0,0,0,0,12.9976,66.6198,8.6042,147.081,23.1987,66.8053,55.6142,74.5731,9.7774
5/22/2005,396.57,0,0,0,0,0,0,0,0,0,0,0,15.0691,66.3158,8.6042,145.465,23.1987,68.2063,53.7823,73.8596,9.4524
5/23/2005,392.46,1.4,0,0,5.1,9.5,10.2,13.4,8.2,15.9,10.9,34.4,14.4403,67.2297,9.1612,143.854,23.1987,70.328,55.6142,72.4428,9.4524
5/24/2005,281.15,5.6,0,12.6,21,23.4,20.2,11.6,5,17.5,24.3,11.8,18.5231,79.944,11.042,145.465,26.3221,83.561,76.9811,76.7343,11.7641
5/25/2005,509,1,1.6,4,12,0,15.5,2.6,1.1,3.1,5.1,20,18.9662,102.664,14.9732,150.33,38.9519,132.555,115.899,107.631,11.4288
5/26/2005,850.85,13.2,20.9,36.4,28.2,38.4,29,60.6,24.5,39,43.3,16.6,28.8379,111.686,26.0809,186.723,61.0037,212.008,129.568,156.913,26.2565
5/27/2005,628,0,0,0,0,0,0,2,0,0,0,0,16.56,175.604,11.1459,225.552,54.5635,256.711,155.702,176.125,13.1211
5/28/2005,741.54,0,0,0,0,0,0,0.8,0,0,0,0,15.2801,134.453,9.8335,287.291,41.7584,189.274,111.767,203.46,11.4288
5/29/2005,747.43,0,0,0,0,0,0,0,0,0,0,0,14.8588,95.405,9.1612,321.843,32.8279,130.703,93.621,147.723,10.7631
5/30/2005,617,0,0,0,0,0,0,0,0,0,0,0,14.4403,83.2747,9.4464,279.432,30.186,103.319,75.9635,122.726,10.1042
5/31/2005,621.31,0,0,2.3,0,1.1,0,0,0,0,0,0,14.4403,78.9566,9.3508,227.319,28.8845,96.8266,71.9362,100.869,10.1042
6/1/2005,505,0,0,0,0,0,0,0,0,0,0,0,14.232,76.9981,9.2558,194.869,28.2388,86.6163,68.9613,95.9413,10.1042
6/2/2005,502,0,0,0,0,0,0,0,0,0,0,0,14.232,74.421,9.1612,178.743,26.9575,78.3136,67,94.3261,9.7774
6/3/2005,273.26,0,0,0,0,0,0,0,0,0,0,0,14.0245,73.147,9.0672,170.927,26.3221,95.2282,65.0566,91.1367,9.4524
6/4/2005,403.46,0,0,0,0,0,0,0,0,0,0,0,14.0245,71.5684,8.8805,164.794,26.3221,86.6163,63.1312,86.4552,9.4524
6/5/2005,398.57,0,0,0,0,0,0,0,0,0,0,0,13.8177,70.3165,8.7879,160.206,25.0618,80.5469,62.1753,86.4552,9.4524
6/6/2005,386.57,0,0,0,0,0,0,0,0,0,0,0,13.6116,68.7654,8.6958,155.244,25.0618,79.0554,59.3354,84.1606,9.4524
6/7/2005,395.69,0,0,0,0,0,0,0,0,0,0,0,13.6116,67.8422,8.6042,151.963,24.4371,79.0554,59.3354,81.8968,9.1293
6/8/2005,286.03,0,0,0,0,0,0,0,0,0,0,0,13.6116,67.5356,8.6042,148.703,24.4371,79.0554,58.398,80.4047,9.1293
6/9/2005,393.57,0,0,0,0,0,0,0,0,0,0,0,13.4062,66.9245,8.5131,147.081,24.4371,76.1039,57.4654,79.6638,9.1293
6/10/2005,398.57,0,0,0,0,0,0,0,0,0,0,0,13.4062,66.3158,8.4225,143.854,23.8161,73.918,56.5374,78.9263,8.808
6/11/2005,276.26,0,0,0,0,0,0,0,0,0,0,0,13.2015,66.0123,8.3324,142.249,23.1987,73.1946,55.6142,78.1922,8.4887
6/12/2005,401.46,0,0,0,0,0,0,0,0,0,0,0,13.6116,65.1058,8.3324,140.649,23.1987,71.7559,54.6958,76.0105,8.1714
6/13/2005,334.15,0,0,0,0,0,0,0,0,0,0,0,13.4062,64.5045,8.3324,139.055,22.5851,69.618,54.6958,74.5732,8.1714
6/14/2005,277.26,0,0,0,0,0,0,0,0,0,0,0,13.2015,64.5045,8.2427,137.466,22.5851,69.618,53.7823,74.5732,8.1714
6/15/2005,440.46,0,0,0,0,0,0,0,0,0,0,0,12.9976,63.9057,8.1536,135.883,22.5851,69.618,54.6958,73.1495,8.1714
6/16/2005,315.84,0,0,0,0,0,0,0,0,0,0,0,12.9976,63.0121,8.1536,134.306,22.5851,69.618,52.8735,73.1495,8.1714
6/17/2005,292.61,0,0,0,0,0,0,0,0,0,0,0,12.7944,62.4195,8.0649,132.734,21.9754,68.9108,51.9696,73.1495,8.1714
6/18/2005,389.57,0,0,0,0,0,0,0,0,0,3.8,0,12.7944,62.1242,8.0649,131.168,21.9754,67.5044,51.9696,73.1495,8.1714
6/19/2005,279.26,6.4,0,0,8,0,6.8,5,9.3,7.7,0,0,12.7944,61.8294,7.9768,129.608,23.8161,70.328,58.398,73.1495,8.1714
6/20/2005,618.43,0,0,0,3,0,0,0,0,0,0,3.3,12.5919,64.8048,7.9768,129.608,25.0618,75.3726,53.7823,73.1495,8.1714
6/21/2005,276.03,1.8,1.9,4,6.1,1.9,10.7,13,9.7,15.8,32.7,14.8,17.8631,72.8301,8.0649,132.734,28.2388,83.561,60.2774,75.2901,7.8561
6/22/2005,275.15,0,0,6.2,1,4.9,0,0.6,0,0.2,0,0,13.2015,76.3502,8.2427,134.306,30.8416,92.0613,61.2241,76.7343,7.8561
6/23/2005,274.26,0,0,0,0,0,0,0,0,0,0,0,12.7944,74.421,8.1536,142.249,26.9575,96.0261,68.9613,78.9263,7.5429
6/24/2005,390.46,0,0,0,0,0,0,0,0,0,0,0,12.7944,68.1493,8.0649,147.081,24.4371,92.0613,60.2774,80.4047,7.5429
6/25/2005,437.57,0,0,0,0,0,0,0,0,0,0,0,12.5919,66.3158,7.8891,145.465,23.8161,76.8378,57.4654,83.4026,7.5429
6/26/2005,265.26,0,0,0,0,0,0,0,0,0,0,0,12.3902,61.8294,7.8019,139.055,22.5851,73.918,55.6142,78.1922,7.5429
6/27/2005,282.66,0,0,0,0,0,0,0,0,0,0,0,12.3902,61.2418,7.7152,134.306,22.5851,68.9108,53.7823,76.0105,7.5429
6/28/2005,503,0,0,0,0,0,0,0,0,0,0,0,12.1892,60.6567,7.7152,129.608,22.5851,66.8053,51.9696,71.7395,7.5429
6/29/2005,286.52,0,0,0,0,0,0,0,0,0,0,0,12.1892,60.0741,7.7152,126.504,22.5851,66.8053,51.9696,71.0396,7.5429
6/30/2005,291.41,0,0,0,0,0,0,0,0,0,0,0,12.1892,59.494,7.629,123.424,22.5851,68.9108,51.0707,70.3432,6.923
7/1/2005,263.61,0,0,0,0,0,0,0,0,0,0,0,11.989,60.0741,7.629,123.424,22.5851,69.618,50.1766,68.9606,6.923
7/2/2005,373.41,0,0,0,0,0,0,0,0,0,0,0,11.989,58.6285,7.5433,121.893,21.9754,67.5044,49.2876,68.2744,6.6165
7/3/2005,319.41,0,0,0,0,0,0,0,0,0,0,0,11.7896,57.7687,7.5433,121.893,21.3695,66.8053,48.4035,67.5917,6.6165
7/4/2005,264.61,0,0,0,0,0,0,0,0,0,0,0,11.5909,56.9145,7.4581,120.367,21.3695,66.8053,47.5245,64.8949,6.6165
7/5/2005,322.41,0,0,0,0,0,0,0,0,0,0,0,11.5909,56.3482,7.4581,118.848,20.7675,65.4153,46.6505,64.8949,6.3123
7/6/2005,325.41,0,0,0,0,0,0,0,0,0,0,0,11.393,55.2231,7.3734,117.334,20.7675,66.1089,46.6505,63.567,6.3123
7/7/2005,384.29,0,0,0,0,0,0,0,0,0,0,0,11.5909,54.9435,7.3734,115.826,20.7675,67.5044,46.6505,63.567,6.3123
7/8/2005,225.73,0,4.5,0,0,0,0,0,0,0,0,0,11.393,54.9435,7.3734,114.325,20.1696,65.4153,45.7817,62.9083,6.3123
7/9/2005,213.61,0,0,0,0,0,0,0,0,0,0,0,11.393,54.6644,7.2891,112.829,20.1696,64.7244,46.6505,62.2529,6.3123
7/10/2005,366.41,0,0,1.2,0,0,0,0,0,0,0,0,11.196,54.1082,7.2891,111.339,19.5757,61.9883,45.7817,62.2529,6.3123
7/11/2005,154.81,0,0,3.7,0,0,0,0,0,0,0,0.9,11.5909,53.5545,7.3734,111.339,19.5757,59.2968,45.7817,61.6009,6.6165
7/12/2005,241.5,0,1.1,0.7,1,1.5,0,0.6,0.2,0,0,0.1,11.393,53.2786,7.3734,109.856,19.5757,59.2968,45.7817,61.6009,6.6165
7/13/2005,153.93,0,0,0,0,0,0,0,0,0,0,0,11.196,53.2786,7.3734,108.378,19.5757,57.9678,45.7817,61.6009,6.3123
7/14/2005,370.41,0,0,0,0,0,0,0,0,0,0,0,11.196,53.2786,7.2891,108.378,18.986,56.6501,44.918,60.9524,6.3123
7/15/2005,263.61,0,0,0,0,0,0,0,0,0,0,0,10.9997,52.4547,7.2891,108.378,18.986,55.9956,44.918,60.3073,6.0105
7/16/2005,260.61,0,0,0,0,0,0,0,0,0,0,0,10.9997,51.9086,7.2054,108.378,18.986,55.9956,44.918,59.6657,6.0105
7/17/2005,264.5,0,0,0,0,0,0,0,0,0,0,0,10.8042,51.3651,7.2054,106.907,18.986,55.9956,44.0594,59.0274,6.0105
7/18/2005,376.52,0,0,0,0,0,0,1.6,0,0,0,0,10.8042,51.3651,7.1221,105.442,18.986,56.6501,44.0594,58.3926,6.0105
7/19/2005,260.5,0,0,0,0,4.3,0,0.6,0,1.5,0.1,8.9,11.393,51.0943,7.2891,105.442,18.4004,59.2968,44.0594,58.3926,5.7113
7/20/2005,262.73,0,0,0,0,2.3,0,0,0,2.2,4.2,0,11.196,51.9086,7.5433,103.983,19.5757,58.6309,44.0594,58.3926,5.7113
7/21/2005,46.02,0,0,0,0,0,0,0,0,0,0,0,10.9997,53.831,7.5433,102.531,20.7675,54.695,46.6505,58.3926,5.7113
7/22/2005,263.61,0,0,0,0,0,0,0,0,0,0,0,10.9997,52.7287,7.3734,102.531,20.1696,61.3113,48.4035,58.3926,5.7113
7/23/2005,372.41,0,0,0,0,0,0,0,0,0,0,0,10.8042,51.3651,7.1221,103.983,19.5757,61.9883,49.2876,58.3926,5.7113
7/24/2005,253.61,0,0,0,0,0,0,0,0,0,0,0,10.6095,50.8241,6.8753,103.983,18.986,55.3438,46.6505,58.3926,5.7113
7/25/2005,372.41,0,0,0,0,0,0,0,0,0,0,0,10.6095,50.5545,6.794,103.983,18.4004,55.9956,44.0594,58.3926,5.4146
7/26/2005,157.81,0,8.6,0,0,0,0,1.2,0,0,0,0,10.4157,49.4827,6.7132,101.084,18.4004,59.2968,42.3581,58.3926,5.4146
7/27/2005,372.41,0,0,0,0,0,0,0,1.3,0,0,0,10.4157,49.2164,6.794,99.6441,18.4004,64.7244,43.2061,56.5086,5.4146
7/28/2005,157.81,3.2,0,1.5,0,2.5,0,0,0,0,0,0,10.4157,48.9507,7.0394,98.2104,18.4004,73.1946,44.0594,57.7612,5.4146
7/29/2005,377.29,0,0,0,0,0,0,0,0,0,0,0,10.4157,48.4212,6.8753,96.7831,17.8191,70.328,48.4035,59.6657,5.4146
7/30/2005,264.73,0,0,0,0,0,0,0,0,0,0,0,10.2227,48.4212,6.7132,96.7831,17.8191,57.3075,51.0707,64.8949,5.1206
7/31/2005,151.81,0,0,0,0,0,0,0,0,0,0,0,10.2227,48.4212,6.6329,96.7831,17.2422,55.3438,45.7817,67.5917,5.1206
8/1/2005,246.5,0,0,0,0,0,0,0,0,0,0,0,10.0305,47.3698,6.7132,95.3622,17.2422,55.3438,42.3581,60.9524,5.1206
8/2/2005,227.93,0,0,0,0,0,0,0,0,0,0,0,10.0305,46.848,6.7132,95.3622,16.6697,55.3438,41.5153,56.5086,5.1206
8/3/2005,306.39,0,0,0,0,0,0,0,0,0,0,0,10.0305,46.5881,6.6329,93.9478,16.1017,54.049,40.6779,55.2698,5.1206
8/4/2005,201.74,0,0,0,0,0,0,0,0,0,0,0,9.8391,46.3288,6.6329,92.5399,16.1017,54.049,39.8458,54.0447,5.1206
8/5/2005,295.5,0,0,0,0,0,0,0,0,0,0,0,9.6487,45.5547,6.6329,91.1385,16.1017,52.1283,39.8458,53.4372,4.8294
8/6/2005,196.85,0,0,0,0,0,0,0,0,0,0,0,9.6487,45.298,6.5531,89.7437,16.1017,54.049,38.198,52.8332,4.8294
8/7/2005,296.27,0,0,0,0,0,0,0,0,0,0,0,9.6487,45.0419,6.4737,89.7437,16.1017,55.9956,38.198,51.0417,4.5411
8/8/2005,198.85,0,0,0,0,0,0,0,0,0,0,0,9.4591,44.7865,6.3949,88.3555,15.5382,54.049,38.198,51.0417,4.5411
8/9/2005,201.97,0,0,0,0,0,0,0,0,0,0,0,9.4591,44.7865,6.3949,88.3555,15.5382,53.4059,38.198,51.0417,4.5411
8/10/2005,303.39,0,0,0,0,0,0,0,0,0,0,0,9.6487,44.5317,6.3949,86.974,15.5382,53.4059,38.198,51.0417,4.5411
8/11/2005,282.27,5.8,0,0,1,0,0,0,2.4,0,0,0,9.4591,44.2775,6.3165,86.974,15.5382,52.7656,37.3823,51.0417,4.5411
8/12/2005,200.97,0,0,0,0,0,0,0,0,0,0,0,9.4591,44.024,6.3165,85.5991,15.5382,52.7656,37.3823,49.8645,4.5411
8/13/2005,201.85,0,0,0,0,0,0,0,0,0,0,0,9.2703,43.2674,6.3165,85.5991,15.5382,50.2338,38.198,49.8645,4.5411
8/14/2005,299.27,0,0,3.2,0,0,0,0,0,0,0,0,9.2703,43.0165,6.2387,85.5991,15.5382,50.8624,38.198,51.0417,4.5411
8/15/2005,297.5,0,0,0,0,0,0,8.2,0,0,0,0,9.2703,42.7663,6.2387,84.231,14.9795,52.1283,38.198,51.0417,4.5411
8/16/2005,200.85,0,0,0,0,0,0,0,0,0,0,0,9.0825,42.7663,6.2387,82.8697,16.1017,50.8624,42.3581,51.6355,4.5411
8/17/2005,219.85,0,0,0,0,0,0,0,0,0,0,0,9.0825,42.7663,6.2387,81.5152,14.9795,50.8624,39.8458,56.5086,4.5411
8/18/2005,223.74,9.4,0,0,0,0,0,0,0,0,0,0,9.2703,42.2677,6.2387,78.8268,14.9795,52.7656,39.0192,53.4372,4.5411
8/19/2005,203.85,0,0,5.2,0,0,0,0,0,0,0,0,9.2703,42.0194,6.1613,78.8268,14.9795,50.8624,39.0192,52.2326,4.5411
8/20/2005,203.97,0,0,0,0,0,0,0,0,0,0,0,9.0825,42.2677,6.1613,77.493,14.4255,49.6081,39.0192,52.2326,4.2559
8/21/2005,306.39,0,0,0,0,0,0,0,0,0,0,0,8.8955,44.2775,6.1613,77.493,14.4255,49.6081,37.3823,52.2326,4.2559
8/22/2005,104.31,0,0,0,0,0,0,0,0,0,0,0,8.8955,42.2677,6.0844,77.493,14.4255,50.8624,36.5721,49.8645,4.2559
8/23/2005,204.74,0,0,0,0,0,0,0,0,0,0,0,8.7094,41.5247,6.008,77.493,13.8764,48.3656,35.7676,48.701,4.2559
8/24/2005,207.85,0,0,0,0,0,0,0,0,0,0,0,8.5243,40.7876,5.9321,76.1662,13.8764,47.7487,34.9687,47.5512,4.2559
8/25/2005,204.97,0,0,0,0,0,0,0,0,0,1,0,8.5243,40.2995,5.9321,74.8464,13.3323,48.9854,33.3879,46.4151,3.9737
8/26/2005,210.85,1,0,0,0,0,2.5,0,1.5,0,0,0,8.34,40.2995,5.8567,73.5338,13.3323,48.9854,33.3879,44.7367,3.9737
8/27/2005,201.85,0,0,0,0,0,0,0,0,0,0,0,8.8955,40.0564,8.0649,72.2283,13.3323,53.4059,33.3879,44.7367,3.9737
8/28/2005,304.27,0,0,0,0,0,0,0,0,0,0,0,8.7094,39.8139,6.2387,70.93,13.3323,53.4059,34.1754,44.7367,3.9737
8/29/2005,112.31,0,0,0,0,0,0,0,0,0,0,0,8.5243,40.0564,6.1613,70.93,13.3323,53.4059,34.9687,45.8522,3.9737
8/30/2005,309.5,0,0,0,0,0,0,0,0,0,0,0,8.5243,40.7876,6.008,69.6389,13.3323,53.4059,33.3879,46.4151,3.9737
8/31/2005,117.57,0,1.8,0,0,0,0,0,0,0,0,0,8.34,39.5722,5.9321,69.6389,12.7932,54.049,33.3879,44.7367,3.9737
9/1/2005,315.59,0,0,0,0,0,0,0,0,3.6,0,0,8.34,39.5722,5.8567,70.93,12.7932,51.4939,31.8303,44.7367,3.9737
9/2/2005,310.5,0,0,0,0,0,0,0,0,0,0,5,8.1567,38.3731,5.8567,69.6389,12.7932,52.1283,31.8303,42.5467,3.9737
9/3/2005,25.24,2,0,0,0,0,10.4,3.2,0,0,0,0.7,8.1567,38.1352,6.008,68.3551,12.7932,52.1283,31.8303,42.5467,3.9737
9/4/2005,285.5,0,0,0,0,34.4,0,0,0,0,6,1,8.5243,39.0906,9.1612,67.0787,12.7932,51.4939,32.6062,42.5467,3.9737
9/5/2005,115.31,0,0,3.2,0,1.3,0,0,0,0,0.4,0,9.2703,40.0564,7.1221,65.8097,12.7932,53.4059,32.6062,43.6348,3.9737
9/6/2005,317.02,0,0,4.5,0,0,0,0,0,0.3,0,2.5,12.3902,42.5167,6.794,65.8097,12.7932,54.049,31.8303,43.6348,4.5411
9/7/2005,108.14,0,0,0,0,14.9,0,5.6,1.8,0.1,0.1,1.8,10.2227,42.0194,6.5531,68.3551,13.3323,55.9956,31.8303,42.5467,4.5411
9/8/2005,245.17,0,0,0,0,1.5,0,15,7.2,0,0,0,9.0825,42.2677,6.3165,72.2283,13.3323,59.2968,32.6062,42.5467,4.5411
9/9/2005,231.23,0,0,0,4,3.7,0,0,0,0,0,0,8.5243,43.519,6.0844,77.493,13.3323,60.637,40.6779,44.7367,4.2559
9/10/2005,103.31,0,0,0,0,0,0,0,0,0,0,0,8.34,42.2677,6.008,74.8464,12.7932,57.9678,40.6779,54.6555,3.9737
9/11/2005,293.85,0,0,0,0,0,0,0,0,0,0,0,8.1567,41.2784,5.8567,74.8464,12.2593,67.5044,34.9687,54.0447,3.9737
9/12/2005,212.8,0,0,0,0,0,0,0,0,0,0,0,8.1567,39.5722,5.7818,73.5338,12.2593,66.1089,32.6062,46.4151,3.9737
9/13/2005,182.9,0,0,1.4,0,0,0,0,0,0,0,0,7.9744,38.6116,5.7818,72.2283,11.7308,60.637,31.0603,43.6348,3.9737
9/14/2005,201.5,0,0,0,0,10.7,0,0,0,0,10.8,5.5,10.6095,38.6116,5.7818,68.3551,11.7308,55.9956,30.2963,41.4723,3.9737
9/15/2005,211.02,0,0,0,1,0,0,0,0,0,0,0,9.2703,39.0906,5.7818,65.8097,11.7308,56.6501,29.5382,40.4115,3.6949
9/16/2005,210.33,0,0,0,0,0,0,0,0,0,0,0,8.34,41.0327,5.7818,64.5481,11.2076,55.3438,29.5382,39.3645,3.6949
9/17/2005,213.39,0,0,3.4,0,0,0,2.8,11.9,0.1,1.1,0.5,9.0825,40.7876,5.8567,64.5481,11.2076,87.3865,29.5382,39.3645,4.8294
9/18/2005,32.31,42.2,0,10.2,0,20.2,24.5,18.6,14.1,4.5,16.6,35.1,9.2703,40.2995,7.2891,68.3551,13.3323,68.2063,41.5153,40.9402,4.2559
9/19/2005,221.48,3.4,0,0,0,2.5,5.9,9.6,2.2,22.6,3.1,10.8,16.56,44.7865,6.8753,73.5338,14.4255,70.328,43.2061,55.8875,3.9737
9/20/2005,229.68,7.4,1.9,0,0,0,0,0,0,0,0,0,9.8391,53.831,6.2387,74.8464,18.4004,68.2063,48.4035,58.3926,3.9737
9/21/2005,323.5,0,0,0,0,0,0,0,0,0,0,0,8.8955,48.6856,5.8567,76.1662,16.6697,67.5044,47.5245,64.8949,3.9737
9/22/2005,228.8,0,0,0,0,0,0,0,0,0,0,0,8.7094,44.024,5.8567,84.231,14.9795,66.1089,41.5153,62.9083,4.2559
9/23/2005,125.94,0,0,3,0,0,0,0,0,0,0,0,8.34,40.5432,5.7818,86.974,13.3323,61.3113,37.3823,55.2698,4.5411
9/24/2005,229.48,0,0,0,0,0,0,0,0,0,0,0,8.1567,39.0906,5.7073,78.8268,12.7932,57.9678,34.1754,49.8645,4.5411
9/25/2005,420.56,0,0,0,4,0,0,0,0,0,0,0.7,8.1567,38.6116,5.6334,70.93,12.2593,55.3438,33.3879,45.8522,4.5411
9/26/2005,227.11,33.6,4.3,0,12,9.3,27.7,14.6,28.3,21,5.6,5.6,9.8391,38.3731,6.0844,72.2283,14.4255,64.0362,61.2241,48.1244,4.5411
9/27/2005,421.56,0,1,0,2.5,0,0,2.2,0.4,0.9,0.1,0,9.2703,38.8507,6.3949,69.6389,18.986,62.6682,85.8061,84.922,4.5411
9/28/2005,86.89,0,0,0,0,2.4,0,0,0,1.7,1.8,0,9.0825,39.5722,6.0844,69.6389,17.8191,67.5044,76.9811,113.727,4.5411
9/29/2005,238.11,0,0,0,0,0,0,0,0,1.1,0,0,8.7094,39.8139,5.9321,69.6389,16.6697,64.0362,62.1753,100.869,4.5411
9/30/2005,238.11,0,0,0,12,0,0,0,0,0,0,0,8.5243,40.0564,5.7818,70.93,14.9795,63.3508,55.6142,82.648,4.5411
10/1/2005,235.11,0,0,0,0,0,0,0,0,0,0,0,8.7094,39.331,5.7818,72.2283,14.4255,59.9655,45.7817,73.1495,4.2559
10/2/2005,230,0,0,0,0,0,0,0,0,0,0,0,8.34,38.6116,5.7073,70.93,13.3323,56.6501,40.6779,60.9524,4.2559
10/3/2005,207.23,0,0,0,0,0,0,0,1.8,0.7,0,0,8.1567,38.3731,5.6334,69.6389,12.7932,56.6501,37.3823,54.0447,3.9737
10/4/2005,210.11,0,0,0,0,0,0,0,0,0,0,0,7.9744,37.6615,5.4869,67.0787,12.7932,55.3438,35.7676,49.8645,3.6949
10/5/2005,145.89,0,0,0,0,0,0,0,0,0,0,0,7.9744,37.1904,5.4145,65.8097,12.2593,54.695,34.9687,47.5512,3.4196
10/6/2005,329.33,0,0,0,1,0,0,0,0,0,0,1.7,21.2988,36.7219,5.3425,64.5481,11.7308,53.4059,33.3879,46.4151,3.4196
10/7/2005,40.67,0,0,0,0,0,0,0,0,14.6,5.7,0,21.0508,36.4887,5.6334,63.2941,13.3323,59.2968,34.1754,44.7367,3.1479
10/8/2005,152.89,0,0,0,0,0,0,0,0,0,0,0,9.6487,41.5247,5.4869,63.2941,14.9795,57.9678,45.7817,46.9815,2.88
10/9/2005,151.89,0,0,0,0,0,0,0,0,0,0,0,8.5243,44.024,5.4145,62.0476,12.7932,55.9956,41.5153,60.9524,2.88
10/10/2005,254.11,0,0,0,0,0,0,0,0,0,0,0,8.5243,38.1352,5.3425,64.5481,11.7308,54.695,37.3823,55.2698,2.88
10/11/2005,140.89,0,0,0,0,0,0,0,0,0,0,0,8.34,36.0242,5.1999,68.3551,11.2076,56.6501,31.8303,49.2811,2.88
10/12/2005,143.89,0,0,0,0,0,0,0,0,0,0,0,7.9744,34.8746,5.1294,67.0787,10.6901,54.049,29.5382,42.5467,2.88
10/13/2005,140.89,0,0,0,0,0,0,0,0,0,0,0,7.6126,33.9668,5.0594,62.0476,10.1783,53.4059,26.5671,39.3645,2.88
10/14/2005,46.67,0,0,0,0,0,0,0,0,0,0,0,7.429,33.7415,4.9898,58.3542,9.6723,52.1283,26.5671,35.3136,2.88
10/15/2005,147.89,0,0,0,0,0,0,0,0,0,0,0,7.2464,33.293,4.9207,55.9309,9.1724,51.4939,25.84,35.3136,2.88
10/16/2005,138.89,0,0,0,0,0,0,0,0,0,0,0,7.0652,32.8471,4.8522,54.7311,8.6787,47.7487,24.4047,34.3351,2.6162
10/17/2005,146.83,0,0,0,0,0,0,0,0,0,0,0,6.7074,32.4039,4.7841,53.5393,8.1914,48.9854,23.6968,32.4193,2.6162
10/18/2005,197.74,0,0,0,0,0,0,0,0,0,0,0,6.5308,31.9634,4.7841,52.3556,8.1914,50.2338,22.9955,31.482,2.3568
10/19/2005,145.52,0,0,0,6.2,6.1,0,0,0,0.1,0,5.1,9.6487,31.7441,5.7818,50.0127,8.1914,50.8624,22.9955,30.5584,2.3568
10/20/2005,152.83,0,1.5,15.2,0,93.7,0,1,0.5,3.7,40.6,27.3,25.378,40.7876,10.03,65.8097,7.7107,46.524,22.3008,30.5584,4.2559
10/21/2005,147.52,0,0,0,0,0,0,0,0,0,0,0,9.6487,47.8942,6.0844,60.8088,8.1914,43.5146,21.6129,29.6485,3.4196
10/22/2005,58.61,0,0,0,1,0,0,0,0,0,0,0,8.1567,46.0701,5.5599,67.0787,8.6787,42.332,22.3008,29.1987,2.88
10/23/2005,160.83,0,0,0,0,0,0,0,0,0,2,3.9,7.429,37.6615,5.7818,78.8268,8.1914,42.332,22.3008,29.6485,2.88
10/24/2005,150.52,0,0,0,0,2.5,0,8.6,0,4,2.6,4.2,30.7522,34.8746,6.1613,85.5991,8.1914,42.332,22.3008,29.6485,3.6949
10/25/2005,152.83,0,0,16,8.2,2.9,0,2.6,0,5.8,32.4,3.8,9.6487,35.793,6.5531,77.493,13.3323,48.3656,22.3008,29.6485,4.5411
10/26/2005,162.52,0,0,0,0,0,0,0,0,0,0,0.9,8.34,37.4256,6.2387,68.3551,15.5382,54.049,22.9955,30.1017,4.5411
10/27/2005,59.93,1.2,0,12.6,4,3.8,1.7,4.2,9.7,2.1,5.4,0.7,7.9744,39.0906,6.008,70.93,13.8764,54.049,26.5671,31.0185,4.5411
10/28/2005,160.2,0,0,0,12,0,0,0.2,0.6,0,0.8,0.4,7.793,38.6116,5.6334,70.93,12.2593,54.049,29.5382,35.8079,4.5411
10/29/2005,161.15,3.8,0,2.6,25,5.4,3,0,4,15.9,11.6,26.8,7.9744,42.0194,5.4869,72.2283,11.7308,52.1283,35.7676,40.4116,4.2559
10/30/2005,160.2,2.6,0,0,18,0,18.7,4.2,0,19.8,14.7,0,7.9744,48.4212,5.3425,73.5338,11.7308,46.524,46.6505,49.2811,4.5411
10/31/2005,219.06,22.8,0,0,24.2,0,12.1,0.8,1,85.6,23.9,4.4,7.793,50.0174,5.4869,73.5338,21.3695,47.7487,51.9696,62.9083,4.5411
11/1/2005,485.09,11.6,2.8,4,36.1,19.5,18,15,0.9,34.1,4.8,1.4,9.0825,48.4212,6.008,82.8697,49.2499,60.637,53.7823,69.6502,5.4146
11/2/2005,829.81,5.2,29,13.6,41.2,4.4,19.5,4.8,10.6,3.7,48.9,15,14.4403,50.8241,5.7073,99.6441,44.5335,87.3865,111.767,78.9263,5.7113
11/3/2005,355.28,2,2,6,4,15.8,6.4,2.6,3.1,1.2,3.4,4.8,37.5737,57.1986,13.9044,114.325,40.3868,84.3209,81.0044,145.718,6.6165
11/4/2005,547.66,0,44.6,23,0,0,20,12.4,5.3,2.8,0,0,10.6095,61.2418,12.8758,126.504,27.5964,80.5469,70.9402,106.774,6.6165
11/5/2005,531.89,31.6,19.5,7.2,0,0,5.5,1.2,3.7,0.2,0,0.5,10.6095,60.949,8.9736,124.961,26.9575,73.918,89.6936,96.754,8.1714
11/6/2005,254.43,0,0,0,0,10.2,0,3.2,0,0,16.1,0,8.7094,47.8942,6.0844,124.961,28.2388,68.9108,108.69,121.811,5.1206
11/7/2005,282.37,0,2.1,2.4,5.2,0,1.3,0,2.2,0,0,0,9.8391,49.7497,11.7798,120.367,22.5851,64.0362,94.6091,143.727,4.5411
11/8/2005,444.56,0,0,0,6,6.9,1,0,14.1,1,0,0,14.0245,46.3288,9.7359,120.367,18.986,60.637,75.9635,124.567,4.2559
11/9/2005,640,0,0,0,0,0,12.6,1.2,4.2,2.1,0.5,0,9.0825,46.5881,7.0394,106.907,17.2422,55.9956,78.0028,101.702,3.9737
11/10/2005,226.43,2.8,47.5,47.7,2,2.4,18.2,3.2,1,3.3,0.8,4.7,10.4157,47.6317,6.0844,99.6441,15.5382,55.9956,113.828,108.491,6.923
11/11/2005,851.91,45.6,25.5,76.4,1,61.2,9.1,19.6,21.3,19.9,8.7,17.2,12.9976,46.0701,16.2078,134.306,17.2422,61.9883,83.8776,148.73,20.6039
11/12/2005,450.19,3.2,4,2.5,28,0,4.2,13,0.1,0,1.1,1.2,9.4591,54.386,9.4464,131.168,25.0618,63.3508,79.0288,111.968,15.905
11/13/2005,437.19,1,3.5,0,3,0,8,2.8,0.3,0,0.3,0,9.6487,53.831,7.8891,129.608,21.3695,71.0406,74.9503,105.07,13.1211
11/14/2005,352.65,0,0,3,0,0,1,0.8,0,1.9,21.7,9.9,10.8042,49.4827,6.794,143.854,22.5851,71.7559,63.1312,99.2128,9.4524
11/15/2005,355.33,0,2.5,0,0,0,0,0,0,0,0,8.9,10.0305,51.3651,6.5531,155.244,20.1696,71.7559,58.398,84.1606,8.1714
11/16/2005,359.28,0,0,4.6,1,0,0,3,0.4,0,0,0,13.4062,49.4827,6.4737,143.854,17.8191,66.8053,59.3354,78.1922,6.923
11/17/2005,449.19,1,0,1.6,0,0,7.6,0,0,0,0,2.9,13.4062,45.5547,6.2387,128.053,15.5382,61.3113,53.7823,78.9263,6.6165
11/18/2005,833.81,42.4,50.8,32.7,28,50.5,10.1,52,9.3,47.9,30.2,20.4,15.0691,49.4827,16.9723,120.367,17.2422,64.7244,59.3354,72.4428,38.17
11/19/2005,829.81,36.8,0.6,25.3,44.3,42.5,1,13,4.8,0.4,0,0.9,11.7896,83.611,23.2767,120.367,26.3221,68.9108,64.0916,79.6638,27.8009
11/20/2005,727.91,62.8,7.5,27.4,67,23.2,27.5,15.8,100.8,3.1,17.8,10.8,31.0286,85.302,15.8322,143.854,26.9575,120.691,122.163,92.7245,25.4899
11/21/2005,811.44,0,17.8,1.6,0,24.2,20.1,19.8,14.3,5.1,3.1,9.2,13.6116,77.323,12.3216,177.166,26.3221,109.244,160.165,167.45,27.4134
11/22/2005,1016.57,0,3.3,0,0,0,0,0,0.5,0,0.4,0,11.989,98.6423,9.1612,204.86,28.8845,96.8266,160.165,214.218,19.8681
11/23/2005,747.91,0,15,2,0,0,0,3,0,28.2,0,10,13.4062,73.7828,10.2284,206.549,26.3221,96.0261,94.6091,207.016,16.6145
11/24/2005,923.72,18.6,0,45.3,0,5.6,5.8,50.8,13.4,0,5.1,5,52.9568,68.457,21.7886,201.503,33.4962,106.663,83.8776,125.492,25.8728
11/25/2005,999.67,2.6,7.3,5.3,5,5.6,20.4,5,0,0,2.4,5.1,42.9372,94.3366,28.7093,181.915,35.5198,110.977,89.6936,112.846,33.7168
11/26/2005,1893,20.4,10,57,0,7.7,21,12.8,22,8.9,43.7,7,37.5737,117.104,23.5803,185.114,29.5336,128.861,98.5853,120.899,102.562
11/27/2005,1460.74,23.8,9.2,36.4,26,13.4,0.2,4,12,12,26.5,6.7,33.8303,157.291,27.3791,211.653,30.8416,129.781,127.442,134.936,75.1658
11/28/2005,1111.54,0,0,15,24,0,1,2,0,0,0,0,22.2994,176.755,15.4611,254.604,25.6902,119.795,187.546,177.225,45.6449
11/29/2005,1212.11,1,0,30.6,5,2.5,0.5,0,0.1,0.3,0.2,8.8,35.832,127.061,13.7882,297.26,21.3695,102.499,113.828,241.679,48.1845
11/30/2005,1182.76,0,5,34.7,3,16.5,0.1,0.8,0,3.7,32.1,32.8,101.68,92.9204,24.5031,319.759,19.5757,95.2282,85.8061,148.73,42.2953
12/1/2005,930.55,2,4,5.3,1,11.5,0.4,4,1.8,5.1,5.7,42.2,51.3521,167.235,30.9391,293.253,20.7675,93.6397,74.9503,113.727,31.7239
12/2/2005,834.25,2.8,0,1.6,2.1,28.5,5,2,0.1,10.6,12.6,11.3,122.226,193.883,24.5031,269.753,21.9754,93.6397,67.9784,99.2128,18.0485
12/3/2005,728.91,36.4,4.9,0,0,23.4,32.4,64,19,12.8,10.7,22.2,33.2644,200.563,17.3613,358.56,23.8161,118.902,85.8061,92.7245,14.5019
12/4/2005,825.81,0,0,0,6.1,5.3,0.1,0,0,0,0,0,29.3812,188.579,13.2142,409.415,24.4371,111.848,105.635,117.285,10.4328
12/5/2005,830.13,0,0,0,0,0,0.2,0,0,0,0,0,21.0508,172.562,12.2123,418.097,20.1696,102.499,78.0028,137.835,7.5429
12/6/2005,926.55,0,2.3,8,1,5.7,0,0,0,0,1.4,16.7,33.2644,188.983,11.3553,387.964,18.4004,99.2429,67.9784,103.379,40.2239
12/7/2005,1788.89,56.4,46.5,5,52.1,13.8,27.1,27.4,32.4,30.7,21.3,11.9,30.4766,197.202,15.708,354.421,19.5757,107.521,93.621,93.5236,87.4654
12/8/2005,1412.4,5.7,19.7,39.5,25,68.4,2.3,7.6,7.6,1.4,28.1,30.1,130.417,217.122,44.6992,398.643,30.8416,118.902,140.32,130.171,206.297
12/9/2005,1398.32,1.8,1.5,23.4,18,0,4.7,6.4,1.9,33.7,6.4,2.1,35.544,240.932,26.8885,411.58,38.2597,120.691,122.163,185.018,87.4654
12/10/2005,1384.2,4.6,0.9,14,5,2.2,3.5,2.2,2.9,4.8,0.3,1.3,30.7522,238.997,18.8258,457.577,38.9519,130.703,113.828,162.139,95.395
12/11/2005,2198.56,1,84.7,36.5,22.1,0,53,21,35,48.4,66.5,56.2,140.598,250.285,25.2857,506.527,51.1673,173.629,209.918,163.194,125.495
12/12/2005,2180.56,83.6,0,17.8,12,32.3,48.4,25.2,52.4,84.5,22.8,13.2,79.0863,271.925,35.9467,495.677,101.126,218.678,354.096,297.261,129.027
12/13/2005,1913.55,10.8,24.8,16.3,36,42.9,20.4,5,10.6,16.3,14.7,47.8,95.4094,294.94,66.246,524.13,111.419,327.099,382.038,476.495,161.228
12/14/2005,2233.67,16.2,13,37,53,29.5,24.8,41,6.8,16.1,2.7,5.6,70.6791,301.777,66.246,571.749,70.7096,435.487,330.975,505.792,198.17
12/15/2005,4263.78,91.2,55.7,26.3,48.2,9.2,22.2,26.2,53.7,11.4,14.5,0.8,98.2787,305.239,42.1855,619.002,93.8413,665.498,340.844,444.578,142.922
12/16/2005,3166.04,0,1.5,0,0,0,2.2,0,3.3,0,0,0,64.2935,305.819,37.4443,628.675,69.6722,427.232,315.745,453.333,58.1216
12/17/2005,2698.48,0,3,0,0,18.4,0,1,0,3,1,2,65.0751,309.902,26.2414,635.978,53.5879,317.112,267.557,417.134,66.1041
12/18/2005,2219.57,0,0,5.4,2.1,1.6,0,2.4,0.5,0.4,2.9,6.6,67.05,309.316,18.8258,635.978,42.6788,213.114,191.2,349.243,62.5352
12/19/2005,1791.55,2.8,0,0,0,6.9,0.2,4,0,1.4,27.2,2.2,63.9044,307.564,18.555,645.781,39.647,227.689,152.723,250.762,58.1216
12/20/2005,1768.88,1.6,4.5,0,0,18.7,7.9,13.4,3.5,13.5,12.5,2.8,43.2411,301.777,29.8994,643.323,40.3868,404.537,164.055,205.827,48.1845
12/21/2005,1602,0,0,0,1,4.1,0,0,0,0,0,0,31.3056,296.072,28.7093,638.422,35.5198,148.684,197.801,222.777,42.7117
12/22/2005,1392.02,0,0,0,0,0,0,0,0,0,0,1,46.9351,286.559,24.8146,626.25,30.186,130.703,158.995,260.013,39.4002
12/23/2005,1142.68,0,0,0,0,0,0,0,0,25.3,0,3,43.8507,272.457,17.2311,614.193,28.8845,123.392,145.273,210.602,30.9324
12/24/2005,1172.97,0,0,0,0,0,0,0,0,0,0,0,29.1092,258.37,15.3384,592.783,27.5964,118.012,118.724,190.688,24.3472
12/25/2005,1227,0,0,0,0,0,0,0,0,0,0,39.9,26.9591,234.21,14.9732,562.521,24.4371,104.142,103.642,156.913,22.8375
12/26/2005,1068.11,18.6,26.5,16.4,0,0,10,17.6,18.8,6.1,36.6,9,25.6396,207.415,15.9569,533.042,23.8161,103.319,116.373,139.785,19.8681
12/27/2005,1027.44,1,0.1,7.4,0,4.4,0,5.8,3.3,12,0.6,0,24.3392,206.117,14.6125,480.681,26.9575,104.955,140.355,157.952,18.7729
12/28/2005,902.97,0,0,25.5,2,0,0,0,0.4,1.2,10.7,0,22.5515,166.32,14.3745,424.647,29.5336,113.596,127.037,186.145,16.9711
12/29/2005,1106.56,0,3,0,3,18.5,0,0,0,1,0,0,22.8045,148.921,15.708,429.032,34.8422,104.142,104.785,167.45,15.905
12/30/2005,881.33,0,0,0,0,0,0,0,0,0,7.9,0,22.2994,139.062,14.3745,333.954,32.8279,110.977,94.6014,138.809,13.1211
12/31/2005,874.39,17.8,1.1,5.4,0,1.7,0,0,0,0.1,0,2.6,22.8045,134.453,15.2161,305.962,25.6902,104.142,90.154,126.421,12.4395
1/1/2006,804,0,0,0,0,16.5,0,0,0,0.6,0,7.6,23.5683,117.495,16.3339,286.453,23.1987,100.053,86.8512,119.99,23.9683
1/2/2006,705.59,4.8,1.2,3.5,7,33.1,12.9,0.8,0,8,8.3,3.8,23.5683,122.635,25.7613,278.766,22.5851,96.8266,94.6014,117.285,24.7272
1/3/2006,795,0,23.6,8.4,2,11.5,10.7,8,10.4,3.1,6.7,18,26.9591,136.959,17.4919,265.474,23.1987,99.2429,94.6014,126.421,28.9687
1/4/2006,776.89,1.6,11,14.6,0,37.2,0,0,0,5.4,6.6,17.7,33.8303,172.185,20.9197,274.947,26.9575,112.721,146.509,132.067,30.9324
1/5/2006,971.11,5.2,19,34.2,8.1,20.4,22.7,27,47.4,32,30.6,35,54.2506,185.768,28.7093,298.109,46.4066,167.512,209.813,203.46,68.8021
1/6/2006,1955.13,72.4,27.8,0,52,18.3,50.4,29.6,44.9,29.2,0,32.6,45.0773,277.818,30.417,344.138,72.7951,207.604,268.559,287.365,55.4997
1/7/2006,1372.69,0,1.1,0,0,2.1,0,0.4,2.2,21,14.3,9.1,36.6999,310.488,29.0468,396.5,73.3187,216.446,268.559,358.574,46.9119
1/8/2006,1544.13,12.4,0,0,3,0,0,4,0,0,5.8,0,49.1294,298.344,24.1935,472.215,65.0492,206.509,182.046,349.243,32.1208
1/9/2006,1262.2,0,0,0,8.1,0,2.7,0.2,0.5,43.2,0.4,0.5,44.7697,247.798,23.1257,489.222,56.0346,176.718,191.2,244.257,27.0269
1/10/2006,1074.5,0,0,0,0,0,0,0,0,0,0.7,0,32.7013,219.374,17.1015,497.838,44.0681,155.524,140.355,249.454,25.8728
1/11/2006,1164.32,0,0,0,0,0,0,0,0,5.7,0,0,31.8618,185.37,15.5843,487.08,35.5198,130.703,110.544,183.895,23.5903
1/12/2006,886.11,0,0,0,0,0,0,0,0,0,0,0,31.3056,158.631,14.7322,461.736,30.8416,117.124,99.0977,146.719,21.7159
1/13/2006,799,0,0,0,0,0,0,0,0,0,0,0,29.9275,142.884,14.0212,411.58,28.2388,102.499,91.2612,132.067,19.8681
1/14/2006,710.89,0,0,0,0,0,0,0,0,0,0,0,28.2974,131.557,13.5571,352.356,26.3221,96.0261,86.8512,121.811,18.7729
1/15/2006,668.56,0,0,0,0,0,0,0,0,0,0,0,26.4291,122.635,13.1009,305.962,24.4371,91.2758,82.4922,115.499,19.1368
1/16/2006,565.59,0,0,0,0,0,0,0,0,0,0,0,24.5977,116.323,12.6526,269.25,23.1987,93.6397,79.2574,110.223,19.1368
1/17/2006,605.04,0,0,0,0,0,0,0,0,0,0,0,22.8045,110.159,12.4315,246.85,22.5851,91.2758,76.0528,105.92,18.7729
1/18/2006,464.02,0,0,0,0,0,0,0,0,0,0,0,21.7975,106.757,12.2123,230.462,21.3695,70.328,73.9335,101.702,18.4101
1/19/2006,508,0,0,0,0,2.1,0,0,0,0,0,0,21.2988,103.773,11.9951,217.967,20.1696,62.6682,77.1176,99.2128,18.0485
1/20/2006,504,0,0,0,0,0,0,0,0,0,0,0,20.3116,100.827,11.7798,207.436,19.5757,59.9655,73.9335,102.539,17.6882
1/21/2006,406.78,0,0,0,0,0,0,0,0,0,0,0,19.823,97.1976,11.5665,198.788,18.986,59.9655,67.66,98.3898,16.9711
1/22/2006,404.78,0,0,0,0,0,0,0,0,0,0,0,19.4116,94.3366,11.2503,191.955,17.8191,56.6501,63.5503,90.3479,16.9711
1/23/2006,417.78,0,0,0,0,0,0,0,0,0,0,0,19.1886,90.814,11.042,186.881,17.2422,55.9956,62.5323,84.922,16.6145
1/24/2006,425.35,0,0,0,0,0,0,0,0,0,0,0,20.3116,87.6946,10.7332,180.183,17.2422,54.049,60.5076,83.4026,14.8506
1/25/2006,398,0,0,0,0,5.1,0,0,0,0,0,3.3,20.3116,87.351,10.7332,175.211,16.1017,54.049,58.4985,80.4047,14.8506
1/26/2006,409,0,0,0,0,0,0,0,0,0,0,19.2,21.0508,89.4216,10.8357,168.651,16.1017,54.049,55.5146,78.1922,15.2007
1/27/2006,395.46,0,7.1,5.3,0,0,0,0,0,0.3,0,26.6,19.4116,91.5137,11.5665,165.402,15.5382,51.4939,54.528,73.8596,16.6145
1/28/2006,468.58,1.8,0,10.4,28,5.2,8.1,14.2,4.4,15.8,4.8,25.2,21.0508,96.4788,12.8758,168.651,16.6697,54.695,55.5146,73.1495,16.6145
1/29/2006,578,0,0,23,0,0,1.3,0,1.5,0.1,0,0,28.5673,104.888,18.0195,171.921,21.3695,55.9956,128.235,82.648,15.905
1/30/2006,615,71.2,45.5,5.4,85,54.9,14.4,39.8,20.5,21.2,33.2,29.3,31.5834,129.096,24.8146,197.073,23.8161,83.561,136.693,172.846,27.8009
1/31/2006,867.83,0,0,29,0,1.3,0,1.4,0.7,5.8,5.8,2.9,25.6396,169.072,15.8322,207.436,32.8279,104.967,116.373,180.544,54.1964
2/1/2006,884.43,4.2,3.1,12.9,0,0,10,10.4,42.7,12.7,0,3.2,22.8045,158.631,13.328,246.85,32.8279,96.8266,136.693,157.952,30.538
2/2/2006,730.5,0,0,0,3.1,3.6,0.6,1.4,0,2.1,24.1,6,27.4922,127.061,15.2161,294.208,31.5005,145.788,164.055,186.145,24.3472
2/3/2006,794.1,0,0,0,28,10.1,0,0,0,12.2,0.4,1.3,40.2299,135.703,15.3384,294.208,32.1626,119.795,114.033,213.009,21.3442
2/4/2006,697.33,0,0,0,0,0,0,0,0,0,0,0,23.0583,130.324,12.2123,271.145,30.186,118.902,96.8436,150.755,15.905
2/5/2006,621.34,0,0,0,0,0,0,0,0,0,0,0,22.2994,115.155,11.5665,257.972,23.1987,110.977,83.5771,128.289,14.5019
2/6/2006,592.54,0,0,0,0,0,0,0,0,0,0,0,21.5477,100.827,11.2503,243.177,20.7675,101.681,72.879,110.223,12.4395
2/7/2006,512.54,0,0,0,0,0,0,0,0,0,0,0,20.5571,92.9204,11.042,216.201,18.986,93.6397,67.66,96.754,13.4641
2/8/2006,514,0,0,3.4,0,3.1,0,0,0,0,0,11.3,19.823,88.729,12.1034,193.656,17.8191,69.618,63.5503,90.3479,14.8506
2/9/2006,512,13.8,0,1.8,3,2.1,0.1,0.6,5.7,0,4.9,0.8,22.048,93.2736,12.3216,176.863,16.6697,56.6501,59.5011,84.1606,14.8506
2/10/2006,602.42,16.4,0,0,28,0,17.4,0.4,2,0,0,6.5,22.048,97.9187,12.6526,168.651,16.1017,54.049,70.7807,81.149,15.5522
2/11/2006,588.54,2.6,10.3,0,12.1,19.8,2.9,8,6.8,0.3,21,26.5,30.7522,102.664,17.1015,170.284,16.6697,56.6501,71.8281,95.132,15.5522
2/12/2006,603.65,20.2,13,2.6,51.2,22.3,7.4,36.6,22.3,36,3.1,20.4,27.7599,136.54,17.4919,190.259,31.5005,68.2063,109.387,100.039,14.8506
2/13/2006,597.54,33.2,9.2,0,58.1,23.2,27.6,18,25.5,39,0,16.2,26.1651,200.563,29.3864,248.693,65.5591,110.977,196.477,155.878,14.8506
2/14/2006,701.96,1,0,12,0,8.3,0,16,6,0.3,7.5,5.5,26.1651,199.298,25.2857,305.962,72.7951,187.16,196.477,262.687,17.6882
2/15/2006,912.63,0,2.5,5.4,2,5.6,0,0,0.6,0,0,0.5,24.5977,179.463,15.2161,375.272,73.3187,189.274,141.581,256.028,19.5019
2/16/2006,889.2,0,0,1.4,0,13.3,7.4,2.4,0.5,3.6,0,22.1,24.5977,158.631,14.0212,371.071,51.1673,175.686,129.436,188.41,18.7729
2/17/2006,798.5,0,3,0,0,3.3,0,0,0,0.5,0,0,24.857,137.378,12.764,342.094,45.9367,137.228,124.649,172.846,16.9711
2/18/2006,811.1,0,0,0,0,0,0,0,0,7.9,0,0,24.0814,151.104,12.1034,302.028,43.6038,125.205,102.501,164.253,15.905
2/19/2006,599.22,0,0,0,0,0,0,0,0,0,0,0,23.5683,119.855,11.7798,278.766,39.932,112.721,85.7566,134.936,15.5522
2/20/2006,537,0,0,0,0,0,0,0,0,0,0,0,22.2994,106.382,11.4607,257.972,30.8416,105.808,78.1858,113.727,14.8506
2/21/2006,555,0,0,0,0,0,0,0,0,0,0,0,21.5477,99.3682,11.1459,225.08,25.6902,93.6397,69.7368,103.379,14.8506
2/22/2006,648.11,0,0,21.1,5,4.1,0,0,0,3.8,3.2,29.2,21.2988,117.495,11.5665,200.508,23.8161,74.6439,66.627,92.7245,15.5522
2/23/2006,605,0,1,0,3.1,2.4,4,5.2,0.6,11.4,3.3,12.8,23.0583,131.969,11.3553,198.788,23.1987,66.8053,64.5722,88.7805,16.2591
2/24/2006,833.88,11.6,43.6,2.8,32.2,0,0,7.6,2.7,0,30.9,1.6,21.7975,164.042,11.5665,235.885,25.6902,69.618,63.5503,86.4552,16.2591
2/25/2006,668,1,1.8,12.6,0,0,5.7,6.6,3,2.5,6.1,1.4,21.2988,172.185,12.3216,273.044,24.4371,68.2063,66.627,85.6869,15.5522
2/26/2006,669,0,1.4,14,58.1,3.5,5.4,6.2,33.2,0.6,22.9,0,20.8035,154.626,14.8525,290.322,25.0618,71.0406,74.9914,90.3479,19.1368
2/27/2006,867.96,18.8,0,19.2,12,67.9,5.6,5.6,15.6,0.4,3.7,2.4,20.3116,128.28,21.3519,305.962,24.4371,73.918,79.2574,100.869,58.5605
2/28/2006,1311.1,8.6,18.5,19.9,0,6.1,0,0,0,0,0,2.3,23.0583,119.46,16.8436,321.862,23.1987,71.0406,84.6652,106.774,52.0358
3/1/2006,761.55,1,0,3.5,0,0,3.9,6.6,28,5.8,0,0.5,25.1171,119.066,12.5418,309.913,22.5851,67.5044,97.9691,114.611,27.8009
3/2/2006,861.83,29.8,28.9,8.1,0,12.5,0,1,2.5,4.9,0,0,29.654,115.155,17.7547,311.894,26.3221,74.6439,85.7566,129.229,18.7729
3/3/2006,769.41,1.4,61,0,2,24.5,0,0.6,9.2,0,0,4.8,22.5515,125.444,19.9286,305.962,26.3221,77.5744,122.271,119.085,23.5903
3/4/2006,856.89,40.6,0,5.2,0,0,0,0.8,2.3,0,0,0,23.0583,135.286,16.7155,286.453,23.8161,93.6397,110.544,162.139,18.7729
3/5/2006,865.03,19,0,0,0,25.7,0,1.6,0.3,23.1,1.2,5.3,24.857,109.019,21.7886,286.453,21.9754,79.7998,91.2612,145.718,17.6882
3/6/2006,865.15,10.2,34.1,36.5,23,48.1,23,6.8,59,5.5,2.5,0,34.6841,92.9204,36.6904,282.601,42.6788,89.7125,151.475,129.229,45.6449
3/7/2006,1361.95,4,17.4,5.3,6,53.7,17.3,15.4,28.3,48.2,36.6,84.3,119.023,167.694,43.0126,317.863,58.5067,159.483,135.477,201.107,54.1964
3/8/2006,1061.11,2.6,7.2,39,4.2,0,0,4.1,1,1.7,3.6,0,65.4678,345.961,31.9968,340.053,59.0042,160.479,122.271,179.434,32.1208
3/9/2006,945.69,2.4,0,18.5,0,15.3,3.3,0,0,1.8,0,17,38.4533,354.312,25.7613,440.057,46.4066,147.717,107.08,162.139,21.3442
3/10/2006,957.69,0,0,0,0,0,4.2,1,0,1,0,6.3,35.544,268.751,21.9352,497.838,41.7584,118.012,96.8436,141.749,13.1211
3/11/2006,1454.37,22.8,1.5,34.6,2,18.5,21.3,17,44.2,31.2,0,0,34.1142,208.719,26.2414,517.494,35.5198,112.721,148.987,135.899,18.4101
3/12/2006,1454.37,2.8,43.4,15.6,6.1,0,2,14.2,7.3,43.3,0,0,32.9825,183.385,22.0823,537.526,56.0346,110.977,157.736,199.936,35.3255
3/13/2006,1254.41,0,2.5,64.3,0,0,0,0,0,0,0,0,31.8618,173.319,19.0985,502.173,45.4678,116.238,141.581,209.403,30.538
3/14/2006,1951.06,0,29,18.4,28,14.4,0,0,0,0,3.6,0.8,29.9275,153.742,28.0402,528.577,39.932,127.028,101.364,185.018,63.8697
3/15/2006,2008.59,3.6,7.8,5.2,5.2,9.9,25.7,6,0,2.4,16,5,41.7277,138.64,31.1141,493.521,34.1677,118.902,96.8436,134.936,59.8806
3/16/2006,2398.76,15.2,55.4,43,35,26.9,4.2,22,9.4,50.8,12.6,10.3,33.8303,157.737,42.1855,557.935,50.2064,121.589,101.364,130.171,77.9326
3/17/2006,2013.15,4.8,4.5,3.6,2.1,0,9.5,27.2,19.6,0.2,0,2.6,63.9044,236.594,30.0715,576.391,67.0946,159.483,115.202,136.865,97.7455
3/18/2006,2292.03,0,5.6,18.2,12,6.1,20,0,0,12.3,4.7,18.1,68.6511,248.79,26.564,567.126,81.2768,190.335,107.08,152.794,71.9722
3/19/2006,2042.87,26.4,25.7,41,24,1.7,12.9,48,6,2.2,0,31.8,49.7616,227.63,50.9486,648.243,55.5432,182.956,119.904,144.721,137.589
3/20/2006,1681.37,1.6,0,3.5,0,3.2,4.9,3,1.8,0,0,9.7,47.2468,280.528,43.8505,643.323,45.9367,148.684,209.813,170.677,154.423
3/21/2006,1370.66,4.2,19.7,10.5,0,23.9,6.2,0,0,1.1,0,0,41.4269,294.94,38.2085,623.829,41.7584,130.703,125.841,270.79,85.8255
3/22/2006,1404.69,0,0,8.8,0,0,0,0.2,0,0,0,0,39.3387,248.294,29.5569,623.829,37.5703,115.355,109.387,166.381,62.9795
3/23/2006,1300.25,0,0,43.1,2.1,0,0,0,7.5,0.1,0,0,36.9905,202.26,25.2857,628.675,34.8422,106.663,103.642,145.718,68.3512
3/24/2006,1091.89,0,0,17,0,0,0,0,0,0,16,0,34.9701,178.686,23.4283,604.631,30.8416,102.499,92.3715,136.865,38.5793
3/25/2006,1100.78,0,0,5.6,0,0,0,0,0,0,0,0,32.4208,163.588,28.2067,564.821,28.8845,98.435,81.4106,121.811,21.7159
3/26/2006,1017.98,19.8,0,32.4,3,6.1,0,10.4,7,4.9,0,45.2,47.872,170.919,24.348,524.13,30.8416,93.6397,85.7566,109.355,15.2007
3/27/2006,1083.78,9.2,2,11,9,20.7,17.4,4,0.8,3.6,3.6,5.2,40.5282,182.595,30.417,491.369,32.8279,103.319,121.086,119.085,22.0887
3/28/2006,984.13,2,0,22.6,0,0,0,0,0,0,0,0,34.3988,173.698,29.5569,472.215,30.8416,100.053,99.0977,158.993,18.7729
3/29/2006,989.13,0,0,5.3,0,0,0,0,0,0,0,0,31.8618,162.681,23.8859,461.736,27.5964,79.0554,79.2574,130.171,29.7516
3/30/2006,1784.11,0,5.7,47.7,3.2,11.3,0,1,0,0.8,17.9,1.6,31.5834,157.737,21.497,448.941,25.6902,73.1946,74.9914,105.92,68.3512
3/31/2006,987.13,0,0,8.8,0,2.4,0,0,0,0,0,3.8,30.7522,169.533,21.7886,431.23,25.6902,68.2063,70.7807,100.039,52.4667
4/1/2006,876.7,0,0,0,0,0,0,0,0,0,0,0,29.654,183.78,20.3504,424.647,24.4371,71.0406,68.6966,94.3261,38.5793
4/2/2006,765.39,0,0,11.2,0,0,0,0.8,0,0,0,0,28.8379,159.976,18.6901,424.647,23.1987,76.8378,67.66,91.9289,35.3255
4/3/2006,762.16,0,0,2.3,0,0,0,0,1.3,0,0,0,28.0283,135.286,18.1526,420.277,22.5851,75.3726,67.66,90.3479,30.538
4/4/2006,762.28,0,0,0,0,0,0,0,0,0,0,0,27.4922,127.467,17.4919,392.225,21.9754,73.1946,65.5977,90.3479,29.7516
4/5/2006,653.85,0,0,0,0,0,0,0,0,0,0,0,26.9591,120.251,16.9723,362.715,21.3695,63.3508,63.5503,87.2269,28.1893
4/6/2006,655.97,0,0,0,0,0,0,0.4,0,0,0,0,26.4291,117.495,16.5878,342.094,20.7675,61.3113,62.5323,84.922,25.4899
4/7/2006,658.74,0,0,9.2,0,11.3,0,0,0,0,2.5,15.5,32.1409,114.768,21.497,323.867,20.1696,60.637,61.518,83.4026,25.1081
4/8/2006,653.97,0,0.5,0,0,0,0,0,0,0.2,0,0,28.2974,131.557,18.555,311.894,21.3695,62.6682,59.5011,81.8968,24.7272
4/9/2006,539.43,1,1.5,1.3,0,0,25.1,46.4,25.7,0.7,2.4,0,27.7599,149.356,17.3613,302.028,23.8161,67.5044,69.7368,80.4047,23.9683
4/10/2006,600.31,1,0,0,6.1,0,0,0,2.6,0,0,0,27.2253,127.873,16.7155,315.869,24.4371,73.1946,77.1176,94.3261,22.8375
4/11/2006,802.39,1.2,43.7,0,4,0,0,0,0,1.5,0,0,26.6937,120.647,16.3339,315.869,22.5851,75.3726,82.4922,103.379,22.0887
4/12/2006,746.74,9.6,1.8,0,2.1,0,0,0.4,0.4,0,3.5,0,26.1651,115.544,17.6231,292.263,20.7675,86.6163,70.7807,109.355,20.2355
4/13/2006,640.43,0,0,0,0,0,0,0.2,1.3,0,0,0,25.902,111.686,19.2356,269.25,20.7675,93.6397,72.879,95.132,19.1368
4/14/2006,640.43,0,0,5.8,0,0,0,0,0,0,0,0,25.1171,110.159,15.5843,257.972,19.5757,71.7559,63.5503,96.754,19.1368
4/15/2006,530,0,0,3.3,0,0,0,0,0,0,0,0,24.3392,106.007,15.2161,250.54,19.5757,69.618,60.5076,84.922,18.7729
4/16/2006,578,0,0,0,0,0,0,0.1,0,0,0,0,23.8245,103.033,15.3384,246.85,18.4004,69.618,62.5323,81.149,27.8009
4/17/2006,1084.13,2,0.5,16.2,27,20.3,0,0,0,0.1,0,0,24.0814,102.295,18.6901,237.701,17.8191,69.618,59.5011,83.4026,25.1081
4/18/2006,1542.83,8.2,78.4,8,4.1,2.9,0,0,5.7,0,0,3.2,24.5977,103.773,16.2078,250.54,18.986,81.2965,59.5011,79.6638,26.6412
4/19/2006,684.97,1,1.1,5.6,2,0,2.4,1.6,0,0.4,0,0,23.5683,101.927,15.0944,243.177,18.4004,79.0554,59.5011,79.6638,22.4626
4/20/2006,568.43,0,0,0,8.2,0,0,0,0.5,0,0,0,22.5515,99.0049,14.8525,248.693,18.4004,67.5044,61.518,79.6638,19.1368
4/21/2006,570.31,0,0,0,0,0,0,0,0,0,0,0,22.048,97.1976,14.3745,246.85,17.8191,62.6682,58.4985,81.8968,18.4101
4/22/2006,573.43,0,0,0,0,0,0,0,0,0,0,0,21.5477,94.6922,14.0212,237.701,17.8191,60.637,56.5052,78.1922,18.0485
4/23/2006,457,0,0,0,0,0,0,0,0,0,0,0,21.2988,91.8645,13.7882,228.663,17.2422,57.9678,54.528,75.2901,17.6882
4/24/2006,573.43,0,0,0,0,0,0,0,0,0,22.7,0,21.0508,91.1635,13.5571,216.201,17.2422,56.6501,54.528,73.1495,17.6882
4/25/2006,459,0,0,0,0,0,0,0,0,0,0,0,20.8035,89.075,13.4423,207.436,16.6697,55.9956,51.599,72.4428,17.329
4/26/2006,356.57,0,0,0,0,0,0,0,0,0,0,0,20.5571,87.6946,13.328,202.233,16.1017,55.9956,50.7064,68.9606,16.9711
4/27/2006,363.57,0,0,0,0,0,0,0,0,0,0,0,20.5571,86.3238,13.2142,195.362,16.1017,53.4059,48.9321,67.5917,16.6145
4/28/2006,468,0,0,0,0,0,0,0,0,0,0,0,20.3116,84.6238,13.1009,190.259,16.1017,52.1283,48.0504,65.564,16.2591
4/29/2006,350.69,0,0,0,0,0,0,0,0,0,0,0,20.3116,82.6037,12.8758,186.881,15.5382,52.1283,46.2983,64.2293,16.2591
4/30/2006,456,0,0,0,0,0,0,0,0,0,0,0,20.0669,81.269,12.8758,181.85,15.5382,50.8624,46.2983,61.6009,16.2591
5/1/2006,456,0,0,23.3,6.1,23.3,0,0,0,0,0.9,0,19.823,83.611,12.8758,183.522,15.5382,49.6081,48.0504,62.2529,20.9735
5/2/2006,349.57,1,0,16.5,0,0,6.6,14.8,1.9,0.2,0,0,19.58,87.351,12.6526,183.522,15.5382,47.1349,48.9321,64.2293,15.2007
5/3/2006,463,0,0,0,0,0,0,1.2,0,0,0,0,19.1886,83.2747,12.4315,183.522,15.5382,49.6081,52.4951,65.564,14.8506
5/4/2006,344.46,0,0,0,0,0,0,0,0,0,0,0,18.9662,79.944,12.2123,185.199,14.9795,50.2338,58.4985,71.0396,14.5019
5/5/2006,457,0,0,0,0,0,0,0,0,0,0,0,18.7444,78.9566,11.9951,180.183,14.9795,49.6081,52.4951,77.4615,13.4641
5/6/2006,347.57,0,0,0,0,0,0,0,0,0,0,0,18.5231,76.3502,11.8872,173.564,14.4255,49.6081,48.9321,69.6502,13.4641
5/7/2006,379.57,0,0,0,0,0,0,0,0,0,0,0,18.3025,75.0616,11.7798,168.651,14.4255,49.6081,47.1725,65.564,12.7796
5/8/2006,344.69,0,0,0,0,0,0,0,0,0,0,0,18.3025,74.741,11.7798,163.784,14.4255,48.9854,46.2983,62.9083,12.7796
5/9/2006,344.57,0,0,5.3,0,0,0,0,0,7.1,0,0,18.5231,77.323,11.8872,160.565,13.8764,48.3656,45.4279,61.6009,19.5019
5/10/2006,466,0,0,22.2,0,0,0,0,0,0,9.6,0,18.7444,76.6739,11.9951,158.963,13.8764,53.4059,44.5614,60.9524,16.6145
5/11/2006,348.46,23.2,0,0,0,5.1,30.4,35.6,11.3,1.6,21,6,18.3025,82.2691,16.4606,167.024,18.4004,57.9678,57.4999,60.9524,15.5522
5/12/2006,344.57,0,0,0,13,0,0,0,0,0,0,0,18.0825,87.351,12.2123,170.284,18.986,58.6309,56.5052,76.7343,15.5522
5/13/2006,344.57,0,0,0,0,0,0,0,0,0,0,0,17.6444,80.2743,11.9951,181.85,16.6697,59.2968,51.599,75.2901,13.8086
5/14/2006,472,0,0,0,0,0,0,0,0,0,0,0,17.6444,73.4646,11.7798,185.199,15.5382,56.6501,47.1725,68.2744,13.4641
5/15/2006,343.69,0,0,0,0,0,0,0,0,0,0,0,17.4262,72.198,11.4607,176.863,14.9795,53.4059,47.1725,62.9083,12.4395
5/16/2006,347.57,0,0,0,0,0,0,0,0,0,0,0,17.2087,70.9412,11.3553,163.784,14.4255,50.8624,46.2983,62.9083,12.101
5/17/2006,348.46,0,0,0,0,0,0,0,0,0,0,0,16.9918,70.005,11.2503,158.963,14.4255,51.4939,46.2983,61.6009,11.4288
5/18/2006,343.57,0,0,0,0,0,0,0,0,0,0,0,16.9918,69.6942,11.1459,154.188,13.8764,51.4939,46.2983,61.6009,11.4288
5/19/2006,237.26,0,0,0,0,0,0,0,0,0,0,0,16.7756,68.7654,11.042,151.03,13.8764,51.4939,46.2983,61.6009,11.4288
5/20/2006,254.03,0,0,0,0,0,0,0,0,0,0,0,16.7756,67.5356,10.9386,149.46,13.8764,52.1283,45.4279,61.6009,11.4288
5/21/2006,333.57,0,0,0,0,0,0,0,0,0,0,0,16.56,68.457,10.8357,146.333,13.3323,50.2338,42.8399,60.3073,11.4288
5/22/2006,451,0,0,0,0,0,0,0,0,0,0,1.2,16.345,67.8422,10.8357,144.779,13.3323,47.7487,42.8399,57.1332,11.4288
5/23/2006,329.57,0,0,2.6,0,0,0,0,0,0,0.2,5.8,22.8045,67.8422,11.2503,141.684,13.3323,47.1349,41.9851,57.1332,11.4288
5/24/2006,239.26,0,0,0,0,3.7,0,1.2,0,0,0,7.7,23.3129,68.1493,13.1009,141.684,13.8764,49.6081,42.8399,56.5086,10.7631
5/25/2006,239.03,0,0,3.2,0,1.6,0,0,0,0,0,0,21.2988,74.1016,11.3553,140.145,13.8764,49.6081,41.9851,57.1332,10.7631
5/26/2006,279.26,0,0,0,0,0,0,0,0,0,0,0,20.5571,72.198,11.1459,143.229,13.3323,49.6081,42.8399,56.5086,10.7631
5/27/2006,394.03,0,0,0,0,0,0,0,0,0,0,0,19.58,68.457,10.9386,149.46,13.3323,48.9854,41.9851,57.1332,10.1042
5/28/2006,274.84,0,0,0,0,0,0,0,0,0,0,0,18.9662,66.6198,10.7332,149.46,13.3323,48.9854,42.8399,56.5086,10.1042
5/29/2006,358.57,0,0,0,0,0,0,0,0,0,0,0,17.2087,65.1058,10.5298,143.229,12.7932,48.3656,41.1343,57.1332,10.1042
5/30/2006,236.03,0,0,0,0,0,0,0,0,0,0,0,16.7756,63.9057,10.3284,140.145,12.7932,48.3656,41.1343,55.2698,10.1042
5/31/2006,240.26,0,0,0,0,0,0,0,0,0,0,0,16.345,63.0121,10.2284,135.561,12.7932,47.7487,41.1343,55.2698,10.1042
6/1/2006,349.57,0,0,0,0,0,0,0,0,0.4,1,0,16.1307,62.4195,10.2284,134.043,12.7932,47.7487,39.4448,54.6555,9.7774
6/2/2006,351.46,0,0,0,0,0,0,0,0,0,0,0,16.1307,61.5353,10.1289,131.025,12.2593,48.3656,39.4448,52.8332,9.4524
6/3/2006,352.57,0,0,0,0,0,0,0,0,0,0,0,15.9171,60.949,10.03,129.524,12.2593,47.7487,39.4448,52.8332,9.4524
6/4/2006,239.26,0,0,0,0,0,0,0,0,0,0,0,15.4918,60.0741,10.03,128.028,12.2593,47.7487,38.6063,52.8332,9.4524
6/5/2006,241.03,0,0,0,0,0,0,0,0,0,0,0,15.4918,59.7837,9.9315,126.538,12.2593,47.1349,38.6063,51.6355,9.4524
6/6/2006,239.15,0,0,0,0,0,0,0,0,0,0,0,15.2801,59.2049,9.9315,125.054,11.7308,44.1105,37.7719,51.6355,9.4524
6/7/2006,243.26,0,0,0,0,0,0,0,0,0,0,0,15.0691,58.0547,9.8335,125.054,11.7308,44.1105,37.7719,50.4514,9.4524
6/8/2006,238.03,0,0,0,0,0,0,0,0,0,0,0,15.0691,57.4833,9.8335,122.102,11.7308,45.9161,36.9418,50.4514,9.1293
6/9/2006,237.26,0,0,0,0,0,0,0,0,0,0,0,14.8588,57.1986,9.7359,120.635,11.7308,46.524,36.9418,49.2811,9.1293
6/10/2006,264.03,0,0,0,0,0,0,0,0,0,0,0,14.8588,56.9145,9.7359,120.635,11.7308,45.3112,36.9418,49.2811,8.808
6/11/2006,310.15,0,0,0,0,0,0,0,0,0,0,0,14.6492,56.631,9.6389,119.173,11.7308,44.7093,36.9418,49.2811,8.808
6/12/2006,196.72,0,0,0,0,0,0,0,0,0,0,0,14.6492,56.3482,9.5424,117.717,11.7308,44.1105,36.9418,49.2811,8.808
6/13/2006,304.15,0,0,0,0,0,0,0,0,0,0,0,14.4403,56.066,9.4464,116.267,11.7308,44.7093,36.9418,49.2811,8.4887
6/14/2006,186.72,0,0,0,0,0,0,0,0,0,0,0,14.4403,55.7844,9.3508,116.267,11.2076,48.3656,36.1159,49.2811,8.4887
6/15/2006,301.15,0,0,0,0,0,0,0,0,0,0,0,14.232,54.9435,9.2558,114.822,11.2076,44.1105,36.9418,48.1244,8.1714
6/16/2006,188.72,0,0,0,0,0,0,0,0,0,0,0,14.232,54.6644,9.2558,113.384,11.2076,44.1105,36.9418,49.2811,8.1714
6/17/2006,303.15,0,0,0,0,0,0,0,0,0,0,0,14.232,54.386,9.2558,111.951,11.2076,44.1105,36.1159,49.2811,8.1714
6/18/2006,302.26,0,0,0,0,0,0,0,0,0,0,0,14.0245,53.5545,9.1612,111.951,11.2076,44.7093,36.1159,48.1244,8.1714
6/19/2006,203.61,0,0,0,0,0,0,0,0,0,0,0,14.0245,53.2786,9.1612,110.523,10.6901,44.7093,35.2944,48.1244,8.1714
6/20/2006,204.5,0,0,0,0,0,0,0,0,0,0,0,13.8177,53.0033,9.0672,110.523,10.6901,44.1105,35.2944,46.9815,8.1714
6/21/2006,241.52,0,0,0,0,0,0,0,0,0,0,0,13.8177,52.7287,9.0672,109.102,10.6901,43.5146,35.2944,46.9815,7.8561
6/22/2006,225.41,1,0,0,0,0,0,0.2,0.6,0,0,0,13.8177,52.4547,8.9736,109.102,10.6901,42.9218,36.1159,47.5512,7.8561
6/23/2006,221.41,0,0,1.2,0,0,0,0,1,0,0,3.4,13.8177,52.1813,8.9736,107.687,10.6901,41.7453,36.1159,48.1244,7.8561
6/24/2006,222.41,0,0,0,0,0,0,0,0,0,0,0,13.8177,51.9086,8.7879,107.687,10.6901,41.1617,35.2944,48.1244,7.5429
6/25/2006,221.29,0,0,0,0,0,0,0,0,0,0,0,13.8177,51.9086,8.7879,106.277,10.6901,41.7453,35.2944,46.9815,7.5429
6/26/2006,265.52,0,0,0,0,0,0,0,0,0,0,0,13.6116,51.6365,8.8805,104.874,10.6901,43.5146,35.2944,46.9815,7.5429
6/27/2006,319.41,0,0,0,0,4.6,0,8.8,3.9,5.9,2.9,2.5,13.8177,51.6365,9.0672,104.874,11.7308,44.1105,36.1159,47.5512,7.5429
6/28/2006,321.41,0,0,0,0,0,0,0,0,0,0,0,13.6116,52.4547,8.8805,103.476,13.3323,46.524,37.7719,48.701,7.5429
6/29/2006,208.61,0,0,0,0,0,0,0,0,0,0,0,13.4062,52.1813,9.0672,103.476,12.7932,48.3656,39.4448,50.4514,7.5429
6/30/2006,207.61,0,3.2,17.3,0,6.5,0,0,0,0,0,3.1,13.6116,50.5545,9.8335,104.874,12.2593,45.3112,37.7719,52.8332,8.1714
7/1/2006,205.5,0,0,0,0,0,0,0,0,0,0,0,13.4062,50.2856,9.2558,106.277,11.7308,45.9161,36.1159,50.4514,9.7774
7/2/2006,315.52,0,0,0,0,0,0,0,0,0,0,0,13.2015,50.2856,9.0672,106.277,11.2076,46.524,35.2944,48.1244,8.808
7/3/2006,205.5,0,0,0,0,0,0,0,0,0,0,0,13.2015,50.2856,8.7879,104.874,10.6901,45.3112,34.4773,46.9815,8.1714
7/4/2006,207.73,0,0,0,0,0,0,0,0,0,0,0,12.9976,49.7497,8.6958,104.874,10.6901,45.9161,34.4773,45.8522,7.5429
7/5/2006,316.29,0,0,0,0,0,0,0,0,0,0,0,12.9976,48.9507,8.6042,103.476,10.6901,45.3112,34.4773,45.8522,7.5429
7/6/2006,206.73,0,0,0,0,0,0,0,0,0,0,0,12.7944,48.6856,8.6042,102.085,10.6901,44.7093,35.2944,46.4151,7.2319
7/7/2006,206.61,0,0,0,0,0,0,0,0,0,0,0,12.7944,48.4212,8.6042,100.699,10.6901,44.7093,34.4773,46.9815,6.923
7/8/2006,208.61,0,0,0,0,0,0,0,0,0,0,0,12.7944,48.4212,8.5131,99.3198,10.6901,44.7093,34.4773,45.8522,6.923
7/9/2006,317.41,0,0,0,0,0,0,0,0,0,0,0,12.3902,48.1574,8.5131,97.9464,10.6901,44.7093,33.6646,45.8522,6.923
7/10/2006,208.61,0,0,0,0,0,0,0,0,0,0,0,12.5919,47.6317,8.4225,96.5792,10.1783,44.7093,32.8564,44.7367,6.923
7/11/2006,209.61,0,0,0,0,0,2.1,0,0,0,0,0,12.3902,47.3698,8.4225,96.5792,10.1783,43.5146,32.8564,44.184,6.6165
7/12/2006,318.41,0,0,0,0,0,0,0,0,0,0,0,12.3902,47.1086,8.3324,95.2181,10.1783,42.9218,32.0528,43.6348,6.3123
7/13/2006,204.61,0,0,0,0,0,0,0,0,0,0,0,12.1892,46.5881,8.3324,95.2181,10.1783,44.1105,32.0528,43.0891,6.3123
7/14/2006,207.5,0,0,0,0,0,0,0,0,0,0,0,12.1892,46.0701,8.2427,93.8632,9.6723,45.3112,31.2538,42.5467,6.3123
7/15/2006,113.93,0,0,0,0,0,0,0,0,0,0,0,12.1892,45.298,8.2427,92.5145,9.6723,43.5146,32.0528,42.0078,6.3123
7/16/2006,218.61,0,0,2.2,0,0,0,0,0,0,0,0,11.989,45.0419,8.1536,91.172,9.6723,43.5146,31.2538,42.5467,6.3123
7/17/2006,234.5,0,0,0,0,0,0,0,0,0,0,0,11.989,44.7865,8.1536,91.172,9.6723,41.7453,31.2538,42.0078,6.3123
7/18/2006,212.73,0,0,0,0,0,0,0,0,0,0,0,11.989,44.7865,8.0649,89.8358,9.1724,41.7453,32.0528,42.0078,6.3123
7/19/2006,110.81,0,0,0,0,0,0,0,0,0,0,0,11.7896,44.5317,8.0649,87.1825,9.1724,41.1617,31.2538,42.5467,6.0105
7/20/2006,221.5,0,0,0,0,0,0,0,0,0,0,0,11.7896,44.2775,7.9768,87.1825,9.1724,44.1105,31.2538,42.0078,6.0105
7/21/2006,120.93,0,0,0,0,0,0,0,0,0,0,0,11.5909,44.2775,7.8891,85.8653,9.1724,42.332,31.2538,42.0078,6.0105
7/22/2006,224.61,0,0,0,0,0,0,0,0,0,0,0,11.5909,43.519,7.8891,84.5546,8.6787,42.9218,31.2538,42.0078,6.0105
7/23/2006,227.5,0,0,0,0,0,0,0,0,0,0,0,11.393,43.2674,7.8019,84.5546,8.6787,42.9218,29.6699,41.4723,6.0105
7/24/2006,229.73,0,0,0,0,0,0,0,0,0,0,0,11.393,43.2674,7.7152,83.2504,8.6787,42.332,29.6699,39.8863,5.7113
7/25/2006,132.59,0,0,0,0,0,0,0,0,0,0,0,11.393,42.7663,7.629,83.2504,8.6787,40.5812,29.6699,39.8863,5.7113
7/26/2006,271.27,0,0,0,0,0,0,0,0,0,0,0,11.196,42.5167,7.629,81.9526,8.1914,38.29,28.8852,39.3645,5.7113
7/27/2006,156.31,0,0,0,0,0,0,0,0,0,0,0,11.196,42.2677,7.629,80.6614,8.1914,41.7453,28.1053,38.3312,5.7113
7/28/2006,243.97,0,0,0,0,0,0,0,0,0,0,0,10.9997,41.7717,7.5433,79.3767,8.1914,42.332,27.3304,37.3116,5.7113
7/29/2006,354.39,0,0,0,0,0,0,0,0,0,0,0,10.9997,41.5247,7.5433,78.0987,8.1914,42.9218,27.3304,36.3057,5.7113
7/30/2006,255.74,0,0,0,0,0,0,0,0,0,0,4,10.8042,41.5247,7.5433,78.0987,8.1914,41.7453,27.3304,36.3057,5.4146
7/31/2006,212.85,0,0,0,0,1.3,0.2,0.5,1.1,0,0,0,11.196,41.5247,7.629,78.0987,8.1914,41.7453,30.4595,36.807,5.4146
8/1/2006,227.97,0,0,0,0,0,0,3,3.3,0,2.6,1.3,14.4403,41.5247,7.5433,76.8273,8.1914,40.5812,29.6699,40.4115,5.4146
8/2/2006,215.85,4.2,2,1.6,3.1,1.5,0,0,0,0,0,0,11.393,42.7663,7.8891,76.8273,8.1914,41.1617,29.6699,39.8863,5.4146
8/3/2006,217.85,0,0,16.3,0,0,0.1,0,0,0,0,0,11.196,42.2677,7.8019,78.0987,8.6787,41.1617,30.4595,39.8863,6.923
8/4/2006,282.27,0,0.6,0,0,0,1.6,0,0,0,0,0,10.9997,42.0194,7.629,80.6614,8.1914,44.1105,35.2944,41.4723,6.6165
8/5/2006,263.97,0,0,0,0,0,0,0,0,0,0,0,10.9997,41.7717,7.5433,83.2504,8.1914,42.9218,35.2944,46.9815,5.7113
8/6/2006,256.85,0,0,0,0,0,0,0,0,0,0,0,10.8042,41.0327,7.4581,83.2504,8.1914,43.5146,32.8564,46.9815,5.4146
8/7/2006,253.85,0,0,0,0,0,0,0,0,0,0,0,10.8042,40.2995,7.3734,80.6614,8.1914,41.7453,31.2538,43.6348,5.4146
8/8/2006,211.74,0,0,0,0,0,0,0,0,0,0,0,10.6095,40.0564,7.2054,78.0987,7.7107,40.5812,29.6699,41.4723,5.1206
8/9/2006,147.85,0,0,0,0,0,0,0,0,0,0,0,10.6095,39.5722,7.2054,75.5625,7.7107,40.0037,29.6699,39.8863,5.1206
8/10/2006,113.31,0,0,0,0,0,0,0,0,0,0,0,10.4157,39.5722,7.2054,74.3045,7.2218,38.8581,28.1053,39.3645,5.1206
8/11/2006,215.97,0,0,0,0,0,0,0,0,0,0,0,10.2227,39.331,7.1221,73.0533,7.2218,40.0037,27.3304,37.3116,5.1206
8/12/2006,166.85,0,0,0,0,0,0,0,0,0,0,0,10.2227,39.0906,7.1221,71.8088,7.2218,40.5812,26.5606,36.3057,5.1206
8/13/2006,230.27,0,0,0,0,0,0,0,0,0,0,0,10.0305,38.6116,7.1221,71.8088,6.8297,40.5812,26.5606,35.3136,4.8294
8/14/2006,163.85,0,0,0,0,0,0,0,0,0,0,0,10.0305,38.1352,7.0394,70.5712,6.8297,38.8581,26.5606,35.3136,4.8294
8/15/2006,80.31,0,0,0,0,0,0,0,0,0,0,0,9.8392,37.898,7.0394,69.3405,6.8297,37.725,26.5606,35.3136,4.5411
8/16/2006,195.97,0,0,0,0,0,0,0,0,0,0,0,9.8392,37.6615,6.9571,69.3405,6.8297,37.1632,26.5606,35.3136,4.5411
8/17/2006,208.85,0,0,0,0,0,0,0,0,0,0,0,9.8392,37.1904,6.9571,68.1168,6.8297,36.6045,26.5606,35.3136,4.5411
8/18/2006,104.31,0,0,0,0,0,0,0,0,0,0,0,9.6487,37.1904,6.8753,68.1168,6.8297,35.4967,25.0363,35.3136,4.5411
8/19/2006,264.85,0,0,0,0,0,0,0,0,0,0,0,9.6487,37.1904,6.8753,66.9,6.4413,42.9218,25.0363,33.3703,4.5411
8/20/2006,91.04,0.1,0,0,0,0,2.4,0,0,0,0,0,10.0305,36.9558,7.3734,66.9,6.4413,52.1283,25.0363,33.3703,4.5411
8/21/2006,314.59,0,0,0,0,6.1,0,3,0.1,9,5,1,10.0305,36.9558,7.2054,65.6902,7.2218,41.7453,25.0363,33.3703,4.5411
8/22/2006,65.06,0,0,0,0,0,0,0,0,0,0,0,9.4591,37.1904,6.8753,65.6902,8.1914,37.725,25.0363,33.3703,4.5411
8/23/2006,168.68,0,0,0,0,0,0,0,0,0,0,0,9.6487,37.4256,6.794,65.6902,7.7107,38.29,26.5606,33.851,4.5411
8/24/2006,261.5,0,0,0,0,0,0,0,0,0,0,0,9.4591,36.9558,6.794,65.6902,7.2218,37.725,26.5606,35.3136,4.5411
8/25/2006,73.31,0,0,0,0,0,2.8,0,0,0,0,0,9.4591,36.2561,6.7132,64.4875,6.8297,40.0037,25.7958,35.3136,4.5411
8/26/2006,170.8,0,0,0,2.1,0,0,0,0,0,0,0,9.2703,36.2561,6.7132,64.4875,6.8297,36.6045,25.0363,34.3351,4.5411
8/27/2006,176.37,0,0,0,0,0,0.2,0,0,0,0,12.8,9.8392,36.0242,6.9571,64.4875,6.4413,36.049,24.282,33.3703,4.5411
8/28/2006,285.5,0,1.8,5.6,4.1,5.2,0,5,0,1.7,7.2,6.2,10.4157,36.2561,7.2054,64.4875,6.8297,36.049,25.0363,32.4193,4.5411
8/29/2006,71.89,3.2,1.3,4.2,6,5.2,0,0.2,7.7,4.6,2.2,0,11.5909,36.4887,7.2054,64.4875,7.2218,37.1632,26.5606,33.851,5.1206
8/30/2006,173.85,0,0,0,0,0,0,0,0,0,0,0,11.7896,40.0564,6.9571,64.4875,7.7107,39.4294,25.7958,35.3136,4.8294
8/31/2006,67.31,0,0,0,0,0,0,0,0,0,0,0,11.393,39.5722,6.8753,65.6902,7.7107,38.8581,28.8852,34.8226,4.8294
9/1/2006,146.8,0,0,0,0,0,0,0,0,0,0,0,10.8042,38.1352,6.9571,68.1168,7.2218,39.4294,29.6699,38.8462,4.5411
9/2/2006,330.56,0,0,0,8.1,15.9,0,0,1.3,13.9,13.4,7.8,12.5919,38.1352,8.8805,70.5712,7.7107,41.1617,26.5606,39.3645,6.0105
9/3/2006,218.39,1,2.8,18.3,0,14.9,0,13.2,10.9,15.6,14.5,0,11.393,39.5722,8.7879,74.3045,12.7932,40.5812,28.1053,35.8079,5.7113
9/4/2006,120.48,0,0,0,0,0,0,0.2,0,0.8,0,0,10.4157,42.5167,7.1221,73.0533,16.6697,40.5812,32.8564,38.3312,5.1206
9/5/2006,229.33,0,1.2,0,0,0,0,0,0,7.2,0,0,9.8391,41.5247,6.9571,76.8273,13.3323,47.7487,38.6063,44.7367,4.8294
9/6/2006,153.85,0,0,0,0,0,0,0,0,0,0,0,9.6487,38.6116,6.8753,80.6614,11.2076,43.5146,33.6646,51.0417,4.5411
9/7/2006,110.85,0,0,0,0,0,0,0,0,0,0,0,9.4591,37.1904,6.794,81.9526,10.1783,42.332,35.2944,45.2927,4.5411
9/8/2006,122.48,0,0,0,0,0,0,0,0,0,0,0,9.4591,36.4887,6.7132,76.8273,9.6723,42.332,32.8564,46.9815,4.5411
9/9/2006,226.33,0,0,0,0,0,0,0,0,0,0,0,9.2703,36.2561,6.7132,71.8088,9.1724,41.7453,28.8852,43.6348,4.5411
9/10/2006,120.85,0,0,0,0,0,0,0,0,0,0,0,9.0825,36.2561,6.6329,68.1168,8.1914,41.7453,28.1053,38.3312,4.2559
9/11/2006,150.8,0,0,0,0,0,0,0,0,0,0,0,8.8955,36.0242,6.5531,66.9,8.1914,40.0037,26.5606,37.3116,4.2559
9/12/2006,124.37,0,0,0,0,0,0,0,0,0,0,0,8.8955,35.793,6.4737,65.6902,7.7107,40.5812,26.5606,35.3136,3.9737
9/13/2006,120.17,0,0,0,0,0,0,0,0,0,0,0,8.7094,34.8746,6.4737,64.4875,7.7107,40.0037,25.7958,35.3136,3.9737
9/14/2006,233.45,0,0,0,0,0,2.1,0.2,0,0,0,0,8.7094,34.4194,6.3949,64.4875,7.2218,37.725,25.0363,34.3351,3.9737
9/15/2006,133.11,0,0,0,0,0,0.1,0,0,0,0,0,8.7094,33.9668,6.2387,63.2919,6.8297,37.1632,24.282,33.3703,3.6949
9/16/2006,160.11,0,0,0,0,0,0,0,0,0,0,0,8.5243,33.5169,6.2387,62.1035,6.8297,36.6045,23.5332,32.4193,3.6949
9/17/2006,161,0,0,0,0,0,0,0,0,0,0,0,8.34,33.293,6.1613,60.9224,6.4413,39.4294,22.0519,31.482,3.4196
9/18/2006,162.23,0,0,0,0,0,0,0,0,0,0,0,8.34,32.8471,6.0844,59.7484,6.4413,37.1632,22.0519,29.6485,3.4196
9/19/2006,180.11,0,0,0,0,0,0,0,3.7,5.6,0,0,8.1567,32.8471,6.0844,58.5818,6.0568,37.1632,22.0519,29.6485,3.4196
9/20/2006,181.11,0,0,1.5,0,0,0,0,0,0,0,0,7.9744,32.8471,6.1613,57.4226,6.4413,37.1632,25.7958,30.1017,3.4196
9/21/2006,313.22,21.4,40.5,14.6,25,28.7,0,35.2,28,12.7,15.9,18.8,11.393,34.1928,8.6958,64.4875,7.2218,37.725,34.4773,35.3136,5.7113
9/22/2006,355.45,12,0.8,3.2,52,6.2,7.4,0.2,0.8,0,5.6,0,11.5909,39.0906,10.5298,75.5625,10.6901,50.2338,31.2538,45.8522,8.4887
9/23/2006,334.33,8.2,1.8,23.5,35,4.9,0.2,22,5,5.4,4.8,0,12.1892,44.2775,9.7359,88.506,12.2593,48.3656,51.599,44.184,7.8561
9/24/2006,193,0,1.6,5.5,0,7.9,19.4,0,20.8,0.3,12.1,16.7,11.196,45.298,7.5433,93.8632,12.7932,50.2338,54.528,69.6502,8.4887
9/25/2006,325.45,0,0,14.5,0,0,0,13,6.6,0.1,0,0,10.4157,44.024,7.9768,100.699,11.7308,48.9854,53.5455,73.1495,7.5429
9/26/2006,272.33,0,0,0,0,0,0,0.2,0,0,0,0,10.0305,44.7865,8.0649,100.699,10.1783,48.9854,41.1343,69.6502,7.2319
9/27/2006,174,0,0,0,0,0,0,0,0,0,0,0,9.8391,40.7876,7.4581,96.5792,9.1724,46.524,38.6063,54.6555,6.3123
9/28/2006,176.23,0,0,0,0,0,0,0,0,0,0,0,9.0825,37.898,6.7132,92.5145,8.1914,43.5146,33.6646,51.0417,5.7113
9/29/2006,275.33,0,0,0,0,0,0,0,0,0,0,0,8.8955,36.0242,6.5531,81.9526,7.7107,42.9218,30.4595,44.7367,5.7113
9/30/2006,279.22,0,0,4.9,0,0,7,0,0,0,0,0.6,9.0825,35.3324,6.4737,76.8273,7.2218,41.7453,29.6699,40.4116,5.4146
10/1/2006,180.23,0,0,3.6,2,2.4,4,3.6,1.7,8.4,0.1,0,10.8042,34.6466,6.6329,71.8088,6.8297,39.4294,28.8852,39.3645,4.8294
10/2/2006,182.11,4.6,1.1,0,5,1.1,0,0.2,0,6.8,3.3,8.6,10.8042,34.8746,6.7132,66.9,7.2218,38.8581,26.5606,38.3312,4.5411
10/3/2006,109.89,1,3.4,2.8,7.1,2.3,0,0,2.1,0.7,0.7,0,10.6095,36.0242,6.794,65.6902,8.1914,41.7453,26.5606,35.3136,4.5411
10/4/2006,108.89,0,0,4.6,0,0,0,0,0,1.7,0,9.5,10.2227,38.6116,6.8753,65.6902,9.1724,41.7453,26.5606,35.3136,5.1206
10/5/2006,291.33,0,0,16.3,0,0,0,0,0,0,10.1,22.6,11.989,39.331,6.9571,68.1168,8.6787,41.7453,30.4595,35.8079,5.4146
10/6/2006,181,0,0,0,0,22.6,0,7,1.3,0,3.4,26.7,36.9905,50.0174,9.4464,66.9,8.1914,41.7453,30.4595,40.9402,8.808
10/7/2006,377.67,0,2.3,6.8,4.1,25.9,0.5,2.4,1.5,21.5,31.4,34,58.5814,106.007,15.5843,73.0533,8.6787,41.7453,34.4773,40.9402,7.5429
10/8/2006,279.22,8.6,16,26.5,35,8.5,20.1,34,20.9,8.3,7.2,1.7,20.0669,179.463,13.6724,84.5546,19.5757,41.7453,32.8564,45.8522,10.7631
10/9/2006,379.67,0,0,0,6,0,0,0,0,9,0,0,14.232,134.869,9.0672,137.083,21.3695,41.1617,36.1159,44.184,9.4524
10/10/2006,381.56,9,2.3,3.2,23.2,0,2.2,2.2,14,2.9,0.5,0.7,12.7944,73.7828,8.2427,219.739,17.8191,55.3438,43.6987,49.2811,8.4887
10/11/2006,284.33,1,1.1,0,0,0,0,0,0.5,0.7,0,0,11.196,58.3413,7.8019,209.18,13.8764,50.8624,45.4279,58.3926,10.1042
10/12/2006,380.56,1,2.4,6,25,2.7,6.2,0,0,0,1.3,4.5,20.8035,48.4212,8.0649,162.172,12.7932,45.3112,41.1343,60.3073,9.7774
10/13/2006,383.19,0,4.9,34.6,5.2,5.2,0,1.8,5.4,0.4,8.9,7.4,23.0583,53.831,8.5131,131.025,12.7932,42.9218,38.6063,54.6555,11.7641
10/14/2006,288.28,1.8,0.8,3.3,0,13.1,10,7.8,1.4,35.6,1.2,13,14.0245,58.6285,9.0672,119.173,14.4255,45.9161,41.1343,51.6355,9.1293
10/15/2006,478.66,0,8.6,5.8,38.1,6.1,1.9,11.2,0,0,0.4,6,12.1892,58.9164,12.1034,123.575,18.986,45.9161,50.7064,55.8875,9.4524
10/16/2006,476.89,0,31.7,2.6,40,0,0,2,0,1.2,0,1.8,13.6116,71.2545,10.4289,144.779,14.4255,61.3113,45.4279,66.9123,9.7774
10/17/2006,471.78,0,0,5.3,32.1,0,0,0,0,0,0,0,13.2015,68.7654,12.9881,144.779,12.2593,49.6081,38.6063,59.6657,14.5019
10/18/2006,576,6.8,2,23,29,9.8,10.9,0,0,3,0.7,9.4,36.1207,58.0547,24.348,158.963,13.8764,55.3438,37.7719,51.6355,12.7796
10/19/2006,670.22,17.6,42.1,14.6,18,35.9,8.4,14,9.2,13.1,4.7,10.3,35.2567,95.0483,24.6586,167.024,20.7675,62.6682,36.1159,50.4514,18.4101
10/20/2006,673.11,8.4,1.6,3,5,28.4,14.3,0,8.8,9.5,7.1,7.4,93.5201,121.44,17.8869,173.564,28.8845,67.5044,38.6063,48.701,13.1211
10/21/2006,767.25,0,0,2.3,0,0,0,0,0,0,0,22.6,29.1092,159.079,13.5571,200.508,22.5851,71.7559,95.721,58.3926,12.7796
10/22/2006,666.91,0,0,0,0,0,0,0,0,0,0,0,22.5515,112.837,10.4289,252.391,10.6901,68.2063,109.387,129.229,12.101
10/23/2006,556.09,0,0,0,1,32.3,6.4,8.8,13.6,0,5.2,0,19.1886,79.6142,10.1289,278.766,14.9795,57.3075,68.6966,141.749,11.4288
10/24/2006,500.75,0,0,0,0,0,0.6,2.4,1.5,0,1.1,0,17.6444,63.0121,9.0672,243.177,12.7932,54.049,53.5455,90.3479,10.7631
10/25/2006,395.45,0,0,0,0,0,0,0.4,0,0,0,0,16.56,57.1986,8.5131,200.508,11.7308,49.6081,44.5614,70.3432,10.7631
10/26/2006,402.96,0,0,0,0,0,0,0,0.6,0,0,0,15.7041,54.386,8.1536,163.784,11.2076,45.9161,38.6063,59.0274,9.7774
10/27/2006,407.28,0,0,0,8.1,0,0,0,0,0,0,0,15.0691,51.0943,7.8891,140.145,10.6901,45.3112,36.9418,51.6355,8.808
10/28/2006,403.33,1,0,3.4,0,3.1,8.9,7,14.6,17.6,0,3.3,14.4403,49.2164,8.1536,123.575,10.1783,42.9218,37.7719,49.2811,8.1714
10/29/2006,405.65,8.2,0,0,3,0,0,0,2,0,0,0,13.6116,47.8942,7.9768,114.822,10.1783,42.332,33.6646,49.8645,7.8561
10/30/2006,208.03,0,0,2.3,4,0,0,0,0,0,0,0,12.9976,47.3698,7.3734,104.874,10.6901,41.1617,32.0528,44.7367,7.5429
10/31/2006,206.32,0,0,0,0,0,0,0,0,0,0,0.5,12.7944,45.5547,7.2054,97.9464,9.6723,38.8581,29.6699,42.5467,6.923
11/1/2006,210.03,0,0,4.7,0,0,0,2,0.4,0,0,4.7,13.4062,43.519,7.1221,97.9464,8.6787,46.524,36.9418,40.4116,8.4887
11/2/2006,491.67,1.8,50,2.3,12.1,3.5,17.2,40,50.4,7.9,16.1,11.7,12.7944,44.7865,7.2891,93.8632,8.6787,43.5146,40.2875,49.8645,9.7774
11/3/2006,493.56,17.2,13.7,0,6,3.7,21.7,10,15.3,31.1,27.7,12.6,12.5919,51.0943,8.6958,99.3198,18.986,59.9655,54.528,55.2698,8.808
11/4/2006,501.19,1,0,8.3,18,3.5,7.4,18.8,19,12.4,28,16.9,13.4062,61.8294,11.4607,107.687,30.8416,58.6309,65.5977,73.8596,8.1714
11/5/2006,632,9.4,18.4,5.6,11,3.4,27.7,0.8,1.4,0,6.7,16.2,12.9976,61.8294,9.4464,131.025,27.5964,82.0487,68.6966,88.002,9.1293
11/6/2006,693,0,8.9,34.6,2,5.4,0,0.2,0,0,0,0,12.9976,60.0741,8.1536,193.656,19.5757,73.1946,89.0499,94.3261,14.5019
11/7/2006,692,0,0,7.9,0,0,0,3,0,2,0,21.2,13.2015,53.831,8.4225,197.073,15.5382,64.7244,62.5323,116.391,12.101
11/8/2006,881.81,11.6,31,5.6,1,1.5,46.6,17.8,8,12.4,0.5,0,13.2015,50.8241,7.8019,237.701,17.8191,73.918,73.9335,84.922,11.4288
11/9/2006,693,0,0,12,3,0,0,11,0,0,0,0,12.7944,47.6317,7.9768,209.18,15.5382,70.328,77.1176,99.2128,10.7631
11/10/2006,2233.67,14.6,10,7.4,0,12.7,4.2,43.8,7.1,51.1,1.3,2.5,13.4062,45.0419,9.4464,178.521,16.1017,124.297,60.5076,100.869,10.4328
11/11/2006,880.81,9.8,12.8,3.6,5,22.6,20.2,14,12.8,12.3,14.3,10.8,13.4062,45.0419,12.2123,151.03,21.3695,106.663,56.5052,80.4047,9.4524
11/12/2006,591.09,1.8,3.8,8.9,10.2,2.8,2.9,2.8,1.4,3.4,0.5,1.5,15.9171,51.0943,9.0672,140.145,18.986,92.8492,61.518,76.0105,9.4524
11/13/2006,591.09,0,0,14.3,7.1,0,0,3,0,0,0,0,13.4062,52.1813,8.5131,132.531,16.6697,79.7998,61.518,82.648,9.1293
11/14/2006,498.75,22.2,46.2,0,0,10,21.4,51.8,26.8,44.9,13.4,0,12.5919,48.1574,8.2427,147.894,22.5851,103.319,65.5977,82.648,8.808
11/15/2006,594.89,3.2,0,0,6.1,2.9,7.5,4,1.5,5.3,0.7,0,12.3902,46.5881,11.5665,147.894,35.5198,104.967,64.5722,88.002,8.808
11/16/2006,493.56,1,0,0,4.1,2.3,1.8,1.8,1.9,12.4,2,0,12.1892,45.298,11.8872,141.684,28.2388,102.499,73.9335,87.2269,7.8561
11/17/2006,400.96,0,0,0,48.1,0,0,0.2,0,0,0,0,11.7896,43.7712,8.0649,137.083,27.5964,81.2965,67.66,98.3898,7.5429
11/18/2006,403.28,0,0,0,10,0,0,0,0,0,0,0,11.393,43.519,8.2427,140.145,19.5757,68.2063,58.4985,89.5625,7.2319
11/19/2006,492.56,1.2,12.5,0,0,2.2,0,0,8.7,3.6,0,5.9,11.196,42.5167,8.5131,138.612,17.2422,61.9883,60.5076,78.1922,8.808
11/20/2006,588.78,33.2,17.7,0,2,6.1,31.2,116.6,15.3,8.7,20.8,0,14.232,46.5881,8.4225,173.564,22.5851,88.9346,69.7368,81.8968,11.0951
11/21/2006,450.56,0,0,32.6,0,13.3,2.7,1,0,11,0,3,18.5231,57.7687,10.8357,137.083,23.1987,81.2965,64.5722,92.7245,9.1293
11/22/2006,401.28,0,21,0,0,0,2.1,9.4,7.5,0,0,0,13.2015,76.3502,8.3324,99.3198,26.3221,73.1946,91.2612,89.5625,8.808
11/23/2006,501.19,0,0,0,0,0,0,1,0,0,0,0,12.5919,61.5353,7.629,134.043,18.986,70.328,74.9914,119.99,8.1714
11/24/2006,401.33,64.2,25.4,0,0,0,0,0,0.7,0.3,0,0,11.7896,47.6317,8.0649,146.333,18.986,62.6682,73.9335,100.039,8.1714
11/25/2006,410.65,0,0,0,13.2,0,0,0,0,0,0,0,11.393,43.0165,7.5433,135.561,18.4004,57.9678,72.879,98.3898,7.5429
11/26/2006,397.28,0,0,5.5,25,0,0,0,0,0,5.9,9.1,12.5919,43.519,19.6499,119.173,14.9795,55.3438,59.5011,95.9413,7.5429
11/27/2006,597.09,5.8,5.9,34.6,49,60.4,0,2,6.8,0.9,37.9,19.3,12.7944,69.0744,39.7678,113.384,13.3323,54.049,54.528,78.9263,49.4628
11/28/2006,787.91,7.4,8,16.3,10.2,4.1,5.9,6,7.4,47,5,3.5,33.2644,99.732,24.6586,111.951,13.3323,59.9655,61.518,73.8596,46.0666
11/29/2006,1075.63,31.2,46.2,11,6,6.5,22.2,50,11.9,4.8,56.5,10.3,18.5231,107.509,16.7155,155.774,28.8845,82.0487,54.528,81.149,44.3839
11/30/2006,1082.77,5.2,1.7,6.3,2,14.5,6.1,5,5.8,6.5,41.6,10.8,15.7041,100.096,27.8742,223.295,45.0001,120.691,102.501,78.1922,50.7466
12/1/2006,1843.89,1,28.8,3.8,8.1,14.1,18.1,39.4,21.3,12,2,22.4,17.6444,129.096,19.9286,331.928,60.002,170.56,189.886,146.719,20.6039
12/2/2006,2613.3,0,23.5,11,0,2.5,0,0,1.4,0,0,0,18.7444,143.312,13.7882,315.869,48.2977,131.628,195.155,254.707,14.8506
12/3/2006,1357.4,0,0.5,6.3,0,1.7,0,0,0,0,0,0.3,16.1307,106.382,13.5571,323.867,34.1677,119.795,125.841,253.389,12.101
12/4/2006,935.06,0,0,0,0,0,0,0,0,1.2,0,0.8,27.4922,79.944,13.6724,319.86,25.6902,103.319,82.4922,163.194,18.4101
12/5/2006,1039.48,0,0,21,0,19.5,0,0,0,0,10.4,9.3,34.3988,84.6238,20.3504,286.453,22.5851,95.2282,78.1858,110.223,68.3512
12/6/2006,1003.11,24.2,4.1,34.6,3.1,20.1,7,13,18.3,18.7,12.9,9.5,33.8303,133.208,31.6422,256.108,28.2388,117.124,67.66,103.379,27.0269
12/7/2006,1033.11,0,0.8,0,4,15.3,16.3,3.6,5,19.6,23.1,15.2,56.8648,188.176,28.5413,256.108,32.8279,104.967,73.9335,91.1367,47.7597
12/8/2006,1336.78,62.9,19.5,0,49.2,66.9,26.7,29.2,29.4,3.4,24.5,14.7,35.5441,239.963,38.9829,340.053,45.9367,173.629,117.548,104.223,29.7516
12/9/2006,2284.78,23.6,60.7,43.6,5,38.7,20,3,1.1,1.7,7.6,4,29.654,246.314,31.9968,470.11,42.6788,155.524,199.128,166.381,39.4002
12/10/2006,2274.44,16.2,11.3,32.6,7,20.2,71,5.6,26.7,12.7,49.5,26.4,64.6837,237.073,38.2085,495.677,41.7584,138.169,256.59,273.519,90.8077
12/11/2006,2834.78,2.6,11.7,67,10.3,11.7,1.7,9.4,0,18.2,23.2,9.5,110.181,287.112,41.369,592.783,41.7584,134.417,191.2,335.478,158.741
12/12/2006,3031.11,12.8,46.2,54.6,77.3,73.7,0,5,3.2,0.2,6.7,23.8,99.7293,306.981,128.09,590.428,44.0681,236.835,164.055,252.074,200.191
12/13/2006,4144.12,1,46.3,68.3,25,43.5,2.1,3.4,4.1,1,10.5,24.1,83.467,344.055,83.0372,597.509,34.1677,201.063,146.509,217.866,267.181
12/14/2006,3310.09,21.2,21.3,54.6,42,16.1,8.2,10.6,10.6,6.2,2.4,21.5,87.0565,376.19,47.3108,713.887,28.8845,184.004,116.373,192.979,162.477
12/15/2006,3852.09,1.2,4,16,16.2,20.7,2.2,5.2,5.7,16.5,7.3,16.4,81.7005,397.651,56.7476,823.753,32.1626,160.479,135.477,157.952,113.971
12/16/2006,3158.48,32.6,21.3,10.2,58,17.7,36.5,38.8,29.3,22.4,11.6,37.8,69.4588,392.727,50.0223,909.061,55.0529,350.509,155.225,169.598,161.228
12/17/2006,4113.28,33.4,35.6,16.4,75,17.9,2.2,9.8,11.3,2.1,19.6,12.5,73.9853,407.639,40.5631,932.511,60.002,346.058,131.844,167.45,156.268
12/18/2006,3199.63,1,0,2.3,0,0,0,0,1.3,2.2,1.2,0,60.0787,394.129,32.3533,871.584,53.1017,229.963,140.355,214.218,164.357
12/19/2006,2792.69,0,6.3,11,0,0,0,1,3.3,0,0,0,53.9263,321.793,28.3737,826.529,39.932,182.956,119.904,217.866,110.721
12/20/2006,2849.61,6.2,12.3,0,2,27.4,0,0.8,0,0,0,8.3,46.9351,266.127,32.5323,785.364,30.8416,148.684,97.9691,186.145,105.028
12/21/2006,2055.31,13.4,7.2,4.2,0,0,14.9,8,7.6,4,12.7,5.2,40.5282,247.798,30.244,771.873,30.186,132.555,99.0977,153.819,77.9326
12/22/2006,2154.85,0,3.7,0,3,35.1,2.9,6.4,0,3.9,31.6,11.7,35.832,240.447,31.1141,763.834,32.8279,125.205,87.9489,154.847,58.5605
12/23/2006,1858.12,0,0,2.1,0,0,0,0,0,9,0,2.9,34.1142,235.161,28.3737,753.18,34.1677,118.012,76.0528,136.865,52.4667
12/24/2006,1655.28,0,0,0,50,20.2,6.6,15,2.7,3.6,4.6,1.4,32.9825,219.827,43.0126,739.967,61.506,102.499,79.2574,119.99,45.2239
12/25/2006,1766.65,0,0,5.2,2,0,2.1,1.8,0,13.8,3,0,31.5834,198.038,37.4443,719.066,52.6165,85.8486,162.787,135.899,51.6055
12/26/2006,1770.53,22.8,1.3,12.8,0,6.7,0,0,39.5,0.5,2.1,0,30.7522,177.912,29.8994,693.355,54.0752,193.531,160.257,256.028,79.9879
12/27/2006,1971.04,26.2,4,17.3,25,10.4,1.9,8.8,4.9,0.2,5.2,0,29.1092,178.686,32.5323,665.609,41.7584,269.499,151.475,250.762,84.7436
12/28/2006,2161.85,0,0.8,36.6,12,28.9,19.5,9.6,3.9,28.1,46.1,46.2,65.4678,177.912,32.3533,706.153,43.6038,206.509,169.151,240.395,194.152
12/29/2006,3643.45,9.2,0,6.6,3,20.9,0,0.8,8.4,4,10.8,13.1,60.4559,197.62,37.4443,660.624,49.2499,226.556,170.43,266.723,112.663
12/30/2006,2370.56,2.6,32.3,34.6,5,3.2,0,2.4,5.6,8.8,4.2,10.3,67.8482,221.189,39.7678,628.675,52.6165,217.561,185.956,270.79,123.408
12/31/2006,3443.57,63.2,30.4,22.8,53.1,28.3,14.4,29,51.2,14.2,26.3,99.9,100.215,289.333,46.4293,716.474,68.1229,262.669,147.747,287.365,109.439
1/1/2007,2531.59,1,5,18.6,11,33.1,2.5,4,1.6,21.3,32.9,38.3,95.4094,412.703,55.7521,695.906,108.537,315.698,131.844,230.245,122.029
1/2/2007,2729.94,2.4,4.2,8,10,7.7,4.2,9,5.4,12.1,29,33.6,88.4221,491.018,48.2035,693.355,99.4336,341.635,133.053,207.016,109.439
1/3/2007,3053.82,53.2,41.1,11,20.3,7.9,19.4,17.8,21,3.5,6.9,44.9,54.5755,521.983,49.1073,703.584,92.1785,321.374,171.712,214.218,180.325
1/4/2007,3258.19,10.4,9.3,54.2,25.1,29.2,9.4,85.6,18.8,25.8,1.4,12.5,47.872,520.823,51.8863,708.726,99.997,460.728,183.347,272.153,170.679
1/5/2007,3451.91,29.4,19.5,22.8,8,20.1,12.5,17,33.7,2.5,7.5,19.9,100.702,508.133,56.7476,758.498,102.258,486.68,263.558,300.118,165.614
1/6/2007,3552.33,35,32.3,34,32,27.2,2.3,15.8,26.2,27.6,15.6,14.1,66.2565,516.195,52.8354,774.562,91.6259,509.746,290.792,419.063,177.734
1/7/2007,3055.34,4.8,11,19.2,2,4.2,0,4,1.3,0.9,9.1,11,61.5948,533.631,43.8505,779.954,99.4336,380.908,213.853,446.842,221.502
1/8/2007,2702.54,0,6,3,0,4.9,0,2,1.4,0,4.1,52.5,57.8542,528.96,41.369,790.793,94.3971,325.663,172.996,330.802,169.408
1/9/2007,2551.4,0,0,7.8,5,0,12.2,0,0,0,0,17.7,60.4559,531.294,38.2085,807.19,80.7403,256.711,161.521,270.858,151.365
1/10/2007,2467.41,7.4,4.5,11.6,3,12.2,38,3,16.4,16.3,1,1.2,50.7142,528.96,32.3533,818.213,67.6083,215.333,213.853,261.489,145.917
1/11/2007,2436.53,1.6,1.1,0,2.1,1.4,23.6,9.8,11.6,5.5,0.5,0,45.3854,479.731,29.3864,823.753,69.6722,218.678,255.598,341.417,122.029
1/12/2007,2574.87,0,5.1,5.3,0,2.9,1,0,0,0,0.4,0,72.3228,411.251,29.5569,826.529,64.0321,239.143,288.756,407.209,66.1041
1/13/2007,2705.36,6,7.2,0,0,8.1,2.2,2.2,3.7,50.6,4.4,6.3,50.0785,382.329,31.8192,857.378,57.0204,277.386,205.791,443.317,60.7633
1/14/2007,3157.17,39.4,15.7,0,15,16.5,20.5,56.4,27.1,39.1,8.4,1.3,46.9351,383.016,33.7761,863.047,117.238,440.479,237.074,327.802,117.284
1/15/2007,3554.86,1.8,5.8,2.3,19.2,18.8,7,52,6.1,65.8,38.5,30.8,42.3312,396.945,43.0126,871.584,231.759,479.69,283.678,379.177,109.439
1/16/2007,3762.99,12.8,31.5,34.8,37,18.9,25.3,46.6,20.2,5.7,22.3,6.4,44.1565,442.095,35.2131,917.82,255.313,698.716,368.151,457.505,98.3391
1/17/2007,3237.36,0,0.3,5.6,36,38.9,48.5,42,16.5,44.1,13.3,12.3,40.5282,464.094,39.7678,986.353,281.485,645.147,384.282,581.698,86.9165
1/18/2007,2952.8,0,0,0,8,22.1,0,0,0,0.7,0.3,19.5,38.1595,471.888,33.0724,995.472,324.384,623.127,398.379,606.375,66.1041
1/19/2007,2861.66,9.4,1,5.5,2,2.6,7,22.6,8.5,8.5,35.1,29.1,36.1207,456.349,28.7093,1007.69,193.408,582.149,279.629,610.541,62.0915
1/20/2007,2765.24,0,0,0,22,3.7,0.8,1,0,0,0,0.6,50.3961,431.247,26.0809,1004.63,120.762,460.728,235.693,434.571,51.1757
1/21/2007,2771.17,0,0,0,0,9.3,0,0,0,0,31.1,20.7,55.8804,395.535,50.0223,995.472,84.5133,395,191.2,364.769,46.9119
1/22/2007,2846,40.2,2.4,4.8,3,6.5,30.4,5.6,4.6,12.6,4.7,18.9,50.0785,387.155,48.2035,983.323,72.2724,353.492,197.801,301.458,46.4889
1/23/2007,3043.58,0,0,12.3,17,2.3,1.1,3.2,4.8,1.8,6.1,7.1,57.5239,393.428,40.5631,974.259,66.5819,338.703,261.563,320.366,65.6562
1/24/2007,3230.56,59.2,15.7,25.9,4.1,27.5,31.5,15.6,51,2.4,4.5,40.4,69.0544,386.463,75.5311,962.239,58.5067,385.577,278.619,413.96,111.366
1/25/2007,2932.97,2.6,28.2,6.3,2,17.4,0,0.8,7.7,0,0.5,22.8,66.6527,391.329,50.0223,941.381,55.0529,329.981,213.853,429.368,147.725
1/26/2007,2867.76,33.6,38.6,45,5,17.4,5,15.4,7,3.6,8.1,49.2,107.645,420.019,46.4293,932.511,56.0346,373.19,249.661,341.417,122.717
1/27/2007,2851.04,16.2,0,63.8,0,25.9,35.5,2.6,5,24.2,41.4,21.4,71.9101,489.885,91.0249,917.82,54.0752,338.703,244.007,392.235,255.286
1/28/2007,2948.21,22.8,6.9,38.5,152.1,5.9,9.7,5,8,42.5,41,39.6,104.145,550.099,45.5588,932.511,68.1229,317.112,314.424,393.884,168.773
1/29/2007,3142.02,11.6,0,8.3,47.1,12.1,0,14,0,19,15.3,37.1,67.8482,584.806,49.1073,909.061,174.479,319.95,289.774,492.161,159.361
1/30/2007,3671.82,42,20.6,14.2,25,5.1,22.9,27.6,27.5,13,25.5,15.5,59.3277,621.54,47.3108,968.24,180.457,754.42,336.331,462.887,107.534
1/31/2007,3848.9,5,28.2,10,40.3,1.7,3.2,33.6,21.5,9.8,41.3,20.3,95.8846,657.842,43.8505,977.276,130.878,765.377,389.691,535.93,70.6107
2/1/2007,3754.85,30.2,13.3,3.4,2.1,0,0,0.8,1.4,0,0,0.3,52.3132,696.203,39.7678,971.247,90.5229,566.906,297.944,600.155,71.0641
2/2/2007,3821.64,0,0,5.2,0,0,0,0.6,0,24.1,0,0,48.4995,683.326,32.3533,983.323,77.0085,438.812,237.074,461.09,60.7633
2/3/2007,3612.09,12.6,9,19.8,2.3,27.7,14.3,15,6.3,0,0,0,48.8142,632.724,38.9829,1016.91,70.1904,417.43,203.12,367.945,46.9119
2/4/2007,2963.08,0,0,0,6,0,0,0.6,0.4,7,0,0.9,42.6339,566.755,31.8192,1019.99,57.5149,350.509,289.774,330.802,50.318
2/5/2007,2850.47,2,0,4.5,0,0,5.4,0.8,4.9,6.6,0.7,0,39.9322,493.287,29.0468,1032.36,60.002,321.374,282.665,455.719,55.9352
2/6/2007,2958.69,3.2,2.7,16,4.1,0,12.1,6,24.2,17.8,0,1.7,60.4559,441.006,29.5569,1073.07,72.2724,308.675,248.675,439.808,51.6055
2/7/2007,3292.33,1.6,24.1,42.9,8,14.3,1,7,1.3,16.3,23.1,25.7,106.639,401.909,55.7521,1140.48,63.0188,317.112,221.985,387.311,70.1578
2/8/2007,3018.12,4.6,23,2.4,33.3,30,0,4,16,3.6,26.6,15.6,93.0508,453.045,48.2035,1209.92,57.0204,301.731,176.861,342.948,57.6832
2/9/2007,2778.83,0,0,0,0,3.5,0,0,0,0,0,17.9,53.6026,491.018,42.1855,1169.99,52.1324,231.104,174.283,277.659,51.1757
2/10/2007,2496.16,0,0,0,2.2,0,0,0,0,0,0,0,48.8142,445.37,31.4657,1130.73,46.8777,213.114,145.273,270.858,47.7597
2/11/2007,2407.07,0,0,0,0,0,0,0,0,0,0,0,45.0773,379.591,29.5569,1079.41,43.6038,208.702,128.235,225.767,64.3156
2/12/2007,2744.51,28.8,4.9,9.5,38,2.3,10.4,17,4.6,7.8,24.2,27.7,83.0236,367.454,30.244,1035.47,61.0037,156.51,148.987,204.279,161.228
2/13/2007,3164.63,11.2,14.8,2.5,20.1,31.1,15.3,14.4,18,12.8,14.3,39.3,59.3277,394.129,36.6904,1004.63,61.0037,202.148,167.874,236.943,131.171
2/14/2007,2704.7,2,9,14.5,0,0,0,0.2,0,0,0,0,52.3132,444.277,31.9968,974.259,52.1324,203.235,209.813,269.509,111.366
2/15/2007,2493.62,0,3.8,0,0,5.9,0,0.1,0.4,2.3,0,0,48.8142,408.36,28.0402,953.272,49.7276,182.956,147.747,321.846,94.234
2/16/2007,2273.54,0,0,0,0,0,0,0.2,0,0,0,0,47.2468,351.727,26.726,926.621,45.0001,167.512,136.693,261.489,68.3512
2/17/2007,2164.25,0,0,0,10.1,0,0,0,0,0,0,0,47.2468,311.664,24.9712,900.344,41.7584,158.49,121.086,187.247,66.1041
2/18/2007,2055.59,0,0,0,0,0,0,0,0,23.8,0.2,0,46.9351,287.112,24.1935,909.061,64.0321,251.981,111.704,176.332,76.5414
2/19/2007,2056.65,0,10.6,3.8,0,2.6,0,1.8,0,0.1,0.3,7.4,58.954,273.523,25.6023,894.555,96.0691,186.105,111.704,173.126,59.8806
2/20/2007,2204.56,11.6,8.2,4,0,12.7,3.7,0,0.2,1.5,16.3,25,47.2468,274.592,28.8778,860.21,53.5879,207.604,109.387,169.951,62.5352
2/21/2007,2094.82,0,0,11.4,0,4.7,0,0,0,0,0,0,44.1565,269.278,27.2151,837.682,45.0001,154.54,107.08,167.852,54.1964
2/22/2007,1876.85,0,0,0,0,0,0,0,0,0,0,0,40.5282,256.84,22.9751,818.213,40.8428,141.96,99.0977,164.73,50.7466
2/23/2007,1705.25,0,0,0,2,0,0,0,0,0,0,0,37.5737,231.844,21.9352,790.793,38.9519,133.485,91.2612,160.615,52.8983
2/24/2007,1595.52,0,0,5,0,0,0,0,0,0,0,0,35.832,217.122,21.6426,755.837,36.8838,127.028,87.9489,151.561,49.0361
2/25/2007,1478.19,1,0,12.4,0,0,7.1,11.6,0.7,0.3,0,0,34.3988,204.826,21.3519,716.474,35.5198,139.113,86.8512,150.572,49.0361
2/26/2007,1415.11,0,0,5,0,0,10.2,1.8,1,0,1.8,0,33.547,200.141,21.3519,673.12,34.8422,139.113,89.0499,148.605,32.1208
2/27/2007,1344.47,12.2,0,8.3,0,0,21,0.6,7.3,0.1,0,0,35.2567,200.141,20.492,631.105,37.5703,136.288,93.485,141.829,27.0269
2/28/2007,1232.57,0,0,3.4,0,5.7,0,0.8,0,0,0.7,1.6,33.547,192.649,20.2093,583.388,36.8838,122.489,117.548,147.627,28.5785
3/1/2007,1028.98,0,0,0,0,0,0,0,0,0,0,0,31.8618,188.579,19.5113,535.282,34.1677,115.355,97.9691,160.615,22.4626
3/2/2007,1050.07,0,0,0,0,0,0,0,0,0,0,0,31.0286,181.024,18.8258,495.677,33.4962,106.663,84.6652,146.652,22.0887
3/3/2007,968.5,0,0,0,0,0,0,0,0,0,0,0,30.2017,172.94,18.2863,468.009,31.5005,104.967,79.2574,132.442,22.0887
3/4/2007,970.39,0,0,0,0,0,0,0,0,0,0,0,29.1092,164.951,18.0195,442.273,30.8416,99.2429,76.0528,126.076,22.0887
3/5/2007,884.76,0,0,0,0,0,0,0,0,0,0,0,28.5673,160.425,17.6231,415.921,29.5336,97.6296,76.0528,121.215,21.3442
3/6/2007,867.1,0,0,0,0,0,0,0,0.5,0,0,0,28.0283,155.956,17.2311,398.643,28.8845,94.4327,74.9914,119.178,20.6039
3/7/2007,860.37,0,0,0,0,0,0,0,0,0,4.1,0,27.7599,152.42,16.9723,375.272,28.2388,93.6397,70.7807,113.17,19.8681
3/8/2007,848.8,0,0,0,0,0,0,0,0,0,0,0,27.2253,148.921,16.7155,362.715,27.5964,103.319,69.7368,111.202,19.5019
3/9/2007,820.69,0,0,0,0,0,0,0,0,0,0,0,26.6937,145.458,16.4606,350.296,26.9575,112.721,67.66,110.225,18.7729
3/10/2007,766.93,0,0,0,0,0,0,0,0,0,0,0,26.4291,142.031,16.2078,340.053,26.3221,99.2429,65.5977,103.502,18.4101
3/11/2007,769.11,0,0,0,0,0,0,0,0,0,0,0,25.6396,138.64,15.9569,329.907,25.6902,85.0835,63.5503,102.559,18.0485
3/12/2007,762.6,0,0,0,0,0,0,0,0,0,0,0,25.1171,135.286,15.708,321.862,25.6902,81.2965,63.5503,99.7559,17.6882
3/13/2007,745.2,0,0,0,0,0,0,0,0,0,0,0,24.5977,131.969,15.4611,315.869,25.0618,78.3136,61.518,99.7559,17.329
3/14/2007,651.43,0,0,0,0,0,0,0,0,0,0,0,24.0814,129.914,15.2161,305.962,24.4371,76.8378,61.518,96.9914,16.9711
3/15/2007,679.54,0,0,0,0,0,0,0,0,0,0,0,25.378,127.467,15.3384,298.109,24.4371,76.8378,59.5011,96.0785,16.6145
3/16/2007,703.43,0,0,0,8.2,0,0,0,0,0,0,0,24.5977,126.251,15.708,292.263,23.8161,79.0554,59.5011,94.2658,16.2591
3/17/2007,742.35,0,0,5.5,6,32.3,1.4,2,6.5,2.1,29.8,47.5,26.4291,126.656,16.0821,286.453,25.0618,86.6163,61.518,99.7559,17.6882
3/18/2007,728.43,0,11.4,3.8,11.2,30.3,1.2,15.2,9.2,0,10.7,12.6,25.902,142.884,16.9723,288.386,26.9575,87.3865,68.6966,111.202,22.8375
3/19/2007,790.97,21.2,0,0,8.3,3.9,4.4,10,2.8,29.7,9.1,14.8,25.1171,155.512,15.5843,296.156,32.1626,89.7125,73.9335,118.166,19.1368
3/20/2007,795.29,1.6,0.5,0,0,0,1,5,1.1,0,0,1.8,22.2994,145.027,15.0944,325.876,40.3868,100.866,76.0528,123.27,18.0485
3/21/2007,794.85,15.8,19,0,0,0,7.1,0.2,18.2,7.5,21.2,2.9,30.2017,142.884,14.9732,352.356,38.2597,114.475,79.2574,126.076,17.329
3/22/2007,825.62,0,0,0,0,0,0,0.2,0,0,0,14,29.1092,135.703,21.497,344.138,36.2003,108.381,73.9335,131.523,16.6145
3/23/2007,827.33,0,0,0,0,0,0,0,0,0,0,0,25.6396,144.598,16.3339,331.928,30.186,100.866,72.879,130.606,16.2591
3/24/2007,789.54,0,0,0,0,0,0,0,0,0,0,0,24.3392,146.32,14.8525,313.88,27.5964,93.6397,70.7807,127.878,16.2591
3/25/2007,789.92,0,0,0,0,0,0,0,0,0,0,0,23.3129,130.324,14.4932,311.894,25.6902,93.6397,65.5977,123.27,15.905
3/26/2007,692.46,0,0,0,0,0,0,0,0,0,0,0,22.8045,121.44,14.2562,303.993,24.4371,91.2758,63.5503,123.27,15.5522
3/27/2007,772.26,0,0,0,0,0,0,0,0,0.5,0,0,22.5515,116.713,14.0212,288.386,23.8161,88.1593,61.518,120.195,14.1545
3/28/2007,654.24,0,0,0,0,0,0,0,0,0,0,0,22.048,113.607,13.6724,269.25,24.4371,86.6163,69.7368,111.202,13.8086
3/29/2007,643.72,0,0,0,0,0,0,0,0,0,0,0,22.048,110.921,13.328,254.247,23.1987,75.3726,66.627,108.282,13.8086
3/30/2007,685.74,0,0,0,0,0,0,0,0,0,0,0,21.5477,107.885,13.2142,245.011,21.9754,77.5744,59.5011,99.7559,13.4641
3/31/2007,723.19,0,0,0,0,0,0,0,0,0,0,0,21.2988,105.634,13.2142,241.347,21.9754,82.0487,56.5052,82.9036,13.4641
4/1/2007,657.16,0,0,0,0,0,0,0,0,0,0,0,21.0508,104.144,12.9881,235.885,21.3695,79.7998,53.5455,79.5544,13.1211
4/2/2007,496.41,0,0,0,0,0,0,0,0,0,0,0,20.8035,102.295,12.764,230.462,21.3695,76.8378,52.4951,77.0877,12.7796
4/3/2007,496.64,0,0,0,0,0,0,0,0,0,0,0,20.3116,100.462,12.5418,226.869,20.7675,76.8378,50.7064,74.6599,12.7796
4/4/2007,609.68,0,0,0,0,0,0,0,0,0,0,0,20.0669,98.2802,12.3216,223.295,20.1696,76.8378,48.9321,69.1461,12.7796
4/5/2007,495.11,0,0,0,0,0,0,0,0,0,0,0,19.823,97.1976,12.4315,219.739,20.1696,76.1039,48.0504,69.1461,12.4395
4/6/2007,586.88,0,0,0,0,0,0,0,0,0,0,0,30.7522,101.927,12.9881,212.681,19.5757,75.3726,48.0504,71.4833,13.1211
4/7/2007,406.57,0,0,0,0,0,0,15,5.5,0.1,0,9.7,25.6396,114.38,15.708,209.18,21.9754,71.7559,48.9321,74.6599,14.5019
4/8/2007,519,6.2,0,16.4,0,0,37.6,22,23.1,0,0,0,22.8045,122.635,14.9732,209.18,25.0618,70.328,61.518,82.0599,13.4641
4/9/2007,632.43,4.8,22.3,12.3,25.6,11.7,0,9,2.7,8.2,8.2,19.4,21.7975,117.887,14.1385,237.701,25.6902,83.561,54.528,90.6921,12.7796
4/10/2007,747.45,0,2.2,3.6,6,2.8,29.9,6,1.2,2.5,25.3,0,22.048,133.623,13.4423,246.85,30.8416,100.053,67.66,100.686,12.7796
4/11/2007,747.47,0,0,0,0,0,0,0,0,0,0,0,22.5515,131.145,13.2142,250.54,32.8279,117.124,79.2574,101.62,12.4395
4/12/2007,634.43,0,0,0,0,0,0,0,0,0,0,0,22.048,116.713,12.3216,261.715,25.6902,109.244,63.5503,95.17,12.101
4/13/2007,634.43,0,0,0,0,0,0,0,0,0,0,0,21.7975,103.403,12.1034,256.108,23.1987,95.2282,58.4985,94.2658,12.101
4/14/2007,520.45,0,0,0,0,0,0,0,0,0,0,0,21.2988,99.732,11.9951,239.522,21.9754,79.7998,55.5146,93.3659,12.101
4/15/2007,633.65,0,0,0,0,0,0,0,0,0,0,0,20.5571,97.1976,11.8872,221.514,20.7675,76.8378,51.599,92.4703,11.4288
4/16/2007,519,0,1,0,0,0,0,0,0,0.1,0,0,20.0669,96.1203,11.7798,214.438,21.3695,76.1039,49.8174,91.579,10.7631
4/17/2007,520,29.8,49,0,0,0,0.7,0,0,14.9,0,0,19.58,94.3366,11.8872,209.18,23.1987,73.1946,56.5052,89.8094,10.7631
4/18/2007,633.33,2,6.1,0.4,0,11.9,0.5,0,0.4,9.4,10.2,0,21.7975,95.0483,13.2142,205.697,25.0618,73.1946,56.5052,77.0877,10.7631
4/19/2007,520,0,0,0,0,0,0,0,0,0,0,0,20.5571,99.0049,11.7798,205.697,23.8161,73.1946,54.528,79.5544,11.0951
4/20/2007,550.56,0,0,0,0,0,0,0,2.9,1.5,0,0,20.0669,95.0483,11.5665,205.697,22.5851,68.9108,52.4951,91.579,10.7631
4/21/2007,520,0,0,0,0,0,0,0,0,0,0,0,19.823,90.814,11.5665,209.18,21.3695,73.1946,49.8174,92.4703,10.4328
4/22/2007,519,0,0,0,58.1,14.1,0,1,0,6.1,12.2,3,20.3116,91.1635,12.764,207.436,20.7675,69.618,48.9321,94.2658,10.1042
4/23/2007,518,3.2,44.2,15.5,0,11.2,0,9,23.9,0.2,1.6,17.2,20.5571,99.732,14.9732,205.697,21.3695,80.5469,56.5052,101.62,13.8086
4/24/2007,519.58,0,0,0,0,0,0,17.6,0,0,0,0,23.5683,99.732,11.9951,209.18,21.9754,81.2965,64.5722,104.45,11.7641
4/25/2007,520.37,0,0,0,0,0,0,0,0,0,0,9.3,20.3116,95.7623,11.6729,217.967,21.3695,84.3209,66.627,111.202,11.4288
4/26/2007,519,0,0,0,0,0,0,0,0,0,0,0,19.823,90.814,11.4607,221.514,20.1696,82.0487,55.5146,113.17,10.7631
4/27/2007,520,0,0,0,0,0,0,3,0,4.5,0.5,5,20.5571,88.729,11.2503,212.681,20.1696,80.5469,52.4951,118.166,10.7631
4/28/2007,521,0,7.6,22.4,0,4.5,0,0.8,0,13.3,0,13.3,29.9275,87.6946,12.3216,202.233,20.1696,78.3136,51.599,121.215,13.8086
4/29/2007,633.7,0,3.2,2.4,3,5.3,0,6,3.3,0.7,2.3,0,20.5571,94.3366,11.8872,197.073,20.7675,77.5744,61.518,107.318,11.7641
4/30/2007,520,0,0,0,0,0,0,0,0,0,0,0,19.58,92.2159,11.3553,195.362,20.1696,76.8378,60.5076,101.62,10.7631
5/1/2007,520,0,0,0,0,0,0,0,0,0,0,0,19.4116,86.3238,11.1459,202.233,19.5757,73.918,57.4999,93.3659,10.7631
5/2/2007,519,0,0,0,0,0,0,0,0,0,0,0,19.1886,83.2747,10.9386,202.233,19.5757,74.6439,57.4999,91.579,10.7631
5/3/2007,533,0,0,0,0,0,0,0,0,0,0,0,18.9662,81.269,10.7332,190.259,18.986,75.3726,54.528,87.1874,10.7631
5/4/2007,584.12,0,0,0,0,0,0,0,0,0,0,0,18.7444,79.6142,10.6313,183.522,18.4004,68.2063,50.7064,83.7518,10.1042
5/5/2007,407.69,0,0,0,0,0,0,0,0,0,0,0,18.5231,78.6287,10.5298,176.863,18.4004,61.9883,47.1725,77.9056,9.4524
5/6/2007,408.14,0,0,0,0,0,0,0,0,0,0,0,18.3025,77.6485,10.5298,173.564,17.8191,62.6682,46.2983,75.4649,8.808
5/7/2007,521.21,0,0,0,0,0,0,0,0,0,0,0,18.3025,76.3502,10.4289,168.651,17.8191,61.3113,44.5614,71.4832,8.808
5/8/2007,407.46,0,0,0,0,0,0,0,0,0,0,0,18.0825,75.0616,10.3284,165.402,17.2422,59.9655,44.5614,68.3757,8.808
5/9/2007,407.57,0,0,0,0,0,0,0,0,0,0,0,17.8631,74.741,10.2284,163.784,17.2422,63.3508,42.8399,66.0903,8.808
5/10/2007,407.58,0,0,0,0,0,0,4.8,0.3,0,0,0,17.6444,74.741,10.1289,163.784,16.6697,64.0362,42.8399,64.5883,8.808
5/11/2007,294.26,0,0,0,0,0,0,0.2,0,0,0,0,17.4262,74.1016,9.9315,162.172,16.6697,59.9655,42.8399,64.5883,8.4887
5/12/2007,293.03,0,0,0,0,0,0,0.1,0,0,0,0,17.4262,72.198,9.9315,158.963,16.1017,58.6309,42.8399,64.5883,8.4887
5/13/2007,292.26,0,0,0,0,0,0,0,0,0,0,0,17.2087,70.9412,9.8335,155.774,16.1017,59.2968,42.8399,63.8438,8.1714
5/14/2007,405.57,0,0,0,0,0,0,0,0,0,0,0,16.9918,70.9412,9.8335,154.188,16.1017,57.9678,41.9851,63.8438,8.1714
5/15/2007,292.83,0,0,0,0,0,2.1,0,0,0,0,0,16.9918,70.3165,9.7359,152.607,16.1017,59.2968,41.1343,63.8438,8.1714
5/16/2007,403.35,0,0,0,0,0,0,0,0,0,0,0,16.7756,69.6942,9.7359,151.03,16.1017,70.328,41.1343,63.8438,8.1714
5/17/2007,401.69,0,0,0,0,0,0,0,0,0,0,0,16.7756,68.7654,9.6389,149.46,15.5382,68.9108,40.2875,63.1035,7.8561
5/18/2007,399.52,0,0,0,0,0,0,0,0,0,0,0,16.56,68.1493,9.5424,147.894,15.5382,60.637,39.4448,62.3676,7.8561
5/19/2007,292.74,0,0,0,0,0,0,0,0,0,0,0,16.345,67.5356,9.5424,146.333,15.5382,58.6309,39.4448,62.3676,7.8561
5/20/2007,293.16,0,0,0,0,0,0,0,0,0,0,0,16.345,66.9245,9.4464,144.779,15.5382,56.6501,39.4448,61.6361,7.5429
5/21/2007,406.36,0,0,0,0,0,0,0,0,0,0,0,16.1307,66.3158,9.3508,143.229,14.9795,55.9956,37.7719,61.6361,7.5429
5/22/2007,291.56,0,0,0,0,0,0,0,0,0,0,0,15.9171,65.7095,9.3508,141.684,15.5382,52.1283,38.6063,61.6361,7.5429
5/23/2007,291.7,0,0,0,0,3.7,0,0,0,3.8,0,16.7,16.9918,65.1058,10.3284,140.145,14.9795,55.9956,37.7719,61.6361,7.5429
5/24/2007,404.27,4.2,3.8,3.4,6,15.7,4.8,6.6,6.6,18.3,12.5,0,18.7444,67.5356,10.5298,138.612,17.8191,58.6309,40.2875,68.3757,7.5429
5/25/2007,290.69,0,0,0,0,0,0,0,0,0,0,0,16.7756,73.147,9.6389,138.612,21.3695,61.3113,41.9851,73.0629,7.5429
5/26/2007,290.54,0,0,0,0,0,0,0,0,0,0,0,16.345,73.4646,9.4464,143.229,19.5757,60.637,46.2983,77.0877,7.5429
5/27/2007,292.2,0,0,0,0,0,0,0,0,0.1,0,0,16.345,67.8422,9.5424,151.03,16.6697,61.3113,43.6987,81.2204,8.1714
5/28/2007,406.17,20.6,14.2,8.9,3.2,9.5,8.4,15,16.5,7.5,5.2,6.7,16.1307,67.2297,10.1289,154.188,18.4004,61.3113,46.2983,75.4649,8.1714
5/29/2007,405.34,0,0,0,0,0,0,0,0,0,0,0,15.9171,69.384,9.5424,147.894,20.7675,62.6682,47.1725,71.4832,7.8561
5/30/2007,407.13,0,0,0,0,0,0,0,0,0,0,0,15.9171,66.3158,9.3508,144.779,18.986,64.0362,46.2983,67.6095,7.5429
5/31/2007,298.11,0,0,0,0,0,0,0,0,0,0,0,15.7041,66.3158,9.1612,144.779,17.8191,61.3113,44.5614,63.1035,7.5429
6/1/2007,302.98,0,0,0,1.2,0,0,0,0,0,0,0,15.4918,64.5045,9.0672,144.779,17.2422,57.9678,42.8399,63.1035,7.5429
6/2/2007,302.9,0,0,0,2.1,0,0,0,0,0,0,0,15.4918,63.6072,8.9736,141.684,16.6697,57.3075,41.9851,63.1035,7.5429
6/3/2007,411.81,0,0,0,2.3,0,0,0,0,0.3,0,0,15.4918,63.0121,8.8805,138.612,16.1017,57.9678,41.1343,62.3676,7.5429
6/4/2007,412.32,2.6,7,2.8,3,0,4.9,10,0.5,0,0,0,15.2801,62.7155,8.7879,135.561,16.1017,58.6309,41.1343,62.3676,7.5429
6/5/2007,302.41,0,0,0,0,0,0,0,0,0,0,0,15.0691,61.5353,8.6958,134.043,16.1017,56.6501,41.1343,61.6361,7.2319
6/6/2007,303.29,0,0,0,0,0,0,0,0,0,0,0,15.0691,60.949,8.6958,132.531,16.1017,56.6501,40.2875,61.6361,6.923
6/7/2007,304.52,0,0,0,0,0,0,0,0,0,0,0,14.8588,60.3651,8.6042,129.524,15.5382,55.3438,39.4448,61.6361,6.923
6/8/2007,304.41,0,0,0,0,0,0,0,0,0,0,0,14.8588,59.494,8.6042,128.028,15.5382,55.3438,39.4448,60.1859,6.923
6/9/2007,414.09,0,0,0,0,0,0,0,0,0,0,0,14.6492,58.9164,8.6042,126.538,14.9795,55.9956,38.6063,58.7529,6.923
6/10/2007,309.52,0,0,0,0,0,0,0,0,0,0,0,14.6492,58.3413,8.5131,125.054,14.9795,54.695,36.1159,56.6359,6.6165
6/11/2007,403.79,0,0,0,0,0,0,0,0,0,0,0,14.4403,58.0547,8.5131,123.575,14.9795,54.049,36.9418,54.5577,6.6165
6/12/2007,271.81,0,0,0,0,0,0,0,0,0,0,0,14.4403,57.4833,8.5131,122.102,14.4255,53.4059,36.1159,54.5577,6.3123
6/13/2007,386.42,0,0,0,0,0,0,0,0,0,0,0,14.232,56.9145,8.4225,120.635,14.4255,53.4059,36.1159,54.5577,6.3123
6/14/2007,295.41,0,0,0,0,0,0,0,0,0,0,0,14.232,56.631,8.4225,119.173,14.4255,62.6682,36.1159,53.1938,6.3123
6/15/2007,304.29,0,0,0,0,0,0,0,0,0,0,0,14.0245,56.066,8.3324,119.173,14.4255,62.6682,35.2944,53.1938,6.3123
6/16/2007,196.9,0,0,0,0,0,0,0,0,0,0,0,14.0245,55.7844,8.2427,117.717,14.4255,50.2338,35.2944,51.8472,6.3123
6/17/2007,305.79,0,0,0,0,0,0,0,0,0,0,0,13.8177,55.2231,8.2427,116.267,13.8764,47.1349,34.4773,51.8472,6.3123
6/18/2007,305.52,0,0,0,0,0,0,0,0,0,0,0,13.8177,54.6644,8.1536,116.267,13.8764,48.3656,33.6646,51.1803,6.0105
6/19/2007,305.78,0,0,0,0,0,0,0,0,0,0,0,13.6116,54.1082,8.1536,114.822,13.8764,50.8624,33.6646,51.1803,6.0105
6/20/2007,305.41,0,0,0,0,0,0,0,0,0,0,0,13.6116,53.831,8.0649,113.384,13.3323,53.4059,33.6646,47.9109,6.0105
6/21/2007,196.81,0,0,0,0,0,0.2,0,0,0,0,0,13.6116,53.2786,8.0649,111.951,13.3323,52.7656,32.8564,47.9109,5.7113
6/22/2007,305.41,0,0,0,0,0,1,0,0,0,0,0,13.4062,53.0033,7.9768,110.523,13.3323,52.7656,32.8564,46.6333,5.7113
6/23/2007,196.8,0,0,0,0,0,0,0,0,0,0,0,13.4062,52.7287,7.9768,110.523,13.3323,52.7656,32.0528,46.6333,5.7113
6/24/2007,304.84,0,0,0,0,0,0,0,0,0,0,0,13.4062,52.4547,7.9768,109.102,12.7932,52.7656,32.0528,46.6333,5.7113
6/25/2007,305.41,0,0,0,0,0,0,0,0,0,0,0,13.2015,52.1813,7.8891,109.102,12.7932,49.6081,31.2538,46.001,5.7113
6/26/2007,196.77,0,0,0,0,0,0,0,0,0,0,0,13.2015,51.9086,7.8891,107.687,12.7932,48.9854,32.0528,45.373,5.7113
6/27/2007,306.41,0,0,0,0,0,0,0,0,0,0,0,12.9976,51.6365,7.8891,106.277,12.7932,48.9854,31.2538,45.373,5.7113
6/28/2007,197.61,0,0,0,0,0,0,0,0,0,0,0,12.9976,51.3651,7.8019,106.277,12.7932,48.9854,31.2538,44.7493,5.4146
6/29/2007,223.61,0,0,0,0,0,0,0,0,0,0,0,12.9976,51.3651,7.8019,106.277,12.7932,48.3656,31.2538,44.7493,5.4146
6/30/2007,305.34,0,0,0,0,0,0,0,0,0,0,0,12.9976,51.0943,7.7152,106.277,12.7932,48.3656,31.2538,44.13,5.4146
7/1/2007,197.61,0,0,0,0,0,0,0,0,0,0,0,12.9976,50.5545,7.7152,104.874,12.7932,47.7487,31.2538,44.13,5.4146
7/2/2007,305.41,0,0,0,0,0,0,0,0,0,0,0,12.7944,50.2856,7.7152,103.476,12.7932,47.1349,31.2538,42.9042,5.1206
7/3/2007,306.41,0,0,0,0,0,0,0,0,0,0,0,12.5919,50.0174,7.629,103.476,12.2593,45.9161,31.2538,42.9042,5.1206
7/4/2007,197.61,0,0,0,0,0,0,0,0,0,0,0,12.5919,49.4827,7.629,102.085,12.2593,45.3112,31.2538,42.9042,5.1206
7/5/2007,306.54,0,0,0,0,0,0,0,0,0,0,0,12.5919,48.9507,7.5433,100.699,12.2593,45.3112,31.2538,41.6957,5.1206
7/6/2007,198.55,0,0,0,0,0,0,0,0,0,0,0,12.5919,48.9507,7.5433,100.699,12.2593,45.3112,31.2538,41.6957,5.1206
7/7/2007,197.38,0,0,0,0,0,0,0,0,0,0,0,12.3902,48.6856,7.4581,100.699,12.2593,45.3112,30.4595,41.6957,5.1206
7/8/2007,304.91,0,0,0,0,0,0,0,0,0,0,0,12.3902,48.4212,7.4581,99.3198,11.7308,44.1105,30.4595,41.6957,5.1206
7/9/2007,195.88,0,0,0,0,0,0,0,0,0,0,0,12.1892,48.1574,7.3734,97.9464,11.7308,45.3112,29.6699,41.0979,5.1206
7/10/2007,304.48,0,0,0,0,0,0,0,0,0,0,0,12.1892,47.8942,7.3734,97.9464,11.7308,47.1349,29.6699,41.0979,5.1206
7/11/2007,195.61,0,0,0,0,0,0,0,0,0,0,0,12.1892,47.3698,7.3734,96.5792,11.7308,47.1349,29.6699,41.0979,5.1206
7/12/2007,195.23,0,0,0,0,0,0,0,0,0,0,0,11.989,47.3698,7.2891,95.2181,11.7308,46.524,29.6699,40.5044,5.1206
7/13/2007,304.32,0,0,0,0,0,0,0,0,0,0,0,11.989,46.848,7.2891,92.5145,11.7308,45.3112,28.8852,40.5044,4.5411
7/14/2007,226.38,0,0,0,0,0,0,0,0,0,0,0,11.989,46.5881,7.2891,92.5145,11.2076,44.7093,28.8852,39.3305,4.5411
7/15/2007,226.27,0,0,0,0,0,0,0,0,0,0,0,11.7896,46.3288,7.2054,91.172,11.2076,45.3112,28.8852,39.3305,4.5411
7/16/2007,226.27,0,0,0,0,0,0,0,0,0,0,0,11.7896,46.0701,7.2054,91.172,11.2076,45.9161,28.8852,39.3305,4.5411
7/17/2007,325.5,0,0,0,0,0,0,0,0,0,0,0,11.5909,45.8121,7.1221,91.172,11.2076,45.9161,28.1053,39.3305,4.5411
7/18/2007,226.04,0,0,0,0,0,0,0,0,0,0,0,11.5909,45.5547,7.1221,89.8358,11.2076,45.3112,28.1053,37.6019,4.5411
7/19/2007,227.27,0,0,0,0,0,0,0,0,0,0,0,11.5909,44.5317,7.1221,89.8358,11.2076,44.7093,28.1053,37.6019,4.2559
7/20/2007,226.29,0,0,0,0,0,0,0,0,0,0,0,11.393,44.7865,7.0394,88.506,10.6901,44.1105,28.8852,37.6019,4.2559
7/21/2007,226.28,0,0,0,0,0,0,0,0,0,0,0,11.393,44.5317,7.0394,88.506,10.6901,44.1105,28.8852,38.7499,4.2559
7/22/2007,226.56,0,0,0,0,0,0,0,0,0,0,0,11.393,44.2775,7.0394,88.506,10.6901,44.7093,28.1053,38.7499,4.2559
7/23/2007,227,0,0,0,0,0,0,0,0,0,0,0,11.393,44.2775,6.9571,87.1825,10.6901,44.1105,27.3304,37.6019,4.2559
7/24/2007,225.9,0,0,0,0,0,0,0,0,0,0,3.6,11.989,44.024,6.9571,87.1825,10.1783,43.5146,27.3304,36.3057,3.9737
7/25/2007,324.68,0,0,0,0,0,0,0,0,0,0,24.9,12.5919,44.024,7.0394,85.8653,10.1783,44.7093,28.1053,36.807,3.9737
7/26/2007,224.43,0,0,0,0,0,0,0,0,0,0.2,0.4,12.3902,48.9507,7.0394,85.8653,10.1783,44.1105,27.3304,37.6019,3.9737
7/27/2007,224.72,0,0,1.6,1,2.9,0,0,0,0,0,0,11.989,48.6856,7.8891,84.5546,10.1783,43.5146,26.5606,36.3057,3.9737
7/28/2007,224.31,12.2,17.3,18.5,18.2,21.2,8.9,11,13.4,21,25.2,9.5,12.9976,46.848,8.3324,87.1825,10.1783,48.3656,31.2538,36.3057,3.9737
7/29/2007,324.21,1,0,1.6,0,0,1.2,0,0,0,0,0,12.5919,48.1574,8.1536,89.8358,15.5382,54.695,29.6699,41.6957,5.1206
7/30/2007,225.21,0,0,0,0,0,0,0,0,0,0,0,12.3902,48.1574,7.3734,92.5145,15.5382,52.7656,32.8564,39.9153,4.8294
7/31/2007,324.66,0,0,0,0,0,0,0,0,0,0,0,12.1892,47.6317,7.2054,95.2181,13.8764,49.6081,36.9418,44.13,5.1206
8/1/2007,263.71,0,0,0,0,0,0,0,0,0,0,0,11.989,45.8121,7.0394,99.3198,12.7932,47.7487,32.8564,49.2057,4.5411
8/2/2007,167.43,0,0,0,0,0,0,0,0,0,0,0,11.989,44.7865,7.0394,97.9464,12.2593,47.1349,30.4595,43.5149,4.5411
8/3/2007,236.42,0,0,0,0,0,0,0,0,0,0,0,11.989,44.2775,6.9571,93.8632,11.7308,47.1349,28.8852,40.5044,4.5411
8/4/2007,236.52,0,0,0,0,0,0,0,0,0,0,0,11.7896,44.024,6.9571,89.8358,11.2076,46.524,28.1053,38.7499,4.5411
8/5/2007,236.28,0,0,0,0,0,0,0,0,0,0,0,11.7896,43.7712,6.8753,88.506,10.6901,44.7093,28.1053,37.6019,4.5411
8/6/2007,237.44,0,0,0,0,0,0,0,0,0,0,0,11.7896,43.2674,6.8753,87.1825,10.6901,44.7093,27.3304,37.6019,4.5411
8/7/2007,252,0,0,0,0,0,0,0,0,0,0,0,11.7896,43.0165,6.794,84.5546,10.6901,45.9161,27.3304,36.3057,4.5411
8/8/2007,239.97,0,0,0,0,0,0,0,0,0,0,0,11.5909,42.5167,6.794,83.2504,10.6901,44.7093,27.3304,36.3057,4.5411
8/9/2007,146.74,0,0,0,0,0,0,0,0,0,0,0,11.393,42.0194,6.7132,81.9526,10.1783,45.3112,26.5606,36.3057,4.5411
8/10/2007,144.61,0,0,0,0,0,0,0,0,0,0,0,11.393,41.7717,6.7132,81.9526,10.1783,46.524,26.5606,35.3136,4.5411
8/11/2007,247.16,0,0,0,0,0,0,0,0,0,0,0,11.196,41.2784,6.6329,80.6614,9.6723,44.7093,26.5606,35.3136,4.5411
8/12/2007,146.83,0,0,0,0,0,0,0,0,0,0,0,11.196,41.0327,6.6329,80.6614,9.6723,43.5146,25.7958,35.3136,4.5411
8/13/2007,148.66,0,0,0,0,0,0,0,0,0,0,0,10.9997,40.5432,6.5531,79.3767,9.6723,45.3112,25.7958,34.3351,4.2559
8/14/2007,190.08,0,0,0,0,0,0,0,0,0,0,0,10.8042,40.2995,6.5531,78.0987,9.6723,44.7093,26.5606,34.8226,3.9737
8/15/2007,238.95,0,0,0,0,0,0,0,0,0,0,0,10.6095,40.0564,6.4737,78.0987,9.1724,44.7093,25.0363,35.3136,3.6949
8/16/2007,238.82,0,0,0,0,0,0,0,0,0,0,0,10.6095,39.8139,6.4737,76.8273,9.1724,42.9218,25.7958,33.3703,3.6949
8/17/2007,243.64,0,0,0,0,0,0,0,0,0,0,0,10.4157,39.331,6.3949,76.8273,9.1724,43.5146,25.7958,34.3351,3.4196
8/18/2007,146.34,0,0,0,0,0,0,0,0,0,0,0,10.2227,39.0906,6.3949,75.5625,9.1724,43.5146,25.7958,34.3351,3.4196
8/19/2007,139.47,0,0,0,0,0,0,0,0,0,0,0,10.2227,39.0906,6.3165,74.3045,9.1724,43.5146,25.0363,34.3351,3.4196
8/20/2007,148.72,0,0,0,0,0,0,0,0,0,0,0,10.0305,38.8507,6.3165,74.3045,9.1724,42.9218,25.0363,33.3703,3.4196
8/21/2007,142.72,0,0,0,0,0,0,0,0,0,0,0,10.0305,38.8507,6.2387,73.0533,8.6787,42.9218,25.7958,33.3703,3.4196
8/22/2007,239.71,0,0,0,0,0,0,0,0,0,0,0,9.8391,38.3731,6.2387,73.0533,8.6787,42.9218,25.7958,34.3351,3.4196
8/23/2007,140.23,0,0,0,0,0,0,0,0,0,0,0,9.8391,37.898,6.1613,71.8088,8.6787,42.332,25.0363,34.3351,3.4196
8/24/2007,246.95,0,0,0,0,0,0,0,0,0,0,0,9.6487,37.6615,6.1613,71.8088,8.6787,42.9218,25.0363,33.3703,3.4196
8/25/2007,144.31,0,0,0,0,0,0,0,0,0,0,0,9.6487,37.4256,6.0844,70.5712,8.1914,40.5812,25.0363,33.3703,3.4196
8/26/2007,239.74,0,0,0,0,0,0,0,0,0,0,0,9.4591,37.1904,6.0844,70.5712,8.1914,38.29,23.5332,33.3703,3.4196
8/27/2007,148.31,0,0,0,0,0,0,0,0,0,0,0,9.4591,36.9558,6.008,69.3405,7.7107,42.9218,24.282,31.482,3.4196
8/28/2007,240.1,0,0,0,0,0,0,0,0,0,0,0,9.2703,36.4887,6.008,68.1168,7.7107,43.5146,23.5332,32.4193,3.1479
8/29/2007,137.19,0,0,0,0,0,0,0,0,0,0,0,9.2703,36.0242,5.9321,66.9,7.7107,41.1617,23.5332,31.482,3.1479
8/30/2007,136.81,0,0,0,0,0,0,0,0,0,0,0,9.2703,36.0242,5.9321,65.6902,7.7107,41.1617,23.5332,31.482,3.1479
8/31/2007,147.75,0,0,0,0,0,0,0,0,0,0,0,9.0825,36.0242,5.8567,65.6902,7.7107,42.332,23.5332,31.482,3.1479
9/1/2007,290.72,0,0,0,0,0,0,0,0,0,0,0,9.0825,35.793,5.8567,64.4875,7.2218,41.7453,23.5332,31.482,2.88
9/2/2007,168.48,0,0,0,0,0,0,0,0,0,0,0,9.0825,35.5624,5.8567,64.4875,7.2218,42.9218,22.7897,31.482,2.88
9/3/2007,167.4,0,0,0,0,0,0,0,0,0,0,0,8.8955,35.5624,5.8567,63.2919,7.2218,42.9218,22.7897,30.5584,2.88
9/4/2007,170.89,0,0,0,0,0,0,0,0,0,0,0,8.8955,35.3324,5.7818,63.2919,7.2218,42.332,22.0519,30.5584,2.88
9/5/2007,178.04,0,0,0,0,0,0,0,0,0,0,0,8.8955,35.1032,5.7818,62.1035,7.2218,41.7453,22.7897,29.6485,2.88
9/6/2007,167.26,0,0,0,0,0,0,0,0,0,0,0,8.8955,34.8746,5.7818,62.1035,6.8297,43.5146,22.7897,30.5584,2.88
9/7/2007,75.31,0,0,0,0,0,0,0,0,0,0,0,8.7094,34.4194,5.7818,62.1035,6.8297,41.7453,22.7897,30.5584,2.88
9/8/2007,168.33,0,0,0,0,0,0,0,0,0,0,0,8.7094,34.4194,5.7073,60.9224,6.8297,41.1617,22.0519,30.5584,2.88
9/9/2007,170.08,0,0,0,0,0,0,0,0,0,0,0,8.5243,34.1928,5.7073,60.9224,6.8297,41.1617,20.5932,29.1987,2.88
9/10/2007,181.5,0,0,0,0,0,0,0,0,0,0,0,8.5243,33.9668,5.6334,59.7484,6.8297,42.332,19.8726,27.4338,2.88
9/11/2007,182.36,0,0,0,0,0,0,0,0,0,0,0,8.5243,33.7415,5.6334,59.7484,6.8297,41.7453,19.8726,26.5719,2.88
9/12/2007,182.08,0,0,0,0,0,0,0,0,0,0,0,8.34,33.5169,5.6334,59.7484,6.4413,41.7453,19.158,26.5719,2.88
9/13/2007,181.46,0,0,0,0,0,0,0,0,0,0,0,8.34,33.5169,5.5599,58.5818,6.4413,42.332,19.158,25.7237,2.88
9/14/2007,84.09,0,0,0,0,0,0,0,0,0,0,0,8.1567,33.293,5.5599,58.5818,6.4413,42.9218,19.158,25.7237,2.6162
9/15/2007,83.23,0,0,0,0,0,0,0,0,0,0,0,8.1567,33.293,5.4869,57.4226,6.4413,43.5146,19.158,25.7237,2.3568
9/16/2007,180.7,0,0,0,0,0,0,0,0,0,0,0,8.1567,32.8471,5.4869,57.4226,6.4413,43.5146,20.5932,25.7237,2.3568
9/17/2007,181.82,0,0,0,0,0,0,0,0,0,0,0,8.34,32.4039,5.4869,57.4226,6.0568,42.9218,19.8726,27.4338,2.3568
9/18/2007,84.55,0,0,0,0,0,0,0,0,0,0,0,8.1567,32.1833,5.4145,56.2708,6.0568,42.9218,19.8726,26.5719,2.3568
9/19/2007,181.23,0,0,0,0,0,0,0,0,0,0,0,8.1567,31.9634,5.4145,56.2708,6.0568,43.5146,19.8726,26.5719,2.3568
9/20/2007,84.09,0,0,0,0,0,0,0,0,0,0,0,7.9744,31.7441,5.4145,55.1264,6.0568,42.9218,19.8726,26.5719,2.1021
9/21/2007,85.06,0,0,0,0,0,0,0,0,0,0,0,7.9744,31.5255,5.3425,55.1264,6.0568,43.5146,20.5932,26.5719,2.1021
9/22/2007,182.2,0,0,0,0,0,0,0,0,0,0,0,7.9744,31.5255,5.3425,55.1264,5.6763,43.5146,19.158,27.4338,2.1021
9/23/2007,181.67,0,0,0,0,0,0,0,0,0,0,0,7.9744,31.3076,5.271,52.8604,5.6763,39.4294,19.8726,25.7237,2.1021
9/24/2007,173.04,0,0,0,0,0,0,0,0,0,0,0,7.9744,31.0903,5.271,52.8604,5.3,38.29,20.5932,26.5719,1.8525
9/25/2007,199.63,0,0,0,0,0,0,0,0,0,0,0,7.793,30.8738,5.1999,51.7389,5.3,39.4294,19.8726,27.4338,1.8525
9/26/2007,102.89,0,0,0,0,0,0,0,0,0,0,0,7.793,30.6579,5.1999,51.7389,4.9281,38.8581,19.158,26.5719,1.8525
9/27/2007,86.21,0,0,0,0,0,0,0,0,0,0,0,7.6126,30.4426,5.1999,49.519,4.9281,42.332,18.4495,25.7237,1.8525
9/28/2007,83.96,0,0,0,0,0,0,4,0,0,0,0,7.6126,30.4426,5.1999,48.4207,4.9281,41.7453,17.7472,24.4772,1.8525
9/29/2007,82.95,0,0,0,0,0,0,0,0.4,0,0.2,6.5,7.9744,30.2281,5.271,48.4207,4.9281,36.6045,16.3618,23.6634,1.8525
9/30/2007,180.08,0,0,0,0,0,0,0,0,0,0,0,7.793,30.2281,5.4869,48.4207,4.9281,38.29,18.4495,22.0769,1.8525
10/1/2007,181.3,0,0,0,7.6,11.7,0,0,0,0,7.1,0,16.7756,31.0903,6.2387,48.4207,5.3,38.8581,23.5332,25.3048,1.8525
10/2/2007,93.85,0,0,0,0,0,0,0,0,0,0.4,0,8.8955,31.7441,6.008,48.4207,5.3,39.4294,25.0363,31.482,2.6162
10/3/2007,86.96,0,0,0,0,0,0,0,0,0,0,0,8.5243,36.2561,5.4869,48.4207,4.9281,39.4294,23.5332,33.3703,2.3568
10/4/2007,95.04,0,0,0,0,0,0,0,0,0,0,0,8.1567,33.7415,5.3425,49.519,4.9281,39.4294,23.5332,31.482,2.3568
10/5/2007,184.22,0,0,0,0,0,0,0,0,0,0,0,7.9744,31.0903,5.271,50.625,4.9281,39.4294,23.5332,31.482,2.3568
10/6/2007,91.08,0,0,0,0,0,0,0,0,0,0,0,7.793,30.6579,5.1999,52.8604,4.9281,38.29,19.8726,31.0185,2.3568
10/7/2007,89.55,0,0,0,0,0,0,0,0,0,0,0,7.793,30.4426,5.1999,53.9896,4.9281,37.725,18.4495,26.5719,2.3568
10/8/2007,92.75,0,0,0,0,0,0,0,0,0,0,0,7.6126,29.801,5.1294,52.8604,4.9281,37.1632,17.7472,24.4772,1.8525
10/9/2007,82.51,0,0,0,0,0,0,0,0,0,0,0,7.6126,29.801,5.0594,49.519,4.5609,37.725,17.7472,23.6634,1.8525
10/10/2007,101.2,0,0,0,0,0,0,0,0,0,0,0,7.6126,29.3766,5.0594,48.4207,4.5609,37.1632,16.3618,23.6634,1.8525
10/11/2007,98.25,0,0,0,0,0,0,0,0,0,0,0,7.429,28.955,4.9898,47.3304,4.1985,36.6045,16.3618,21.6888,1.8525
10/12/2007,99.61,0,0,0,0,0,0,0,0,0,0,0,7.429,28.7452,4.9898,45.1736,4.1985,37.725,15.679,21.6888,1.8525
10/13/2007,97.95,0,0,0,0,0,0,0,0,0,0,0,7.2464,28.536,4.9898,45.1736,3.8412,37.1632,15.003,20.923,1.8525
10/14/2007,82.12,0,0,0,0,0,0,0,0,0,0,0,7.2464,28.536,4.9898,44.1074,3.8412,36.6045,15.003,20.171,1.8525
10/15/2007,102.52,0,0,0,0,0,0,0,0,6.2,3.6,1.5,7.2464,28.536,4.9207,44.1074,3.8412,36.049,15.003,20.171,1.8525
10/16/2007,109.07,0,0,0,0,0,0,0,0,0,0,0,7.2464,28.536,4.9207,43.0493,4.1985,35.4967,15.003,20.171,1.3702
10/17/2007,89.35,0,0,0,0,0,0,0,0,0,0,0,7.0652,28.3276,4.8522,43.0493,4.1985,34.4017,14.334,19.8001,1.3702
10/18/2007,101.27,0,0,0,0,0,0,0,0,11.8,0,15.5,9.0824,28.3276,5.1294,41.9994,3.8412,34.4017,14.334,19.0686,1.3702
10/19/2007,113.83,33.6,5.1,3.5,0,14.1,14.7,29.6,21,27.5,33,2.5,9.4591,31.0903,6.008,41.9994,3.8412,36.6045,33.6646,21.3042,2.3568
10/20/2007,107.23,12.8,0,0,0,2.2,51.4,7,14.8,0.7,11.5,9.2,8.8955,39.8139,5.6334,43.0493,4.5609,37.1632,34.4773,45.373,2.3568
10/21/2007,104.75,0,0,0,0,0,0,0,0,0,0,0,8.7094,40.2995,5.4145,45.1736,8.6787,37.725,91.6524,52.5183,1.6083
10/22/2007,194.3,0,0,0,0,0,0,0,0,0,0,0,8.5243,36.7219,5.271,51.7389,8.1914,37.725,63.3785,119.178,1.3702
10/23/2007,145.68,0,8.5,0,0,0,23.4,16.6,8.6,23.7,0,0,8.34,32.8471,5.0594,60.9224,7.2218,38.8581,47.8792,82.9036,1.3702
10/24/2007,217.19,2.8,0,0,3,0.3,0,0,0.6,1.7,1.2,0,8.34,31.9634,5.0594,58.5818,10.1783,38.29,46.1233,63.8438,1.3702
10/25/2007,276.72,1,0,64.5,5.2,26.1,0,11.6,1,6.5,43.9,21.5,21.0508,33.5169,7.9768,53.9896,11.2076,42.9218,46.1233,61.6361,6.923
10/26/2007,131.04,2.4,1.5,9.8,10,0.3,6.8,4.4,3.4,8.8,3.1,0,10.2227,38.1352,7.1221,53.9896,11.7308,45.3112,37.6613,60.9088,7.8561
10/27/2007,124.59,0,0,0,0,0,0,9.2,0,0.2,0,0,8.8955,48.9507,5.4145,57.4226,11.2076,45.9161,40.1432,50.5178,8.1714
10/28/2007,221.23,0,0,0,0,0,0,0.2,0,0,0,0,8.7094,44.2775,5.3425,62.1035,10.1783,44.7093,58.8338,55.9388,7.8561
10/29/2007,119.03,0,0,0,0,0,21.9,6.2,1,0,0,0,8.5243,37.1904,5.3425,71.8088,9.1724,43.5146,53.2681,77.9056,7.5429
10/30/2007,128.78,0,0.4,12.5,0,0,0,0,0,0,0,0,8.34,36.2561,5.1999,75.5625,8.1914,42.332,76.2687,73.8593,7.5429
10/31/2007,163.39,0,0,8.2,0,33.3,0,0,0,0,24.7,7.6,8.1567,33.293,5.4869,66.9,7.7107,42.332,50.5511,98.8301,7.5429
11/1/2007,153.41,0,0.6,3.4,0,0,0,0,1.5,2.5,0,0,7.9744,32.6252,6.794,59.7484,7.2218,41.1617,37.6613,66.0903,7.5429
11/2/2007,126.51,0,0,0,17.5,21.9,8.7,4.4,0,20.2,5.3,32,7.793,34.4194,11.5665,57.4226,6.8297,41.7453,32.0679,49.8596,7.8561
11/3/2007,142.88,0,18.7,18.8,0,0,2.1,0,0,0,0,61.5,7.9744,38.6116,6.1613,53.9896,7.7107,42.332,30.5224,42.9042,8.808
11/4/2007,120,0,0,9.5,30,18.9,6,0.4,0.6,1.1,52.9,8.1,10.8042,60.0741,8.6042,56.2708,8.6787,42.9218,28.2496,40.5044,8.4887
11/5/2007,229.02,21.2,42.9,11,0,5.3,3.1,12.6,14.3,28.3,16.7,49.1,12.1892,69.6942,10.3284,60.9224,11.7308,43.5146,37.6613,38.7499,8.1714
11/6/2007,147.75,0,1.2,5.3,0,36.3,0,3,1.2,1.4,15.2,10.3,13.6116,79.944,10.7332,80.6614,15.5382,45.3112,33.6371,49.8596,8.1714
11/7/2007,209.03,0,10.2,7,13,40.2,0,8,3.9,5.8,5,19.8,67.4485,106.382,17.2311,106.277,13.8764,47.1349,37.6613,45.373,8.808
11/8/2007,156.68,0,0,0,0,11.3,17.4,6,0.7,6.6,2.6,1.3,15.2801,158.184,9.4464,126.538,13.3323,46.524,36.8451,50.5178,8.4887
11/9/2007,247.78,1,0,4.8,2.3,0.2,0,3,2.4,0.2,2.8,4,14.6492,113.607,7.9768,163.784,13.3323,45.9161,37.6613,49.2057,8.1714
11/10/2007,352.57,14,0,3.2,3.7,0,0,0.2,0,0.1,8,3.6,13.2015,74.1016,6.794,210.928,12.7932,45.9161,45.2532,51.1803,8.808
11/11/2007,325.96,0,0,0,0,55,0,4,0,10.5,5.5,10,12.3902,60.0741,6.794,198.788,12.2593,47.1349,38.483,59.4672,9.7774
11/12/2007,341.46,0,0,0,1.3,0,10.4,0,3.3,0,4,0,34.3988,58.9164,7.2054,155.774,12.2593,45.3112,35.2296,51.1803,9.4524
11/13/2007,334.2,12.8,4.6,2.8,27.3,1,20.5,30,31.5,42.8,17,38,14.232,59.7837,9.6389,128.028,18.4004,55.9956,52.3575,49.2057,9.1293
11/14/2007,333.76,0,0,0,0,0,0,0,0,0.4,2,2,16.9918,101.927,10.7332,110.523,25.6902,71.0406,67.0039,71.4833,8.808
11/15/2007,314.41,0,0,0,0,0,0,0,0,0,0,4.5,13.6116,102.664,8.6042,113.384,18.986,69.618,68.8341,89.8094,8.4887
11/16/2007,335.93,0,0,0,0,0,0,0,0,0,0,1.9,12.9976,71.2545,7.5433,140.145,14.4255,66.1089,48.7647,89.8094,8.1714
11/17/2007,320.58,0,0,0,0,0,0,1,0,0,0,0,13.2015,66.0123,6.3949,155.774,12.2593,59.9655,38.483,63.8438,7.8561
11/18/2007,235.98,0,0,0,0,0,0,0,0,0,0,0,11.7896,58.6285,6.2387,138.612,10.6901,54.049,31.2921,50.5178,7.5429
11/19/2007,321.72,0,0,5.3,8,0,0,0,0,0,0,0,12.7944,50.2856,6.2387,114.822,10.1783,52.1283,29.7587,41.6957,7.5429
11/20/2007,328.34,19.2,5.8,0,0,17,22.3,21,13.2,9.4,6.2,29,14.4403,48.9507,7.2891,103.476,9.6723,59.9655,32.8495,39.9153,8.4887
11/21/2007,138.84,7.4,0,16.4,2,5,0,5,3.4,0,2.7,2.6,17.4262,51.6365,7.2054,92.5145,10.6901,61.9883,33.6371,44.13,9.4524
11/22/2007,327.65,0,0,0,0,0,0,0.2,0,0,0,1.5,13.8177,51.6365,6.6329,87.1825,10.1783,57.3075,47.8792,46.6333,8.808
11/23/2007,148.82,0,0,0,0,0,0,0,0,0,0,0,12.7944,50.0174,6.1613,84.5546,9.1724,54.049,38.483,63.1035,10.7631
11/24/2007,146.86,0,0.6,0,0.5,0,0,0,4,2.6,0,2.6,11.989,44.7865,7.629,87.1825,8.1914,50.2338,34.4305,51.1803,13.8086
11/25/2007,284.18,3.6,4.8,11,0,1.5,0,0.6,0,0,4.8,3.3,14.8588,47.1086,8.3324,89.8358,7.7107,49.6081,30.5224,45.373,20.9735
11/26/2007,113.37,17.8,9,46.4,0.4,45.5,2.1,4.4,5.3,4.6,1.4,4.4,14.8588,54.6644,11.9951,81.9526,7.7107,55.3438,32.0679,41.0979,14.8506
11/27/2007,284.61,30.2,0,9.5,79.5,8.2,8.6,10.6,30,7.1,0,0,13.8177,59.7837,8.3324,76.8273,11.2076,58.6309,36.8451,43.5149,9.4524
11/28/2007,295.2,2.6,1.6,18.8,0,0,0,0,2.6,0,0,0,13.2015,63.6072,7.8019,88.506,21.3695,58.6309,66.0931,52.5183,9.4524
11/29/2007,286.88,0,6,0,0,0,0,0,0,0.1,0,0,14.4403,54.9435,8.9736,99.3198,21.9754,57.9678,47.8792,86.322,9.4524
11/30/2007,309,1,0,0,6.5,6.9,11.7,26,11.9,3.6,0,12.3,12.7944,46.5881,16.2078,111.951,20.7675,66.1089,46.9987,63.8438,8.808
12/1/2007,282.83,0,0,0,0,0,0,39,0,0,0,0,12.1892,52.7287,7.8891,106.277,18.4004,59.9655,36.0345,61.6361,8.808
12/2/2007,290.11,0,0,0,0,0,0,0,0,0,0,0,11.7896,50.2856,6.8753,93.8632,13.8764,59.9655,32.0679,47.9109,8.1714
12/3/2007,195.87,0,0,0,0,0,0,0,0,0,0,0,11.393,45.5547,6.3949,91.172,11.2076,52.7656,31.2921,42.9042,6.3123
12/4/2007,195.96,0,4.4,0,0,0,0,0,0,4,0,0,12.1892,42.7663,6.3949,97.9464,10.1783,53.4059,33.6371,42.2978,6.3123
12/5/2007,283.64,29.6,0,4.5,0,25.5,5.1,3.1,18.3,0,0,3.2,12.1892,41.5247,6.794,85.8653,9.6723,53.4059,36.0345,45.373,4.5411
12/6/2007,275.13,0,0,0,0,0,1,5.2,0.6,0,0,0,11.196,45.0419,6.1613,80.6614,9.1724,55.9956,36.8451,48.5561,3.4196
12/7/2007,257.62,6.8,7.5,0,0,0,6.6,4,5.5,0,0,1.7,10.8042,43.7712,5.9321,74.3045,8.1914,57.3075,41.8251,49.8596,5.1206
12/8/2007,370.21,13,30.5,0,0,0,1.2,1.9,8.6,7.1,0,1.3,10.0305,41.2784,6.9571,71.8088,8.1914,53.4059,45.2532,56.6359,6.3123
12/9/2007,361.8,11.4,140,0,24.2,14.5,62.5,9,59.5,0.7,42,92.8,16.1307,51.6365,9.2558,84.5546,9.1724,78.3136,75.3296,63.8438,6.3123
12/10/2007,443.85,0,1.4,5.4,0,0,2.7,0,0,2.7,0,7.3,14.0245,63.0121,7.2891,81.9526,11.2076,62.6682,67.9175,99.7559,5.7113
12/11/2007,462.61,1,0,0,0,1.9,0,0.3,0,5.3,3.7,12,16.1307,43.0165,6.794,87.1825,9.1724,57.9678,58.8338,89.8094,5.7113
12/12/2007,489.49,0,0,0,2.3,0,0,0,0,0,4.9,17.6,14.4403,53.5545,6.4737,104.874,8.6787,47.1349,41.8251,77.0877,5.4146
12/13/2007,516.78,0,0,2,0,8.9,11.2,6.2,2.1,11.5,9,0.3,13.4062,73.4646,6.8753,129.524,8.6787,45.9161,36.0345,55.2461,5.4146
12/14/2007,522.14,8.6,12.1,0,3.2,16.8,6.5,15,6.1,0.5,0.7,3.2,16.345,69.0744,9.0672,132.531,11.7308,52.1283,44.3883,49.2057,5.4146
12/15/2007,529.33,11.2,10,0,8.3,49.8,16.5,22.2,6,18.2,41.5,43.1,14.8588,79.944,9.2558,135.561,23.8161,58.6309,58.8338,60.9088,4.5411
12/16/2007,524.52,0,12.5,0,5.8,0,0,0,0,0,23.6,0,58.5814,138.219,9.1612,144.779,21.3695,64.7244,97.5876,82.9036,4.5411
12/17/2007,588.46,0,0,0,0,0,0,0,0,0,0,3.3,15.9171,120.647,7.3734,165.402,15.5382,62.6682,120.067,133.366,3.9737
12/18/2007,517.37,0,0,0,0,0,0,0,0,0,0,0,15.0691,79.6142,6.6329,202.233,12.2593,54.049,73.4598,155.551,3.4196
12/19/2007,548.02,0,0,11.8,0,0,0,0,0,0,0,0,17.2087,64.2048,6.6329,202.233,10.6901,50.2338,54.1836,96.0785,9.7774
12/20/2007,708.55,37.8,35.6,5.4,29.3,91.5,13.3,37.7,19.3,67.7,52,26.7,126.015,77.323,27.7086,168.651,35.5198,51.4939,81.9595,75.4649,14.1545
12/21/2007,1135.65,63.7,39.2,19.5,43.8,26.1,81.5,65.1,43.6,22.3,16.2,21.7,102.662,241.904,29.0468,171.921,105.672,131.628,200.426,123.27,19.5019
12/22/2007,1089.56,17.2,12.7,36,15.4,7.7,6.4,5.4,9.5,4.8,22.1,5,65.4678,290.448,24.348,245.011,77.0085,217.561,364.104,287.332,24.7272
12/23/2007,1243.69,1,0,8.5,2.6,26.3,1.1,0.4,0.4,11.4,36.5,45,32.1409,296.638,25.7613,385.839,48.2977,191.398,226.772,471.932,19.5019
12/24/2007,1320.31,6.8,8,0,7.8,2.3,40.4,30.6,13.7,3.9,1.1,0,30.7522,302.927,19.2356,461.736,39.932,149.654,170.314,297.182,16.2591
12/25/2007,1245.28,0,0,0,3.3,13.2,0,0,0,2,20,2.9,35.5441,256.331,29.2164,478.558,41.3,132.555,254.326,236.943,15.905
12/26/2007,1244.74,0,0,0,0,0,0,0,0,0,0,0,22.5515,216.225,17.8869,515.292,39.647,133.485,198.07,333.816,15.2007
12/27/2007,1249.68,0,0,0,0,0,0,0,0,0,0,0,20.5571,177.912,12.764,513.094,28.2388,115.355,121.114,256.214,14.5019
12/28/2007,864.04,0,0,0,0,0,0,0,0,0,0,0,19.823,148.486,10.9386,482.81,22.5851,90.4929,88.7179,158.579,12.101
12/29/2007,864.86,0,0,0,0,0,0,0,0,0,0,0,18.9662,120.251,9.5424,429.032,19.5757,71.7559,73.4598,117.158,10.4328
12/30/2007,558.03,0,0,0,0,0,0,0,0,0,0,0,17.6444,104.888,9.0672,356.488,17.2422,68.2063,65.1853,96.9914,9.4524
12/31/2007,479,0,0,0,0,0,0,0,0,0,0,0,16.9918,93.2736,8.5131,292.263,15.5382,64.7244,58.8338,86.322,8.808
1/1/2008,490.76,0,0,0,0,0,0,0,0,0,0,0,16.345,85.9826,8.1536,237.701,14.9795,61.9883,54.1836,77.9056,8.808
1/2/2008,488.16,0,0,0,0,0,0,0,0,0,0,0,15.7041,78.9566,7.8019,203.963,13.8764,61.9883,50.5511,72.2709,6.6165
1/3/2008,327.93,0,0,5.5,0,0,0,0,0,0,0,0,15.2801,73.147,7.5433,176.863,12.2593,62.6682,46.9987,66.8478,6.0105
1/4/2008,361.62,0,0,0,0,0,0,0,0,0,0,0,14.6492,68.7654,7.3734,158.963,11.7308,55.3438,43.5286,62.3676,5.7113
1/5/2008,306.24,0,0,7.8,0,0,0,0,0,0,0,0,14.0245,66.0123,7.2891,146.333,11.2076,48.9854,40.1432,58.0429,10.7631
1/6/2008,393.46,0,0,42.5,5.7,14.2,9.5,15.5,18.4,21.2,6.5,2,13.4062,66.3158,7.8891,135.561,12.2593,47.7487,47.8792,54.5577,18.4101
1/7/2008,457.39,18.8,36,16,17.1,70.2,35.7,19,23.2,11.4,24.3,6.6,20.3116,73.4646,28.8778,135.561,17.2422,52.1283,53.2681,64.5883,20.9735
1/8/2008,531.67,0,10,19.9,0,7.2,0,13,7.5,7.2,0,4.8,14.6492,72.198,18.6901,141.684,21.3695,67.5044,66.0931,73.0629,16.2591
1/9/2008,473.16,7.6,0,4.6,0,8.7,0,0,23.3,6.1,0,0.4,14.232,70.6285,12.6526,146.333,18.4004,61.9883,83.8776,90.6921,14.5019
1/10/2008,548.78,3.2,0,8.3,0,2.8,0,0,4.5,40.5,0,1.6,13.8177,63.9057,22.9751,158.963,26.3221,54.695,86.7741,112.184,11.0951
1/11/2008,556.67,3.8,0,3.5,3.8,0,4,5,0.5,27.3,0,5.5,29.1092,66.6198,20.3504,170.284,36.8838,59.2968,80.0519,115.156,10.7631
1/12/2008,617.06,1.6,0,11.3,0.6,12.1,0,0,2.8,5.3,6,24.5,16.345,76.6739,15.8322,175.211,38.2597,79.7998,102.6,109.251,14.5019
1/13/2008,616.06,92.8,85,18.3,4.2,31.8,4.1,16,28.9,39.8,18,16.2,18.9662,86.6656,27.3791,190.259,47.35,88.1593,127.442,139.924,45.6449
1/14/2008,698.44,1,0,45.2,0,0,0,1,0,13,0.5,6.1,18.0825,122.236,27.5436,216.201,36.2003,76.8378,89.6936,165.767,122.029
1/15/2008,918.61,0,0,5.5,0,0,0,0,0,0,0,1.2,18.0825,169.072,15.9569,232.265,29.5336,73.1946,70.6759,118.166,99.5335
1/16/2008,913.61,0,0,11,0,0,0,0,0,0,0,0,18.5231,122.635,15.708,280.681,21.9754,67.5044,58.8338,93.3659,62.0915
1/17/2008,770.83,0,0,18.9,0,8.7,0,0,0,0,0,0,25.902,91.5137,19.5113,307.935,18.4004,58.6309,52.3575,77.9056,53.7631
1/18/2008,626.06,8.6,10,9.8,0.5,1.2,1.2,0,0.6,0.6,3,25.4,18.7444,101.193,13.9044,274.947,16.6697,57.9678,47.8792,69.1461,54.1964
1/19/2008,545.67,6.4,0,3.4,0,7.5,0,3,0,12.9,3.9,17.2,20.0669,110.921,15.0944,228.663,17.2422,53.4059,47.8792,63.8438,30.9324
1/20/2008,771.72,13.2,5,2.6,0.4,15.4,8,30.5,21.9,21.9,28.2,17.4,21.7975,144.598,18.2863,216.201,29.5336,66.1089,69.7536,66.8478,21.7159
1/21/2008,759.34,24.6,33,12,13.7,2.1,5.9,15,12.2,2.3,4.2,3.2,33.547,136.959,15.9569,232.265,35.5198,85.0835,61.5838,92.4703,18.4101
1/22/2008,892.39,1,11,0,22.5,31.7,15.2,8,2.4,33,36.3,52,26.6937,172.185,21.6426,269.25,43.1407,113.596,80.0519,84.6042,18.4101
1/23/2008,1045.17,47.8,17,2.9,25.8,36.1,10.3,35,11.3,16,50.5,36.6,28.2974,241.904,18.9619,331.928,50.2064,142.913,81.9595,107.318,12.7796
1/24/2008,1227.94,0,16,6.8,0.3,2.9,0.3,0,1,6.2,0.1,0,32.4208,321.19,22.3779,433.431,55.5432,141.009,81.0044,109.251,13.8086
1/25/2008,1483.38,0,29,9.8,47.8,71.9,0.1,0,0,0,49.3,25,40.2299,314.025,32.3533,521.913,51.6493,140.06,79.1021,108.282,12.7796
1/26/2008,1401.5,2,13,47,22.4,12.1,5,3.1,0.5,39,59.1,10.6,54.9009,358.871,30.7646,588.076,51.1673,140.06,72.529,105.401,39.8117
1/27/2008,1474.89,8.4,23,80.5,51.6,36.1,10.9,3.8,1.3,2.7,31.3,6,64.6837,362.154,35.2131,635.978,58.0103,152.579,105.635,100.686,322.161
1/28/2008,2011.73,48.6,14,25,8.4,113.1,14.6,25.8,12.8,38.6,30.4,30,176.005,390.631,73.1334,660.624,78.0705,174.656,88.7179,138.977,237.816
1/29/2008,2243.78,4.2,45,11.4,20.7,32.1,12.1,14,10,11,29.8,62.5,159.641,487.621,59.8052,683.201,100.561,210.904,80.0519,117.158,216.621
1/30/2008,2233.35,29.8,33,2.2,55.7,33.2,53.6,64.8,87.5,80.8,61.5,57.3,85.2523,578.765,50.9486,726.869,134.493,447.178,225.558,124.287,187.521
1/31/2008,2396.64,16.8,22,0,48.2,14.5,43.3,27,3.6,11.5,33.3,0.5,72.3228,751.266,57.7549,779.954,271.778,601.489,392.205,320.366,160.605
2/1/2008,2679.02,3.4,8,14,16.6,43.3,0,0.3,0,5,0,12.7,152.358,827.101,43.8505,788.076,257.887,566.906,344.147,518.565,110.721
2/2/2008,3134.34,0,14,31.9,0,0,2.8,0,0,0,0,16,83.9115,822.969,40.5631,788.076,122.533,412.571,245.051,448.61,98.9351
2/3/2008,3171.3,1,10,45.3,0,4.1,11.1,6.1,0.8,0.2,0,5.8,102.662,767.286,39.7678,796.24,71.7505,315.698,214.702,324.816,83.671
2/4/2008,2903.28,5.8,15,19.6,28.9,30.1,17.9,22.6,35.8,30,103.8,27.1,263.446,749.937,55.7521,820.981,75.9499,304.499,180.607,283.165,137.001
2/5/2008,2727.98,40.7,20,36,40,37.2,16.1,26.8,21.2,19.5,19.5,10.7,169.617,740.657,73.1334,846.096,105.672,357.99,256.396,249.701,239.255
2/6/2008,3004.07,4.2,81.2,12.8,5,2.9,2.1,2.2,2.6,1.2,6.9,12.1,113.781,747.281,51.8863,877.299,95.511,341.635,236.869,339.889,188.841
2/7/2008,3296.69,9.8,3,26.8,23.8,15.9,57.7,26.2,15.6,36.3,13.8,25.1,141.753,736.693,59.8052,983.323,99.997,370.125,264.714,320.366,171.316
2/8/2008,3269.59,22.8,0,9.2,1.5,52,3.4,25,6.1,34.8,36.7,10.5,167.094,728.789,118.027,1203.22,111.998,455.623,208.726,347.563,112.013
2/9/2008,3179.31,0,0,14.8,0,0,0,1,9.8,0,0,2.2,120.619,716.994,73.1334,1354.88,99.4336,373.19,224.346,280.405,126.9
2/10/2008,3130.02,0,0,5.4,0,2.7,0,0,0,0,0,2.1,73.9853,700.084,55.7521,1434.04,74.3686,303.113,194.547,297.182,112.013
2/11/2008,2947.83,0,0,0,0,0,0,0,0,0,0,0,66.6527,665.449,46.4293,1445.01,57.5149,262.669,154.591,256.214,94.8133
2/12/2008,2752.02,0,0,0,0,0,8.2,0.3,0,0,0,8.6,60.8344,610.432,47.3108,1423.12,49.7276,213.114,129.568,204.279,81.0289
2/13/2008,2558.77,0,0,0,0,0,5.2,0,0,0,0,0,56.8648,534.801,40.5631,1383.41,44.5335,151.602,115.899,172.064,54.1964
2/14/2008,2369.19,0,0,0,0,0,3.1,0,0.5,0,0,0,56.208,455.247,33.0724,1354.88,41.3,139.113,103.609,153.549,43.5464
2/15/2008,2173.63,0,0,0,0,0,2,0,0,0,12.2,0,52.9568,399.067,32.3533,1295.23,40.8428,132.555,106.651,138.977,41.8797
2/16/2008,2085.67,0,0,0,0,0,0,0,0,0,0,0,48.1855,365.46,31.6422,1247.1,40.3868,129.781,94.6091,140.875,40.2239
2/17/2008,1980.5,0,0,0,0,0,0,0,0,0,0,0,45.0773,332.166,27.8742,1179.91,35.5198,125.205,82.9172,125.18,36.9464
2/18/2008,1876.54,0,0,0,0,0,0,0,0,0,0,0,43.2411,308.731,26.8885,1108.13,33.4962,118.902,77.2104,110.225,35.3255
2/19/2008,1684.46,0,0,8.8,24.5,2.8,6.2,25.4,40,2.8,0,7,41.1267,286.007,35.2131,1041.69,34.1677,118.012,87.7447,104.45,38.17
2/20/2008,1591.56,0,0.8,0,18.5,2.4,33.2,16,11.2,1.1,0,3.1,41.7277,272.457,31.9968,986.353,40.3868,133.485,107.67,119.178,35.3255
2/21/2008,1594.7,1.2,3.5,0,2.3,3.4,7.3,3.3,1.3,7.5,0,7.7,39.3387,263.522,29.2164,941.381,36.8838,124.297,106.651,143.748,33.3166
2/22/2008,1604.56,2.8,2.5,0,0,16.2,0,10.4,0,29.7,6.7,38.3,37.8663,258.882,26.4024,891.667,37.5703,109.244,93.621,140.875,33.3166
2/23/2008,1504.22,7.4,1.2,0,1.3,0,0,6.5,3,0.4,37,25.5,36.41,257.349,24.9712,848.909,45.9367,110.109,92.6355,125.18,30.9324
2/24/2008,1307.78,0,0,2,0,17.4,2.1,60,0,2.5,6.3,10.1,34.6841,251.786,24.1935,804.445,42.6788,118.902,104.621,125.18,29.3597
2/25/2008,1307.78,32.8,13.3,3.4,47.3,1.2,51.2,1.5,62.2,19.1,28.3,1.1,33.2644,242.879,26.2414,774.562,48.2977,194.6,173.729,147.627,26.6412
2/26/2008,1306.66,31.4,84.8,0,53.3,36.6,23.7,3.6,22.2,11.3,0,21.5,42.9372,244.837,28.5413,747.881,54.5635,217.561,205.159,235.687,24.7272
2/27/2008,1309.89,0,0,0,0,0,0,0,0,0,0,0,33.2644,266.65,22.0823,701.02,42.6788,202.148,165.785,269.509,22.8375
2/28/2008,1327.78,0,0,0,0.3,0,0,0,0,0,0,0,31.8618,232.788,20.7766,665.609,35.5198,171.581,107.67,214.879,22.4626
2/29/2008,1247.56,0,0,0,0,0,0,0,0,0,0,0,29.9275,203.968,19.789,633.539,35.5198,137.228,89.6936,141.829,22.0887
3/1/2008,1161.33,10.8,7.2,18.3,27.2,15.9,0,4,9.2,2.3,3.7,16.3,28.8379,180.242,25.9209,628.675,33.4962,124.297,90.6717,120.195,21.7159
3/2/2008,1066.11,18.4,13.6,5,10,11.2,26,13,22.7,53.1,33.8,34.2,28.2974,270.335,22.6755,585.73,45.9367,135.352,103.609,123.27,21.3442
3/3/2008,1067.11,0,0,0,0,0,0,0,0,0,0.7,0,27.4922,335.887,19.5113,542.029,65.0492,123.392,123.215,140.875,20.6039
3/4/2008,1128.22,9.6,4.3,0,0.4,0,10.7,0.4,1.4,0,0,0,26.1651,290.448,18.6901,551.09,46.4066,151.602,122.163,164.73,19.8681
3/5/2008,929.83,0,0,0,0,0,0,0,0,0,0,0,25.902,246.808,18.0195,560.225,40.3868,122.489,93.621,159.596,19.5019
3/6/2008,1015.86,0,0,0,0,18.7,0,0,0,0,0,0,26.4291,210.906,19.9286,555.648,33.4962,110.977,79.1021,123.27,65.6562
3/7/2008,830.98,0,0,25.2,3.4,7.2,0,0,5.7,0,0,0,28.8379,195.122,28.7093,544.287,30.8416,101.681,78.1549,105.401,104.408
3/8/2008,1040.37,62.8,56,3.8,33.1,6.5,0,16.5,16.3,33.7,1.7,14,28.8379,190.199,27.5436,578.719,30.8416,141.009,81.0044,104.45,108.166
3/9/2008,1149.96,0,3.1,18.6,0,0,0,0,0,0,0,0.4,28.2974,184.574,28.3737,537.526,44.0681,152.579,80.0519,108.282,59
3/10/2008,1308.3,0,0,9.4,1.9,2.3,0.1,5.3,2.4,0.6,33.9,0.5,30.4766,181.024,30.417,502.173,31.5005,136.288,81.9595,107.318,48.61
3/11/2008,1395.14,10.8,0,0,0,0,0.3,13.4,47.6,7.7,0.8,4.7,33.2644,182.99,32.7119,491.369,31.5005,119.795,106.651,112.184,43.1287
3/12/2008,1300.84,8,12.4,25,0,5.1,19.3,18.4,21.5,0,0.4,1,29.1092,190.606,32.5323,474.324,32.1626,129.781,134.919,145.681,40.6368
3/13/2008,1408.52,6.2,34.3,26,27.5,4.4,4.1,24.4,21.9,29.4,10.5,23,39.043,195.122,31.9968,497.838,38.2597,172.604,173.729,185.036,36.1344
3/14/2008,1549.8,2.8,9.4,1.2,12.5,31.3,20.2,15,5.7,13.4,35.3,22.4,35.832,222.101,29.3864,502.173,64.0321,203.235,177.16,233.186,35.3255
3/15/2008,1846.61,38,15.8,7.5,29.6,6.5,25.8,20,40.4,34.5,5.6,40,38.4533,282.71,27.8742,567.126,92.732,298.975,285.747,249.701,29.3597
3/16/2008,2127.56,22.4,51,0,63.9,33.7,50.3,56.8,47.6,23.1,36,72,154.163,354.312,39.7678,599.878,107.962,467.579,603.765,419.063,54.6302
3/17/2008,2175.59,5.6,18.2,0,0.2,3.3,10.1,0.2,4,0.3,5.1,8,72.3228,446.463,38.2085,635.978,101.692,474.48,529.15,799.39,59
3/18/2008,2428.55,0,0,0,0,0,0,0,0,0,0.4,2.8,67.8482,501.261,31.2896,663.114,81.2768,420.685,383.165,690.376,50.7466
3/19/2008,2637.39,0,0,0,0,0,14.2,2,2,1.2,0,0,65.0751,502.404,28.0402,665.609,57.5149,314.287,208.726,492.161,44.8036
3/20/2008,2548.74,0,0,4.7,0,0,0,0,0,0,0,0,62.3599,432.327,25.6023,663.114,45.4678,195.672,173.729,274.928,47.3354
3/21/2008,1942.4,0,0,3.5,0,0,0,0,0,0,0,0,58.954,354.312,23.8859,668.108,40.8428,157.499,142.494,228.226,46.0666
3/22/2008,1645.02,0,0,0,0,0,0,0,0,0,0,0,53.6026,302.927,24.0394,670.612,38.2597,141.009,126.382,188.358,42.7117
3/23/2008,1477.75,0,0,0,0,18.9,0,0,0,0,0,5.5,47.5591,265.604,46.4293,670.612,36.2003,133.485,114.863,167.852,36.9464
3/24/2008,1410.49,0,0,10.8,0.6,0,3,0.5,0.7,0,0,2.6,42.3312,266.65,36.6904,670.612,34.8422,140.06,110.739,153.549,34.1178
3/25/2008,1417.37,1,4.4,50.6,2,4.7,0,0,11.8,0,9.9,0,42.6339,277.818,33.0724,660.624,34.8422,143.869,120.067,149.587,30.9324
3/26/2008,1424.37,15.2,21.9,2.8,1.8,20.1,0,0,0,0,6.4,2.7,39.6352,276.74,28.8778,665.609,33.4962,164.484,122.163,160.615,30.538
3/27/2008,1641.96,0,0,0,39.3,0,0.1,0.3,0.4,33.6,0.1,3,36.9905,268.751,26.8885,653.182,32.8279,149.654,111.767,162.666,30.1444
3/28/2008,1519.17,11,17.4,0,64.2,6.5,7.7,13.7,8.5,0.5,4.2,0,35.2567,253.294,23.2767,640.87,40.8428,187.16,110.739,149.587,27.4134
3/29/2008,1423.37,0,0,0,0,0,0,0,0,0,0,0,34.1142,251.786,21.7886,621.413,42.218,141.96,90.6717,145.681,26.2565
3/30/2008,1421.37,0,0,10.1,0,0,0,0,21.4,0.1,0,0,32.1409,216.673,21.3519,607.015,36.8838,128.861,115.899,124.287,25.4899
3/31/2008,1311.57,0,0,0,0,0,0,0,0,0,0,0,30.7522,203.54,20.9197,585.73,32.1626,119.795,96.5924,152.553,23.2134
4/1/2008,1312.57,0,0,0,0,0,0,0,0,0,0,0,29.9275,191.421,20.3504,557.935,30.186,107.521,88.7179,127.878,22.0887
4/2/2008,1192.78,0,0,9.4,0,0,0,0,0,0,0,0,29.3812,181.024,19.9286,517.494,28.2388,100.053,82.9172,118.166,21.7159
4/3/2008,987.19,0,0,0,0,0,0,0,0,0,0,0.5,28.5673,174.078,19.5113,472.215,27.5964,95.2282,79.1021,110.225,23.2134
4/4/2008,987.19,0,0,0,1.5,2.3,0,0.1,0,1.3,2.2,19,36.9905,171.381,27.5436,431.23,26.9575,92.8492,80.0519,106.357,25.4899
4/5/2008,978.19,18.2,13,0,24,2.5,29,23.7,34.8,25.5,8.4,5.5,32.7013,184.574,21.2074,424.647,28.2388,123.392,111.767,111.202,23.9683
4/6/2008,1095.98,32.6,10,2.6,25.5,9.4,40.2,38.2,21.3,14.8,11.2,2.5,31.3056,190.199,21.6426,448.941,44.5335,293.502,131.702,151.561,25.1081
4/7/2008,1437.29,20.2,9.6,34.8,14.9,73.2,11.7,22.1,9.7,15.1,51.7,54,59.3277,263.522,45.5588,480.681,53.1017,321.374,149.064,178.487,30.9324
4/8/2008,1913.23,1,8.7,0,8.3,20.1,0,3,0,0.9,13.2,21.8,36.9905,319.388,35.2131,480.681,53.1017,257.898,163.532,200.809,28.9687
4/9/2008,1800.69,26.2,0,0,0,40.3,12,9.7,23.7,1.1,2.7,23,46.0035,339.638,29.7279,521.913,45.9367,216.446,186.385,220.893,27.0269
4/10/2008,1553.83,0,0,0,0,0,0,9,0,0,0,0,35.5441,332.784,31.6422,560.225,42.218,173.629,159.047,245.836,29.7516
4/11/2008,1456.29,0,0,3.2,3.2,0,18,0,4.3,20.7,22.5,2.4,49.7616,297.775,25.7613,581.051,50.6863,158.49,139.236,210.133,29.3597
4/12/2008,1350.1,0,0,25,0,0,0,0,0,0,0,0,33.2644,288.221,24.6586,590.428,53.5879,177.752,151.269,187.247,28.9687
4/13/2008,1336.87,0,0,18.4,0,8,0,0,0,0,0,3,32.1409,261.969,23.5803,595.144,43.1407,184.004,128.504,199.66,23.9683
4/14/2008,1235.56,0,0,2.2,0,0,0,0,0,0,0.9,18.2,31.3056,250.785,21.3519,592.783,36.2003,166.5,104.621,168.9,22.4626
4/15/2008,1234.56,1,0,1.3,4.6,6,7.9,2.1,0,10.3,18.4,19.3,30.7522,283.258,21.0633,583.388,33.4962,150.627,101.592,139.924,20.2355
4/16/2008,1121.13,0,0,0,0,0,0,0,0,0,0,0,29.654,276.74,21.497,578.719,32.8279,133.485,126.382,138.977,19.1368
4/17/2008,1027.28,0,0,0,0,3,0,3.7,2.4,0,0,0,28.2974,239.48,21.0633,574.068,30.8416,125.205,96.5924,165.767,19.8681
4/18/2008,1034.39,0,0,4.8,0,0,0,0,5.6,0,0,0,27.7599,239.963,19.2356,567.126,31.5005,120.691,88.7179,127.878,19.5019
4/19/2008,1033.16,0,0,11.4,0,0,0,0,0,0,0,0,27.2253,226.238,18.6901,546.55,28.8845,118.012,87.7447,118.166,18.0485
4/20/2008,919.97,0,0,0,0,0,0,0,0,0,0,1.6,28.2974,213.553,18.4204,521.913,27.5964,116.238,82.9172,117.158,22.0887
4/21/2008,919.74,0,0,5,1.3,12.3,0,5.8,5.7,11.5,19.7,21,51.6719,208.719,34.4896,491.369,32.1626,117.124,79.1021,110.225,24.3472
4/22/2008,807.43,0,0,0,0,16,0,0,0,0,0,0.5,34.1142,211.346,30.9391,463.822,32.8279,120.691,77.2104,105.401,22.8375
4/23/2008,918.97,0,0.5,2.3,1.5,3.1,0,0.2,0.5,0.3,0.7,3.4,32.4208,211.786,23.4283,455.504,28.8845,118.902,76.2687,103.502,20.2355
4/24/2008,807.43,0,0,0,6.4,0,0,0,0,0,0,0,31.5834,208.719,18.555,463.822,27.5964,106.663,74.3933,101.62,18.7729
4/25/2008,919.74,0,0,0,0,0,0,0,0,0,0,0,31.3056,199.298,18.2863,463.822,26.3221,96.0261,74.3933,99.7559,17.329
4/26/2008,807.43,0,0,0,0,0,0,0,0,0,0,0,29.9275,177.14,18.2863,455.504,25.6902,88.9346,70.6759,98.8301,15.5522
4/27/2008,806.54,0,0,0,0,0,0,0,0,0,0,0,28.8379,172.185,18.1526,433.431,24.4371,86.6163,68.8341,94.2658,15.5522
4/28/2008,693,0,0,5.2,0,0,0,0,0,0,0,0,28.0283,161.326,17.7547,405.095,23.8161,84.3209,67.0039,91.579,15.2007
4/29/2008,727.26,0,0,2,0,0,0,0,0,0,0,0,26.9591,155.068,17.2311,375.272,23.1987,83.561,65.1853,89.8094,14.8506
4/30/2008,819.4,0,0,0,0,0,0,0,0,0,0,1.4,26.1651,151.104,17.3613,350.296,22.5851,77.5744,64.2804,87.1874,14.5019
5/1/2008,684.26,0,0,0,0,12.3,0,0,0,2,0,0,25.6396,148.052,17.6231,333.954,22.5851,75.3726,62.4796,85.4609,14.1545
5/2/2008,818.63,0,15.4,0,0.4,8,0,0.5,0,1.4,0,4.1,24.857,146.32,17.2311,321.862,22.5851,79.7998,61.5838,83.7518,14.1545
5/3/2008,551,3.2,0,0,0,0,0,0,0,0,0,1.9,24.3392,145.027,16.8436,313.88,22.5851,79.7998,63.3785,82.9036,11.4288
5/4/2008,550,0,0,0,0,0,0,0,0,0,0,0,24.3392,142.031,16.5878,307.935,22.5851,79.7998,62.4796,84.6042,12.4395
5/5/2008,550,0,0,0,0,0,0,0,0,0,0,0,24.0814,141.605,16.4606,305.962,21.9754,79.0554,61.5838,83.7518,14.5019
5/6/2008,684.26,0,0,0,0,0,0,0,0,0,0,0,23.5683,138.219,16.2078,300.067,21.9754,79.7998,59.7782,82.0599,15.2007
5/7/2008,542,0,0,0,0,0,0,0,0,0,0,0,23.3129,134.869,15.8322,294.208,21.3695,77.5744,58.8338,79.5544,14.8506
5/8/2008,448.74,0,0,0,0,0,0,0,0,0,0,0,23.0583,130.734,15.4611,286.453,20.7675,75.3726,58.8338,78.7278,14.5019
5/9/2008,541,0,0,0,0,0,0,0,0,0,0,0,22.8045,127.467,15.3384,278.766,20.7675,72.4739,57.8942,78.7278,14.1545
5/10/2008,539,0,0,0,0,0,0,0,0,0,0,0,22.5515,125.847,15.2161,271.145,20.1696,67.5044,55.104,77.0877,13.8086
5/11/2008,538,0,0,0,0,0,0,0,0,0,0,0,22.2994,124.237,15.0944,265.474,19.5757,65.4153,53.2681,73.8593,13.8086
5/12/2008,535,0,0,0,0,0,0,0,0,0,0,0,22.2994,121.838,14.9732,261.715,19.5757,65.4153,53.2681,71.4832,13.4641
5/13/2008,509,0,0,0,0,0,0,0,0,0,0,0,22.048,120.251,14.8525,257.972,19.5757,65.4153,53.2681,71.4832,13.4641
5/14/2008,368.74,0,0,0,0,0,0,0,0,0,0,0,21.7975,119.46,14.7322,254.247,19.5757,65.4153,53.2681,71.4832,13.1211
5/15/2008,512,0,0,0,0,0,0,0,0,0,0,0,21.7975,117.495,14.6125,250.54,19.5757,65.4153,52.3575,71.4832,12.7796
5/16/2008,500,0,0,0,0,0,0,0,0,0,0,0,21.5477,114.768,14.4932,246.85,19.5757,65.4153,51.4518,69.9208,12.7796
5/17/2008,508,0,0,0,0,0,0,0,0,0,0,0,21.2988,111.686,14.3745,243.177,19.5757,65.4153,51.4518,69.1461,12.101
5/18/2008,510,0,0,0,0,0,0,0,0,0,0,0,21.2988,109.778,14.2562,239.522,19.5757,64.0362,51.4518,69.1461,12.101
5/19/2008,375.62,0,0,0,0,0,0,0,0,0,0,0,21.0508,109.019,14.1385,235.885,18.986,64.0362,49.6554,68.3757,12.101
5/20/2008,375.74,0,0,0,0,0,0,0,0,0,0,0,20.8035,107.885,14.0212,234.073,18.986,64.0362,49.6554,66.0903,11.7641
5/21/2008,510,0,0,0,0,0,0,0,0,0,0,0,20.8035,106.007,13.7882,230.462,18.986,66.8053,49.6554,66.0903,11.4288
5/22/2008,501,0,0,0,0,0,0,0,0,0,0,0,20.5571,104.144,13.6724,228.663,18.4004,67.5044,50.5511,66.8478,11.4288
5/23/2008,510,0,0,0,0,0,0,0,0,0,0,0,20.3116,103.033,13.5571,225.08,18.4004,66.1089,49.6554,67.6095,11.4288
5/24/2008,375.86,0,0,0,0,0,0,0,0,0,0,0,20.0669,101.56,13.4423,221.514,17.8191,66.1089,49.6554,66.0903,11.4288
5/25/2008,510,0,0,0,0,0,0,0,0,0,0,0,19.823,100.096,13.328,217.967,17.8191,66.8053,47.8792,66.0903,11.4288
5/26/2008,375.74,0,0,0,0,0,0,0,0,0,0,0,19.58,99.0049,13.1009,214.438,17.8191,66.1089,47.8792,63.8438,11.4288
5/27/2008,510,0,0,0,0,0,0,0,0,0,0,0,19.4116,98.2802,12.9881,210.928,17.2422,66.1089,46.9987,63.8438,11.0951
5/28/2008,375.74,0,0,0,0,0,0,0,0,0,0,0,19.1886,97.1976,12.8758,207.436,17.2422,66.1089,46.1233,63.1035,11.0951
5/29/2008,284.03,0,0,0,0,0,0,0,0,0,0,0,18.9662,95.7623,13.1009,205.697,17.2422,64.7244,46.1233,61.6361,11.0951
5/30/2008,397.57,0,0,0,0,0,0,0,0,0,0,0,18.7444,95.405,13.6724,202.233,17.2422,64.0362,45.2532,61.6361,10.7631
5/31/2008,510,0,0,0,0,5.8,0,0.1,0.7,0,0,0,18.7444,94.3366,13.6724,200.508,17.2422,63.3508,44.3883,60.1859,10.7631
6/1/2008,397.69,0,0,0,0,0,0,0,0,0,0,0,18.7444,94.3366,13.328,198.788,17.2422,63.3508,44.3883,59.4672,10.7631
6/2/2008,395.57,1,1.3,0,0,1.2,0,2.1,0.7,1.7,0,2.9,19.823,93.6273,13.9044,198.788,17.2422,63.3508,45.2532,59.4672,10.7631
6/3/2008,280.03,0,0,0,0,0,0,0,0,0,0,0,19.1886,93.2736,13.1009,197.073,17.2422,65.4153,45.2532,60.1859,10.1042
6/4/2008,395.57,0,0,0,0,0,0,0,0,0,0,0,18.7444,92.9204,12.8758,197.073,17.2422,59.2968,46.1233,60.9088,10.1042
6/5/2008,398.69,0,0,0,0,0,0,0,0,0,0,0,18.5231,92.5678,12.764,197.073,17.2422,58.6309,46.1233,61.6361,9.4524
6/6/2008,397.57,0,0,0,0,0,0,0,0,0,0,0,18.3025,91.1635,12.5418,195.362,17.2422,59.9655,44.3883,61.6361,9.4524
6/7/2008,397.46,0,0,0,0,0,0,0,0,0,0,0,18.3025,89.7688,12.3216,193.656,16.6697,57.9678,44.3883,59.4672,9.4524
6/8/2008,397.57,0,0,0,0,0,0,0,0,0,0,0,18.0825,88.3836,12.2123,190.259,16.6697,57.3075,44.3883,59.4672,9.1293
6/9/2008,279.26,0,0,0,0,0,0,0,0,0,0,0,17.8631,87.008,12.1034,186.881,16.1017,57.9678,43.5286,59.4672,8.808
6/10/2008,397.57,0,0,0,0,0,0,0,0,0,0,0,17.6444,85.642,11.9951,183.522,16.1017,55.3438,42.6742,58.0429,8.808
6/11/2008,397.46,0,0,0,0,0,0,0,0,0,0,0,17.6444,84.6238,11.8872,180.183,15.5382,56.6501,41.8251,59.4672,8.808
6/12/2008,398.57,0,0,0,0,0,0,0,0,0,0,0,17.4262,83.948,11.7798,178.521,15.5382,56.6501,41.8251,58.7529,8.4887
6/13/2008,285.26,0,0,0,0,0,0,0,0,0,0,0,17.2087,83.948,11.6729,176.863,15.5382,55.9956,40.9814,58.0429,8.4887
6/14/2008,398.57,0,0,0,0,0,0,0,0,0,0,0,16.9918,87.008,11.5665,173.564,14.9795,55.9956,40.9814,58.0429,8.1714
6/15/2008,398.46,0,0,0,0,0,0,0,0,0,0,0,16.9918,84.9626,11.4607,171.921,14.9795,55.3438,40.1432,57.3372,8.1714
6/16/2008,286.15,0,0,0,0,0,0,0,0,0,0,0,16.7756,80.6053,11.3553,171.921,14.9795,54.049,40.1432,56.6359,8.1714
6/17/2008,286.26,0,0,0,0,0,0,0,0,0,0,0,16.56,79.2851,11.3553,171.921,14.9795,55.3438,39.3103,55.9388,8.1714
6/18/2008,400.46,0,0,0,0,0,0.2,0,0,0,0,0,16.56,78.3013,11.3553,168.651,14.9795,55.3438,39.3103,55.9388,7.8561
6/19/2008,289.15,0,0,0,0,0,0,0,0,0,0,0,16.345,77.9746,11.2503,163.784,14.4255,54.049,39.3103,54.5577,7.8561
6/20/2008,399.69,0,0,0,0,0,0,0,0,0,0,0,16.345,77.9746,11.1459,162.172,14.4255,54.695,40.1432,54.5577,7.8561
6/21/2008,400.57,0,0,0,0,0,0,0,0,0,0,0,16.1307,77.323,11.042,160.565,14.4255,54.049,40.1432,54.5577,7.5429
6/22/2008,287.03,0,0,0,0,0,0,0,0,0,0,0,16.1307,75.7047,10.9386,160.565,14.4255,54.049,40.1432,54.5577,7.2319
6/23/2008,289.26,0,0,0,0,0,0,0,0,0,0,0,15.9171,74.741,11.4607,158.963,13.8764,54.695,39.3103,54.5577,7.2319
6/24/2008,289.03,0,0,0,0,6.8,0,6.8,13.6,0,12.3,0.1,16.345,74.741,11.6729,157.366,14.4255,55.3438,39.3103,55.9388,6.923
6/25/2008,403.57,2.8,0,0,0.1,1.7,4.9,2.3,5.2,3.7,26.7,4.5,16.7756,76.3502,11.4607,155.774,16.6697,61.9883,45.2532,55.9388,6.923
6/26/2008,290.26,0,0,0,0,0,0,0,0.4,0,0,0,16.1307,76.9981,11.3553,155.774,18.4004,61.9883,46.1233,61.6361,6.923
6/27/2008,399.57,0,0,0,0,0,0,0,0,0,0,0,15.9171,77.6485,11.042,155.774,16.6697,59.9655,43.5286,63.1035,6.923
6/28/2008,394.46,0,0,0,0,0,0,0,0,0,0,0,15.7041,76.9981,10.8357,154.188,15.5382,58.6309,41.8251,60.9088,6.923
6/29/2008,281.15,0,0,0,0,0,0,0,0,0,0,0,15.7041,73.147,10.7332,154.188,14.9795,57.3075,40.9814,60.9088,6.6165
6/30/2008,282.26,0,0,0,0,0,0,0,0,0,0,0,15.4918,71.5684,10.6313,151.03,14.9795,55.9956,40.1432,60.1859,6.6165
7/1/2008,281.03,0,0,0,0,0,0,0,0,0,0,0,15.4918,70.6285,10.5298,151.03,14.9795,55.3438,39.3103,56.6359,6.3123
7/2/2008,281.26,0,0,0,0,0,0,0,0,0,0,0,15.2801,70.005,10.4289,149.46,14.4255,53.4059,39.3103,55.9388,6.3123
7/3/2008,281.03,0,0,0,0,0,0,0,0,0,0,0,15.2801,69.0744,10.3284,147.894,14.4255,54.695,38.483,55.9388,6.3123
7/4/2008,282.15,0,0,0,0,0,0,0,0,0,0,0,15.0691,68.457,10.2284,146.333,13.8764,59.9655,38.483,55.2461,6.3123
7/5/2008,282.26,0,0,0,0,0,0,0,0,0,0,0,15.0691,68.1493,10.1289,144.779,13.8764,51.4939,37.6613,54.5577,6.3123
7/6/2008,285.03,0,0,0,0,0,0,0,0,0,0,0,14.8588,67.2297,10.03,141.684,13.8764,53.4059,37.6613,54.5577,6.3123
7/7/2008,276.26,0,0,0,0,0,0,0,0,0,0,0,14.8588,66.6198,9.9315,140.145,13.3323,53.4059,36.0345,54.5577,6.3123
7/8/2008,325.03,0,0,0,0,0,0,0,0,0,0,0,14.6492,66.3158,9.9315,138.612,13.3323,53.4059,36.0345,54.5577,6.3123
7/9/2008,386.15,0,0,0,0,0,0,0,0,0,0,0,14.6492,65.1058,9.9315,137.083,13.3323,52.7656,36.0345,53.1938,6.0105
7/10/2008,272.26,0,0,0,0,0,0,0,0,0,0,0,14.4403,64.5045,9.8335,137.083,12.7932,52.7656,36.0345,52.5183,6.0105
7/11/2008,276.03,0,0,0,0,0,0,0,0,0,0,0,14.4403,64.2048,9.8335,135.561,12.7932,52.1283,36.0345,52.5183,6.0105
7/12/2008,277.26,0,0,0,0,0,0,0,0,0,0,0,14.4403,63.6072,9.7359,134.043,12.7932,52.1283,36.0345,51.8472,5.7113
7/13/2008,277.03,0,0,0,0,0,0,0,0,0,0,0,14.232,63.3094,9.7359,132.531,12.7932,52.7656,34.4305,51.8472,5.7113
7/14/2008,278.15,0,0,0,0,0,0,0,0,0,0,0,14.232,62.7155,9.7359,131.025,12.7932,52.1283,34.4305,51.8472,5.7113
7/15/2008,164.72,0,0,0,0,0,0,0,0,0,0,0,14.232,61.8294,9.6389,131.025,12.7932,50.8624,34.4305,51.1803,5.7113
7/16/2008,267.15,0,0,0,0,0,0,0,0,0,0,0,14.0245,61.5353,9.5424,129.524,12.2593,50.8624,34.4305,51.1803,5.7113
7/17/2008,198.72,0,0,0,0,0,0,0,0,0,0,0,14.0245,60.949,9.4464,128.028,12.2593,50.2338,33.6371,50.5178,5.7113
7/18/2008,279.15,0,0,0,0,0,0,0,0,0,0,0,13.8177,60.0741,9.4464,126.538,12.2593,50.2338,33.6371,49.8596,5.7113
7/19/2008,280.26,0,0,0,0,0,0,0,0,0,0,0,13.8177,59.494,9.3508,126.538,12.2593,51.4939,32.8495,49.2057,5.4146
7/20/2008,278.03,0,0,0,0,0,0,0,0,0,0,0,13.8177,59.494,9.3508,125.054,12.2593,51.4939,32.8495,48.5561,5.4146
7/21/2008,166.84,0,0,0,0,0,0,0,0,0,0,0,13.6116,59.2049,9.2558,123.575,12.2593,50.8624,32.8495,47.9109,5.4146
7/22/2008,280.03,0,0,0,0,0,0,0,0,0,0,0,13.6116,58.9164,9.1612,122.102,11.7308,50.8624,32.8495,47.9109,5.4146
7/23/2008,279.26,0,0,0,0,0,0,0,0,0,0,0,13.6116,58.3413,9.1612,122.102,11.7308,49.6081,32.8495,46.6333,5.4146
7/24/2008,281.03,0,0,0,0,0,0,0,0,0,0,0,13.4062,57.4833,9.0672,120.635,11.7308,48.9854,33.6371,46.001,5.4146
7/25/2008,202.84,0,0,0,0,0,0,0,0,0,0,0,13.4062,56.9145,8.9736,119.173,11.7308,49.6081,33.6371,46.001,5.1206
7/26/2008,290.66,0,0,0,0,0,0,0,0,0,0,0,13.4062,56.3482,8.8805,117.717,11.7308,49.6081,32.8495,42.9042,5.1206
7/27/2008,218.73,0,0,0,0,0,0,0,0,0,0,0,13.2015,55.7844,8.8805,116.267,11.2076,48.9854,32.0679,41.6957,5.1206
7/28/2008,215.61,0,0,0,0,0,0,0,0,0,0,0,13.2015,55.5035,8.8805,114.822,11.2076,48.9854,31.2921,41.6957,5.1206
7/29/2008,219.61,0,0,0,0,0,0,0,0,0,0,0,13.2015,55.5035,8.7879,113.384,11.2076,49.6081,30.5224,41.0979,5.1206
7/30/2008,221.61,0,0,14.6,0,0,0,0,0,0,0,0,12.9976,55.2231,8.7879,113.384,11.2076,49.6081,30.5224,41.0979,5.1206
7/31/2008,322.41,0,0,0,0,0,0,0,0,0,0,0,12.9976,54.6644,8.6958,111.951,10.6901,49.6081,29.7587,41.0979,5.1206
8/1/2008,224.61,0,0,0,0,0,0,0,0,0,0,0,12.7944,54.1082,8.6958,110.523,10.6901,48.3656,29.7587,41.0979,4.8294
8/2/2008,218.5,0,0,0,0,0,0,0,0,0,0,0,12.7944,53.5545,8.6042,109.102,10.6901,48.9854,29.0011,40.5044,4.8294
8/3/2008,297.52,0,0,0,0,0,0,0,0,0,0,0,12.5919,53.5545,8.6042,109.102,10.6901,48.3656,28.2496,40.5044,4.8294
8/4/2008,218.5,0,0,0,0,0,0,0,0,0,0,0,12.5919,53.0033,8.5131,107.687,10.6901,48.9854,28.2496,39.3305,4.8294
8/5/2008,222.73,0,0,0,0,0,0,0,0,0,3.2,1.3,12.9976,53.2786,9.1612,106.277,11.2076,48.3656,29.7587,39.3305,4.8294
8/6/2008,220.61,28.2,0,0,3.6,11.7,9.3,13.5,16,4.3,12.3,15.7,13.4062,56.9145,9.6389,107.687,11.7308,48.3656,33.6371,41.0979,4.5411
8/7/2008,221.61,0,0,0,0,0,0,0,0,0,0,0,12.9976,60.6567,8.8805,109.102,12.7932,48.9854,34.4305,45.373,4.5411
8/8/2008,242.61,0,0,0,0,0,0,0,0,0,0,0,12.7944,58.3413,8.6958,111.951,12.2593,48.9854,32.0679,46.001,4.5411
8/9/2008,221.5,0,0,0,0,0,0,0,0,0,0,0,12.5919,54.9435,8.5131,114.822,11.7308,47.7487,29.0011,47.2699,4.5411
8/10/2008,220.73,0,0,0,0,0,0,0,0,0,0,0,12.3902,54.1082,8.5131,117.717,11.2076,47.7487,29.0011,43.5149,4.5411
8/11/2008,225.61,0,0,0,0,1.8,0,0,0,0,0.5,0.7,12.3902,53.5545,8.4225,114.822,10.6901,47.7487,28.2496,40.5044,4.5411
8/12/2008,260.61,0,0,0,0,0,0,0,0,0,0,0,12.1892,53.0033,8.3324,110.523,10.6901,47.1349,28.2496,40.5044,4.5411
8/13/2008,248.61,0,0,0,0,0,0,0,0,0,0,0,12.1892,52.4547,8.2427,106.277,10.6901,45.9161,27.5044,39.3305,4.5411
8/14/2008,158.81,0,0,0,0,0,0,0,0,0,0,0,12.1892,51.3651,8.2427,104.874,10.1783,45.3112,26.7654,39.3305,4.5411
8/15/2008,227.61,0,0,0,0,0,0,0,0,0,0,0,11.989,50.2856,8.1536,103.476,10.1783,44.7093,26.7654,39.3305,4.5411
8/16/2008,227.61,0,0,0,0,0,0,0,0,0,0,0,11.7896,49.7497,8.0649,102.085,9.6723,44.7093,26.0328,38.1737,4.5411
8/17/2008,227.5,0,0,0,0,0,0,0,0,0,0,0,11.7896,49.2164,8.0649,100.699,9.1724,44.7093,25.3066,38.1737,4.5411
8/18/2008,264.73,0,0,0,0,0,0,0,0,0,0,0,11.5909,48.6856,7.9768,97.9464,9.1724,44.7093,25.3066,37.6019,4.5411
8/19/2008,201.61,0,0,0,0,0,0,0,0,0,0,0,11.5909,48.1574,7.8891,95.2181,9.1724,43.5146,23.8737,36.807,4.5411
8/20/2008,162.7,0,0,0,0,0,0,0,0,0,0,0,11.393,47.8942,7.8891,93.8632,9.1724,43.5146,24.5869,35.8079,4.5411
8/21/2008,173.93,0,0,0,0,0,0,0,0,0,0,0,11.196,47.3698,7.8891,92.5145,8.6787,44.1105,23.8737,35.8079,4.5411
8/22/2008,250.61,0,0,0,0,0,0,0,0,0,0,0,11.196,46.848,7.8891,92.5145,8.6787,45.9161,23.8737,35.3136,4.5411
8/23/2008,120.81,0,0,0,0,0,0,0,0,0,0,0,10.9997,46.3288,7.8019,91.172,8.6787,47.1349,23.8737,34.8226,4.5411
8/24/2008,182.7,0,0,0,0,0,0,0,0,0,0,0,10.9997,46.0701,7.8019,89.8358,8.1914,43.5146,23.8737,34.8226,4.5411
8/25/2008,230.93,0,0,0,0,0,0,0,0,0,0,0,10.9997,45.8121,7.8019,88.506,8.1914,43.5146,23.8737,34.8226,4.5411
8/26/2008,108.02,0,0,0,0,0,0,0,0,0,0,0,10.9997,45.8121,7.7152,88.506,8.1914,43.5146,23.1671,33.851,4.5411
8/27/2008,198.85,0,0,0,0,0,0,0,0,0,0,0,10.8042,45.5547,7.7152,88.506,8.1914,43.5146,23.1671,33.851,4.5411
8/28/2008,201.85,0,0,0,0,0,0,0,0,0,0,0,10.8042,45.298,7.629,87.1825,7.7107,43.5146,22.4673,33.851,4.5411
8/29/2008,211.74,0,0,0,0,0,0,0,0,0,0,0,10.8042,44.7865,7.5433,85.8653,7.7107,44.1105,22.4673,33.851,4.5411
8/30/2008,184.31,0,0,0,3.4,0,0,0,0,0,0,0,10.6095,46.848,7.629,84.5546,7.7107,42.332,21.7742,33.3703,4.5411
8/31/2008,185.31,12.2,0,6.3,0,5.7,38.3,13.3,35,16.3,39.7,22.5,18.0825,47.8942,11.6729,83.2504,11.7308,47.7487,27.5044,31.482,4.5411
9/1/2008,208.85,0,0,0,0,0,0,0,0,0,0,0,11.7896,50.8241,8.6104,83.2504,15.5382,48.9854,32.8495,39.3305,4.8294
9/2/2008,172.5,0,0,0,0,0,0,0,0,0,0,0,11.196,52.1813,8.2371,84.5546,13.8764,54.049,40.1432,47.2699,4.8294
9/3/2008,206.27,0,0,0,0,0,0,0,0,0,0,0,10.9997,48.6856,7.7813,91.172,11.2076,53.4059,33.6371,55.9388,3.9737
9/4/2008,161.85,0,0,0,0,0,0,0,0,0,0,0,10.9997,45.5547,7.9622,96.5792,10.1783,47.1349,27.5044,46.6333,3.4196
9/5/2008,157.97,0,0,0,0,0,0,0,0,0,0,0,10.8042,44.5317,7.8715,92.5145,9.6723,45.9161,26.0328,38.7499,4.28306
9/6/2008,194.85,0,0,0,0,0,0,0,0,0,0,0,10.8042,44.024,7.7813,87.1825,9.1724,44.7093,25.3066,36.807,4.45504
9/7/2008,233.85,0,0,0,0,0,0,0,0,0,0,0,10.6095,43.519,7.6916,84.5546,8.6787,44.7093,23.8737,35.8079,4.5411
9/8/2008,193.31,0,0,0,0,0,0,3.2,0,0,0.3,0,10.6095,42.7663,7.6023,83.2504,8.1914,44.1105,23.1671,33.851,4.22516
9/9/2008,194.31,0,0,0,0,0,0,0,0,0,0,0,10.6095,44.2775,7.6023,80.6614,8.1914,45.3112,23.1671,32.8931,4.04004
9/10/2008,175.74,0,0,0,0,0,0,0,0,0.7,2,0,10.4157,45.0419,7.5135,79.3767,7.7107,46.524,23.1671,32.8931,3.58296
9/11/2008,167.85,0,0,0,0,0,0,0,0,0,0,0,10.4157,42.2677,7.5135,79.3767,9.1724,42.332,23.1671,32.8931,3.90826
9/12/2008,266.5,0,0,0,0,0,0,0,0,0,0,0,10.2227,42.0194,7.4253,79.3767,8.6787,42.332,22.4673,32.8931,4.6685
9/13/2008,163.85,0,0,0,0,0,0,0,0,0,0,0,10.2227,41.5247,7.3374,78.0987,7.7107,42.9218,21.7742,31.9489,3.6164
9/14/2008,121.31,0,0,0,0,0,0,0,0,0,0,0,10.2227,41.0327,7.3374,76.8273,7.2218,43.5146,21.088,30.5584,4.1005
9/15/2008,187.31,0,0,5.4,3.1,0,1.3,3.1,0.4,0,0,0,10.4157,40.5432,7.4253,75.5625,7.2218,41.7453,21.088,29.6485,4.1468
9/16/2008,156.31,11.4,0,0.28,4.1,8.3,18.9,7.3,19.7,16.2,10.8,3,10.9997,40.0564,7.9622,74.3045,7.2218,43.5146,21.7742,30.1017,4.2656
9/17/2008,248.74,3.8,0,7.16,29.6,1.3,0.5,4.4,5.7,0,2.6,14.1,11.196,43.2674,7.8715,74.3045,8.1914,43.5146,34.4305,32.4193,4.70546
9/18/2008,251.85,1.6,0,0,0,0,8.5,0,20,0,0,0,11.5909,50.2856,7.6023,75.5625,7.7107,48.3656,46.1233,50.5178,4.71992
9/19/2008,171.31,0,0,0,0,0,0,0,0,0,0,0,10.8042,49.2164,7.5135,78.0987,7.2218,48.9854,41.8251,64.5883,4.61746
9/20/2008,201.63,0,0,0,19.8,0,0,0,0,0,0,0,10.6095,46.3288,7.4253,85.8653,7.2218,45.3112,37.6613,58.7529,4.66968
9/21/2008,229.23,4.2,7.8,25.4,11,42.9,0.3,4,2.4,7.5,24.9,41,15.0691,49.7497,11.22,96.5792,9.1724,44.7093,32.0679,52.5183,8.4853
9/22/2008,192.31,14.8,0,4.9,0,12.3,30.2,23.3,38.8,12.7,14.7,15.1,16.7756,59.494,10.3834,95.2181,14.4255,55.9956,46.9987,47.2699,5.61122
9/23/2008,264.11,0,0,0,0,0,0,0,0,0,0,0,11.393,78.6287,8.3297,100.699,17.8191,64.0362,42.6742,66.0903,7.03146
9/24/2008,303.17,0,0,0.78,0,0,0,0,0,0,0,0,10.8042,63.0121,7.7813,114.822,14.4255,59.2968,51.4518,61.6361,6.4116
9/25/2008,300.74,0,0,0,0,0,0,0,0,0,0,0,10.6095,50.2856,7.6023,135.561,12.7932,54.695,40.9814,71.4832,7.35802
9/26/2008,303.17,1.8,0,1.24,26.2,1.4,0,0,0,0,0,0,10.4157,46.5881,7.8715,131.025,10.6901,51.4939,33.6371,57.3372,6.30106
9/27/2008,406.45,36.4,35,8.04,15,22.1,20.7,12.7,24.3,18.6,22.5,56.5,10.2227,62.4195,10.6936,140.145,10.6901,50.8624,38.483,47.9109,7.96196
9/28/2008,400.59,4.6,4,0,0,11.1,1,0.7,3,0,0,0,10.0305,50.2856,8.3297,144.779,13.8764,50.2338,51.4518,55.9388,8.36622
9/29/2008,408.5,0,0,0,0,0,0,0,0,0,0,0,10.2227,56.3482,7.7813,134.043,12.7932,49.6081,53.2681,73.0629,11.21456
9/30/2008,316.11,0,0,1.78,0,0,0,0,0,0,0,0,9.8391,48.4212,7.6023,138.612,11.2076,48.9854,42.6742,73.8593,6.7031
10/1/2008,310.17,0,0,0,0,0,0,0,0,0,0,0,9.8391,46.0701,7.4253,128.028,10.1783,48.3656,37.6613,59.4672,2.88
10/2/2008,308.74,8.2,0,0,5.6,0,6.8,6.5,2.1,10.6,2.9,3.9,13.4062,44.5317,7.6023,111.951,9.6723,46.524,34.4305,53.1938,2.3568
10/3/2008,216.06,0,0,0,0,7.2,0,7.3,0.3,3.8,6.1,5.8,11.393,45.298,8.3297,102.085,10.6901,47.1349,33.6371,48.5561,2.1021
10/4/2008,216.14,0,0,0,0,0,0,0,0,0,0,2.7,11.196,46.5881,7.9622,95.2181,11.7308,46.524,32.8495,47.2699,2.1021
10/5/2008,215.06,0,0,0,0,0,0,0,0,0,0,0,10.6095,47.1086,7.6916,92.5145,10.6901,45.9161,32.8495,46.6333,2.1021
10/6/2008,205.14,0,0,0,0,0,0,0,0,0,0,16.5,10.4157,46.848,7.5135,92.5145,9.6723,45.3112,32.0679,46.6333,1.8525
10/7/2008,202.31,5.2,0,0,0,12.3,0,4.3,4.6,0,1.1,23.5,10.4157,51.6365,7.9622,91.172,9.1724,43.5146,29.0011,44.7493,1.8525
10/8/2008,214.06,0,0,0,24.1,11.1,5.5,35,0,0.3,4.7,1.5,10.2227,56.3482,10.1788,137.083,8.6787,44.1105,26.7654,40.5044,1.8525
10/9/2008,202.19,0,0,0,0,19.7,0,0,0,8.1,17.9,37.8,10.2227,51.6365,9.2817,120.635,8.6787,42.9218,45.2532,39.9153,1.8525
10/10/2008,227.16,0,0,16.9,0,0,0,0.3,0,0,0,0,10.9997,57.1986,8.6104,117.717,10.1783,43.5146,54.1836,65.3371,5.4146
10/11/2008,227.39,0,0,0,0,0,0,0,0,0,0,0,10.8042,53.0033,7.7813,116.267,9.6723,43.5146,40.1432,74.6599,4.5411
10/12/2008,232.22,0,0,0,0,0,0,0,0,0,0,0,10.6095,49.7497,7.6023,129.524,9.1724,42.9218,33.6371,55.9388,4.2559
10/13/2008,246.11,0,0,0,0,0,0,0,0,0,0,0,10.4157,46.3288,7.4253,132.531,8.6787,44.1105,30.5224,47.2699,3.9737
10/14/2008,246.34,0,0,0,0,0,0,0,0,0,0,0,10.4157,44.024,7.2501,120.635,8.1914,44.7093,29.0011,42.9042,3.4196
10/15/2008,253.22,0,0,0,0,0,0,0.2,0,0,0,0,10.2227,42.5167,7.0769,107.687,7.7107,41.1617,27.5044,41.0979,3.1479
10/16/2008,230.22,0,0,0,0,0,0,0,0,0,0,0,10.0305,41.7717,6.9056,93.8632,7.2218,37.725,25.3066,38.7499,2.88
10/17/2008,158.44,0,0,0,0,0,11.8,0,0,14.1,0,0,10.0305,41.0327,6.9056,88.506,7.2218,37.1632,25.3066,35.8079,2.88
10/18/2008,230.89,0,0,0,0,0,2.1,10.4,0,11,0,1.3,9.8391,40.5432,7.1632,84.5546,6.8297,38.29,30.5224,36.3057,2.6162
10/19/2008,122.67,0,0,0,0,0,38,3,24,13.7,2.2,1.3,9.6487,43.2674,6.991,80.6614,8.6787,37.1632,40.1432,44.13,2.6162
10/20/2008,151.89,38.6,2.2,9.7,0,1.5,5.4,4,6,2,1,4.6,9.8391,46.3288,7.1632,79.3767,9.6723,37.1632,57.8942,58.7529,2.88
10/21/2008,203.11,0,0,0,0,0,0,0,0,0.5,0,0,10.0305,45.5547,7.0769,78.0987,9.1724,40.0037,61.5838,82.0599,2.88
10/22/2008,129.67,0,0,8.4,0,0,0,0,0,0,0.9,0,10.2227,44.5317,6.991,83.2504,8.6787,38.29,45.2532,85.4609,2.88
10/23/2008,237.89,0,0,0,0,3.8,0,0,0,14.1,0.3,0,10.2227,43.0165,7.1632,81.9526,8.1914,38.29,38.483,63.1035,2.6162
10/24/2008,141.67,0,0,0,0,0,0,0,0,0,0,0,10.0305,41.7717,6.9056,81.9526,8.6787,37.725,33.6371,53.8736,2.3568
10/25/2008,142.67,0,0,0,0,0,0,0,0,0,0,0,9.8391,41.0327,6.7362,81.9526,7.7107,37.1632,28.2496,47.2699,2.3568
10/26/2008,146.98,0,0,0,0,0,0,0,0,0,0,0,9.6487,39.8139,6.6522,79.3767,7.2218,35.4967,27.5044,39.9153,2.1021
10/27/2008,145.93,0,0,0,0,0,0,0,0,0,0,0,9.4591,38.6116,6.5688,76.8273,6.8297,35.4967,25.3066,38.7499,2.1021
10/28/2008,58.7,0,0,0,0,0,0,0,0,0,0,0,9.0825,37.898,6.4858,74.3045,6.4413,37.1632,24.5869,35.8079,2.1021
10/29/2008,153.98,0,0,0,0,0,0,0.3,1.7,0,0,0,8.8955,37.4256,6.4858,71.8088,6.4413,33.3196,23.1671,34.8226,2.1021
10/30/2008,131.13,0,0,0,0,0,0,0,0,0,0,0,8.8955,37.1904,6.4033,69.3405,6.0568,32.2504,22.4673,32.8931,1.8525
10/31/2008,140.32,0,0,0,0,0,0,0,0,0,0,0,8.7094,36.7219,6.3212,66.9,6.0568,30.6713,23.8737,31.9489,1.8525
11/1/2008,156.93,3.8,18.1,3.5,7.1,0,16.8,49.3,11.2,7.9,0.1,0,8.5243,36.7219,6.3212,66.9,6.8297,33.859,24.5869,33.851,2.3568
11/2/2008,59.7,0,0,0,0,0,0,0,0,0,0,1,14.0245,36.9558,6.4858,65.6902,10.1783,34.4017,24.5869,34.8226,2.1021
11/3/2008,168.98,8.4,0,0,0.2,0,0,0,0,2.9,0,0.7,8.8955,37.6615,6.4033,64.4875,11.2076,35.4967,29.0011,35.3136,1.8525
11/4/2008,61.02,0,0,10.8,3,14.5,5.1,29.4,0.2,3,2.3,0,8.5243,40.7876,6.5688,64.4875,9.6723,35.4967,26.7654,40.5044,4.2559
11/5/2008,131.52,0,0,0,0,6.2,11.2,14.3,8.8,4.2,1.1,6,8.34,39.8139,6.9056,65.6902,11.2076,38.29,37.6613,39.3305,4.2559
11/6/2008,231.94,1.2,0,4.5,20,0,0,0,0,0,0.1,0.6,8.5243,37.6615,6.991,69.3405,11.2076,37.1632,64.2804,56.6359,4.5411
11/7/2008,227.23,8,1.3,3.5,5.3,53.2,10.9,0,15.6,17.7,7.9,0,10.2227,41.0327,12.6429,69.3405,11.7308,39.4294,67.0039,91.579,4.8294
11/8/2008,331.28,0,4.2,18.4,0,3.6,0,1.4,3.4,1.4,0.1,1.2,8.8955,40.2995,9.2817,69.3405,12.7932,42.332,56.0293,93.3659,5.4146
11/9/2008,361.85,0,0,12.8,22,23.2,0,1.2,32,7.9,0.7,1,8.34,39.8139,8.2371,75.5625,13.3323,42.332,53.2681,78.7278,4.5411
11/10/2008,374.45,7.6,24.8,2.8,3.2,30.1,2,27.1,7.8,0,16.5,49.7,10.6095,40.2995,9.4778,80.6614,16.1017,53.4059,52.3575,75.4649,3.4196
11/11/2008,512.78,20.8,7,0,11.2,0,30.7,25,5.3,0.1,6.6,0,9.8391,44.024,8.5163,89.8358,15.5382,53.4059,81.0044,77.9056,6.0105
11/12/2008,518.09,0,10,18.8,27.2,26.3,0,16,0,0,27,6,11.5909,50.2856,8.145,89.8358,14.4255,47.7487,72.529,113.17,18.0485
11/13/2008,684.19,0,6,11.3,5.6,7.5,0,0,7.2,19.9,5.6,4.8,15.9171,55.5035,10.6936,106.277,16.6697,48.3656,62.4796,101.62,24.3472
11/14/2008,620.85,60.4,45.9,4.6,24.7,7.2,19.7,30.7,13.6,2.7,0.3,32.8,14.0245,56.631,10.0773,123.575,23.1987,79.7998,86.7741,91.579,16.6145
11/15/2008,712.67,14.8,7.3,0,0,4.1,21,15.6,0,32,4.3,0,10.6095,57.4833,7.9622,146.333,21.3695,73.1946,92.6355,123.27,26.6412
11/16/2008,712.56,0,0,0,0,4.2,0,0,0,0,0,0,10.0305,53.831,7.3374,144.779,20.1696,66.8053,86.7741,130.606,16.9711
11/17/2008,713.19,0,0,0,0,8.2,0,0,0,0,0.3,0,9.8391,50.0174,7.9622,144.779,23.8161,71.7559,82.9172,122.241,5.1206
11/18/2008,718.19,24.6,47.2,31.5,21,20.5,24.9,26.9,20,23.5,0.9,21.2,10.2227,43.519,11.0081,202.233,32.8279,110.109,92.6355,118.166,15.905
11/19/2008,713.75,2.8,0,2.8,0.8,6.9,0,1,1,0.7,0.3,6,10.6095,47.6317,8.2371,178.521,32.1626,110.977,95.5995,131.523,12.7796
11/20/2008,699.67,1,0,0,0,0,5.1,0,0,0,0,1,9.8391,53.5545,7.4253,149.46,28.2388,96.0261,138.154,140.875,10.7631
11/21/2008,572.65,0,1.7,0,19,0,4,0,0,0,0,0,9.2703,47.1086,7.0769,135.561,24.4371,83.561,96.5924,190.59,8.4887
11/22/2008,566.19,0,0,4.4,3.1,1.1,6.2,2.5,0,2.5,2.3,3.5,9.0825,44.024,6.991,132.531,20.7675,70.328,68.8341,133.366,4.8294
11/23/2008,452.85,0,0,0,5.3,8.5,0,0.5,0,0,0,0,8.8955,43.519,7.4253,122.102,20.7675,68.2063,58.8338,96.0785,4.8294
11/24/2008,412.67,0,0,0,5.2,0,0,0,0,2.5,0.2,1.7,8.8955,42.5167,7.1632,106.277,21.9754,72.4739,53.2681,82.9036,4.8294
11/25/2008,402.56,1,7.6,0,0,0,0,1.7,0,0.7,11.5,6,8.7094,41.5247,6.991,97.9464,22.5851,73.918,53.2681,75.4649,4.5411
11/26/2008,424.19,0,0,0,0,0,0,0,0,0,0,4.3,8.5243,44.024,6.8206,93.8632,23.1987,78.3136,53.2681,75.4649,4.5411
11/27/2008,419.28,1,6.8,0,40,10.2,0,0,0,0.5,5.1,8.5,12.9976,45.8121,6.7362,100.699,23.1987,76.8378,52.3575,75.4649,4.2559
11/28/2008,363.11,12.4,2.9,0.9,8.6,0,21.9,1.3,17.2,0,0.1,17.8,12.7944,58.9164,6.5688,96.5792,25.6902,85.0835,54.1836,74.6599,4.8294
11/29/2008,374.06,0,0,0.5,0,0,0,2.7,0.3,27.8,0,0,11.196,76.9981,6.9056,109.102,27.5964,86.6163,48.7647,76.2741,4.5411
11/30/2008,379.37,11.2,8.4,0.3,0,7.5,0,0,13.5,0,0,0.3,11.7896,97.1976,7.1632,114.822,31.5005,109.244,50.5511,69.1461,6.0105
12/1/2008,377.94,0,3.7,9.7,5.7,0,0,0.3,0,12.4,1.6,0,10.9997,62.4195,7.3374,152.607,25.6902,88.9346,43.5286,70.6999,4.8294
12/2/2008,366.23,0,0,18.6,4.6,0,0,0,0,0,0,0,10.4157,50.8241,6.8206,167.024,20.7675,73.1946,39.3103,60.9088,6.0105
12/3/2008,371.28,0,5.4,4.8,0,3.4,1.1,10.3,1.4,6.2,6.8,12.3,10.0305,47.1086,8.6104,135.561,16.1017,54.049,36.8451,55.2461,5.4146
12/4/2008,324.85,0,0,0,0,0,2,0,1,6.2,0,0,9.4591,44.7865,7.6916,113.384,15.5382,53.4059,36.0345,51.8472,4.8294
12/5/2008,226.23,0,0,0,0,0,0,0,0,0,0,0,8.8955,46.3288,7.3374,102.085,14.9795,50.8624,34.4305,50.5178,3.9737
12/6/2008,225.37,0,0,0,0,0,0,0,0,0,9.9,0,13.8177,43.0165,6.8206,96.5792,14.4255,48.9854,38.483,49.2057,3.4196
12/7/2008,315.28,0,0,0,0,0,0,0,0,2.6,1.2,3,9.6487,41.7717,6.3212,93.8632,13.8764,46.524,32.0679,53.8736,2.88
12/8/2008,217.94,0,0,0,0,0,0,0,0,0,0,0,9.0825,41.5247,5.998,88.506,13.3323,45.3112,29.7587,45.373,2.6162
12/9/2008,304.45,1,0,0,0,0,14.7,6.6,3.7,0,0,0,9.2703,44.7865,5.8393,80.6614,13.3323,44.1105,33.6371,42.9042,2.3568
12/10/2008,219.06,0,0,0,0,0,0,0,0,0,0,0,8.8955,42.0194,5.6826,78.0987,12.7932,43.5146,36.8451,47.9109,2.3568
12/11/2008,317.85,0,0,7.9,0,0,0,0,0,30.9,0,1.3,10.0305,40.7876,5.5278,79.3767,12.7932,42.9218,36.0345,51.8472,2.88
12/12/2008,179.32,0,0,0,0,15.7,0,0.2,0,11.7,0.26,22.1,11.989,40.2995,7.4253,79.3767,12.7932,42.332,39.3103,51.8472,2.3568
12/13/2008,286.46,1.8,0,8.9,31.9,7.5,25.9,15.6,14.5,51.4,7.7,115.2,13.6116,46.5881,6.9056,76.8273,14.4255,44.1105,43.5286,57.3372,9.1293
12/14/2008,285.03,4.6,41.8,14.8,20,12.3,27.4,6.6,1.8,7,8.7,71.1,23.5683,107.885,8.145,75.5625,31.5005,59.9655,103.609,69.1461,18.7729
12/15/2008,153.98,14.2,2.5,24.3,37.4,23.5,25.3,36.8,56.5,49.2,129.2,17.5,15.4918,187.371,10.5897,89.8358,40.8428,82.8035,131.702,150.572,10.4328
12/16/2008,475.92,30.8,36.7,32.4,57,18.9,74.4,103.9,27.8,82.1,57.9,13.5,15.7041,195.952,13.9076,202.233,111.419,173.629,211.112,196.232,32.5186
12/17/2008,1053.08,45.2,34.7,15.2,53,16.8,58.2,73.2,52,161.2,83.3,80,41.7277,293.25,21.0508,394.361,240.073,548.135,526.739,338.366,67.9008
12/18/2008,2054.71,59.8,37.4,58.5,20,22.3,68,68.7,49.6,59.2,15.6,0.3,24.3392,451.945,29.1974,508.711,677.695,1057.22,1393.64,853.363,110.721
12/19/2008,2834.11,2.6,1.7,0,26,9.8,15.6,6.3,22.4,0.9,1,0.5,35.832,444.277,22.3478,571.749,295.832,1465.24,1958.67,2045.52,40.6368
12/20/2008,3060.93,7.4,1,0,0,4.7,4.5,10.3,11.8,35.3,1.8,1.7,19.4116,325.426,16.4749,597.509,141.182,1508.16,1537.93,2724.64,19.1368
12/21/2008,3148.83,0,0,32.8,0,0,0,0,0,0,0.6,0,17.4262,226.238,12.1968,607.015,99.997,1034.08,461.363,2045.52,18.4101
12/22/2008,3507.04,0,0,0,0.4,0,0,0.2,0.4,1.4,0,0,16.9918,185.37,11.22,602.252,66.5819,651.219,274.137,629.478,16.2591
12/23/2008,4170.33,13.8,0.9,0,60,16.8,4.3,15.5,42,2.5,3.2,0,22.8045,169.533,15.9705,576.391,48.2977,354.988,241.976,384.046,13.8086
12/24/2008,3522.72,4.2,33.6,63.8,0,27.6,11.4,5.3,0.8,0.4,3.5,4.3,21.7975,151.104,25.3571,546.55,51.6493,284.046,207.535,338.366,190.163
12/25/2008,2910.76,10.6,60,4.1,44,18.4,0,1.5,0.4,5.7,4.6,0,20.3116,142.031,25.9799,571.749,50.6863,332.876,214.702,294.35,56.3714
12/26/2008,2480.88,15.8,25,34.7,5.2,22.5,5.4,4.5,14.6,5.1,48.8,7.5,23.5683,165.407,22.4942,521.913,47.35,300.352,200.426,302.891,32.9172
12/27/2008,2571.34,30.2,27,18.3,64,16.8,46,101,28.8,42.3,32.5,63.7,185.808,196.368,30.5326,567.126,63.525,450.547,255.361,290.128,91.3729
12/28/2008,2668.44,63.6,60,63.8,42,23.4,38.7,79.6,53.3,64.4,58.9,29,83.9115,413.43,55.7521,648.243,197.281,629.094,469.582,387.311,293.884
12/29/2008,3665,22.2,25,43.3,1.4,0,36.8,7.5,8.8,21.5,7.5,10.7,52.3573,517.351,38.2085,706.153,209.071,805.478,670.212,690.376,179.676
12/30/2008,3680.62,5.4,0,0,0,0,11.5,1.2,12,3.1,15.1,1.9,32.2986,543.018,24.436,706.153,124.904,809.997,618.682,742.656,157.503
12/31/2008,3134.36,1.8,6.2,15.6,0,10.1,7.4,14,1.5,0.3,0,0,28.463,475.243,19.1043,703.584,87.7792,540.716,484.926,796.982,56.3714
1/1/2009,2924.48,3.2,9.1,0,21.3,3.1,35.7,48.1,16.9,38,15.8,4.2,26.6051,389.934,16.3481,703.584,112.577,502.592,520.722,826.141,41.8797
1/2/2009,2883.69,0,2.5,0,1.2,0,0,0.3,0,0,0,0,24.7883,327.865,14.862,706.153,106.243,549.998,508.73,758.973,32.9172
1/3/2009,2893.14,0,5.5,8.5,4,1.8,7.8,18,1.5,0.3,5.7,28.9,21.7727,287.666,14.2621,706.153,95.511,509.746,445.018,697.08,34.5196
1/4/2009,2695.67,11.8,4,9.4,8,5.6,9.6,14.5,8,3.2,3.5,1.8,19.834,267.699,13.7903,711.304,73.8432,465.861,326.608,663.909,33.3166
1/5/2009,2561.37,85.4,0,14.6,11.1,9.1,46.5,29,46.3,6.6,12.3,21.8,19.1222,248.294,13.2109,750.528,66.07,465.861,383.165,618.92,29.7516
1/6/2009,2642.37,20,0,12.8,0,6.8,27.6,20,27.2,5.8,3.2,0.8,18.419,229.028,12.5307,729.479,62.0093,420.685,447.345,677.073,22.0887
1/7/2009,2440.18,0,0,0,0,3.1,0,0,0,0,0,0,17.7243,210.468,10.3834,713.887,54.0752,370.125,369.689,694.841,20.2355
1/8/2009,2250.34,0,0,0,0,0,0,0,0,0,0,1.4,16.8117,193.471,10.4863,690.81,47.8233,315.698,279.402,571.578,18.0485
1/9/2009,1922.03,0,0,0,0,0,0,0,0,0,0,0.8,22.2664,177.14,10.5897,655.658,43.6038,261.725,247.106,412.267,18.4101
1/10/2009,1640.19,0,0,0,0,0,0,0,2.2,0,0,0,21.7727,159.976,10.2809,602.252,43.1407,212.008,226.772,329.3,17.6882
1/11/2009,1341.46,0,0,0,0,0,0,0,0,0,0,0,19.834,141.605,10.0773,521.913,40.3868,184.004,199.247,300.029,16.9711
1/12/2009,1198.35,0,0,0,0,0,0,0,0,0,0,0,18.419,124.237,9.9762,448.941,38.2597,168.526,171.451,329.3,15.905
1/13/2009,1095,0,0,0,0,0,2.9,0,0,0,0,0,17.0384,117.887,9.6758,390.092,35.5198,154.54,164.658,318.889,15.5522
1/14/2009,828,0,0,0,50,0,0,0,0,0,0,0,15.6931,111.686,9.3795,335.983,34.8422,149.654,166.915,220.893,15.2007
1/15/2009,843,2,0,9.5,2.6,0,13.5,8.5,29.8,5.6,19.4,10,20.3131,112.452,10.0773,307.935,43.1407,186.105,166.915,225.767,23.2134
1/16/2009,943.65,0,0,5.6,0,46.9,0.9,0,0,0.9,33,34.2,20.3131,156.845,10.5897,290.322,44.5335,188.216,223.135,261.489,18.7729
1/17/2009,944.54,1.2,0,10.8,14.2,1.7,0,4.3,1.4,10.3,4.5,7.7,27.6618,212.668,11.7581,290.322,41.3,202.148,247.106,285.94,20.2355
1/18/2009,1142.5,11.6,10,12.2,20,20.5,14.4,16.1,7.1,18.4,41,3.9,33.1408,220.734,14.1435,331.928,44.5335,213.114,234.832,301.458,19.5019
1/19/2009,1141.73,1.8,5,3.6,60,8.9,16.3,12.2,14.5,26.7,22.2,6.8,20.5541,261.969,13.5572,400.79,57.0204,224.294,208.726,297.182,24.7272
1/20/2009,1377.11,0,70,2.8,38,0,0,0,1.8,2.6,0,0,20.0731,250.785,14.3812,459.654,57.0204,242.619,206.346,269.509,37.7614
1/21/2009,1835.37,14.8,15,2.5,14.6,17.5,10.1,21.6,48,36.2,31.7,28,25.3031,221.189,20.4858,530.807,53.5879,365.55,220.718,257.527,27.4134
1/22/2009,2062.91,15,31.5,26.9,12,39.5,12.2,17.5,11.5,27.5,15,25,30.9108,259.395,28.3768,602.252,118.41,527.853,339.744,341.417,30.1444
1/23/2009,2354.37,6.8,7.4,28.4,14.2,25.9,48.3,21,26.3,20.6,6.1,1.9,29.8148,321.19,28.7038,616.595,132.08,633.089,391.072,475.577,182.93
1/24/2009,2527.83,0,6.2,20.6,5.3,7.5,0,0,2.5,0.3,22.7,11.3,30.0876,341.526,48.2035,653.182,91.6259,497.259,336.45,577.639,95.395
1/25/2009,3047.15,0,7.7,34.7,4.6,38.1,5.8,0,0,3,17.5,12.3,109.163,399.067,56.7476,668.108,70.7096,391.846,291.058,507.159,143.52
1/26/2009,3269.94,8,10.4,6.4,0.5,14.7,20.8,7.4,6.3,4.2,11.4,9.4,52.6846,433.408,38.9829,688.269,64.5402,340.168,227.988,388.948,77.9326
1/27/2009,3053.35,12.6,6.5,10.2,14,25.8,22.9,6.6,15.5,29.8,51.3,22.8,68.2491,480.855,36.6904,690.81,65.5591,292.142,277.294,324.816,132.91
1/28/2009,2512.37,14.6,16.6,48.8,4,34.6,5.3,31.5,9.6,16.6,20.4,30.2,97.7975,511.582,65.142,739.967,86.6873,325.663,279.402,366.355,139.359
1/29/2009,2180.98,0,0,8.2,0,12.9,20.4,6.4,1,20.1,6.1,11,68.2491,535.972,44.6992,753.18,85.0556,328.539,301.74,398.853,100.738
1/30/2009,1957.39,0,0,2.6,0,0,0,0,0,0,1.2,17.2,68.6511,566.755,33.7761,753.18,64.5402,346.058,248.135,403.855,78.4431
1/31/2009,1845.59,0,0,0,0.1,23.9,0,0,0,11,10.1,58,52.3573,578.765,31.0403,755.837,52.6165,337.241,201.607,372.736,77.4609
2/1/2009,1836.59,11.4,0,38.8,0,10,10.1,7.4,0,5.3,0,16.5,88.4221,561.977,52.8354,761.164,48.7733,234.536,206.346,274.928,94.8133
2/2/2009,1846.59,26.8,0,0,76,14,25.5,18.8,39.6,2.6,0,0,42.8535,520.823,31.7233,771.873,51.6493,222.041,253.292,305.767,64.7619
2/3/2009,1959.39,0,19.7,14.6,0,2.4,3.5,10.5,96.1,0.3,7.7,0,36.5788,454.145,31.7233,782.657,60.002,227.689,327.698,384.046,53.7631
2/4/2009,2070.07,0,0,0,0,5.1,0,0,0,0,16.5,3,40.4252,401.197,25.9799,793.514,53.1017,175.686,270.989,431.099,46.9119
2/5/2009,2170.98,0,0,0,0,2.3,0,0,0,0,0,5.5,32.5786,369.456,23.0838,804.445,45.4678,153.558,199.247,384.046,39.8117
2/6/2009,2096.71,0,0,21.1,10,17.5,0,1.5,0,21,0,9.7,38.0434,347.236,21.767,807.19,50.2064,228.825,178.307,367.945,54.1964
2/7/2009,2008.29,2.8,0,6.4,0,5.5,5.1,0.5,7.4,31,0,9.1,36.2881,334.023,25.6676,809.939,54.5635,205.415,171.451,356.893,51.6055
2/8/2009,1897.73,4.2,10,1.6,0.2,2.1,3,4.5,33.5,0,0,0,30.9108,320.588,20.9089,818.213,51.1673,213.114,166.915,349.109,106.276
2/9/2009,1892.61,60.2,0,0.8,0.1,0,9.4,34.5,14.9,0,10.7,0.2,28.7318,311.076,31.8952,823.753,44.5335,195.672,181.759,329.3,87.4654
2/10/2009,1894.61,3.8,42.1,0,11,0,29.5,7,13.8,2.3,14.6,8,29.8148,301.203,28.0516,823.753,41.7584,188.216,253.292,295.764,49.0361
2/11/2009,2004.41,2,0,0,6,0,0,4.4,0,0.9,0,2.8,29.0013,308.147,23.8306,818.213,44.5335,179.827,283.629,333.816,64.3156
2/12/2009,2124.59,3.2,51.5,0,13,18.9,5.5,10.6,0,0,12.9,31.8,27.1318,298.344,22.9357,809.939,46.4066,210.904,220.718,380.796,54.1964
2/13/2009,2173.98,4,10,34.6,30,25.4,18.7,10.3,24.7,25.7,29.6,7.4,29.2717,316.4,38.2085,801.706,49.2499,234.536,318.996,395.537,110.721
2/14/2009,2229.98,22.6,64,41.2,37,52.5,22.6,23.8,36,27.1,57.1,98.1,93.0508,400.486,51.8863,804.445,73.8432,274.745,428.797,470.116,154.423
2/15/2009,2511.37,6.8,8,30.3,0.3,21.2,4.9,11.6,4.6,14.9,22.7,48.8,53.0126,532.462,55.7521,790.793,67.6083,362.517,386.55,551.622,239.255
2/16/2009,2623.17,0,0,0,0,0,0,0,0,4.6,0.9,4.5,42.8535,626.501,47.3108,779.954,79.1359,384.017,310.343,559.559,131.171
2/17/2009,2719.96,0,0,0,0,0,0,0,0,0,0,0,37.1624,675.642,36.6904,774.562,60.5023,329.981,232.799,471.932,80.5073
2/18/2009,2297.78,0,0,0,0,0,0,0,0,0,0,0,34.5599,645.237,29.1974,766.509,48.7733,236.835,193.376,360.032,52.0358
2/19/2009,1859.59,0,0,0,0,0,0,0,0,0,0,0,33.1408,567.951,25.8235,763.834,55.5432,178.788,174.871,261.489,46.4889
2/20/2009,1632.43,0,0,0,0,0,0,0,0,0,0,0,31.4635,477.485,23.8306,763.834,42.218,158.49,168.046,244.555,44.3839
2/21/2009,1553.74,0,0,0,0,0,0,0,0,0,0,0,30.0876,411.251,22.9357,769.189,40.3868,151.602,153.482,242.003,42.7117
2/22/2009,1546.97,0,0,0,11,0,0,4.8,0,5.8,0,0,28.463,365.46,22.4942,771.873,38.9519,145.788,146.866,261.489,42.2953
2/23/2009,1553.74,20.8,21.6,6.8,0,26.9,11.2,5.6,2.4,2.9,31.2,25.2,36.8702,346.598,25.6676,782.657,37.5703,141.009,192.207,304.327,41.0504
2/24/2009,1553.85,0,0,0,38.2,0,0,5.8,0,0,0,0,29.0013,338.384,23.5306,793.514,38.2597,141.009,249.164,315.948,34.1178
2/25/2009,1597.28,28.2,3,5.6,0,43.2,1.5,31.8,28.8,56.5,38.2,26.7,34.5599,324.211,27.0864,801.706,56.527,278.712,199.247,350.658,75.1658
2/26/2009,1800.56,2.6,6,24.8,1.9,17.1,0,0.8,0,0,1.2,32.2,38.3386,329.703,27.0864,801.706,85.0556,281.373,207.535,364.769,57.6832
2/27/2009,2022.52,0,0,0,0,0,0,0,0,9.7,0.5,0,34.2745,346.598,23.2323,796.24,57.0204,272.116,195.719,318.889,34.1178
2/28/2009,1804.87,0,0,0,0,0,0,0,0,0,2.7,4.2,30.0876,317.593,21.4792,790.793,46.8777,215.333,149.064,254.904,30.9324
3/1/2009,1576.13,0,0,0,0,0,0,0,0,0,0,0,28.463,288.777,20.0667,782.657,40.8428,169.542,139.236,224.543,29.7516
3/2/2009,1574.13,0,0,0,0,0,0,0,0,0,0,0,26.6051,261.969,18.9686,769.189,37.5703,152.579,131.702,188.358,26.2565
3/3/2009,1359.7,0,0,0,0,0,0,0,0,0,0,0,25.5618,237.553,18.4302,750.528,36.2003,138.169,124.269,177.408,25.1081
3/4/2009,1378.13,0,0,0,0,0,0,0,0,0,0,0,24.7883,221.645,20.9089,724.263,34.1677,137.228,120.067,164.73,23.9683
3/5/2009,1379.13,0,0,0,0,0,0,0,0,0.4,0,0,24.0226,207.415,18.0311,695.906,33.4962,134.417,119.022,152.553,22.4626
3/6/2009,1264.82,0,0,0,4.1,0,0,0,0,0,0,1.9,26.0818,198.457,18.0311,658.138,33.4962,130.703,133.844,151.561,21.7159
3/7/2009,1259.7,1.2,23.4,0,1.5,0,0,5,0.3,50.2,6.1,13.2,24.0226,196.368,18.9686,609.403,39.647,132.555,125.324,148.605,20.6039
3/8/2009,1148.16,5,16.7,0,0,0,8.1,64.7,8.5,1.3,2.3,0.2,24.5322,205.686,18.1637,560.225,77.0085,228.825,172.589,159.596,22.8375
3/9/2009,1144.39,6.2,0,11.8,0,0,1.3,0,2.5,0,0,0,23.5164,182.595,17.1154,542.029,53.1017,243.782,147.964,236.943,21.3442
3/10/2009,1033.74,0,0,26.4,24.3,46.5,0,0,0,0,21.8,3.2,29.0013,174.459,20.7674,497.838,40.8428,226.556,135.995,198.514,22.0887
3/11/2009,1033.97,0,0,0,0,0,0,0,0,0,0.8,5.2,30.3612,177.912,19.5141,463.822,38.2597,181.911,127.442,166.808,20.6039
3/12/2009,1032.74,0,0,0,0,0,0,0,0,0,0,1.5,25.5618,185.768,18.6985,442.273,36.8838,142.913,122.163,154.548,19.5019
3/13/2009,919.43,0,0,0,0.1,11.7,0,0,0,0,1.9,68,30.0876,197.202,19.3771,431.23,34.1677,139.113,120.067,149.587,22.4626
3/14/2009,959.7,0,0,25.8,16,0,0,8.5,0,15.7,7.6,2.1,26.6051,247.798,17.5052,405.095,34.8422,127.943,105.635,148.605,20.2355
3/15/2009,975.82,0,1.4,12.6,7.2,0,0,0.4,0,0,6.4,0,26.343,218.922,16.4749,437.845,34.1677,132.555,106.651,147.627,21.7159
3/16/2009,1097.13,0,0.9,35.4,17.2,28.5,0,1.5,0,5.4,32.2,0,25.8214,218.021,30.8707,459.654,33.4962,127.028,103.609,141.829,19.5019
3/17/2009,1081.13,14.6,1.5,61.4,1.2,22.8,55.2,7.2,18.3,17.4,33.4,25.4,36.8702,217.571,24.436,487.08,39.647,129.781,138.154,151.561,195.488
3/18/2009,1225.22,0,0,8.3,10,3.5,4.2,0,5,7.8,13.9,10,28.7318,253.799,22.0565,502.173,50.2064,140.06,186.385,188.358,49.0361
3/19/2009,1207.04,0,0,8.9,0,0,0.9,0,0,0,0,33.6,26.343,241.904,18.5641,519.701,42.218,152.579,186.385,201.962,62.9795
3/20/2009,1191.66,0,0,0,0,0,0,0,0,0,0,0,25.3031,259.908,17.8989,526.351,36.2003,158.49,132.772,238.203,33.7168
3/21/2009,1196.89,0,0,0,0,0,0,0,0,0,0,0,25.5618,261.452,17.1154,526.351,32.8279,140.06,113.828,250.996,28.9687
3/22/2009,1178.78,0,0,0,0,2.4,0,0.5,0,0,0,2.5,26.0818,213.997,18.6985,526.351,30.8416,119.795,108.69,181.746,25.4899
3/23/2009,1303.92,1,0,35.2,0.5,11.9,28.4,5.8,4.6,9.1,2.6,10,38.3386,198.877,24.436,517.494,34.1677,116.238,128.504,146.652,139.359
3/24/2009,1398.04,0,80,0,0.2,0,5.8,7.7,1.6,1.7,0,10,32.5786,238.034,17.636,495.677,37.5703,130.703,182.913,163.696,32.1208
3/25/2009,1465.26,1,0.5,0.4,1.2,0,27.9,11.1,2,1.6,46.9,16.2,29.0013,229.964,17.7672,484.943,45.9367,161.477,225.558,216.075,55.4997
3/26/2009,1600.74,31.8,31.9,34.6,15,0,9.9,0,12.2,0.4,0,36.2,41.3304,227.63,18.9686,489.222,44.5335,226.556,207.535,253.598,91.9404
3/27/2009,1668.96,23.2,23.3,9.4,2.5,1.9,1.1,1.1,4.3,1.2,13.1,3.3,36.5788,226.701,17.8989,495.677,40.3868,223.167,176.015,288.728,49.0361
3/28/2009,1799.34,2.8,0,13.3,23.6,3.7,0,8.5,3.6,0.5,0,34.4,52.0307,217.122,21.9115,502.173,36.8838,188.216,138.154,234.435,61.2055
3/29/2009,1849.74,1,4.3,0,3,0,36.1,14,69.7,52,4.2,4.2,32.5786,232.316,19.1043,500.003,54.5635,197.822,263.671,220.893,48.1845
3/30/2009,1907.52,19.2,2.2,0,10.5,3.6,9.3,4.5,8.1,37.2,6,21.5,38.6344,249.786,21.336,497.838,71.7505,242.619,233.815,324.816,30.9324
3/31/2009,2042.78,9.4,2.4,51.1,0.1,28.8,37.1,22.6,29,26.9,8.4,91,96.8387,327.865,27.0864,508.711,66.5819,270.806,329.882,323.329,102.562
4/1/2009,2206,0,0,7.7,25,0,0,6.1,0,4,1.4,0,42.2421,431.247,19.9279,528.577,81.8142,293.502,249.164,486.599,64.3156
4/2/2009,2330.26,1,11.1,0,0,0,0,1,6.6,0,0,0,37.749,407.639,17.8989,553.367,63.0188,284.046,240.953,514.748,59.44
4/3/2009,2360.26,0,24.9,7.9,0,0,0,0,0,0,0,0,34.846,323,17.1154,576.391,49.2499,240.299,192.207,379.177,55.0647
4/4/2009,2196,0,6.1,0,0,0,0,0,0,0,0,0,33.4231,260.937,16.7297,588.076,41.3,190.335,154.591,250.996,45.2239
4/5/2009,2042.14,0,0,0,0,0,0,0,0,0,0,4,32.5786,229.495,16.9864,585.73,38.2597,169.542,140.32,223.323,32.1208
4/6/2009,1932.89,0,0,12.8,13.8,25.1,0,0,0,4.9,0,0,32.0195,211.786,18.6985,574.068,36.8838,167.512,138.154,193.965,37.3536
4/7/2009,1825.66,18.4,11.8,4.6,3.8,88.3,16.2,3.8,6.7,30.1,46.2,11.1,101.68,239.963,44.6992,557.935,54.0752,215.333,179.456,189.472,30.1444
4/8/2009,1818.63,9.8,31.6,23.5,0,25.7,15.2,2.5,2,2.4,1.2,0,43.7758,323.605,40.5631,524.13,79.1359,207.604,234.832,245.836,52.8983
4/9/2009,1653,3.8,8.7,45.9,0,0,0,0,2.4,0,0,2.5,38.0434,314.025,26.1366,551.09,69.1548,237.988,200.426,310.108,46.0666
4/10/2009,1633,0,0,0,0,0,0,0,0,0,0,0,35.1329,257.349,21.0508,535.282,60.002,253.16,196.894,268.163,40.6368
4/11/2009,1518.74,0,0,0,0.5,0,0,0,0,0,0,0,34.2745,224.852,19.3771,537.526,45.4678,196.746,179.456,261.489,39.8117
4/12/2009,1517.62,0,0,0,1.3,0,0,0,0,0,3.4,2.7,33.4231,210.468,18.8333,524.13,41.7584,160.479,137.073,235.687,36.9464
4/13/2009,1518.74,0,3.5,0,2.6,0,0,0,0,0,0,0.7,32.5786,210.468,18.8333,510.9,39.932,149.654,129.568,182.839,33.7168
4/14/2009,1532,0,0,25.6,24.8,0,0,0,0,1.2,0.8,3.6,65.2473,208.719,20.9089,502.173,39.647,138.169,125.324,173.126,70.6107
4/15/2009,1441.26,0,4.9,0,0,36.1,16,5.7,1.4,13.9,7.5,18.3,54.3309,230.902,32.935,504.348,40.8428,151.602,141.406,169.951,42.2953
4/16/2009,1293,0,0,0,0,0,12.9,24.6,0,0.7,0,0,38.0434,295.506,21.0508,502.173,39.932,175.686,156.815,190.59,42.2953
4/17/2009,1231,0,0,31.2,0,0,0,0,2,0,0,0,34.846,251.285,19.3771,510.9,38.2597,162.477,131.702,206.61,83.138
4/18/2009,1173.74,0,0,0,0,0,0,0,0,0,0,0,33.1408,211.346,18.2967,515.292,36.8838,138.169,119.022,174.191,66.5525
4/19/2009,1143,0,0,0,0,0,0,0,0,0,0,0,32.0195,193.06,17.5052,508.711,34.1677,130.703,115.899,158.579,52.0358
4/20/2009,1027.26,0,0,0,0,0,0,0,0,0,0,0,31.1868,182.595,17.1154,487.08,32.8279,125.205,110.739,154.548,35.7296
4/21/2009,1041.38,0,0,0,0,0,0,0,0,0,0,0,29.5428,172.94,16.8579,446.715,32.1626,121.589,107.67,147.627,29.7516
4/22/2009,908,0,0,0,0,0,0,0,0,0,0,0,28.7318,165.863,16.4749,413.749,30.8416,118.012,104.621,143.748,28.1893
4/23/2009,859,0,0,0,0,0,0,0,0,0,0,0,28.1951,160.425,16.2218,375.272,30.186,118.012,101.592,138.977,27.4134
4/24/2009,847,0,0.8,0,0,0,0,0,0,0,1.4,0,27.6618,159.527,15.9705,354.421,29.5336,114.475,100.588,130.606,27.0269
4/25/2009,691,0,0,0,0,0,0,0,0,0,0,0,27.1318,155.512,15.721,338.016,29.5336,110.977,97.5876,130.606,26.2565
4/26/2009,692,0,0,0,0,0,0,0,0,0,0,0,26.6051,149.792,15.4733,325.876,28.8845,106.663,96.5924,129.693,25.4899
4/27/2009,652.62,0,0,0,0,0,0,0,0,0,0,0,26.343,146.752,15.2275,317.863,28.2388,99.0581,95.5995,129.693,23.5903
4/28/2009,650.74,0,0,0,0,0,0,0,0,0,0,0,25.8214,142.457,15.1052,311.894,27.5964,98.2261,94.6091,127.878,21.7159
4/29/2009,733,0,0,0,0,0,0,0,0,0,0,0,25.3031,139.062,14.862,303.993,27.5964,91.6641,93.621,126.975,20.2355
4/30/2009,690,0,0,0,0,0,0,0,0,0,0,0,24.7883,136.121,14.7411,296.156,26.9575,90.05,92.6355,126.975,19.1368
5/1/2009,710,0,0,8.2,5.3,0,0,0,0,0,0,1.9,25.0453,134.038,14.862,290.322,26.9575,91.6641,90.6717,125.18,20.2355
5/2/2009,843.63,1.6,0,0,11,5.2,2.1,2.2,2,0,0,1.2,29.8148,132.794,15.5969,284.525,26.9575,103.257,92.6355,123.398,19.1368
5/3/2009,713,2,1.1,9.6,0.1,0,0.3,1.6,11.9,0,0,21,26.868,135.286,16.7297,284.525,26.9575,104.105,92.6355,123.398,23.5903
5/4/2009,808,0,0,18.2,9.1,1.2,0,0,0,0,1.2,0.3,26.868,138.219,18.5641,284.525,26.9575,105.808,94.6091,122.513,26.2565
5/5/2009,663,0,0,0,0,18.4,0,5,0.8,4.1,11.5,16.4,35.9982,137.378,16.2218,288.386,26.9575,116.238,94.6091,120.752,23.9683
5/6/2009,764,0,0,16.4,0,0,0,0,0,0,3.4,0,29.8148,145.027,15.5969,294.208,28.2388,112.721,90.6717,116.409,30.1444
5/7/2009,683,0,0,0,0,0,0,0,0,0,0,0,27.1318,148.052,14.862,298.109,28.8845,112.721,89.6936,114.696,28.1893
5/8/2009,692,0,0,0,0,0,0,0,0,0,0,0,26.0818,133.623,14.5007,303.993,27.5964,109.244,87.7447,114.696,24.7272
5/9/2009,674,0,0,0,0,0,0,0,0,0,0,0,25.0453,126.251,14.5007,302.028,26.9575,105.808,85.8061,112.996,21.7159
5/10/2009,667,0,0,0,0,0,0,0,0,0,0,0,24.277,123.835,14.7411,292.263,26.3221,104.105,84.8405,112.151,18.7729
5/11/2009,675,1,0,0,0,4.1,0.3,0,0,7,0,4.5,25.8214,122.236,14.862,269.25,25.6902,105.808,86.7741,111.31,17.6882
5/12/2009,680,0,0,0,0,0,16.4,0,0,0,0,0,24.5322,126.251,14.3812,259.841,25.0618,102.412,90.6717,109.637,17.329
5/13/2009,595,0,0,0,0,0,0,0,0,0,0,0,23.5164,123.035,14.0253,254.247,25.0618,90.8557,88.7179,109.637,16.9711
5/14/2009,657,0,0,0,0,0,0,0,0,0,0,0,22.7638,116.323,13.7903,256.108,25.0618,90.8557,84.8405,106.332,16.2591
5/15/2009,524.62,0,0,0,0.5,0,0,0,0,1.1,0,1.6,23.0138,112.837,13.6735,252.391,25.0618,89.2469,81.9595,106.332,16.9711
5/16/2009,559,0,0,2.8,0,0,0,0,0,0,0,0,22.2664,110.921,13.5572,243.177,24.4371,87.6489,81.0044,106.332,29.7516
5/17/2009,552,0,0,0,0,0,0,0,0,0,0,0,21.7727,109.019,13.4413,239.522,24.4371,88.4466,81.0044,104.7,27.4134
5/18/2009,560,0,0,0,0,0,0,0,0,0,0,0,21.5271,109.019,13.3259,235.885,24.4371,86.8539,80.0519,103.082,20.9735
5/19/2009,559,0,0,0,0,0,0,0,0,0,0,0,21.0388,106.757,13.2109,232.265,24.4371,86.8539,79.1021,98.3068,19.1368
5/20/2009,553,0,0,0,0,0,0,0,0,0,0,0,20.5541,104.888,13.0964,228.663,23.8161,85.2719,79.1021,96.7421,17.6882
5/21/2009,557,0,0,0,0,0,0,0,0,0,0,0,20.3131,103.403,12.9823,225.08,23.8161,86.8539,78.1549,96.7421,17.329
5/22/2009,508,0,0,0,0,0,0,0,0,0,0,0,20.0731,101.927,12.8688,221.514,23.8161,85.2719,77.2104,95.9648,16.2591
5/23/2009,652.38,0,0,0,0,0,0,0,0,0,0,0,19.834,100.462,12.7556,217.967,23.8161,85.2719,76.2687,95.1908,15.905
5/24/2009,517,0,0,0,0,0,0,0,0,0,0,0,19.5958,99.3682,12.6429,216.201,23.1987,83.7008,75.3296,95.1908,14.5019
5/25/2009,501,0,0,0,0,0,0,0,0,0,0,0,19.5958,98.6423,12.5307,212.681,23.1987,83.7008,75.3296,94.4201,13.1211
5/26/2009,489,0,0,0,0,0,0,0,0,0,0,0,19.3585,98.6423,12.419,209.18,22.5851,83.7008,75.3296,93.6529,12.101
5/27/2009,365.62,0,0,0,0,0,0,0,0,0,0,0,19.3585,96.8379,12.419,207.436,22.5851,84.485,73.4598,92.1284,11.7641
5/28/2009,499,0,0,0,0,0,0,0,0,0,0,3,19.1222,95.405,12.3077,203.963,21.9754,90.8557,73.4598,90.6172,11.4288
5/29/2009,499,0,0,0,0,0,0,0,0,0,0,0,19.1222,93.9817,12.3077,202.233,21.3695,85.2719,72.529,90.6172,11.4288
5/30/2009,499,0,0,0,0,0,0,0,0,0,5,0,18.8868,92.5678,12.1968,200.508,21.3695,79.8206,72.529,90.6172,11.0951
5/31/2009,362.74,0,0,0,0,0,0,0,0,0,0,0,18.6524,92.5678,12.1968,197.073,20.7675,76.766,71.601,89.8667,10.7631
6/1/2009,500,0,4.6,0.5,0.5,6.6,0,0,0,0.9,11.2,2.7,20.3131,95.405,14.862,195.362,20.7675,77.5255,71.601,89.8667,11.4288
6/2/2009,500,0,0,0,0,0,0,0,0,0,0,0,19.1222,97.5579,12.6429,193.656,20.7675,79.0528,71.601,89.8667,11.0951
6/3/2009,365.86,0,0,0,0,0,0,0,0,0,0,0,18.6524,96.8379,12.419,193.656,20.7675,80.5912,70.6759,90.6172,11.0951
6/4/2009,495,0,0,0,0,0,0,0,0,0,0,0,18.6524,90.814,12.1968,198.788,20.7675,81.3645,69.7536,92.1284,10.7631
6/5/2009,366.74,0,0,0,0,0,0,0,0,0,0,0,18.419,89.075,12.0864,198.788,20.7675,94.924,68.8341,92.1284,10.7631
6/6/2009,510.11,0,0,0,0,0,3,15,3.8,2.6,0,0,18.1864,88.0388,11.9765,191.955,20.7675,94.1051,68.8341,93.6529,10.7631
6/7/2009,348.56,0,0,0,0,0,0,0,0,0,0,0,17.9549,87.6946,11.9765,188.568,20.7675,70.5644,67.9175,90.6172,10.4328
6/8/2009,479.7,0,0,0,0,0,0,0,0,0,0,0,17.9549,86.3238,11.8671,186.881,20.7675,68.8268,70.6759,90.6172,10.1042
6/9/2009,351.44,0,0,0,0,0,0,0,0,0,0,0,17.7243,84.9626,11.7581,183.522,20.7675,71.4405,68.8341,89.8667,10.1042
6/10/2009,480.7,0,0,0,0,0,0,0,0,0,0,0,17.7243,84.2856,11.7581,181.85,20.7675,70.5644,67.9175,88.3756,10.1042
6/11/2009,336.07,0,0,0,0,0,0,0,0,0,0,0,17.4947,83.948,11.6495,180.183,20.7675,69.6932,67.9175,87.635,9.7774
6/12/2009,416.84,0,0,0,0.6,0,0,0,0,1.2,11.2,0.7,17.7243,84.2856,11.6495,178.521,21.3695,69.6932,67.0039,86.8978,9.7774
6/13/2009,388.57,0,2.1,0,0,0,0,0.8,0,0.7,0.5,1,17.266,84.9626,11.8671,178.521,21.3695,73.7558,67.0039,86.1639,9.7774
6/14/2009,387.46,0,0,0,0,0,0,1,0.8,0.9,0,0,17.0384,82.9389,11.7581,180.183,20.7675,87.6488,67.9175,84.7061,9.4524
6/15/2009,498,0,0,0,0,0,0,0,0,0,0,0,16.8117,81.9351,11.6495,180.183,20.7675,86.8538,66.0931,83.2616,9.4524
6/16/2009,384.57,0,0,0,0,0,0,0,0,0,0,0,16.8117,81.269,11.5415,178.521,20.7675,76.766,65.1853,83.2616,9.4524
6/17/2009,389.57,0,0,0.4,0,0,0,0,0,0.1,0,0,16.586,79.944,11.5415,175.211,20.1696,73.7558,67.0039,83.2616,9.1293
6/18/2009,502,0,0,0,0,0,0,0,0,0,0,0,16.586,79.2851,11.5415,173.564,20.1696,72.2675,67.0039,82.5443,9.1293
6/19/2009,388.69,0,0,0,0,0,0,0,0,0,0,0,16.3613,78.6287,11.4339,170.284,19.5757,68.8268,66.0931,82.5443,8.808
6/20/2009,395.57,0,0,0,0,0,0,0,0,0,0,0,16.3613,77.9746,11.3267,167.024,19.5757,67.9654,65.1853,81.8304,8.808
6/21/2009,387.46,0,0,0,0,0,0,0,0,0,0,0,16.1376,76.3502,11.22,165.402,19.5757,76.766,62.4796,81.8304,8.808
6/22/2009,501,0,0,0,0,0,0,0,0,0,0,0,16.1376,75.3828,11.1138,163.784,18.986,76.766,62.4796,80.4125,8.808
6/23/2009,387.57,0,0,0,0,0,0,0,0,0,0,0,15.9149,74.741,11.0081,163.784,18.986,72.2675,62.4796,79.7084,8.4887
6/24/2009,383.57,0,0,0,0,0,0,0,0,0,0,0,16.1376,74.421,10.9028,160.565,18.4004,73.0103,61.5838,78.3104,8.4887
6/25/2009,386.69,0,0,0,0,0,0,0,0,0,0,0,16.586,73.7828,11.0081,158.963,18.4004,73.7558,61.5838,77.6163,8.4887
6/26/2009,500,0,0,0,0,2.1,0.2,2.3,0.8,1.3,12.6,2.9,16.1376,76.9981,11.1138,157.366,18.4004,75.2553,62.4796,76.9255,8.4887
6/27/2009,386.57,1,2,0,12,2.5,10.1,23.8,3.5,0,0,0,15.9149,76.6739,11.22,155.774,17.8191,68.8268,65.1853,76.238,8.1714
6/28/2009,386.46,1,2.3,10.1,0,3.6,3.2,0,19.8,46.9,0,3,15.6931,75.7047,11.3267,155.774,23.8161,74.5042,88.7179,82.5443,8.808
6/29/2009,384.57,0,0,0,0,0,0,0,0,0.3,0,0,15.6931,71.5684,11.1138,155.774,23.1987,84.485,83.8776,86.8978,8.4887
6/30/2009,404.57,0,0,0,0,0,0,0,0,0,0,0,15.4725,70.9412,11.0081,154.188,22.5851,103.257,83.8776,103.082,8.1714
7/1/2009,500,0,0,0,0,0,0,0,0,0,0,0,15.2528,74.1016,10.9028,157.366,21.9754,98.2261,74.3933,99.885,8.1714
7/2/2009,387.69,0,0,0,0,0,0,0,0,0,0,0,15.2528,72.5137,10.6936,155.774,21.3695,92.4751,67.9175,95.9648,8.1714
7/3/2009,502,0,0,0,0,0,0,0,0,0,0,0,15.0341,70.9412,10.5897,154.188,20.7675,90.05,65.1853,92.8889,7.8561
7/4/2009,383.57,0,0,0,0,0,0,0,0,0,0,0,15.0341,69.384,10.5897,151.03,19.5757,81.3645,63.3785,89.1194,7.8561
7/5/2009,392.46,0,0,0,0,0,0,0,0,0,0,0,14.8165,68.457,10.4863,147.894,18.4004,68.8268,62.4796,78.3104,7.8561
7/6/2009,278.15,0,0,0,0,0,0,0,0,0,0,0,14.5999,67.8422,10.4863,146.333,18.4004,69.6932,62.4796,76.238,7.5429
7/7/2009,389.69,0,0,0,0,0,0,0,0,0,0,0,14.5999,67.5356,10.3834,144.779,18.4004,67.1088,61.5838,76.238,7.5429
7/8/2009,383.57,0,0,0,0,0,0,0,0,0,0,0,14.5999,66.9245,10.3834,141.684,18.4004,67.1088,61.5838,75.5539,7.5429
7/9/2009,393.46,0,0,0,0,0,0,0,0,0,0,0,14.3843,66.3158,10.2809,141.684,17.8191,67.9654,60.691,75.5539,7.2319
7/10/2009,280.15,0,0,0,0,0,0,0,0,0,0,0,14.3843,65.7095,10.2809,140.145,17.8191,66.2572,59.7782,74.873,7.2319
7/11/2009,387.69,0,0,0,0,0,0,0,0,0,0,0,14.1698,65.4073,10.1788,137.083,17.2422,66.2572,59.7782,74.873,6.923
7/12/2009,388.57,0,0,0,2.4,1.5,3.1,3.2,0,4,0,6.3,14.1698,65.4073,10.1788,135.561,17.2422,66.2572,58.8338,73.5211,6.923
7/13/2009,391.46,0,0,0,0,0,0,0,0,0,0,0,13.9564,65.1058,10.0773,135.561,17.2422,64.5686,57.8942,72.1824,6.923
7/14/2009,389.57,0,0,0,0,0,0,0,0,0,0,0,13.9564,65.1058,9.9762,135.561,17.2422,64.5686,57.8942,72.1824,6.923
7/15/2009,334.26,0,0,0,0,0,0,0,0,0,0,0,13.9564,64.2048,9.9762,134.043,17.2422,65.4104,57.8942,70.8569,6.6165
7/16/2009,344.03,0,0,0,0,0,0,0,0,0,0,0,13.7439,63.3094,9.8756,132.531,16.6697,64.5686,56.9593,69.5445,6.6165
7/17/2009,360.15,0,0,0,0,0,0,0,0,0,0,0,13.7439,63.0121,9.8756,132.531,16.6697,64.5686,54.1836,69.5445,6.6165
7/18/2009,353.26,0,0,0,0,0,0,0,0,0,0,0,13.5326,62.4195,9.7754,129.524,16.6697,66.2572,55.104,68.8932,6.6165
7/19/2009,309.61,0,0,0,0,0,0,0,0,0,0,0,13.5326,61.8294,9.7754,128.028,16.6697,63.7316,55.104,68.8932,6.3123
7/20/2009,316.3,0,0,0,0,0,0,0,0,0,0,0,13.3223,61.2418,9.6758,126.538,16.1017,58.0113,54.1836,68.2452,6.3123
7/21/2009,345.44,0,0,0,0,0,0,0,0,0,0,0,13.3223,60.6567,9.6758,126.538,16.1017,62.8996,54.1836,67.6004,6.3123
7/22/2009,246.59,0,0,0,0,0,0,0,0,0,0,0,13.3223,60.0741,9.5765,126.538,16.1017,62.0725,54.1836,66.959,6.3123
7/23/2009,357.02,0,0,0,0,0,0,0,0,0,0,0,13.1131,59.494,9.5765,125.054,16.1017,62.0725,53.2681,66.3208,6.0105
7/24/2009,357.13,0,0,0,0,0,0,0,0,0,0,0,13.1131,59.2049,9.4778,123.575,16.1017,62.8996,54.1836,66.3208,6.0105
7/25/2009,356.9,0,0,0,0,0,0,0,0,0,0,0,13.1131,58.9164,9.4778,123.575,15.5382,62.8996,53.2681,65.6858,6.0105
7/26/2009,230.71,0,0,0,0,0,0,0,0,0,0,0,12.9049,58.3413,9.3795,122.102,15.5382,61.2504,51.4518,64.4258,5.7113
7/27/2009,298.87,0,0,0,0,0,0,0,0,0,0,0,12.9049,57.7687,9.3795,120.635,15.5382,62.0725,51.4518,64.4258,5.7113
7/28/2009,341.61,0,0,0,0,0,0,0,0,0,0,0,12.6979,57.4833,9.2817,120.635,15.5382,61.2504,51.4518,64.4258,5.7113
7/29/2009,337.81,0,0,0,0,0,0,0,0,0,0,0,12.6979,57.1986,9.2817,119.173,15.5382,61.2504,50.5511,64.4258,5.7113
7/30/2009,254.02,0,0,0,0,0,0,0,0,0,0,0,12.4919,56.631,9.1844,117.717,14.9795,59.6209,50.5511,63.1788,5.4146
7/31/2009,354.7,0,0,0,0,0,0,0,0,0,0,0,12.4919,56.066,9.0875,116.267,14.9795,59.6209,49.6554,63.1788,5.4146
8/1/2009,236.02,0,0,0,0,0,0,0,0,0,0,0,12.4919,55.2231,9.0875,114.822,14.4255,59.6209,47.8792,63.1788,5.4146
8/2/2009,348.93,0,0,0,0,0,0,0,0,0,0,0,12.287,54.386,8.9912,111.951,14.4255,59.6209,47.8792,61.9448,5.4146
8/3/2009,262.02,0,0,0,0,0,0,0,0,0,0,0,12.287,53.831,8.9912,110.523,13.8764,59.6209,47.8792,60.7238,5.4146
8/4/2009,263.02,0,0,0,0,0,0,0,0,0,0,0,12.287,53.5545,8.8953,109.102,13.8764,59.6209,46.9987,60.1182,5.4146
8/5/2009,259.02,0,0,0,0,0,0,0,0,0,0,0,12.0833,53.2786,8.8953,107.687,13.8764,58.8136,46.9987,59.5158,5.4146
8/6/2009,260.02,0,0,0,0,0,0,0,0,0,0,0,12.0833,52.7287,8.7998,106.277,13.3323,54.8517,46.9987,58.3208,5.4146
8/7/2009,260.02,0,0,0,0,0,0,0,0,0,0,0,12.0833,52.4547,8.7998,106.277,13.3323,54.0743,46.1233,58.3208,5.1206
8/8/2009,261.02,0,0,0,0,0,0,0,0,0,0,0,11.8806,52.1813,8.7048,104.874,13.3323,54.0743,46.1233,57.7282,5.1206
8/9/2009,261.02,0,0,0,0,0,0,0,0,0,0,0,11.8806,51.3651,8.7048,104.874,12.7932,53.3019,45.2532,57.7282,5.1206
8/10/2009,262.02,0,0,0,0,0,0,0,0,0,0,0,11.8806,50.5545,8.6104,103.476,12.7932,54.8517,44.3883,57.1388,4.8294
8/11/2009,273.81,0,0,0,0,0,0,0,0,0,0,0,11.6791,50.5545,8.6104,102.085,12.7932,51.0147,43.5286,56.5526,4.8294
8/12/2009,250.81,0,0,0,0,0,0,0,0,0,0,0,11.6791,50.2856,8.5163,100.699,12.7932,50.2624,43.5286,55.9696,4.8294
8/13/2009,250.81,0,0,0,0,0,0,0,0,0,0,0,11.4786,49.7497,8.5163,99.3198,12.7932,50.2624,43.5286,55.3899,4.8294
8/14/2009,287.7,0,0,0,0,0,0,0,0,0,0,0,11.4786,49.4827,8.4228,97.9464,12.7932,51.0147,43.5286,54.8134,4.8294
8/15/2009,272.02,0,0,0,0,0,0,0,0,0,0,0,11.4786,49.4827,8.4228,96.5792,12.2593,51.7721,43.5286,54.8134,4.5411
8/16/2009,242.93,0,0,0,0,0,0,0,0,0,0,0,11.4786,49.4827,8.3297,95.2181,12.2593,51.7721,43.5286,54.8134,4.5411
8/17/2009,267.02,0,0,0,0,0,0,0,0,0,0,0,11.2793,49.2164,8.3297,95.2181,12.2593,49.5151,42.6742,54.2402,4.5411
8/18/2009,266.02,0,0,0,0,0,0,0,0,0,0,0,11.2793,48.6856,8.2371,93.8632,12.2593,48.7728,42.6742,54.2402,4.5411
8/19/2009,316.31,0,0,0,0,0,0,0,0,0,0,0.6,11.2793,48.4212,8.4228,93.8632,12.2593,48.7728,42.6742,53.6701,4.5411
8/20/2009,216.66,0,0,0,0,0,0,0,0,0,0,3,11.6791,48.1574,8.4228,92.5145,12.7932,50.2624,42.6742,52.5397,4.2559
8/21/2009,216.78,0,0,0,0,0,0.2,0.8,0,3.5,1.6,3,11.6791,48.6856,8.3297,92.5145,13.3323,50.2624,43.5286,52.5397,4.2559
8/22/2009,317.31,0,0,0,0,0,0,0,0,0,0,0,11.2793,50.0174,8.3297,91.172,13.3323,50.2624,43.5286,52.5397,4.2559
8/23/2009,224.89,0,0,0,16.1,0,0,0,0,0,0,0,11.2793,50.2856,9.3795,92.5145,13.3323,51.7721,43.5286,53.1033,4.2559
8/24/2009,313.31,21.6,15.5,27.1,0.1,46.7,14.6,16.8,14.5,18.4,0,12,17.266,51.3651,11.22,95.2181,13.3323,51.0147,52.3575,53.6701,11.0951
8/25/2009,257.74,1,0.5,0,3.6,0,0.2,0.5,0,0,29.5,0,13.3223,59.494,9.6758,99.3198,13.3323,55.6341,50.5511,56.5526,8.808
8/26/2009,306.5,0,2.4,11.6,0,4.1,2.2,9.7,1,17.7,6.3,2.7,12.4919,69.6942,9.0875,110.523,23.1987,63.7316,61.5838,60.7238,7.5429
8/27/2009,315.85,1,1.1,0,0,0,0,0,0,0,0,0,12.287,65.7095,8.8953,119.173,21.9754,64.5686,61.5838,70.8569,6.923
8/28/2009,326.31,0,0,0,0,0,0,0,0,0,0,0,12.0833,58.0547,8.6104,141.684,21.3695,64.5686,63.3785,69.5445,6.923
8/29/2009,428.85,0,0,0,0,0,0,0,0,0,0,0,11.8806,53.5545,8.5163,137.083,18.4004,60.4332,56.0293,69.5445,6.0105
8/30/2009,330.31,0,0,0,0,0,0,0,0,0,0,0,11.8806,51.9086,8.5163,126.538,14.9795,56.4215,50.5511,68.2452,4.5411
8/31/2009,330.31,0,0,0,0,0,0,0,0,0,0,0,11.8806,49.7497,8.4228,116.267,14.9795,52.5345,48.7647,65.0542,4.2559
9/1/2009,231.78,0,0,0,0,0,0,0,0,0,0,0,11.6791,48.9507,8.3297,109.102,14.4255,48.0356,46.9987,62.5601,3.9737
9/2/2009,333.31,0,0,0,0,0,0,0,0,0,0.6,0,11.6791,48.6856,8.3297,103.476,13.8764,47.3035,45.2532,57.1387,3.9737
9/3/2009,233.78,0,0,0,0,0,0,0,0,0,0,9.4,11.6791,48.6856,8.3297,100.699,13.3323,55.6341,44.3883,57.1387,3.6949
9/4/2009,334.31,0,0,0,5,0,0,0,0,0.4,0.3,21.6,11.4786,48.9507,8.4228,97.9464,13.3323,60.4332,43.5286,56.5526,3.6949
9/5/2009,235.66,0,0,18.9,2.1,12.5,0,2.2,2.1,4.5,11.3,1.7,11.4786,51.0943,8.7048,97.9464,12.7932,61.2504,42.6742,56.5526,6.0105
9/6/2009,336.31,0,0,26.7,10,0,0,0,0,0,0,1,11.2793,52.1813,8.8953,99.3198,12.7932,59.6209,42.6742,56.5526,9.7774
9/7/2009,326.31,3.8,6.3,6.2,0,7.1,12.3,0,5.6,13.3,14.5,9.4,11.2793,51.6365,8.9912,103.476,14.9795,61.2504,46.9987,55.9696,7.2319
9/8/2009,335.63,0,0,0,0,0,0,0,0,0,2.8,0,11.4786,51.6365,8.6104,106.277,14.4255,61.2504,44.3883,55.3899,7.5429
9/9/2009,347.57,0,0,0,0,13.1,0,0,0,0,0,3.1,11.6791,51.6365,8.7048,109.102,13.3323,68.8268,46.9987,54.8134,7.5429
9/10/2009,339.63,0,0,0,0,0,0,0,0,0,0.6,1.5,11.4786,51.6365,8.7048,111.951,13.8764,68.8268,46.1233,54.8134,7.2319
9/11/2009,355.57,0,0,0,0,0,0,0,0,0,0,0,11.4786,51.6365,8.3297,109.102,13.3323,64.5686,43.5286,53.6701,6.923
9/12/2009,347.31,0,0,0,0,0,0,0,0,0,0,0,11.4786,50.5545,8.2371,104.874,12.7932,62.8996,41.8251,52.5397,6.6165
9/13/2009,253.52,0,0,0,0,0,0,0,0,0,0,0,11.4786,49.4827,8.145,103.476,12.7932,61.2504,40.9814,51.4222,6.3123
9/14/2009,356.14,0,0,0,0,0,0,0,0,0,0,0,11.2793,47.6317,8.0534,102.085,12.7932,59.6209,40.1432,50.3174,5.7113
9/15/2009,256.84,0,0,27.8,0,0,0,0,0,0,0,0,11.0812,46.3288,7.9622,96.5792,12.2593,58.8136,39.3103,50.3174,8.808
9/16/2009,252.41,0,4.6,0,0,0,0,0,0,0,0,10.2,11.0812,47.1086,8.0534,92.5145,11.7308,58.8136,38.483,49.7699,8.1714
9/17/2009,287.31,0,0,0,0,0,0,0,0,0,0,0,10.8841,48.4212,7.8715,89.8358,11.2076,59.6209,37.6613,48.6844,7.5429
9/18/2009,256.35,0,0,0,0,0,0,0,0,0,0,0,10.8841,45.8121,7.7813,87.1825,10.6901,59.6209,37.6613,48.6844,7.2319
9/19/2009,248.98,0.5,0,0,0,3.6,0,0,0,0,0,0,10.6883,45.0419,7.6916,87.1825,10.6901,57.2139,36.0345,48.1465,6.6165
9/20/2009,257.04,2.2,0,0,0,0,0,1.4,4.3,0,0,1.3,10.6883,44.5317,7.7813,87.1825,10.6901,55.6341,36.0345,46.0266,5.7113
9/21/2009,248.89,0,0,0,6.4,0,0,0,0,0,0,4.9,10.4936,43.7712,7.7813,84.5546,10.6901,55.6341,36.0345,45.5046,4.5411
9/22/2009,259.04,46,16.6,0,45.3,0,102.1,19,23,37.4,1.7,0,16.3613,43.519,7.7813,81.9526,10.1783,56.4215,97.5876,51.9793,4.8294
9/23/2009,255.09,0,3.5,2.8,17,15.3,9.1,26.6,1,0.2,3.2,13.7,12.287,45.8121,8.3297,81.9526,11.2076,54.0743,102.6,123.398,5.7113
9/24/2009,264.24,22.2,22.9,4.9,3.2,37.1,12.2,27.9,17,20.9,15.6,16.4,11.2793,55.2231,9.5765,83.2504,18.986,63.7316,115.899,130.606,5.7113
9/25/2009,257.52,7.6,3.7,16.1,0,0,8.7,0.7,0,0.7,0.4,1.6,11.0812,54.1082,8.7998,92.5145,20.7675,68.8268,85.8061,142.787,6.0105
9/26/2009,358.89,0,0,0,0,0,0,0,0,0,0,0,10.8841,58.6285,8.4228,104.874,17.2422,70.5644,72.529,106.332,6.0105
9/27/2009,363.89,0,0,0,0,0,0,0,0,0,0,0,10.6883,53.2786,7.7813,111.951,14.9795,67.9654,68.8341,90.6172,5.7113
9/28/2009,366.89,0,0,0,0,0,0,0,0,0,0,0,10.4936,47.8942,7.6916,114.822,13.8764,63.7316,56.0293,85.4333,5.7113
9/29/2009,367.89,0,0,0,2.3,0,0,0,0,0,0,0,10.4936,46.0701,7.6916,109.102,12.7932,58.0113,49.6554,69.5445,5.4146
9/30/2009,367.89,5,0,0,0,0,0,3.4,0,0,0,1,10.3,45.0419,7.6023,99.3198,11.7308,55.6341,49.6554,62.5601,4.8294
10/1/2009,268.67,0,0,0,0,0,0,0,0,0,0,0,10.3,45.8121,7.5135,92.5145,11.7308,54.0743,49.6554,62.5601,4.8294
10/2/2009,273.67,0,0,0,0,0,0,0,0,0,0,0,10.1076,46.0701,7.6023,88.506,11.2076,53.3019,57.8942,63.1788,4.5411
10/3/2009,278.67,0,0,2.8,0,0,0,0,0,0,0,0,10.1076,46.0701,7.9622,85.8653,11.2076,51.7721,54.1836,72.1824,3.9737
10/4/2009,278.55,0,0,4.6,0,0,28.3,9.7,21.7,4.3,32.5,19,9.9164,45.5547,7.7813,84.5546,11.7308,51.7721,57.8942,68.8932,3.9737
10/5/2009,188.56,0,0,0,0,0,0,0,0,0,0,0,9.9164,44.7865,7.6023,84.5546,11.7308,52.5345,59.7782,72.8501,3.6949
10/6/2009,299.67,0,0,0,5.3,0,0,0,0,0,0,0,10.3,44.024,7.5135,84.5546,11.7308,57.2139,53.2681,74.873,3.4196
10/7/2009,289.67,2.8,3.7,0,0,6.5,2.3,3.1,1.6,1.1,3.3,23.2,15.4725,43.0165,8.7048,84.5546,12.2593,60.4332,51.4518,66.959,3.4196
10/8/2009,282.55,7.4,8.7,0,13.5,22.4,13.1,9.7,13.6,3.7,30.7,35.1,13.3223,58.6285,8.9912,85.8653,13.3323,63.7316,62.4796,65.6858,3.1479
10/9/2009,190.56,7.6,1.7,0,0,32.4,9.3,8.1,6.6,15,9.1,7.3,12.4919,77.323,11.3267,84.5546,14.4255,63.7316,65.1853,79.0078,2.88
10/10/2009,188.44,2.4,0,2.6,0,31.8,0,0.1,0,0,0,6.8,25.8214,97.1976,9.5765,97.9464,14.9795,73.0103,98.5853,85.4333,2.88
10/11/2009,289.55,0,0,0,0,0,0,0,0,0,0,0,12.9049,59.494,8.5163,129.524,17.2422,80.5912,87.7447,122.513,2.6162
10/12/2009,390.32,0,0,0,0,0,0,0,0,0,0,0,12.0833,59.494,7.8715,152.607,16.1017,81.3645,64.2804,107.978,2.6162
10/13/2009,298.93,0,0,4.2,0,0,0,0,0,0,3.2,4.8,11.6791,53.5545,7.8715,154.188,14.4255,78.2878,55.104,79.7084,3.9737
10/14/2009,298.61,0,0,0,1.3,0,0,5,0.6,0.3,0,0,11.2793,52.7287,8.4228,131.025,13.8764,73.0103,52.3575,68.8932,3.4196
10/15/2009,306.52,0,0,0,15.5,1.8,28.7,2.9,0,24.5,0,7.9,11.6791,49.2164,9.3795,113.384,12.2593,54.8517,50.5511,65.6858,3.1479
10/16/2009,253.83,0,0,0,0,44.2,0,0,0,0,4.8,21.7,31.4635,48.6856,18.5641,107.687,11.7308,53.3019,56.0293,64.4258,2.88
10/17/2009,349.74,0,0,4.6,30.5,0,2.6,0,0,0.4,0,4.7,18.419,70.005,10.6936,102.085,11.7308,51.7721,86.7741,74.1954,3.1479
10/18/2009,282.52,10.6,0,0,0,15.1,20,59.1,15.4,29.9,1.9,5.5,17.266,64.8048,11.4339,114.822,16.6697,51.7721,98.5853,110.472,3.9737
10/19/2009,340.83,1,0,0,18,0,0,0,0,0,0,0.5,15.0341,64.8048,12.9823,138.612,26.9575,81.3645,138.154,128.784,3.6949
10/20/2009,445.33,21.6,14.8,44.7,0,30,17.8,28,20.2,39.1,62.5,12.4,17.7243,62.7155,23.2323,154.188,27.5964,106.663,131.702,173.126,94.8133
10/21/2009,525.19,0,0.6,17.8,14.3,0,0,0,0,0,0,0.2,15.2528,91.1635,12.3077,155.774,34.8422,97.3966,127.442,165.767,41.0504
10/22/2009,639.09,45.2,9.6,13.7,22.3,10.7,91.9,33,66.6,77.3,9.2,9.9,17.7243,81.9351,12.7556,176.863,34.8422,128.861,269.941,176.332,15.5522
10/23/2009,731,16.4,8.1,0,0,9.3,21.5,21.7,17,13.5,9.4,0,15.6931,87.351,11.4339,202.233,55.5432,152.579,219.512,333.816,23.9683
10/24/2009,834.91,0,0,4.8,6.9,0,0,0,0,0,0,0,14.5999,70.005,10.1788,210.928,43.1407,149.654,208.726,274.928,36.1344
10/25/2009,928.81,0,0,12.6,0,0,0,0,0,0,0,49,13.5326,63.0121,9.2817,193.656,30.8416,126.115,131.702,254.904,38.5793
10/26/2009,833.22,27.2,2.4,0,15.5,0,28.4,27.3,13.4,32.7,0,2.7,19.1222,58.3413,9.4778,176.863,31.5005,144.828,150.165,167.852,32.9172
10/27/2009,739,15.8,9.4,159,34.9,48.8,8.5,42.4,39,18.6,0.8,14.5,14.5999,71.5684,13.2109,155.774,28.8845,129.781,226.772,197.371,19.8681
10/28/2009,745.22,1.4,24.5,3.5,0,0,3.1,2.3,0,10.5,12.2,0,13.9564,115.155,9.7754,147.894,44.0681,156.51,169.179,279.03,15.2007
10/29/2009,737,13.8,17.5,0,13.6,0,0,0,0.5,3.1,0,0,13.7439,85.9826,9.1844,160.565,36.2003,178.788,125.324,207.781,15.2007
10/30/2009,675.78,0,10.6,34.6,0,2.2,0,2.1,0.8,3.6,1.8,0,13.3223,56.3482,8.9912,202.233,27.5964,165.491,110.739,156.557,18.4101
10/31/2009,661.87,0,0,0,0,0,0,0,0,0,0,0,13.1131,56.3482,8.7998,185.199,22.5851,145.788,97.5876,138.033,14.8506
11/1/2009,572.28,0,1.3,0,0,0,26.8,0,0,0,0,0,12.9049,53.2786,8.5163,160.565,19.5757,113.596,93.621,122.513,11.7641
11/2/2009,471.43,6.2,0,1.4,0,0,0,3.5,0,0,0,0,12.6979,50.8241,8.3297,144.779,18.4004,105.808,95.5995,118.136,11.0951
11/3/2009,379.83,15,0,0,0,0,42.9,18.2,10.6,36.2,0,0,14.3843,49.4827,8.2371,131.025,17.2422,117.124,145.77,126.076,14.1545
11/4/2009,474.74,0,0,0,0,3.7,21.3,0,0,0.2,30,19.7,26.868,50.5545,8.5163,119.173,25.6902,103.257,164.658,185.036,13.4641
11/5/2009,378.52,0,0,0,0,0,0,0,11.6,0,0,1.7,16.1376,73.147,8.7998,116.267,20.1696,103.257,134.919,204.279,12.7796
11/6/2009,478.94,0,0,0,0,10,0,0,0,0,0,5.2,13.9564,82.6037,8.8953,132.531,17.8191,92.4751,104.621,166.808,12.101
11/7/2009,473.23,0,0,0,2.2,0,0,0,0,0,0,0,13.5326,68.7654,8.7048,146.333,16.1017,85.2719,88.7179,129.693,11.4288
11/8/2009,482.37,9.4,0,0,0,0,0.2,0,0,0,0,9.7,17.266,67.5356,8.4228,152.607,14.9795,78.2878,81.0044,110.472,10.1042
11/9/2009,475.43,0,0,4.6,1.4,14.6,2.6,0,0,5.7,7.1,0,14.3843,67.2297,8.9912,143.229,14.4255,78.2878,83.8776,102.277,9.1293
11/10/2009,467.74,2.6,0,0,93.7,5.5,6.1,24.5,0.6,26.2,0.3,27.1,13.5326,58.0547,16.4749,134.043,17.2422,89.2469,94.6091,107.153,7.8561
11/11/2009,500.94,49.8,0,63.7,1.2,12.5,2.6,10.5,1.3,0,16.8,45.5,13.3223,63.0121,18.8333,286.453,25.6902,115.355,96.5924,119.004,46.9119
11/12/2009,882,34.6,24.3,0,4.8,0,4,1.5,14,0,0,0,36.5788,72.8301,13.5572,243.177,22.5851,112.721,120.067,124.287,22.0887
11/13/2009,674.89,0,0,0,0,13.2,0,0,21.6,14.3,0,15.6,17.0384,108.641,11.1138,225.08,19.5757,99.8928,141.406,153.549,21.3442
11/14/2009,665.11,0,0,0,0,0,0,0,0,0.3,6.2,0,15.0341,76.3502,9.9762,243.177,21.9754,104.105,109.714,174.191,19.8681
11/15/2009,666.34,0,0,0,0,0,0,0,0,0,0,0,14.1698,63.3094,9.5765,248.693,24.4371,102.412,93.621,136.156,19.1368
11/16/2009,662.66,0,0,0,0.9,0,2,0,0,0,0,0,13.5326,56.3482,9.3795,217.967,18.4004,101.57,80.0519,116.409,18.7729
11/17/2009,469.45,4.6,0,0,0,0,0,17,1.4,1.7,17.3,0.7,13.3223,52.7287,14.6207,181.85,16.6697,94.924,131.702,106.332,21.7159
11/18/2009,471.96,0,0,0,0,1.2,0,0,0,0,0,1.4,13.1131,50.8241,10.9028,147.894,15.5382,91.6641,123.215,164.73,21.3442
11/19/2009,380.94,0,0,0,0,0,0,0,0,0,0,0,12.6979,50.8241,10.9028,132.531,14.4255,91.6641,94.6091,151.561,19.8681
11/20/2009,279.32,6.2,0,0,0,4.5,0,0,0,0,0,0,12.6979,51.3651,9.8756,125.054,13.8764,89.2469,80.0519,117.271,17.6882
11/21/2009,285.03,9,0,4.3,0,0,0,0,0,0,0,1,12.4919,48.9507,9.2817,125.054,12.7932,86.0615,71.601,99.885,16.6145
11/22/2009,185.41,0,0,0,0,0,0,0,0,0,0,0,12.0833,47.8942,8.7998,125.054,11.7308,88.4466,67.0039,89.8667,14.8506
11/23/2009,186.61,0,0,0,0,0,0,0,0,0,0,0,11.8806,47.1086,8.5163,116.267,11.2076,82.9193,63.3785,83.9822,13.8086
11/24/2009,299.83,0,0,0,0,0,0,0,0,0,0,0,11.6791,44.5317,8.3297,107.687,11.2076,81.3645,60.691,79.7084,12.4395
11/25/2009,198.56,0,0,0,1,0,0,0,0,0,0,0,11.2793,44.2775,8.145,102.085,10.6901,79.8206,58.8338,76.238,11.4288
11/26/2009,188.98,0,8.7,0,0,0,0,6.6,0,1.6,31.5,7,11.2793,43.2674,8.4228,96.5792,11.2076,85.2719,57.8942,74.1954,9.7774
11/27/2009,243.46,0,0,0,0,5.7,0,0,0,0,2.4,4,11.0812,43.2674,9.8756,91.172,13.3323,81.3645,61.5838,73.5211,8.808
11/28/2009,219.11,0,0,0,52.9,4.1,34.7,17.7,45.7,1.2,4.2,13,10.8841,47.1086,10.1788,89.8358,14.4255,73.7558,71.601,78.3104,8.1714
11/29/2009,280.96,21.2,0,11.2,7,5.7,0.6,20,6.8,19.6,0.2,0,13.3223,55.2231,10.3834,88.506,16.6697,78.2878,64.2804,89.1194,10.7631
11/30/2009,313.28,1,10.8,0,20,46.2,20.1,26,16.1,20,22.5,0,11.4786,63.9057,12.0864,96.5792,20.1696,86.0615,75.3296,81.8304,11.4288
12/1/2009,415.19,1,12,0,5.9,2.1,50.2,10.9,4.7,30.2,9.9,0,11.0812,70.6285,11.0081,106.277,30.8416,94.924,86.7741,95.9648,6.6165
12/2/2009,429.19,3.6,27.2,0,5.9,0,8.3,5.1,22.7,0,10,0,13.7439,60.949,11.4339,132.531,31.5005,118.012,101.592,110.472,11.7641
12/3/2009,506.09,11.8,8.4,15.8,1.2,0,0.5,6.7,26.3,1,5.8,0,14.8165,61.2418,14.0253,147.894,24.4371,135.352,152.375,133.366,13.8086
12/4/2009,501.66,3.8,0,11.7,77.5,2.7,15.2,26.4,17,29.3,10.8,59.8,13.7439,63.0121,14.2621,143.229,29.5336,131.628,152.375,191.712,17.6882
12/5/2009,672.34,41,20.5,15.5,55,47.9,45.9,66.2,46,40.2,34.1,13.5,29.0013,78.3013,17.2449,226.869,63.0188,319.95,206.346,197.371,30.9324
12/6/2009,1236.35,56.2,66.2,11.6,15.6,0,44.5,49.2,47,33.2,0.8,0.7,16.8117,95.0483,13.2109,274.947,60.5023,462.436,323.341,272.211,20.2355
12/7/2009,1748.46,9.6,2,2.5,11.4,19.8,16.3,8.5,10.7,38.3,20.8,3.9,16.3613,113.607,13.4413,307.935,82.8914,474.48,302.812,405.53,14.8506
12/8/2009,2127.09,7.4,11.7,5.8,26.5,4.7,31.2,10.8,28.2,16,21.8,13.5,15.2528,133.208,11.8671,333.954,86.6873,407.741,304.96,380.796,14.1545
12/9/2009,2038.76,10,6.5,10.9,0,9.2,20.4,16.4,9.7,6,19.4,23.4,15.4725,154.183,12.5307,335.983,60.002,351.999,293.188,382.419,20.2355
12/10/2009,1731.46,16.8,4.8,0,11.9,9.1,15.8,6.4,27.8,10.6,0,41.9,16.586,169.533,17.3748,333.954,51.6493,311.475,262.629,366.355,19.1368
12/11/2009,1361.83,0,0,0,0,0,0,3.5,2.2,0,3.2,0,30.6356,184.177,14.6207,344.138,47.8233,255.525,267.848,330.802,22.4626
12/12/2009,1136.76,0,0,0,0,0,0,0,0,0,0,0,16.586,149.356,11.8671,344.138,40.3868,197.822,186.385,327.802,14.1545
12/13/2009,1047.8,0,0,0,0.6,0,0,0,0,0,0,0,15.0341,106.382,11.22,335.983,32.1626,152.579,145.77,230.699,14.5019
12/14/2009,967.63,0,0,5.4,21.4,12,0,0,0,15.3,18.3,10,16.1376,103.033,15.8455,307.935,38.9519,143.869,141.406,182.839,51.1757
12/15/2009,868.67,5.4,8.8,41.2,0,40.5,40,45.3,52.6,27.2,18.5,17.7,15.4725,124.237,16.7297,274.947,63.0188,175.686,161.286,180.656,45.6449
12/16/2009,942.26,0,11.8,0,0,1.6,0,0,0,0.1,1.7,0.3,14.8165,125.041,13.2109,276.854,55.5432,195.672,209.918,207.781,42.2953
12/17/2009,842.72,0,0,0,2.8,0,0,0,0,0,0,0,15.0341,113.993,12.9823,292.263,46.8777,181.911,152.375,257.527,43.1287
12/18/2009,956.44,0,1.5,8.2,0,35.5,4.1,2.1,0,3.8,0.3,3.5,15.4725,89.7688,12.9823,300.067,36.8838,163.479,129.568,189.472,15.2007
12/19/2009,850.67,8.4,0,0,0,0,1,0,0,16.8,0,0,15.2528,85.9826,11.0081,278.766,34.1677,143.869,127.442,162.666,13.4641
12/20/2009,838.72,26.8,1.7,16.3,0,4.1,0,0,6.6,11.9,1.1,8.7,15.0341,81.269,10.3834,248.693,38.9519,143.869,133.844,160.615,14.5019
12/21/2009,764.91,0,0,0,0,2.1,0,0,0,0.7,6.4,0,15.9149,78.9566,10.5897,226.869,36.8838,139.113,125.324,167.852,13.8086
12/22/2009,652.91,0,0,10.3,0,4.4,0,39.1,4.1,17.5,0,0,15.2528,90.814,12.0864,209.18,30.8416,139.113,130.634,158.579,30.1444
12/23/2009,660.22,0,1.8,15.6,0,0,2.1,0,0,0,0,0,15.0341,93.9817,13.3259,205.697,36.8838,136.288,129.568,164.73,22.4626
12/24/2009,660.22,0,0,18.9,8.3,0,0.2,0,0,0,0,0,15.2528,87.6946,10.5897,202.233,34.8422,131.628,110.739,160.615,23.2134
12/25/2009,661.22,2.6,0,48.6,20.3,10.2,0,0.5,5.6,1.5,9.1,2,17.0384,87.6946,11.3267,214.438,25.6902,118.902,104.621,138.977,30.538
12/26/2009,754.44,0,1.6,31.7,8.3,10.1,11.8,0,5.6,6.6,7.1,50,19.834,102.295,11.0081,216.201,26.9575,120.691,110.739,132.442,29.3597
12/27/2009,926.63,11.4,0,0,3.7,0,0,0,0.5,0.5,21.7,2.4,26.343,117.887,13.3259,239.522,32.8279,119.795,127.442,140.875,22.4626
12/28/2009,1023.68,20.2,2.8,21.3,24.6,1.5,43.3,47.8,51.6,20.4,5.5,5.1,15.6931,134.453,16.8579,243.177,28.8845,170.56,207.535,168.9,28.1893
12/29/2009,1114.87,36.6,19.3,8.1,50,22.4,25.4,37.6,35.8,39.9,24.2,32.4,17.4947,139.484,31.0403,269.25,59.5026,218.678,227.988,262.816,30.538
12/30/2009,1311.83,33.2,8.2,6.8,3.2,14.4,30.8,30,50,18.2,5.1,6.5,19.1222,163.588,24.1325,303.993,68.6384,322.8,357.425,301.458,30.1444
12/31/2009,1499.65,22.8,2.2,5.9,0,7.9,33.1,11.2,8.6,6.5,5.3,0,26.343,158.184,18.2967,335.983,60.5023,322.8,303.886,443.317,25.1081
1/1/2010,1881.91,7.6,10,0,0,0,12.4,16,2.4,0,0,0,18.8868,140.755,16.3481,364.799,48.2977,328.539,268.894,379.177,20.6039
1/2/2010,1605.44,19.2,8,5.8,0,0,0,9.6,2,7.9,1.3,11,18.419,122.635,13.3259,368.977,40.3868,290.785,221.926,333.816,22.4626
1/3/2010,1314.78,0,22,0,0,0,0,0,0,0,0,0,17.9549,135.703,12.6429,344.138,36.8838,234.536,173.729,273.568,21.7159
1/4/2010,1217.56,0,5,0,0,0,0,0,0,0,0,0,17.4947,110.539,11.4339,315.869,32.1626,216.446,143.584,214.879,20.2355
1/5/2010,1056.11,0,0,0,5.2,0,11.4,14.1,0,0.7,0,0,18.419,91.1635,11.0081,298.109,28.8845,170.56,142.494,180.656,18.7729
1/6/2010,725.44,9.2,0,0,17.3,0,9.2,7.3,4.8,37,1.2,7.3,26.868,82.2691,11.9765,259.841,38.2597,184.004,153.482,180.656,30.538
1/7/2010,920.77,35.8,0,0,0,14.3,24.1,0,35.7,24,8.4,8.3,24.277,86.6656,16.3481,234.073,60.002,284.046,166.915,195.097,52.0358
1/8/2010,949,8.4,0,0,0,12,0,32.5,1,0,0.5,3.9,41.9375,102.664,15.4733,219.739,59.0042,276.064,185.226,212.499,41.4647
1/9/2010,928.89,0,5,6.5,0,11.3,0,3.3,0,16.9,0,1.3,53.0126,136.121,12.3077,223.295,45.9367,255.525,177.16,231.941,34.9221
1/10/2010,923.89,0,0,0,0,0,0,0,0,0,0,15.2,24.0226,119.855,11.7581,228.663,36.2003,206.509,132.772,218.477,26.2565
1/11/2010,930.89,0,0,0,0,0,0,0,0,0,0,0,21.2825,108.263,10.798,248.693,30.8416,177.752,115.899,165.767,20.6039
1/12/2010,779.44,0,0,0,0,0,0,0,0,0,0,0,18.419,87.008,10.4863,250.54,27.5964,160.479,106.651,144.713,17.6882
1/13/2010,662,10.6,35,3.8,0,0,0,2.2,0,2.8,0,0.9,23.2646,77.6485,11.5415,232.265,28.2388,159.483,107.67,134.292,26.6412
1/14/2010,543.78,0,0,0,1.5,0,0,0,0,22.9,0,13.4,25.0453,81.269,13.4413,200.508,28.2388,153.558,112.797,136.156,23.9683
1/15/2010,743.22,0,0,0,20,9.3,3.8,17.2,5.5,0.8,0,0,22.2664,59.494,11.7581,183.522,38.2597,124.297,107.67,141.829,22.4626
1/16/2010,644.22,10.4,15.5,17.1,0,12.9,0,6,5.6,14.3,21.9,0,19.5958,68.7654,12.3077,176.863,34.8422,127.943,111.767,136.156,25.1081
1/17/2010,645.11,0,0,12.8,0,0,0,0,0,0,1,9.4,19.1222,84.9626,10.5897,191.955,29.5336,123.392,135.995,143.748,21.7159
1/18/2010,493.89,0,0,21.9,0,0,0,0,0,0,0,0,24.0226,97.9187,9.8756,197.073,27.5964,112.721,120.067,169.951,20.2355
1/19/2010,465.78,0,0,0,20,0,0,0,0,0,0,1.7,17.7243,76.6739,9.6758,190.259,25.0618,111.848,107.67,149.587,16.9711
1/20/2010,541,22.4,30,0,0,0,10.1,19.1,0.3,27.6,0,0,17.0384,71.5684,10.2809,186.881,24.4371,105.808,102.6,135.222,19.1368
1/21/2010,557,29.8,0,0,11.7,0,16.2,25.5,2.8,0.1,6.2,0,17.4947,73.147,12.1968,181.85,26.9575,105.808,119.022,130.606,18.0485
1/22/2010,668.22,5,5,0,0,0,17.9,13.9,1.2,6.4,0,20.9,19.1222,73.4646,10.1788,171.921,27.5964,131.628,161.286,154.548,17.329
1/23/2010,642.11,19.4,5.5,0,0,9,9,19.1,14.8,5.5,3.7,5.5,21.2825,73.4646,10.798,165.402,29.5336,144.828,181.759,205.443,16.6145
1/24/2010,739.34,35.6,0,13.8,0,0,18.1,6.8,14.7,4.6,15.9,20.7,19.1222,82.9389,10.798,165.402,33.4962,157.499,224.346,233.186,16.9711
1/25/2010,741.44,0,10,16.9,4.8,58.4,1.1,15.5,0,4.8,59.7,20.1,20.796,140.755,35.9467,168.651,33.4962,185.053,231.643,283.165,20.6039
1/26/2010,818.33,2.8,0,4.6,5,51.3,0,8.1,55.4,5.3,23,46.1,21.2825,192.649,38.9829,200.508,32.8279,202.148,191.039,287.332,51.1757
1/27/2010,664,0,2.5,0,0,5.9,0,1.8,0,0,0,5.6,18.8868,206.982,26.1366,259.841,39.647,199.981,182.913,239.466,125.495
1/28/2010,661,0,0,0,0,2,0,0,0,0,0,5.2,17.9549,175.222,15.8455,340.053,32.1626,203.235,144.676,225.767,51.6055
1/29/2010,661,0,0,0,0,0,0,0,0,0,0,0.4,17.4947,143.312,14.1435,366.886,26.3221,168.526,121.114,179.57,20.6039
1/30/2010,649.34,0,0,0,0,0,0,0,0,0,0,0,24.7883,121.043,13.9076,356.488,24.4371,139.113,108.69,151.561,17.6882
1/31/2010,645.22,0,0,0,0,0,0,0,0,0,0,0,18.8868,108.263,13.3259,325.876,23.1987,127.943,101.592,136.156,16.2591
2/1/2010,507.44,0,0,0,0,0,0,0,0,0,0,0,17.266,95.7623,12.1968,284.525,21.9754,117.124,99.5853,127.878,15.2007
2/2/2010,461.67,0,0,0,0,0,0,0,0,0,0,0,16.3613,83.948,11.0081,250.54,20.1696,109.244,93.621,124.287,14.5019
2/3/2010,397.22,0,0,0,0,0,0,0,0,0,0,0,15.9149,78.6287,10.5897,217.967,19.5757,104.955,88.7179,117.271,13.8086
2/4/2010,368.45,0,0,0,0,0,0.1,0,0,0,0,8.663095238,16.8117,75.3828,10.1788,193.656,18.986,99.0581,85.8061,111.31,13.4641
2/5/2010,382.33,0,0,0,0,72,0,1.1,0,0.2,0,8.663095238,26.6051,72.198,24.1325,178.521,18.4004,95.7456,84.8405,107.978,12.7796
2/6/2010,290.33,0,4.2,26.5,0,0,0,0,0,0,0,8.663095238,18.419,74.421,12.5503,167.024,18.4004,94.1051,90.6717,107.153,12.4395
2/7/2010,374.56,0,0,19.8,0,0,0,0,0,0,0,8.663095238,42.2421,60.3651,11.7525,162.172,17.8191,91.6641,83.8776,112.996,11.7641
2/8/2010,360.33,0,0,0,0,0,0,0,0,0,0,8.663095238,24.277,85.302,10.9744,181.85,17.2422,90.8557,80.0519,105.515,11.7641
2/9/2010,360.33,0,0,0,0,0,0.4,1.9,0,0,0,8.663095238,18.419,80.6053,9.7921,195.362,16.1017,88.4466,77.2104,100.679,11.4288
2/10/2010,362.22,2.6,1.1,0,0,0,10.2,0.1,0,8.8,6.2,8.663095238,18.6524,75.3828,9.7921,181.85,15.5382,79.8206,81.0044,97.5228,11.0951
2/11/2010,363.45,2.4,0,0,0,2.9,0,0,7.4,7.5,15.6,8.663095238,17.266,71.5684,10.7557,167.024,19.5757,75.2553,87.7447,103.082,11.0951
2/12/2010,364.33,1,0,5.3,0,0,0,0,0,0,0,0,16.586,74.741,9.4784,158.963,18.986,85.2719,84.8405,110.472,10.7631
2/13/2010,307,0,0,0,0,0,0,0,0,0,0,0,15.9149,71.5684,9.1685,151.03,16.6697,86.8539,77.2104,106.332,10.1042
2/14/2010,361.45,0,0,0,0,0,3.1,0,0,0,0,0,15.4725,66.3158,8.8624,147.894,15.5382,75.2553,70.6759,96.7421,10.1042
2/15/2010,357.33,0,0,0,0,0,0,0,0,0,0,0,15.0341,63.3094,8.6605,146.333,14.9795,72.3214,70.6759,89.1194,9.4524
2/16/2010,355.33,0,0,0,0,0,0,0,0,2.7,0,0,14.5999,60.949,8.4604,138.612,14.4255,70.5644,67.0039,88.3756,8.808
2/17/2010,318.11,0,0,0,0,0,0,0,0,0,0,0,14.5999,60.0741,8.361,131.025,13.8764,67.1088,67.0039,83.9822,8.4887
2/18/2010,261.11,0,0,0,5,0,0,3.2,0,3.8,5.2,0.9,14.3843,59.494,8.5602,128.028,12.2593,60.4332,65.1853,83.9822,7.8561
2/19/2010,260.11,25,15.6,0,2.4,24.4,17.1,0,46,6.9,19.3,8.3,18.1864,60.949,10.7557,131.025,15.5382,65.4104,85.8061,83.9822,7.5429
2/20/2010,321.33,0,0,15.3,0,0,0,0,0,2.4,0.4,1.8,15.9149,62.1242,9.1685,129.524,22.5851,72.3214,86.7741,107.978,25.1081
2/21/2010,260.33,0,0,0,0,0,0,1,0,0,0,0,15.0341,61.2418,8.8624,131.025,19.5757,75.2553,84.8405,108.806,10.4328
2/22/2010,286.74,0,0,0,0,0,0,0,0,0,0,0,15.6931,60.949,8.7613,135.561,17.8191,72.3214,75.3296,105.515,8.808
2/23/2010,323.28,0,0,0,0,0,0,0,0,0,0,0,16.1376,60.6567,9.066,138.612,16.6697,67.1088,70.6759,94.4202,7.5429
2/24/2010,293.33,0,0,0,0,8.6,0,0,0,1.8,0,0,15.4725,61.2418,9.5825,134.043,14.9795,60.4332,66.0931,88.3756,6.923
2/25/2010,381.78,0,0,0,0.1,0,0,3.1,5.3,0.8,0.1,0,17.266,63.9057,9.5825,128.028,14.4255,64.5686,66.0931,83.2616,6.3123
2/26/2010,354.87,0,0,0,10,10.1,17.5,21.7,7.7,3.3,0.3,10.5,19.5958,67.5356,9.6871,126.538,18.4004,72.3214,70.6759,83.9822,6.0105
2/27/2010,438.09,9.6,8.3,0,8.6,0,0,3.1,7.2,23.3,2,0.9,17.0384,93.6273,9.2714,132.531,20.1696,94.924,83.8776,90.6172,5.7113
2/28/2010,568.91,1.4,0,25.8,12,35.4,0,0,0,4.1,17.3,5.6,18.419,94.3366,9.5825,147.894,18.986,90.05,79.1021,104.7,24.3472
3/1/2010,760.35,32.2,62.8,18.3,6.6,27.5,27.2,60.1,40.6,15.2,7.8,36.3,58.3485,116.713,16.3107,165.402,23.1987,106.663,119.022,103.889,52.8983
3/2/2010,1067.39,40.8,34,9.2,34.2,4.4,20.1,3.6,1.5,3.2,9.3,44.8,29.8148,164.042,24.1273,209.18,34.8422,139.113,140.32,152.553,62.9795
3/3/2010,1354.37,30.6,34.8,15.7,19.2,27.7,28.2,65.9,37.5,9.4,71.3,58.3,55.9936,305.819,31.6369,271.145,38.2597,231.104,185.226,181.746,125.495
3/4/2010,1746.89,41.4,9.8,25.9,2.1,53.8,10.1,8.8,28.8,20.9,38,72.6,49.4417,416.349,25.8053,375.272,51.1673,256.711,223.135,236.943,60.3217
3/5/2010,1843,9.6,0,15.3,28,0,4,2.6,0.4,0.8,1.8,7.1,34.2745,471.888,22.3308,474.324,48.2977,265.598,146.866,272.211,40.2239
3/6/2010,1745,0,5.6,0,18.1,5.1,21.5,0,0,12.1,7.3,12.8,51.7047,443.186,32.1889,539.776,41.3,248.455,168.046,187.247,45.6449
3/7/2010,1548.44,11.2,29,30,0,25.7,9.2,58.6,27.8,39,4.5,12.1,33.9899,373.486,31.0885,597.509,50.6863,237.988,185.226,213.687,30.9324
3/8/2010,1410,0,0,0,8.6,0,0.4,0,0,0,0,0,28.1951,324.211,18.7916,599.878,55.0529,214.223,172.589,231.941,34.1178
3/9/2010,1301.78,7.8,15.7,0,13,0,11.2,1.2,0.8,1.6,0,0,25.5618,254.304,14.5672,597.509,41.3,192.463,162.408,216.075,33.3166
3/10/2010,1301.78,0,0,0,0,4.8,0,5.3,0,0,0,0,24.5322,198.877,13.4855,604.631,35.5198,173.629,117.979,199.66,30.538
3/11/2010,1142.22,0,0,0,0,0,0,0,0,0,0,0,23.2646,166.32,12.5503,581.051,27.5964,159.483,104.621,146.652,30.1444
3/12/2010,1143.45,0,0,8.9,10,0,0,0,0,0,0,0,22.5146,150.229,11.7525,539.776,23.8161,141.009,91.6524,130.606,28.9687
3/13/2010,944.11,0,4.3,0,0,3.7,52.4,7,2.7,4.3,0.5,0.1,22.0191,134.038,11.3055,506.527,22.5851,117.124,106.651,117.271,27.4134
3/14/2010,887.03,0,0,0,0,0,0,13.9,8.4,2.8,0,2.9,24.277,130.734,10.9744,451.171,23.8161,99.0581,103.609,134.292,26.6412
3/15/2010,842.1,0,9,9.5,8.3,0,12.9,13.3,0,17.4,0,36.7,21.7727,134.869,10.8649,390.092,23.8161,107.521,99.5853,129.693,25.1081
3/16/2010,835.67,14,0,10.3,0,16.5,0,96.3,2.8,7.4,6.2,0,20.796,137.798,19.0603,354.421,41.3,127.943,90.6717,124.287,23.9683
3/17/2010,841.5,10.6,23.1,0,0,3.2,6,0,6.5,37.4,6,3.9,20.5541,123.035,16.9509,368.977,54.0752,168.526,117.979,117.271,23.5903
3/18/2010,844.41,0,0,15.8,0,0,0,0,0,0,13.2,2.5,20.0731,123.435,14.5672,356.488,48.7733,199.981,126.382,149.587,22.8375
3/19/2010,738.44,0,0,6.7,0,2.1,0,0,0,0,0,0,19.5958,115.544,12.3204,342.094,35.5198,198.9,105.635,156.557,21.3442
3/20/2010,668.44,0,0,12.8,3.2,0,0,0,0,9.2,0,0,19.1222,109.398,11.3055,325.876,28.8845,156.51,94.6091,131.523,20.2355
3/21/2010,721.5,0,0,0,7.1,2.1,4.1,0,3.7,0.6,0.3,8.3,18.8868,103.773,10.4308,303.993,32.1626,126.115,96.5924,119.004,17.329
3/22/2010,720.73,21.8,0,13.8,0,8.2,7.2,16,15.5,0.2,8.2,1.2,18.419,112.452,10.0033,290.322,32.1626,165.491,108.69,122.513,19.8681
3/23/2010,740.5,9.6,0,17.6,0,21.1,0,1.7,38.5,0.1,42.3,5.9,23.0138,115.155,14.4455,278.766,48.7733,155.524,111.767,137.093,25.1081
3/24/2010,779.88,0,0.7,63.4,0,0,3.6,0,0.3,21,0,0,20.0731,136.959,12.206,278.766,45.0001,146.751,105.635,139.924,100.134
3/25/2010,735.55,0,0,0,0,0,1.8,0,0.5,0,0,0,19.834,121.838,10.4308,290.322,36.8838,136.288,97.5876,132.442,70.1578
3/26/2010,723.88,0,0,0,0,0,0,12.4,0,0,0,0,19.3585,112.837,10.2162,305.962,27.5964,125.205,86.7741,121.631,29.7516
3/27/2010,620.96,0,0,0,0,0,0,0,0,0,0,0,18.8868,103.773,9.8975,292.263,25.0618,109.244,79.1021,107.978,22.8375
3/28/2010,622.19,0,0,0,0,0,0,0,0,0,0,0,18.1864,95.405,9.5825,265.474,23.1987,99.0581,76.2687,99.0942,20.6039
3/29/2010,521.22,0,0,0,0,0,0,0,0,0,0,0,17.7243,87.008,9.3747,241.347,21.9754,92.4751,73.4598,95.9648,19.5019
3/30/2010,565.22,0,0,0,0,8.2,0,0,0,0,0,12.9,18.1864,84.9626,9.4784,219.739,20.7675,90.05,74.3933,92.8889,18.7729
3/31/2010,576.22,8.2,8.1,0,0,0,1.7,0,0,0,0,0,17.4947,97.1976,9.2714,205.697,21.3695,87.6488,76.2687,93.6529,18.4101
4/1/2010,665.44,0,17.5,0,0,0,0.8,3.7,0,15.1,8.5,0,16.8117,101.56,9.8975,203.963,23.8161,101.57,69.7536,95.1908,18.0485
4/2/2010,670.07,2.6,8.3,12.9,0,0,12.1,0,1.6,0,0,0,16.586,96.4788,9.6871,214.438,21.9754,104.105,82.9172,89.1194,17.6882
4/3/2010,674.96,1.8,15.2,25.5,3.7,5.5,0,0,0,0,1.5,22,17.7243,113.222,9.6871,221.514,20.7675,104.105,75.3296,103.889,16.6145
4/4/2010,775.73,2.4,1.1,31.8,4.1,12.9,0,0,0,0.5,4.1,73.2,18.6524,122.635,12.8981,219.739,19.5757,107.521,71.601,94.4202,20.9735
4/5/2010,774.61,15.6,0,0,0,0,21.1,28.7,36.4,4.1,6.6,0,17.4947,128.28,10.4308,219.739,26.9575,108.381,99.5853,92.8889,30.1444
4/6/2010,747.67,0,0,42.7,9.4,78.6,9.1,0,1,0.1,7.9,0,17.266,125.847,21.2602,246.85,28.8845,114.475,90.6717,124.287,66.5525
4/7/2010,705.44,0,1.9,0,0,13,5.1,0,6,10.9,0,0,19.1222,106.007,17.2095,280.681,25.6902,110.109,97.5876,114.696,32.9172
4/8/2010,671.07,0,0,0,0,0,0,0,0,0,0,0,17.4947,107.885,11.0843,269.25,24.4371,104.955,140.32,127.878,25.1081
4/9/2010,572.42,0,0,0,0,0,0,0,0,0,0,0,17.266,103.403,10.0033,257.972,21.3695,101.57,101.592,172.064,20.2355
4/10/2010,577.54,0,0,0,0,0,0,0,0,0,0,0,16.586,91.5137,9.4784,265.474,20.1696,97.3966,81.9595,126.076,20.9735
4/11/2010,467,0,0,0,0,0,0,0,0,0,0,0,15.9149,83.948,9.2714,257.972,18.986,97.3966,75.3296,102.277,17.6882
4/12/2010,466,0,0,0,0,0,0,0,0,0,0,0,15.4725,81.6018,9.066,235.885,18.4004,97.3966,69.7536,94.4202,16.9711
4/13/2010,467,0,0,0,0,0,0,0,0,0,0,0,15.2528,80.2743,8.964,214.438,17.8191,96.5698,68.8341,87.635,15.905
4/14/2010,373.46,0,0,0,0,0,0,0,0,0,0,0,15.0341,76.9981,8.8624,197.073,17.2422,90.8557,67.0039,86.1639,15.5522
4/15/2010,345.58,0,0,0,0,0,0,0,0,0,0,0,15.0341,75.0616,8.7613,185.199,17.2422,71.4405,65.1853,83.9822,14.8506
4/16/2010,420,0,0,0,0,0,0,0,0,0,0,0,14.8165,74.1016,8.7613,176.863,17.2422,65.4104,64.2804,81.8304,14.5019
4/17/2010,330.46,0,0,0,0,0,0,0,0,0,0,0,14.5999,74.421,8.6605,170.284,16.1017,68.8268,62.4796,80.4125,14.1545
4/18/2010,328.46,0,0,0,0,0,0,0,0,0,0,0,14.3843,73.4646,8.5602,167.024,15.5382,67.9654,60.691,78.3104,13.1211
4/19/2010,326.66,0,0,0,0,0,0,0,0,0,0,0,14.3843,71.5684,8.4604,163.784,15.5382,66.2572,60.691,76.238,12.101
4/20/2010,332.89,0,0,0,0,0,0,0,0,0,0,0,14.1698,69.384,8.4604,160.565,15.5382,65.4104,59.7782,76.238,11.4288
4/21/2010,350.78,0,0,0,0,0,0,0,0,0,0,0,14.1698,68.1493,8.361,157.366,14.9795,65.4104,60.691,75.5539,11.4288
4/22/2010,351.78,0,0,0,0,0,0,0,0,0,0,0,13.9564,67.5356,8.361,154.188,14.9795,64.5686,58.8338,76.238,10.7631
4/23/2010,349.78,0,0,0,0,0,0,0,0,0,0,0,13.9564,66.9245,8.262,151.03,14.9795,64.5686,58.8338,74.1954,10.7631
4/24/2010,446,0,0,0,0,0,0,0,0,0,0,0,13.7439,66.3158,8.1634,149.46,14.4255,60.4332,56.9593,73.5211,10.4328
4/25/2010,347.35,0,0,0,0,0,0,0,0,0,0,0,13.7439,65.1058,8.1634,147.894,14.4255,63.7316,56.9593,71.518,10.1042
4/26/2010,341.04,0,0,0,0,0,0,0,0,0,0,0,13.5326,63.9057,8.0653,144.779,14.4255,62.0725,56.9593,71.518,10.1042
4/27/2010,358.93,0,0,0,0,0,0,0,0,0,0,0,13.5326,62.7155,7.9676,143.229,13.8764,62.8996,55.104,71.518,9.7774
4/28/2010,346.35,0,0,0,0,0,0,0,0,0,0,0,13.3223,62.1242,7.8704,140.145,13.8764,61.2504,55.104,69.5445,9.7774
4/29/2010,285.5,0,0,0,0,0,0,0,0,0,0,0,13.1131,61.8294,8.0653,138.612,13.3323,61.2504,53.2681,68.8932,9.4524
4/30/2010,300.12,1.8,0,0,2.7,3.2,14.9,8.3,3.1,0.2,0,6.2,12.9049,61.2418,8.1634,137.083,13.3323,59.6209,54.1836,66.9589,9.1293
5/1/2010,263.45,8.4,2.1,0,0,1.2,8.2,0,0.7,0,0,0,12.6979,61.5353,9.4784,134.043,13.3323,61.2504,57.8942,68.8932,9.1293
5/2/2010,239.59,0,0,0,0,0,0,0,0,0,0,0,12.4919,61.2418,8.0653,134.043,13.3323,59.6209,63.3785,73.5211,8.808
5/3/2010,303.04,0,0,0,0,0,0,0,0,0,0,0,12.4919,61.2418,7.8704,132.531,13.3323,59.6209,60.691,79.7084,8.808
5/4/2010,309.12,0,0,0,0,0,0,0,0,0,0,0,12.287,60.0741,8.262,135.561,12.7932,58.0113,55.104,75.5539,10.4328
5/5/2010,347.89,0,0,0,0,0,0,0,0,0,0,0,12.0833,59.494,7.6773,135.561,12.7932,58.0113,53.2681,68.8932,9.7774
5/6/2010,271.56,0,0,7.9,0,0,0,0,0,0,0,0,11.8806,59.2049,7.5814,132.531,12.7932,58.0113,51.4518,66.959,9.1293
5/7/2010,262.12,0,0,0,0,0,0,0,0,0,0,0,11.8806,58.3413,7.5814,129.524,12.2593,58.8136,51.4518,65.0542,8.808
5/8/2010,322.5,0,0,0,0,0,0,0,0,0,0,0,11.6791,57.4833,7.4859,126.538,12.2593,58.0113,51.4518,65.0542,8.1714
5/9/2010,313.85,0,0,0,7.7,0,0,0,0,0,0,0,12.9049,57.4833,7.4859,125.054,12.2593,58.8136,50.5511,64.4258,10.7631
5/10/2010,320.48,23.2,0,10.3,5.1,9.4,10.9,10.6,1.8,6,12.6,2.6,12.6979,58.0547,8.0653,123.575,13.3323,62.0725,56.9593,64.4258,10.4328
5/11/2010,226.14,4.6,5.8,0,0.1,1.2,16.1,10.9,9.9,0.8,0,0,12.4919,58.0547,7.8704,123.575,14.4255,65.4104,60.691,72.1824,11.0951
5/12/2010,317.17,1.8,0,0,0,0,8.3,0,0,2.9,0,0,12.287,58.3413,7.6773,126.538,13.8764,67.1088,67.9175,76.9255,9.1293
5/13/2010,326.23,1,0,0,0,0,0,0,0,0,0,0,12.0833,57.4833,7.4859,129.524,13.3323,63.7316,63.3785,84.7061,9.1293
5/14/2010,299.85,0,0,0,0,0,0,0,0,0,0,0,11.8806,56.3482,7.3909,129.524,12.7932,59.6209,58.8338,79.0078,8.808
5/15/2010,226.57,0,0,0,0,0,0,0,0,0,0,0,11.6791,55.5035,7.2964,128.028,12.7932,59.6209,56.0293,73.5211,8.4887
5/16/2010,324.11,0,0,0,0,0,0,0,0,0,0,0,11.4786,54.6644,7.2023,125.054,12.7932,59.6209,53.2681,70.199,8.1714
5/17/2010,314.11,0,0,0,0,0,0,0,0,0,0,0,11.4786,54.1082,7.1087,122.102,12.7932,58.8136,52.3575,66.959,8.1714
5/18/2010,214.89,0,0,0,0,0,0,0,0,0,0,0,11.2793,53.2786,7.1087,119.173,12.2593,55.6341,51.4518,65.6858,7.8561
5/19/2010,331,0,0,0,11.7,3.8,0,0,0,0,0,0.4,11.6791,50.5545,7.7736,117.717,12.2593,53.3019,52.3575,65.0542,7.8561
5/20/2010,312.23,19.2,15,0,0,28.7,7.9,13.5,14,31,38.4,3.2,15.0341,57.1986,13.4855,122.102,17.2422,59.6209,57.8942,66.3208,7.5429
5/21/2010,331.11,0,0,0,0,0,0,0,0,0,0,0,12.287,62.4195,8.1634,120.635,18.2604,72.3214,62.4796,73.5211,7.5429
5/22/2010,332.11,0,0,15.5,0,0,0,0,0,0,0,0,11.8806,62.1242,7.4859,128.028,16.6167,70.5644,67.9175,79.0078,8.808
5/23/2010,335.11,0,0,0,0,0,0,0,0,0,0,0,11.6791,56.631,7.2964,138.612,13.9937,70.5644,60.691,84.7061,8.1714
5/24/2010,236.89,0,0,0,0,0,0,0,0,0,0,0,11.4786,54.1082,7.3909,141.684,13.4872,69.6932,57.8942,76.238,7.8561
5/25/2010,336,0,0,0,0,0,0,0,0,0,0,0,11.4786,53.2786,7.7736,131.025,12.9869,66.2572,55.104,72.8501,7.5429
5/26/2010,239.89,0,0,11.1,6.1,6.9,0,0,0,0,0,31.6,12.0833,53.0033,8.1634,123.575,12.4929,64.5686,54.1836,69.5445,12.7796
5/27/2010,336.23,0,0,0,0,0,0,0,0,0,0,0,11.4786,52.7287,7.2964,119.173,12.0053,62.8996,53.2681,68.2452,8.4887
5/28/2010,240.89,0,0,0,0,0,0,0,0,0,0,0,11.2793,54.1082,7.2023,117.717,12.0053,62.0725,52.3575,66.959,7.5429
5/29/2010,339.11,0,0,0,0,0,0,0,0,0,0,0,11.2793,52.1813,7.1087,120.635,11.5241,67.1088,51.4518,65.6858,7.5429
5/30/2010,279.33,0,0,0,0,0,0,0,0,0,0,0,11.0812,51.0943,7.1087,120.635,11.5241,63.7316,50.5511,64.4258,7.2319
5/31/2010,247.56,0,0,0,0,0,0,0,0,0,0,0,11.0812,50.5545,7.0155,117.717,11.0494,61.2504,50.5511,63.8006,6.923
6/1/2010,356.78,0,0,0,0,0,0,0,0,0,0,0,10.8841,50.0174,6.9228,111.951,11.0494,57.2139,48.7647,63.1788,6.923
6/2/2010,260.56,0,0,0,0,0,0,0,0,0,0,0,10.8841,49.7497,6.9228,109.102,11.0494,56.4215,48.7647,61.3327,6.6165
6/3/2010,261.56,3.8,9.3,0,0,0,0,0,0,1.4,0,1,11.0812,49.2164,6.9228,109.102,11.0494,58.0113,47.8792,61.3327,6.6165
6/4/2010,263.44,0,0,7.7,4.1,0,0,0,0,0,0,0,10.8841,48.9507,6.9228,107.687,11.0494,56.4215,47.8792,60.1182,10.7631
6/5/2010,263.67,0,0,0,3.2,0,0,0,0,0.1,0,1.8,10.8841,49.2164,6.9228,106.277,11.0494,54.8517,47.8792,60.1182,9.4524
6/6/2010,263.56,0,0,0,0,2.7,0,0.4,0.9,2.1,0,0,10.6883,49.2164,6.9228,106.277,11.0494,54.8517,48.7647,60.1182,8.1714
6/7/2010,263.56,0,0,0,0,0,0,0,0,0,0,0,10.8841,49.2164,6.8305,104.874,11.0494,54.0743,48.7647,61.3327,6.923
6/8/2010,167.33,0,0,0,0,0,0,0,0,0,0,0,10.6883,48.6856,6.7387,104.874,11.0494,53.3019,48.7647,61.3327,6.3123
6/9/2010,255.56,0,0,0,0,0,0,0,0,0,0,0,10.6883,48.1574,6.7387,104.874,10.1202,54.8517,46.9987,61.3327,6.3123
6/10/2010,223.33,0,0,0,0,0,0,0,0,0,0,0,10.4936,47.6317,6.6473,103.476,10.1202,54.8517,45.2532,58.9167,6.0105
6/11/2010,247.89,0,0,0,0,0,0,0,0,0,0,0,10.4936,47.3698,6.6473,102.085,10.1202,54.0743,44.3883,57.1387,6.0105
6/12/2010,149.98,0,0,0,0,0,0,0,0,0,0,0,10.3,47.1086,6.5565,100.699,10.1202,54.8517,44.3883,55.9696,5.7113
6/13/2010,254.03,0,0,0,0,0,0,0,0,0,0,0,10.3,46.5881,6.5565,99.3198,10.1202,53.3019,46.1233,55.9696,5.7113
6/14/2010,177.45,0,0,0,0,0,0,0,0,0,0,0,10.3,46.0701,6.5565,97.9464,10.1202,51.7721,45.2532,57.7282,5.7113
6/15/2010,258.87,0,0,0,0,0,0,0,0,0,0,0,10.1076,45.5547,6.466,96.5792,10.1202,51.7721,44.3883,57.1387,5.4146
6/16/2010,152.28,0,0,0,0,0,0,0,0,0,0,0,10.1076,45.0419,6.466,95.2181,10.1202,51.0147,44.3883,55.9696,5.4146
6/17/2010,266.75,0,0,0,0,0,0,0,0,0,0,0,10.1076,45.0419,6.3761,93.8632,9.6657,52.5345,44.3883,59.5158,5.4146
6/18/2010,151.45,0,0,0,0,0,0,0,0,0,0,0,9.9164,45.0419,6.3761,92.5145,9.6657,52.5345,43.5286,59.5158,5.4146
6/19/2010,243.87,0,0,0,0,0,0,0,0,0,0,0,9.9164,45.298,6.2866,91.172,9.6657,51.7721,43.5286,58.3208,5.1206
6/20/2010,157.28,0,0,0,0,0,0,0,0,0,0,0,9.9164,45.0419,6.2866,89.8358,9.6657,51.7721,42.6742,58.3208,5.1206
6/21/2010,244.75,0,0,0,0,0,0,0,0,0,0,0,9.9164,44.024,6.1976,89.8358,9.6657,52.5345,41.8251,57.1387,5.1206
6/22/2010,145.45,0,0,0,0,0,0,0,0,0,0,0,9.7319,43.2674,6.1976,89.8358,9.6657,51.7721,41.8251,55.9696,5.1206
6/23/2010,244.87,0,0,0,0,0,0,0,0,0,0,0,9.7319,42.5167,6.109,89.8358,9.6657,51.7721,40.9814,55.9696,5.1206
6/24/2010,250.19,0,0,0,0,0,0,0,0,0,0,0,9.7319,42.2677,6.109,88.506,9.2183,51.7721,40.9814,54.8134,4.8294
6/25/2010,154.85,0,0,0,0,0,0,0,0,0,0,0,9.5324,42.2677,6.109,87.1825,9.2183,52.5345,40.1432,54.8134,4.8294
6/26/2010,245.67,0,0,0,0,0,0,0,0,0,0,0,9.5324,42.0194,6.021,85.8653,9.2183,52.5345,41.8251,53.6701,4.8294
6/27/2010,147.65,0,0,0,0,0,0,0,0,0,0,0,9.5324,41.5247,6.021,84.5546,8.7779,52.5345,41.8251,55.9696,4.8294
6/28/2010,247.19,0,0,0,0,0,0,0,0,0,0,0,9.5324,41.2784,5.9334,84.5546,8.7779,51.7721,40.1432,55.9696,4.5411
6/29/2010,249.19,0,0,0,0,0,0,0,0,0,0,0,9.3342,41.2784,5.9334,83.2504,8.7779,53.3019,39.3103,53.6701,4.5411
6/30/2010,135.33,0,0,0,0,0,0,0,0,0,0,0,9.3342,41.0327,5.9334,83.2504,8.7779,52.5345,39.3103,52.5397,4.5411
7/1/2010,243.56,0,0,0,0,0,0,0,0,0,0,0,9.3342,41.0327,5.9334,81.9526,8.3446,48.7728,39.3103,52.5397,4.5411
7/2/2010,153.28,0,0,0,0,0,0,0,0,0,0,0,9.3342,40.7876,5.9334,83.2504,8.3446,48.7728,39.3103,52.5397,4.5411
7/3/2010,250.19,0,0,0,0,0,0,0,0,0,0,0,9.3342,40.5432,5.8463,80.6614,8.3446,48.7728,38.483,52.5397,4.2559
7/4/2010,149.33,0,0,0,0,0,0,0,0,0,0,0,9.1374,40.2995,5.8463,80.6614,8.3446,48.7728,37.6613,51.4222,4.2559
7/5/2010,247.56,0,0,0,0,0,0,0,0,0,0,0,9.1374,40.2995,5.7596,79.3767,8.3446,48.7728,37.6613,50.3174,4.2559
7/6/2010,157.28,0,0,0,0,0,0,0,0,0,0,0,9.1374,40.0564,5.7596,79.3767,7.9187,49.5151,37.6613,50.3174,4.2559
7/7/2010,252.19,0,0,0,0,0,0,0,0,0,0,0,9.1374,39.8139,5.6735,79.3767,7.9187,49.5151,37.6613,50.3174,4.2559
7/8/2010,151.33,0,0,0,0,0,0,0,0,0,0,0,9.1374,39.5722,5.6735,78.0987,7.9187,49.5151,37.6613,50.3174,3.9737
7/9/2010,153.65,0,0,0,0,0,0,0,0,0,0,0,8.942,39.5722,5.6735,78.0987,7.9187,49.5151,37.6613,50.3174,3.9737
7/10/2010,158.28,0,0,0,0,0,0,0,0,0,0,0,8.942,39.5722,5.6735,78.0987,7.9187,49.5151,37.6613,50.3174,3.9737
7/11/2010,153.65,0,0,0,0,0,0,0,0,0,0,0,8.942,39.331,5.6735,76.8273,7.9187,49.5151,36.8451,50.3174,3.9737
7/12/2010,153.33,0,0,0,0,0,0,0,0,0,0,0,8.942,39.0906,5.6735,76.8273,7.9187,48.7728,36.0345,49.2256,3.9737
7/13/2010,160.28,0,0,0,0,0,0,0,0,0.1,0,0,8.7479,39.0906,6.3761,76.8273,7.9187,49.5151,36.0345,48.1465,3.9737
7/14/2010,157.85,0,0,0,0,0,0,0,0.2,3.4,1.7,1.9,8.7479,39.0906,5.6735,75.5625,7.9187,48.7728,37.6613,48.1465,3.9737
7/15/2010,154.45,0,0,0,0,7.3,0,0,0,0,1.8,1.4,9.5324,39.0906,5.6735,75.5625,7.9187,48.7728,37.6613,50.3174,3.9737
7/16/2010,157.96,0,0,0,0,0,0,0,0,0,0,0,9.5324,39.8139,5.8463,75.5625,7.9187,48.7728,36.8451,50.3174,3.9737
7/17/2010,164.28,0,0,0,0,0,0,0,0,0,0,0,9.1374,39.8139,5.7596,75.5625,7.9187,48.7728,37.6613,49.2256,3.9737
7/18/2010,151.33,0,0,0,0,0,0,0,0,0,0,0,8.942,39.331,5.6735,75.5625,7.9187,48.7728,37.6613,50.3174,3.6949
7/19/2010,153.65,0,0,0,0,0,0,0,0,0,0,0,8.7479,38.6116,5.5878,76.8273,7.9187,48.7728,37.6613,50.3174,3.6949
7/20/2010,145.28,0,0,0,0,0,0,0,0,0,0,0,8.7479,38.1352,5.5878,76.8273,7.9187,48.7728,36.8451,50.3174,3.6949
7/21/2010,186.65,0,0,0,0,0,0,0,0,0,0,0,8.5553,37.898,5.5878,75.5625,7.5002,45.8545,36.8451,49.2256,3.4196
7/22/2010,102.52,0,0,0,0,0,0,0,0,0,0,0,8.5553,37.898,5.5026,74.3045,7.5002,47.3035,36.0345,49.2256,3.4196
7/23/2010,105.83,0,0,0,0,0,0,0,0,0,0,0,8.5553,37.6615,5.5026,73.0533,7.5002,48.7728,36.0345,48.1465,3.4196
7/24/2010,199.43,0,0,0,0,0,0,0,0,0,0,0,8.364,37.1904,5.5026,71.8088,7.5002,47.3035,35.2296,48.1465,3.1479
7/25/2010,110.46,0,0,0,0,0,0,0,0,0,0,0,8.364,36.9558,5.4179,71.8088,7.0893,47.3035,34.4305,47.0802,3.1479
7/26/2010,207.37,0,0,0,0,0,0,0,0,0,0,0,8.364,36.4887,5.4179,70.5712,7.0893,47.3035,34.4305,46.0266,3.1479
7/27/2010,78.11,0,0,0,0,0,0,0,0,0,0,0,8.364,36.4887,5.3337,70.5712,7.0893,47.3035,34.4305,46.0266,3.1479
7/28/2010,161.96,0,0,0,0,0,0,0,0,0,0,0,8.1741,36.2561,5.3337,69.3405,7.0893,46.5764,34.4305,46.0266,3.1479
7/29/2010,166.28,0,0,0,0,0,0,0,0,0,0,0,7.9857,36.0242,5.3337,68.1168,6.6861,47.3035,33.6371,46.0266,2.88
7/30/2010,71.11,0,0,0,0,0,0,0,0,0,0,0,7.9857,35.793,5.25,66.9,6.6861,47.3035,33.6371,44.9858,2.88
7/31/2010,154.96,0,0,0,0,0,0,0,0,0,0,0,7.7987,35.793,5.25,66.9,6.6861,45.8545,33.6371,44.9858,2.88
8/1/2010,154.28,0,0,0,0,0,0,0,0,0,0,0,7.7987,35.5624,5.1668,66.9,6.6861,45.8545,33.6371,44.9858,2.88
8/2/2010,59.37,0,0,0,0,0,0,0,0,0,0,0,7.7987,35.5624,5.1668,65.6902,6.6861,45.1376,32.8495,44.9858,2.88
8/3/2010,150.65,0,0,0,0,0,0,0,0,0,0,0,7.6131,35.3324,5.084,65.6902,6.6861,44.4258,32.8495,43.9577,2.88
8/4/2010,135.33,0,0,0,0,0,0,0,0,0,0,0,7.6131,34.8746,5.084,65.6902,6.2907,44.4258,31.2921,43.9577,2.88
8/5/2010,153.28,0,0,0,0,0,0,0,0,0,0,0,7.429,34.4194,5.084,64.4875,6.2907,44.4258,31.2921,41.9397,2.88
8/6/2010,66.74,0,0,0,0,0,0,0,0,0,0,0,7.429,34.1928,5.0018,64.4875,6.2907,44.4258,31.2921,41.9397,2.88
8/7/2010,159.33,0,0,0,0,0,0,0,0,0,0,0,7.429,33.9668,5.0018,64.4875,6.2907,44.4258,31.2921,41.9397,2.88
8/8/2010,167.28,0,0,0,0,0,0,0,0,0,0,0,7.429,33.7415,4.9201,63.2919,5.9035,44.4258,30.5224,41.9397,2.88
8/9/2010,167.28,0,0,0,0,0,0,0,0,0,0,0,7.2464,33.293,4.9201,62.1035,5.9035,44.4258,29.7587,40.9497,2.6162
8/10/2010,72.37,0,0,0,0,0,0,0,0,0,0,0,7.2464,33.0697,4.9201,60.9224,5.9035,44.4258,29.7587,39.9723,2.6162
8/11/2010,161.33,0,0,0,0,0,0,0,0,0,0,0,7.2464,32.8471,4.8388,60.9224,5.9035,44.4258,29.7587,39.9723,2.6162
8/12/2010,67.31,0,0,0,0,0,0,0,0,0,0,0,7.2464,32.8471,4.8388,59.7484,5.9035,45.1376,29.7587,39.9723,2.6162
8/13/2010,69.74,0,0,0,0,0,0,0,0,0,0,0,7.0652,32.8471,4.8388,59.7484,5.9035,44.4258,29.0011,39.4883,2.6162
8/14/2010,69.86,0,0,0,0,0,0,0,0,0,0,0,7.0652,32.6252,4.8388,58.5818,5.5244,43.7191,29.0011,39.0075,2.6162
8/15/2010,177.35,0,0,0,0,0,0,0,0,0,0,0,7.0652,32.6252,4.7581,58.5818,5.5244,43.0175,28.2496,38.5298,2.3568
8/16/2010,87.07,0,0,0,0,0,0,0,0,0,0,0,7.0652,32.6252,4.7581,58.5818,5.5244,43.0175,28.2496,37.5839,2.3568
8/17/2010,89.63,0,0,0,0,0,0,0,0,0,0,0,6.8856,32.4039,4.7581,57.4226,5.5244,43.0175,28.2496,37.5839,2.3568
8/18/2010,60.81,0,0,0,0,0,0,0,0,0,0,0,6.8856,32.4039,4.7581,57.4226,5.5244,43.7191,28.2496,37.5839,2.3568
8/19/2010,145.46,0,0,0,0,0,0,0,0,0,0,0,6.8856,32.4039,4.7581,56.2708,5.5244,43.0175,28.2496,37.5839,2.3568
8/20/2010,78.69,0,0,0,0,0,0,0,0,0,0,0,6.8856,31.9634,4.6779,56.2708,5.5244,43.0175,27.5044,37.5839,2.3568
8/21/2010,67.63,0,0,0,0,0,0,0,0,0,0,0,6.8856,31.9634,4.6779,56.2708,5.1537,43.0175,27.5044,36.6506,2.3568
8/22/2010,148.28,0,0,0,0,0,0,0,0,0,0,0,6.8856,31.9634,4.6779,55.1264,5.1537,43.0175,26.7654,36.6506,2.3568
8/23/2010,60,0,0,0,0,0,0,0,0,0,0,0,6.7074,31.9634,4.6779,55.1264,5.1537,43.0175,26.7654,35.7298,2.3568
8/24/2010,59.31,0,0,0,0,0,0,0,0,0,0,0,6.7074,31.9634,4.6779,55.1264,5.1537,43.0175,26.7654,35.7298,2.1021
8/25/2010,93.78,0,0,0,0,0,0,0,0,0,0,0,6.7074,31.7441,4.5981,53.9896,5.1537,43.7191,26.7654,35.7298,2.1021
8/26/2010,66.81,0,0,0,0,0,0,0,0,0,0,0,6.7074,31.7441,4.5981,53.9896,5.1537,43.7191,26.7654,35.7298,2.1021
8/27/2010,66.5,0,0,0,0,0,0,0,0,0,0,0,6.5308,31.3076,4.5981,53.9896,5.1537,44.4258,26.0328,35.7298,2.1021
8/28/2010,72.19,0,0,0,0,0,0,0,0,0,0,0,6.5308,31.0903,4.5981,52.8604,4.7916,44.4258,26.0328,34.8216,2.1021
8/29/2010,86.13,0,0,0,0,0,0,0,0,0,0,0,6.5308,30.8738,4.5189,52.8604,4.7916,44.4258,25.3066,34.8216,2.1021
8/30/2010,55.87,0,0,0,0,0,0,0,0,0,0,0,6.5308,30.6579,4.5189,51.7389,4.7916,44.4258,24.5869,33.9258,2.1021
8/31/2010,62.81,0,0,0,0,0,0,0,0,0,0,0,6.5308,30.4426,4.4402,51.7389,4.7916,43.0175,25.3066,33.0425,2.1021
9/1/2010,130.69,0,0,0,0,0,0,0,0,0,0,0,6.3557,30.4426,4.4402,51.7389,4.7916,43.0175,23.8737,33.4826,2.1021
9/2/2010,87.63,0,0,0,0,0,0,0,0,0,0,0,6.3557,30.2281,4.4402,50.625,4.7916,43.0175,24.5869,32.1717,2.1021
9/3/2010,51.37,0,0,0,0,0,0,0,0,0,0,0,6.3557,30.0142,4.362,50.625,4.4384,41.6296,23.8737,32.6056,1.8525
9/4/2010,63.31,0,0,0,0,0,0,0,0,0,0,0,6.3557,29.801,4.362,49.519,4.4384,40.2624,23.8737,31.741,1.8525
9/5/2010,61,0,0,0,0,0,0,0,0,0,0,0,6.3557,29.801,4.362,49.519,4.4384,40.2624,23.8737,31.741,1.8525
9/6/2010,65.51,0,0,0,0,0,0,0,0,0,0,0,6.1822,29.801,4.362,48.4207,4.4384,40.2624,22.4673,31.741,1.8525
9/7/2010,103.52,0,0,0,0,0,0,0,0,0,0,0,6.1822,29.5885,4.362,48.4207,4.4384,39.5864,22.4673,30.049,1.8525
9/8/2010,98.67,0,0,0,0,5.2,21.6,12,3.4,34,12.1,14.5,7.6131,29.801,4.362,48.4207,4.4384,38.9157,25.3066,30.4673,1.8525
9/9/2010,99.72,0,0,0,0,0,0,0,0,0,0,0,7.2464,30.4426,4.8388,48.4207,4.4384,40.2624,25.3066,33.9258,1.6083
9/10/2010,53.11,0,0,0,0,0,0,0,0,0,0,0,7.0652,31.0903,4.5189,47.3304,5.9035,40.2624,30.5224,34.3722,1.6083
9/11/2010,40.78,0,0,0,0,0,0,0,0,0,0,0,6.7074,30.8738,4.362,47.3304,5.5244,40.2624,35.2296,41.4431,1.6083
9/12/2010,48.72,0,0,0,0,0,0,0,0,0,0,0,6.7074,30.4426,4.362,47.3304,5.5244,41.6296,30.5224,46.5518,1.6083
9/13/2010,94.11,0,0,0,0,0,0,0,0,0,0,0,6.5308,30.2281,4.2844,48.4207,5.1537,41.6296,27.5044,40.4594,1.6083
9/14/2010,67.11,0,0,0,0,0,0,0,0,0,0,0,6.3557,29.5885,4.2844,48.4207,5.1537,41.6296,26.7654,36.6506,1.6083
9/15/2010,98.67,0,0,0,0,0,0,0,0,0,0,0,6.3557,29.1655,4.2072,48.4207,5.1537,42.321,26.0328,35.7299,1.6083
9/16/2010,91.72,0,0,0,0,0,0,0,0,0,0,0,6.3557,28.955,4.2072,48.4207,4.7916,41.6296,25.3066,34.8216,1.6083
9/17/2010,90.41,0,0,0,0,0,0,0,0,0,0,0,6.1822,28.7452,4.1306,47.3304,4.7916,41.6296,23.8737,33.4826,1.6083
9/18/2010,91.29,0,0,0,0,0,0,0,0,0,0,0,6.1822,28.536,4.1306,46.248,4.7916,41.6296,23.8737,31.741,1.6083
9/19/2010,90.52,0,0,0,0,0,0,0,0,0,0,0,6.1822,28.3276,4.0545,46.248,4.4384,41.6296,23.1671,31.741,1.6083
9/20/2010,100.67,0,0,0,0,0,0,0,0,0,0,0,6.0102,28.1198,4.0545,45.1736,4.4384,40.2624,21.7742,30.8888,1.6083
9/21/2010,93.72,0,0,0,0,0,0,0,0,0.6,0,0,6.0102,27.7063,3.9789,45.1736,4.4384,40.2624,21.7742,29.2215,1.3702
9/22/2010,92.41,0,0,0,0,0,0,0,0,0,0,0,6.0102,27.5005,3.9789,44.1074,4.4384,38.9157,22.4673,29.2215,1.3702
9/23/2010,96.29,0,0,0,0,0,0,0,0,0,0,0,5.8398,27.5005,3.9789,45.1736,4.0942,38.9157,22.4673,30.049,1.1388
9/24/2010,108.52,0,0,0,0,0,0,0,0,0,0,0,5.8398,27.2955,3.9039,46.248,4.0942,38.9157,22.4673,30.049,1.1388
9/25/2010,128.67,0,0,0,0,0,0,0,0,0.1,0,0.9,5.6711,27.2955,3.9039,46.248,4.0942,39.5864,21.7742,30.049,1.1388
9/26/2010,96.72,0,0,0,0,0,0,0,0,0,0,0,5.6711,27.5005,3.9039,46.248,3.7593,40.2624,21.088,29.2215,1.1388
9/27/2010,106.41,2,0,14.6,42.3,12.2,4,10.3,3.3,13.5,10.5,0,6.0102,27.5005,3.9789,46.248,3.7593,45.8545,23.1671,28.4064,20.9735
9/28/2010,118.55,0,0,0,18.6,34.2,8.1,13.2,4,22.4,20.7,34.5,13.5326,29.801,7.1087,48.4207,5.1537,52.5345,31.2921,31.741,18.7729
9/29/2010,136.56,18.2,8.8,8.2,3.5,18.2,15,20.3,24,15.8,27.1,14.6,14.8165,32.6252,10.647,56.2708,12.0053,64.5686,31.2921,41.9397,24.3472
9/30/2010,211.83,15.8,12.4,12.9,0,13.2,3.9,3.2,3.6,0.9,3.9,3.8,12.4919,45.8121,6.109,60.9224,15.5497,67.1088,46.9987,43.4485,22.8375
10/1/2010,221.4,0,0,0,11.7,0,0,2.3,0,0,0.3,0,9.9164,47.6317,5.6735,68.1168,13.9937,64.5686,45.2532,62.5601,20.2355
10/2/2010,220,0,0,38.4,1.3,30.3,14.4,5,0.8,7.2,30.5,9.4,22.0191,42.5167,5.9334,80.6614,11.0494,64.5686,37.6613,59.5158,23.2134
10/3/2010,218.4,0,0,0,0,3.5,0,0,0,0.5,0,0,12.287,50.5545,7.2023,99.3198,12.9869,62.0725,35.2296,50.3174,19.5019
10/4/2010,217.95,0,0,48.7,45.5,6.5,0,0,0,0,2,1.1,13.7439,55.7844,6.3761,97.9464,12.4929,60.4332,36.8451,47.0802,18.7729
10/5/2010,207.83,8.4,2.8,8.6,0,77.1,16.2,22.1,30.5,23.6,37.5,11.7,59.3673,46.0701,20.1491,97.9464,12.0053,76.0093,62.4796,51.9793,22.0887
10/6/2010,275.22,0,3.5,0,1.2,24.1,0,0,0,0,8,4.1,30.0876,55.2231,9.5825,116.267,24.7074,73.0103,36.8451,80.4125,18.7729
10/7/2010,275.11,0,0,0,18.9,0,0,0,0,0,0,7.8,13.1131,80.6053,8.4604,123.575,18.2604,72.2675,37.6613,49.2256,16.9711
10/8/2010,304.34,11.2,3.1,0,0,22.1,16,10.3,18.4,14,20.3,27,19.1222,66.0123,8.964,137.083,14.5063,74.5042,52.3575,51.9793,18.7729
10/9/2010,297.79,0,0,12.4,0,0,0,0,0,0,0,0,12.287,48.9507,7.8704,170.284,16.6167,70.5644,40.9814,68.8932,16.9711
10/10/2010,364.3,0,0,0,0,0,0,0,0,0,0,0,10.6883,44.024,6.5565,163.784,13.9937,56.4215,42.6742,54.8134,15.2007
10/11/2010,328.11,0,0,0,1.3,0,0,0,0,0,0,0,10.3,50.2856,5.7596,147.894,12.4929,56.4215,39.3103,56.5526,12.101
10/12/2010,345.06,3.8,2.9,8.9,0,0,0,0,0,0,0,0,9.9164,43.2674,5.5878,140.145,10.1202,51.7721,33.6371,51.9793,10.4328
10/13/2010,267.78,0,0,4.6,0,0,0,0,0,0,0,0,9.7319,39.0906,5.4179,120.635,8.7779,48.7728,31.2921,44.4702,14.5019
10/14/2010,229.41,0,0,5.8,0,0,0,0,0,0,0,0,9.5324,36.9558,5.3337,100.699,7.9187,46.5764,30.5224,41.9397,13.1211
10/15/2010,189.74,0,0,4.9,4.8,14.7,0,0,0,0,0.7,16.6,12.6979,35.5624,7.4859,88.506,7.5002,45.8545,29.7587,40.9497,11.4288
10/16/2010,210.67,0,0,0,4.2,0,0,0,0,0,3.7,0.3,11.4786,36.9558,8.5602,84.5546,7.5002,45.8545,29.7587,39.9723,8.808
10/17/2010,156.06,19.8,2,0,0,0,11.2,6.1,15.6,1.3,0,0,11.2793,38.6116,8.1634,80.6614,7.0893,48.0356,32.0679,39.9723,7.5429
10/18/2010,201.77,15,0,0,8.9,14.9,29.6,45,28.4,45.1,0,1.2,16.3613,40.2995,8.6605,78.0987,26.5743,53.3019,65.1853,46.5518,6.923
10/19/2010,193.81,2.6,17.2,0,0,5.3,6.8,21,16.4,26.3,0,0,12.287,36.7219,10.647,85.8653,35.8573,67.9654,99.5853,91.3711,5.4146
10/20/2010,294.34,0,0,0,0,0,22.7,0,1,0,0,0,10.1076,39.331,6.8305,96.5792,25.947,96.5698,99.5853,133.366,4.5411
10/21/2010,302.11,0,0,8.4,0,0,0,0,0,0,0,0,9.1374,37.4256,5.7596,95.2181,17.1589,81.3645,58.8338,128.784,6.3123
10/22/2010,296.34,0,0,0,0,0,0,0,0,0,0,0,8.942,35.793,5.5026,91.172,14.5063,60.4332,49.6554,77.6163,7.5429
10/23/2010,296.22,0,0,6.3,0,0,0,0,0,0,0,0,8.5553,34.4194,5.3337,88.506,12.0053,51.7721,41.8251,65.6858,8.808
10/24/2010,218.83,0,0,0,0,0,0,0,0,0,0,0,9.7319,33.9668,5.3337,80.6614,10.1202,51.7721,59.7782,57.7282,9.7774
10/25/2010,217.4,7.8,14.8,0,1,3.1,0,0,0.6,0,0.6,1.7,8.942,33.293,5.4179,73.0533,9.2183,51.0147,35.2296,76.9255,9.7774
10/26/2010,212,0,0,12.9,11,0,0,0.3,0,3.7,0,8.6,25.0453,33.0697,5.5878,69.3405,8.7779,49.5151,32.8495,47.0802,9.7774
10/27/2010,216.4,0,5.6,6.5,0,4.7,8.2,25.2,6.6,11.5,3.4,0.3,11.6791,35.5624,5.5878,75.5625,10.1202,46.5764,37.6613,44.4702,7.2319
10/28/2010,220.95,0,0,0,0,0,0,0,0,0,0,0,11.0812,43.519,5.25,73.0533,10.1202,46.5764,81.0044,55.3899,3.4196
10/29/2010,221.83,0,0,0,0,0,0,0,0,0,0,0,10.4936,39.8139,5.0018,76.8273,9.2183,49.5151,61.5838,106.332,3.6949
10/30/2010,221.72,0,0,3.4,38,0,0,0,0,0,0,0,10.1076,36.4887,4.9201,84.5546,8.7779,49.5151,45.2532,80.4125,4.8294
10/31/2010,296.34,29.2,23.3,5.8,7.1,28.4,27.8,20.3,18,26.6,23.9,36.7,15.0341,34.6466,9.7921,95.2181,8.3446,48.0356,48.7647,60.7238,5.4146
11/1/2010,372.61,3.4,7.8,0,38.4,15.5,0.8,10.3,1.8,0.2,3.6,2.2,22.7638,35.5624,16.8221,87.1825,10.5814,58.0113,51.4518,65.6858,4.8294
11/2/2010,525.39,23.8,0,0,0,29.1,31.2,32.6,13,14,5.3,15.6,13.3223,72.5137,11.7525,97.9464,12.0053,67.1088,72.529,71.518,4.8294
11/3/2010,603.66,0,12.4,5.8,0,0,0,3,3.4,1.5,0,6.1,12.4919,69.6942,8.5602,104.874,11.5241,65.4104,67.9175,96.7421,6.0105
11/4/2010,603.89,0,0,0,0,0,10.9,0,0,0.5,0,0,12.4919,56.3482,7.2023,138.612,11.0494,59.6209,67.0039,90.6172,5.7113
11/5/2010,678.05,0,10.5,0,55.4,0,0,0,0,0,0,0,12.0833,50.0174,7.5814,167.024,10.5814,66.2572,56.9593,88.3756,3.6949
11/6/2010,675.28,18.6,51.5,8.6,17,21.5,40,42.1,41,17.4,16.7,62.5,16.586,46.3288,8.8624,168.651,14.5063,75.2553,90.6717,80.4125,6.0105
11/7/2010,754.87,45.2,54.4,0,0,5.2,37.6,21,26.4,17.3,6.8,8.7,17.266,64.8048,8.5602,146.333,22.8859,110.977,125.324,125.18,7.5429
11/8/2010,761.81,0,1.5,0,0,0,0,6,0,0,0,0,13.7439,82.6037,7.2964,141.684,25.947,116.238,198.07,176.332,6.0105
11/9/2010,689.05,0,0,12.6,0,0,2.1,0.3,0,0,0.5,0,12.9049,69.384,7.8704,171.921,16.6167,96.5698,145.77,258.844,5.1206
11/10/2010,752.67,5.8,0,0,32,0,1.2,7.6,2.7,0.1,0,3.4,13.1131,56.066,19.0603,183.522,16.0802,86.0615,144.676,195.097,6.6165
11/11/2010,677.17,12.6,20.5,0,1.7,21.9,1.3,5.3,3.6,3.7,24.6,0,15.4725,57.7687,16.0571,157.366,22.289,139.113,128.504,191.712,6.923
11/12/2010,908.65,1,0,4.3,0,4.1,5.5,0,0.6,2.2,3.9,0,13.1131,59.7837,13.3673,135.561,25.3247,118.012,149.064,174.191,7.5429
11/13/2010,761.81,5.2,0.5,0,9.4,0,0,4.4,0,14.4,0,0,14.1698,60.949,13.1319,123.575,22.289,96.5698,119.022,196.232,6.3123
11/14/2010,829.94,1.4,1.5,0,24.4,13.7,0,4.6,0,0,0,2,24.0226,68.457,18.6578,134.043,18.8195,85.2719,105.635,157.566,6.6165
11/15/2010,751.44,2.8,46.5,78.3,0,14.2,11.7,0.3,8.4,4.8,6,13.2,34.5599,69.0744,19.3304,165.402,16.0802,71.4405,97.5876,139.924,153.809
11/16/2010,826.94,33.8,1.8,12.4,7.8,12.5,0,0,0,0.6,43,49.5,65.5987,112.837,17.08,151.03,15.5497,70.5644,87.7447,129.693,44.8036
11/17/2010,837.2,34.6,4.4,75.3,5.3,10.1,44.5,20,39,11.7,17,14.6,64.8964,182.595,14.5672,163.784,27.2065,72.3214,131.702,122.513,60.3217
11/18/2010,752.87,1,9.7,0,0,2.3,0.6,0,1.2,6.9,3.4,5.2,37.4553,223.473,11.0843,235.885,24.0951,71.4405,181.759,181.746,20.6039
11/19/2010,748.67,0,0,17.3,0,0,0,0,0,0,0,0,21.2825,149.356,8.7613,311.894,21.6974,74.5042,123.215,235.687,12.101
11/20/2010,746.56,0,0,8.6,0,0,0,0,0,0,0,0,18.1864,96.1203,8.8624,335.983,17.1589,70.5644,89.6936,160.615,21.7159
11/21/2010,825.26,0,15.8,5.8,10,7.9,0,18,0,0,2.3,5.6,15.9149,77.6485,10.4308,290.322,12.9869,68.8268,74.3933,118.136,20.6039
11/22/2010,832.2,23.2,40.7,0,0,25.3,31.7,44,79.9,32.3,29.7,4,48.4819,104.144,20.0118,248.693,25.947,86.8539,134.919,106.332,26.6412
11/23/2010,897.33,16,0,18.9,7.9,0,34.2,13.4,83,5.8,37.4,15.2,21.5271,99.0049,9.5825,256.108,54.0752,122.489,224.346,190.59,22.0887
11/24/2010,853.17,14.2,0,0,7.3,15.1,0,0,3,1.9,5.4,0,17.266,107.885,8.8624,230.462,47.35,130.703,129.568,288.728,19.8681
11/25/2010,903.65,1.6,6.5,7.8,16.2,3.4,6.6,0,29,1.3,0,0,16.586,98.6423,8.7613,276.854,45.4678,145.788,144.676,175.26,18.0485
11/26/2010,829.2,1,0,0,7.1,9.7,48.1,20,4.2,22.5,0,4.8,15.6931,86.3238,9.4784,290.322,43.0277,113.596,254.326,206.61,22.4626
11/27/2010,897.33,5.2,19,6.2,0,1.5,4,15,20,0.4,0,14.9,14.8165,71.5684,9.3747,276.854,37.9629,124.297,243,338.366,22.8375
11/28/2010,843,0,0,0,0,0,0,0,0,0,0,0,14.1698,61.2418,8.7613,257.972,31.1012,123.392,199.247,320.366,38.17
11/29/2010,929,0,0,0,0,0,0,0,0,0,0,0.3,14.3843,57.4833,8.361,239.522,21.6974,120.691,123.215,257.527,27.4134
11/30/2010,879,0,0,74.9,55.3,0,0,0,0,0,5.4,58.9,16.8117,57.4833,8.1634,217.967,17.7068,102.412,97.5876,161.639,22.8375
12/1/2010,873,43.2,16.5,5.8,8.7,8.7,12.8,3,35,35.9,0,48.8,55.6598,85.642,13.9625,239.522,24.7074,104.105,126.382,134.292,25.8728
12/2/2010,786,17.4,0,0,3.1,0,0,3.1,7.6,55,43,0.8,24.857,220.734,9.4784,207.436,37.9629,92.4751,108.69,166.808,21.7159
12/3/2010,879,1,0,0,0,25.2,5,5.6,5.7,15.3,0,26.3,20.5571,182.595,8.7613,263.592,36.5547,106.663,115.899,146.652,19.5019
12/4/2010,998,0,18.3,3.8,5.3,9.8,10,0,0,0.3,0,0,19.1337,172.562,8.361,358.56,49.7276,127.028,95.5995,152.553,27.4134
12/5/2010,1036,4.6,5.6,15.4,0,5.9,0,5.8,17,12,0,28.8,18.0308,164.496,10.1096,368.977,45.9367,122.489,102.6,128.784,31.3277
12/6/2010,1078,29.8,52.4,108.8,1.2,36.9,9.5,0,79.4,67.9,11.2,1.3,29.654,161.326,22.4919,368.977,38.6736,186.105,163.532,144.713,249.178
12/7/2010,1188,24.2,0,0,0,9.1,6.3,7.7,49.4,0,4,13,24.0814,123.435,31.0885,422.461,39.3886,199.981,163.532,218.477,122.846
12/8/2010,1215,11.1,4.8,12,28,1.5,6.7,13.5,5.5,18.8,17.1,0,22.8045,104.144,35.9467,433.431,53.5879,188.216,156.815,218.477,66.6933
12/9/2010,1254,14.6,1.7,4.8,0,10.3,0,7.7,13.1,2.6,0.7,0,17.5939,132.381,23.468,451.171,49.2499,144.828,145.77,208.955,65.7906
12/10/2010,1218,0,0,0,0,0,0,4.8,0,0,0,0,16.7276,90.814,13.4855,429.032,36.5547,133.485,107.67,190.59,43.9507
12/11/2010,1031,0,0,0,0,0,0,0,0,0,0,0,16.2983,78.6287,11.4166,390.092,29.1324,109.244,88.7179,141.829,42.4061
12/12/2010,989,0,0,12.8,0,0,0,0,0,0,0,0.4,16.0846,68.1493,10.2162,354.421,22.289,94.924,79.1021,117.271,39.3781
12/13/2010,937,0,0,0,0,0,1.7,0,0,1.4,0.7,0.2,15.8715,63.9057,9.4784,313.88,19.3842,84.485,75.3296,105.515,34.9914
12/14/2010,874,3.4,0,9.6,15.1,0,0,2,0.6,3.4,0,0,16.0846,66.9245,9.6871,286.453,17.7068,77.5255,85.8061,102.277,29.8256
12/15/2010,865,0,12.7,23.5,26.3,66.3,28.4,5.6,2,50.5,46,21.6,42.9372,79.6142,24.961,271.145,25.947,191.398,112.797,118.136,31.5747
12/16/2010,764,9,2.6,5.3,0,20.4,38.3,44.2,38,29.2,40.5,36.7,25.378,157.737,20.5631,256.108,35.1642,226.556,234.832,164.73,84.1849
12/17/2010,788,0,0,0,0,0,2.5,2,0,0,0,0,18.0308,148.052,11.5282,276.854,41.5594,292.142,279.402,318.889,41.6415
12/18/2010,908,0,0,0,0,0,0,5,0,0,0,0,16.0846,120.251,10.647,335.983,43.7682,268.195,198.07,364.769,39.0053
12/19/2010,796,0,0,0,0,15.4,0,0,6.7,0,0,0,16.5126,103.773,11.6402,338.016,42.2914,227.689,147.964,258.844,40.504
12/20/2010,890,0,0,5.8,0,0,0,0,0,0,0,0,15.6591,80.9368,9.8975,298.109,38.6736,180.868,119.022,195.097,38.6339
12/21/2010,896,0,0,0,0,0,0,0,0,0,0,0,15.026,74.421,8.262,257.972,36.5547,137.228,122.163,159.596,36.7962
12/22/2010,835,0,0,0,0,0,0,0,0,0,0,13.1,14.8163,66.6198,7.2964,225.08,34.4757,111.848,98.5853,160.615,34.9914
12/23/2010,898,0,0,12.3,0,22.9,0,0,0,0,3.7,40,22.8045,62.4195,13.4855,205.697,33.1122,103.257,81.0044,129.693,33.9245
12/24/2010,803,7.8,5.7,6.9,21.7,8.2,11.4,2.7,0,8,6.6,28.7,19.3561,128.688,15.3055,197.073,37.9629,99.8928,79.1021,107.978,28.6853
12/25/2010,895,15.4,12.2,4.6,10.8,29.1,6.1,18.1,11.3,27,43.7,0,17.1595,113.607,26.6601,190.259,41.5594,104.105,99.5853,107.978,31.5747
12/26/2010,898,1,2.3,6.8,38.1,26.2,4.2,2,0,17,12.5,0,15.8715,107.885,29.8229,239.522,42.2914,107.521,121.114,135.222,43.9507
12/27/2010,1084,23.2,68,4.2,4.6,27.2,3.2,7,4.7,2.7,7.5,4.1,25.6396,108.263,28.931,296.156,43.7682,219.797,181.759,168.9,75.0174
12/28/2010,1269,22.4,6.6,5.9,0.8,45.7,1.7,4.3,1.5,12.4,9.1,14.7,21.7975,105.634,25.8053,305.962,46.4066,247.283,192.207,244.555,122.281
12/29/2010,1656,19.8,6,12.6,7,0,0.5,0,6.2,8.8,24.2,4.8,37.5737,122.635,19.466,321.862,49.7276,266.895,312.501,270.858,138.453
12/30/2010,1923,38.2,0,14.2,10.2,0,12.1,7.7,1,2.8,2.3,1.3,35.2567,133.623,29.4649,400.79,53.5879,234.536,265.758,412.267,122.281
12/31/2010,2205,80.4,44,25.7,5.3,0,20.2,6.6,11.6,14.6,1,0,28.5673,126.251,19.6019,394.361,53.1017,237.988,259.509,355.329,101.53
1/1/2011,2534.11,18.4,36.7,28.6,40.5,51.4,70.8,41.1,25,47.8,26.7,87.3,26.6937,176.371,31.4537,402.941,70.1904,239.143,382.038,361.607,271.48
1/2/2011,2630.02,16.8,7.2,18.5,30,7.5,7.3,11.4,21.4,17.2,7.8,5,23.3129,195.122,38.2085,440.057,72.2724,310.073,328.79,505.271,165.945
1/3/2011,2651.59,13.2,10,12.5,67.7,16.1,53.2,18.3,43.6,18.1,27.3,34.1,24.5977,196.368,21.4006,482.81,75.9499,286.732,371.928,445.078,152.278
1/4/2011,2622.5,10.6,0,16.8,12.4,39.1,22.6,17.5,44.3,37,25.2,44.6,49.4452,234.685,33.7761,546.55,85.0556,331.427,402.427,501.507,151.057
1/5/2011,2461.52,16,0,26.7,8.3,20.1,24.1,17.3,24.3,19.7,18.2,47.3,42.6339,365.46,54.7682,548.818,111.998,332.876,409.272,539.83,180.685
1/6/2011,2370.3,9,11,0,11.2,6.3,17.5,6.5,9.8,0.1,9.7,2.4,65.0751,533.631,66.246,590.428,88.3263,415.807,359.648,541.786,165.314
1/7/2011,2264.07,0,9,16.4,0,184.7,7.7,0.5,0,0,86.7,28.2,92.5826,534.801,169.863,616.595,77.539,367.072,318.996,475.577,312.554
1/8/2011,2096.94,0,4.3,0,0,0,0,0,0,0,0.2,0,69.0544,587.228,65.142,631.105,60.5023,373.19,246.078,417.358,211.513
1/9/2011,1978.67,0,0,0,0,0,0,0,0,0,0,14.1,40.5282,631.477,46.4293,640.87,40.8315,268.195,188.709,321.846,183.295
1/10/2011,1775.28,0,0,0,0,0,0,0,0,0,0,0,37.8663,579.971,38.9829,660.624,36.5547,192.463,168.046,249.701,88.6606
1/11/2011,1599.35,0,0,8.6,0,26.2,0,0,0,0.2,0,35,30.7522,520.823,29.1086,675.634,35.1642,174.656,143.584,222.106,113.373
1/12/2011,1503.44,0,4.2,0,0,0,13.7,0.8,2.6,12.5,1.6,0,28.8379,437.744,22.978,683.201,33.7916,148.684,128.504,190.59,112.276
1/13/2011,1599.55,7.8,7.1,5.8,9.4,0,8.2,9,15.7,54.6,0,14.3,27.7599,380.958,21.4006,698.46,35.8573,143.869,152.375,174.191,100.477
1/14/2011,1774.78,29.8,2,0,10.3,16.1,26.7,46.5,27.4,76.4,16.5,15.2,26.4291,349.797,23.1409,706.153,66.5819,229.963,260.548,216.075,90.6768
1/15/2011,1945.77,3.2,0,0,0,5.5,3.4,19.5,6.8,33.1,17.5,12.8,30.2017,362.154,21.1201,724.263,118.41,377.811,383.165,363.186,80.7626
1/16/2011,2008.23,13,5,16.7,0,8.5,17.8,10.7,33.2,31.5,7.4,1.2,29.1092,364.135,24.4595,737.338,144.861,476.214,355.205,509.051,73.6053
1/17/2011,1948.11,0,9.7,0,10.6,5.7,6.2,9.2,6.2,3.5,44.4,3.9,27.7599,334.643,22.4919,739.967,151.666,437.148,318.996,470.116,58.7321
1/18/2011,1879.89,1.8,3,0,0,2.1,0.4,21.2,18.2,0,0,21.5,26.9591,312.843,36.6904,745.238,145.477,365.55,252.258,419.063,48.7038
1/19/2011,1757.33,12.8,0,22.9,0,0,30.6,4,1.6,0.4,0,2.2,28.2974,304.66,28.7539,745.238,136.31,334.328,196.894,330.802,39.0053
1/20/2011,1570.26,0,0,0,0,0,0,0.4,0,0,7.2,0,34.3988,293.25,21.5414,742.6,129.079,285.388,198.07,262.816,28.6853
1/21/2011,1450.3,0,0,0,0,0,0,0,0,0,0,0,30.2017,277.818,18.2585,729.479,97.7479,234.536,182.913,262.816,28.123
1/22/2011,1358.72,0,0,0,0,0,0,0,0,0,0,0,28.5673,247.303,16.9509,713.887,80.2047,176.718,134.919,239.466,27.0138
1/23/2011,1256.1,0,0,0,0,0,0,0,0,0,0,0,26.9591,211.786,16.0571,688.269,66.5819,156.51,126.382,179.57,26.4671
1/24/2011,1163.34,0,0,0,0,0,0,7.2,0,1.4,0,0,24.3392,187.371,15.0579,663.114,45.4678,148.684,121.114,168.9,25.3891
1/25/2011,1078.69,0,0,0,0,0,0,0,0,0,4.7,27.3,22.5515,151.104,14.8118,614.193,31.7669,142.913,113.828,161.639,24.858
1/26/2011,1009.18,0,0,0,0,0,0,0,0,0,0,0,21.7975,161.326,14.3242,553.367,28.4856,139.113,106.651,151.561,23.8114
1/27/2011,911.8,0,0,0,0,0,3.2,0,0,7.5,0,0,21.2988,156.4,13.9625,489.222,29.1324,135.352,104.621,142.787,21.7814
1/28/2011,801.87,0,0,0,0,0,0,0,0,0,0,0,23.5683,148.052,13.6042,429.032,27.8436,132.555,101.592,139.924,21.287
1/29/2011,741.13,0,0,0,0,0,0,0,0,0,0,0.3,22.048,132.381,13.6042,375.272,25.947,127.943,96.5924,135.222,20.798
1/30/2011,708.71,0,0,0,0,0,0,0,0,0,0,0,21.5477,128.28,13.9625,338.016,24.7074,126.115,92.6355,128.784,19.8357
1/31/2011,630.86,0,0,0,0,0,0,0,0,6.2,11.4,0,33.2644,125.847,14.2032,315.869,24.7074,129.781,88.7179,123.398,18.8948
2/1/2011,595.87,0,0,0,0,0,0,0,0,0,0,0,28.5673,144.598,17.3394,298.109,29.7839,128.861,91.6524,119.004,17.9751
2/2/2011,593,0,0,0,0,0,0,0,0,0,0,1.7,29.654,129.096,16.438,284.525,36.5547,128.861,86.7741,121.631,17.0769
2/3/2011,549,0,0,0,0,0,1.2,0,0,0,0,0,33.8303,125.847,14.0827,280.681,27.2065,118.012,84.8405,115.55,16.6358
2/4/2011,542.95,0,0,0,0,0,0,0,0,0,0,0,25.1171,123.835,12.6658,282.601,22.289,123.392,82.9172,112.996,16.6358
2/5/2011,530.86,0,0,0,0,0,0,0,0,0,0,0,21.5477,120.647,12.206,271.145,21.6974,120.691,78.1549,110.472,16.2001
2/6/2011,522.95,0,0,0,0,0,0,0,0,0,0,0,20.3116,116.713,11.8653,259.841,21.1111,109.244,75.3296,103.889,16.2001
2/7/2011,513.09,0,0,0,0,0,0,0,0,0,0,0,19.3561,111.686,11.6402,243.177,20.5301,82.9193,73.4598,100.679,14.9254
2/8/2011,496.09,0,0,0,0,0,0,0,0,10,1.4,0,18.9119,99.0049,11.4166,230.462,19.9544,78.2878,72.529,98.3068,14.5113
2/9/2011,493.05,0,0,0,0,0,0,0,0,0,0,0,18.4701,96.8379,11.1947,219.739,19.3842,74.5042,70.6759,96.7421,12.1412
2/10/2011,470,0,0,0,0,0,0,0,0,0,0,0,18.0308,96.8379,10.9744,212.681,18.8195,74.5042,68.8341,94.4202,13.6994
2/11/2011,455.95,0,0,0,0,0,0,3.7,0,0,1.9,0,17.3764,91.1635,10.8649,207.436,18.2604,74.5042,67.0039,92.1283,13.3016
2/12/2011,462.91,0,9.4,0,1.3,0,9.5,32.4,1.5,1.9,1,0,17.1595,89.7688,11.5282,205.697,17.7068,76.766,68.8341,89.8667,12.5225
2/13/2011,445,0,0,0,0,0,0,0,0,0,0,14.4,18.6907,93.9817,12.6658,203.963,17.7068,75.2553,67.9175,92.1283,12.1412
2/14/2011,449.38,0,0,33.2,0,0,0,0,0,0,0,0,19.3561,98.6423,14.2032,197.073,17.1589,72.3214,67.9175,90.6172,12.1412
2/15/2011,433.45,0,0,0,2.1,5.4,0,0,0,0.5,9.7,31.4,17.5939,103.403,11.9785,200.508,16.6167,69.6932,66.0931,90.6172,11.7653
2/16/2011,421.7,0,0,0,0,0,0,0,0,0,0,0,21.0508,103.773,13.0148,209.18,16.0802,66.2572,63.3785,88.3756,11.7653
2/17/2011,402.94,0,0,0,0,2,0,0,0,0,17.5,27,18.4701,109.398,13.2494,214.438,16.0802,65.4104,66.0931,85.4333,11.7653
2/18/2011,407.67,0,0,0,0,0,0,0,0,0,4.8,0,18.0308,104.516,11.5282,216.201,15.5497,63.7316,60.691,87.635,11.7653
2/19/2011,392.67,0,0,0,0,0,0,0,0,0,0,0,17.3764,97.9187,10.9744,219.739,15.025,61.2504,63.3785,81.8304,11.0301
2/20/2011,404.11,0,0,0,0,0,0,0,0,0,0,0,16.9432,92.5678,10.7557,226.869,15.025,60.4332,57.8942,83.9822,11.0301
2/21/2011,425.83,0,1.2,0,0,10.7,0,0,0,0,1,0,16.5126,89.075,10.5387,209.18,14.5063,59.6209,59.7782,77.6163,10.6709
2/22/2011,456.56,0,0,0,0,0,0,0,0,0,0,0,16.9432,84.9626,10.5387,200.508,14.5063,59.6209,63.3785,80.4125,10.6709
2/23/2011,492.3,1.4,0,0,0,0,0,0,0,7.1,0,0,18.6907,84.9626,22.0098,188.568,13.9937,60.4332,61.5838,84.7061,12.9093
2/24/2011,510.69,36.6,4.8,5,11.5,17,0,0,0,0.2,2.1,7.4,19.3561,89.075,12.8981,181.85,18.2604,64.5686,61.5838,82.5443,15.3449
2/25/2011,547.49,0,26.7,0,50,1.2,0,2.6,13.6,12.8,31,0,18.4701,110.159,12.6658,190.259,17.1589,76.766,67.0039,83.2616,13.6994
2/26/2011,603.23,47.4,7.9,0,11.9,30.4,0,15.4,3.4,0,2.6,83.1,18.9119,121.44,15.8051,203.963,19.3842,82.1405,72.529,90.6172,12.5225
2/27/2011,657.63,0,9.5,24.8,0,0,0,3,1.6,22.5,0.5,14.8,23.5683,133.623,13.8427,228.663,25.3247,91.6641,69.7536,96.7421,12.1412
2/28/2011,734.05,3.2,0,38.6,0,16.9,4.3,3.9,0.4,34.1,29,50,18.4701,143.74,16.3107,237.701,25.947,84.485,70.6759,93.6529,34.2788
3/1/2011,803.66,0,0,11.5,21.5,0,5.3,3,8.3,53.9,3.8,49.3,18.2501,183.385,12.8981,267.36,27.2065,87.6488,142.494,103.082,25.3891
3/2/2011,875.31,1,31.8,0,3.4,15.9,0,10.5,4,5.4,0,21.4,20.0669,162.229,29.8229,305.962,29.1324,123.392,141.406,190.59,34.6345
3/3/2011,1000.97,1.2,1.8,28.3,26,10.1,8.9,5.6,8,11.2,8.7,22.7,35.2567,147.618,19.8748,358.56,43.7682,120.691,135.995,188.358,48.3009
3/4/2011,1167.22,41.2,23.4,34.5,15.8,26.7,26.4,7,13.5,42.7,34.2,50.5,32.1409,213.997,24.7934,390.092,54.5635,132.555,168.046,186.14,58.3007
3/5/2011,1565.45,24.6,7.8,82.8,72.8,29.1,13,6,9.7,11.8,23.3,74.4,32.4208,253.799,30.3629,398.643,72.2724,152.579,133.844,220.893,88.1592
3/6/2011,2119.56,29.8,75,28.2,24.6,24.3,23.2,56.7,29.6,102.2,64,172.1,73.1517,352.372,35.9467,474.324,94.9536,206.509,164.658,182.839,138.453
3/7/2011,2547.16,36.4,17,52.2,26.3,54.3,23.3,30.7,72.2,16.2,24.5,26.2,45.3854,500.119,64.0502,546.55,155.408,576.409,299.597,235.687,229.709
3/8/2011,2925.43,16.2,17.3,35.3,27.6,45.1,19.9,3,25,17.5,6.2,27.2,69.0544,587.228,53.796,645.781,144.247,476.214,275.189,397.193,126.827
3/9/2011,3123.62,48.4,25,58.9,3.5,23.9,11.3,13,42,14,36.2,50,75.2446,655.314,55.7521,711.304,133.286,442.149,249.164,364.769,300.716
3/10/2011,2887.81,18.6,3,4.6,26.6,1.3,6.4,7,2.8,1.1,0.2,0,53.9263,698.789,46.4293,716.474,118.997,340.168,223.135,330.802,142.013
3/11/2011,2611.93,0,5.8,12.3,41.2,14.3,2.6,0,0.4,0.1,22.2,11.6,47.872,715.688,31.4537,788.076,105.101,284.046,181.759,292.939,134.926
3/12/2011,2388.45,1,8.3,8.5,6.8,5.4,0,0,2.8,0.2,11.9,8.4,69.0544,683.326,28.0494,798.97,83.9718,274.745,142.494,238.203,122.846
3/13/2011,2386.33,48.6,38.2,4.8,2.6,5.2,1.3,34.8,5.3,51.8,20.8,54.9,57.8542,654.051,43.0126,801.706,65.5591,270.806,147.964,191.712,102.058
3/14/2011,2613.93,3.8,6.7,23.4,0,8.7,2,7.8,17.6,3.8,0.8,1.9,42.6339,635.219,30.9065,793.514,65.5591,278.712,155.702,198.514,79.3119
3/15/2011,2643.93,18,16.4,3.5,22.3,1.2,1,2,7.6,1.5,0,38.6,54.9009,650.268,26.4883,807.19,90.5229,298.975,170.314,210.133,75.9642
3/16/2011,2578.98,4.6,0,23.8,26.2,8.1,2.1,6.8,17.3,1.6,10.9,0,48.8142,599.399,39.7678,832.097,88.3263,276.064,149.064,225.767,77.3924
3/17/2011,2772.52,15.2,47,73.9,6.2,7.4,0,3.3,18.5,0,34.7,68,44.7697,560.785,43.0126,848.909,86.6873,354.988,168.046,201.962,96.3061
3/18/2011,3322.8,2.8,1,35.3,6.6,14.9,0,0,0,0,6.4,3.8,47.5591,569.149,32.0045,848.909,84.5133,361.005,149.064,222.106,91.6911
3/19/2011,3492.91,4.6,20.5,25.8,0,0,0,0,0,0.1,0,18.8,48.1855,543.018,36.6904,900.344,62.5136,264.304,126.382,196.232,112.824
3/20/2011,3223.31,0,14.9,3.9,0,7.1,0,0,0,0,0,0,41.4269,510.432,30.7249,935.463,48.2977,181.911,106.651,166.808,154.731
3/21/2011,2808.38,0,0,31.2,0,1.5,0,0,0,0,0,0,35.832,480.855,32.3737,938.42,45.4678,166.5,104.621,142.787,123.412
3/22/2011,2408.37,0,0,0,0,5.4,0,0,0,0,4.5,3.8,37.8663,416.349,28.2249,953.272,44.5335,155.524,95.5995,138.977,87.1593
3/23/2011,2086.34,0,0,0,0,0,0,0,0,0,0,0,34.1142,372.139,23.468,965.237,43.7682,148.684,89.6936,126.975,75.4902
3/24/2011,1869.03,0,0,0,0,0,0,0,0,0,0.3,0,32.7013,345.325,22.6535,965.237,40.8315,141.96,85.8061,119.876,66.2414
3/25/2011,1798,0,0,0,0,0,0,0,0,0,0,0,32.1409,316.996,21.8499,959.246,37.2566,138.169,84.8405,114.696,54.8915
3/26/2011,1815.49,0,0,0,0,0,0,0,0,0,0,0,31.8618,292.688,20.8409,947.318,34.4757,129.781,84.8405,113.844,54.8915
3/27/2011,1753.3,0,0,0,0,0,0,0.2,0,0,0,0,30.7522,257.859,19.8748,929.564,33.1122,120.691,81.0044,112.996,51.5578
3/28/2011,1682.78,0,0,0,0,0,5.2,0.8,0.6,1,0,4.5,29.9275,257.859,18.6578,909.061,39.3886,125.205,81.0044,107.978,48.3009
3/29/2011,1611.26,0,0,0,0,0,0,0,0,0,0,0,29.1092,249.786,18.1261,885.906,35.1642,127.028,79.1021,107.978,47.0996
3/30/2011,1584,0,0,0,0,0,0,0,0,20.4,0,23.4,28.0283,238.034,17.9941,851.727,33.1122,122.489,76.2687,105.515,146.208
3/31/2011,1538.37,0,0,0,0,2,0,0,0,0,0,0,30.7522,240.447,19.0603,818.213,33.7916,124.297,80.0519,102.277,43.5626
4/1/2011,1385.6,13.2,2,0,0,0,12.1,0,0,1.6,0,6.8,33.547,232.316,19.3304,771.873,31.7669,121.589,117.979,111.31,42.7904
4/2/2011,1354.74,0,1.7,0,0,0,0,0,0,0.5,0,0,30.4766,225.775,17.4696,716.474,31.1012,119.795,104.621,156.557,42.0232
4/3/2011,1351.74,0,0,20.2,0,2.5,5,8.6,0,0,4,27.2,46.624,276.74,22.6535,645.781,29.7839,116.238,91.6524,138.033,40.8819
4/4/2011,1696.66,0,5.1,0,38.3,2.8,2.2,0,1,8.1,8.4,4.1,31.0286,291.566,18.7916,607.015,26.5743,114.475,82.9172,121.631,40.504
4/5/2011,1994.93,24.8,13.3,21.5,11.9,67.4,20.6,57.6,27.3,10.1,18.9,17.8,40.5282,293.25,92.404,611.796,40.8315,134.417,103.609,112.996,79.3119
4/6/2011,1850.56,3,44.2,15.8,0,0,0.6,8,4.6,4,6.8,1,32.7013,289.333,49.1073,626.25,40.8315,114.475,161.286,145.681,134.342
4/7/2011,1546.66,0,0,2.6,0,0,0,0,5.6,0,0,0,31.3056,265.083,28.931,628.675,34.4757,153.558,117.979,210.133,87.6587
4/8/2011,1397.38,0,0,0,0,0,0,0,0,0,0,0,29.3812,229.964,23.6322,621.413,31.7669,135.352,98.5853,155.551,38.6339
4/9/2011,1312.28,0,0,0,2.9,0,0,0,0,0.7,0,0,28.0283,217.122,21.6905,607.015,33.1122,118.902,86.7741,130.606,37.5274
4/10/2011,1230.72,0,0,0,0,16.2,0,7.4,0,99,9.9,19.3,44.7697,237.073,29.4649,590.428,48.2977,107.521,82.9172,115.55,36.7962
4/11/2011,1167.5,0,0,0,0,0,0,0,0,0,0,0,31.5834,233.735,25.4663,564.821,78.6027,127.028,80.0519,110.472,36.0703
4/12/2011,1113.87,0,0,0,0,0,0,0,0,0,0,0,29.9275,225.314,22.3308,548.818,51.6493,157.499,84.8405,107.978,34.9914
4/13/2011,1019.02,0,0,0,0,0,0,0,0,0,0,2.5,28.5673,200.563,21.6905,542.029,40.8315,140.06,80.0519,112.996,34.2788
4/14/2011,992.94,0,0,0,0,4.2,0,0,0,0,0,9,33.547,226.701,27.5253,526.351,35.1642,125.205,76.2687,106.332,31.5747
4/15/2011,980.33,0,0,0,0,0,0,0,0,0,0,0,29.654,229.028,20.7019,497.838,30.4402,118.012,76.2687,102.277,28.6853
4/16/2011,938.76,0,0,0,0,0,0,0,0,0,0,0,29.1092,175.604,19.7382,457.577,27.2065,110.109,72.529,101.477,27.0138
4/17/2011,886.09,0,0,0,0,0,0,0,0,0,0,0,28.2974,166.32,18.9258,424.647,27.8436,99.8928,70.6759,96.7421,25.9255
4/18/2011,817.57,0,0,0,0,0,0,0,0,0,0,0,26.6937,157.737,18.5244,396.5,26.5743,94.924,68.8341,94.4201,24.858
4/19/2011,773.58,0,0,0,0,0,0,0,0,0,0,0,25.378,151.981,18.1261,368.977,25.947,97.3966,66.0931,91.3711,23.8114
4/20/2011,729.69,0,0,0,0,0,0,3.8,0.3,0,0,0,24.5977,144.598,17.7311,346.187,25.3247,94.924,67.0039,88.3756,22.281
4/21/2011,708.28,0,0,0,0,0,0,0,0,0,0,0,23.8245,141.18,17.4696,333.954,24.7074,97.3966,65.1853,89.1194,21.287
4/22/2011,674,0,0,0,0,0,0,0,0,0,0,0,23.5683,139.062,17.2095,323.867,24.0951,94.1051,64.2804,86.8978,20.3142
4/23/2011,662.57,0,0,0,0,0,0,0,0,0,0,0,23.0583,134.453,16.9509,315.869,23.4879,92.4751,65.1853,86.1639,20.3142
4/24/2011,648.15,0,0,0,0,0,0,0,0,0,0,0,22.8045,131.557,16.6937,305.962,22.8859,90.8557,65.1853,86.8978,20.3142
4/25/2011,634.72,0,0,0,1.2,0,0,0,0,0,0,0,22.8045,130.734,16.5656,298.109,22.289,81.3645,61.5838,86.8978,19.3626
4/26/2011,621.34,0,0,0,0,25.7,0,0,3.5,0.1,28,1.5,30.4766,130.734,20.1491,292.263,21.6974,82.9193,61.5838,82.5443,18.8948
4/27/2011,607.93,0,1.3,12.3,0,18.7,0,2,0,0,1.2,1.5,25.902,133.623,19.466,294.208,21.1111,90.8557,61.5838,82.5443,36.4326
4/28/2011,618.31,0,0,0,0,0,0,0,0,0,0,0,24.5977,139.484,17.9941,296.156,25.3247,85.2719,61.5838,82.5443,28.123
4/29/2011,602.28,2.2,14,16.4,0,12.7,0,3,0,17.3,0,4.2,23.5683,138.64,18.5244,303.993,26.5743,103.257,60.691,82.5443,23.8114
4/30/2011,614.66,0,0,0,0,0,0,0,0,0,9.3,0,22.5515,135.286,16.6937,313.88,29.1324,110.977,60.691,81.1198,19.3626
5/1/2011,586.83,0,0,0,0,0,0,0,0,0,0,0,20.8035,129.505,16.1837,307.935,24.0951,127.028,59.7782,81.1198,18.4323
5/2/2011,588.83,0,0,0,0,0,0,0,0,0,0,0,20.5571,125.444,15.9309,298.109,25.947,120.691,59.7782,79.7085,17.5233
5/3/2011,586.83,0,0,0,0,8.8,0,0,0,6.5,2.6,4.4,20.5571,125.041,15.9309,288.386,25.3247,105.808,58.8338,79.7085,16.6358
5/4/2011,573.43,0,0,0,0,0,0,0,0,0,0,0,20.3116,124.237,15.4298,273.044,24.0951,102.412,56.9593,78.3104,16.2001
5/5/2011,547.57,0,0,0,0,0,0,0,0,0,0,0,20.0669,119.46,15.4298,269.25,22.8859,95.7456,56.9593,76.238,16.2001
5/6/2011,545.43,0,0,0,0,0,0,0,0,0,0,0,20.0669,117.887,17.8624,267.36,21.6974,94.1051,56.9593,76.238,15.7698
5/7/2011,568.43,0,0,0,0,0,0,0,0,0.2,0,0,19.823,115.544,18.5244,257.972,21.1111,86.0615,56.0293,75.5539,15.7698
5/8/2011,547.57,0,0,0,0,0,0,0,0,0,0,0,19.823,113.607,15.8051,250.54,21.1111,82.1405,56.0293,74.873,15.3449
5/9/2011,528.33,0,0,0,0,0,0,0,0,0,0,0,19.58,110.539,14.6893,246.85,20.5301,83.7008,54.1836,74.873,14.9254
5/10/2011,514.34,0,0,0,0,0,0,0,0,0,0,0,19.3561,108.263,14.4455,243.177,20.5301,83.7008,54.1836,74.1954,14.9254
5/11/2011,481.48,0,0,0,0,0,0,0,0,0,0,0,19.3561,107.132,14.2032,237.701,19.9544,71.4405,54.1836,74.1954,14.5113
5/12/2011,467.02,0,0,0,0,0,0,0,0,0,0,0,18.9119,105.634,14.2032,234.073,19.9544,69.6932,53.2681,72.1824,14.1026
5/13/2011,467.02,0,0,0,0,0,0,0,0,0,0,0,18.9119,102.295,13.9625,226.869,19.3842,67.9654,53.2681,72.1824,13.6994
5/14/2011,456.85,0,0,0,0,0,0,0,0,0,0,0,18.4701,101.193,13.7232,223.295,19.3842,67.1088,53.2681,69.5445,13.6994
5/15/2011,451.88,0,0,0,0,0,0,0,0,0,0,0,18.4701,99.732,13.6042,219.739,18.8195,67.1088,52.3575,69.5445,13.3016
5/16/2011,439.43,0,0,0,0,0,0,2,4,0.1,0,0,18.2501,99.0049,13.7232,217.967,18.8195,63.7316,52.3575,69.5445,12.9093
5/17/2011,439.43,5.4,3.7,0,0,1.7,0,0,0,0,0,0,18.2501,98.6423,14.3242,217.967,18.8195,67.1088,53.2681,69.5445,12.5225
5/18/2011,446,0,0,0,0,0,0,0,0,0,0,0,18.0308,97.5579,13.4855,214.438,18.2604,63.7316,56.0293,68.8932,12.1412
5/19/2011,443.57,0,0,0,0,0,0,0,0,0,0,0,17.812,96.4788,13.2494,210.928,18.8195,67.1088,54.1836,68.8932,12.1412
5/20/2011,416.7,0,0,0,0,0,0,0,0,0,0,0,17.812,95.0483,13.1319,209.18,18.8195,65.4104,53.2681,68.2452,11.7653
5/21/2011,418.69,0,0,0,0,0,0,0,0,4.1,0,0,17.5939,93.6273,13.0148,205.697,18.8195,67.1088,53.2681,68.2452,11.7653
5/22/2011,398.39,0,0,0,0,0,0,0,0,0,0,0,17.3764,92.2159,12.7817,203.963,18.8195,66.2572,56.0293,68.2452,11.7653
5/23/2011,420.72,0,0,0,0,0,0,0,0,0,0,0,17.3764,91.5137,12.6658,200.508,18.2604,66.2572,54.1836,67.6004,11.395
5/24/2011,383.44,0,0,0,0,0,0,0,0,0,0,0,17.1595,90.814,12.5503,198.788,18.2604,65.4104,52.3575,67.6004,11.395
5/25/2011,411.34,0,0,0,0,0,0,0,0,0,0,0,16.9432,89.7688,12.5503,197.073,17.7068,64.5686,51.4518,66.3208,10.6709
5/26/2011,405.76,0,0,0,0,0,0,0,0,0,0,0,16.7276,88.3836,12.4351,195.362,17.7068,64.5686,50.5511,66.3208,10.6709
5/27/2011,380.48,0,0,0,0,0,0,0,0,0,0,0,16.5126,87.008,12.3204,191.955,17.1589,62.8996,49.6554,65.6858,9.6263
5/28/2011,379.44,0,0,0,0,0,0.8,0,0,0,0,0,16.5126,85.642,12.206,188.568,17.1589,62.8996,47.8792,65.6858,9.2893
5/29/2011,366.02,0,0,0,0,0,0,0,0,0,0,0,16.2983,85.302,12.092,185.199,16.6167,62.8996,48.7647,65.0542,8.632
5/30/2011,379.42,0,0,0,0,0,0,0,0,0,0,0,16.2983,84.6238,11.9785,181.85,16.6167,62.0725,48.7647,65.0542,8.3118
5/31/2011,361.94,0,0,0,0,0,0,0,0,0,0,0,16.0846,84.9626,11.8653,180.183,16.0802,62.8996,48.7647,63.1788,7.6884
6/1/2011,369.65,0,0,0,0,0,0,0,0,0,0,0,16.0846,82.9389,11.7525,178.521,16.0802,62.0725,47.8792,63.1788,7.0876
6/2/2011,358.27,0,0,0,0,0,0,0,0,0,0,0,15.8715,81.9351,11.6402,176.863,16.0802,61.2504,47.8792,63.1788,8.3118
6/3/2011,359.09,0,0,0,0,0,0,0,0,0,0,0,15.6591,80.9368,11.5282,175.211,15.5497,61.2504,47.8792,62.5601,7.9973
6/4/2011,360.32,0,0,0,0,0,0,0,0,0,0,0,15.6591,80.2743,11.4166,173.564,15.5497,62.0725,47.8792,61.9448,7.6884
6/5/2011,325.37,0,0,0,0,0,0,0,0,0,0,0,15.4474,79.6142,11.3055,171.921,15.5497,61.2504,46.9987,59.5158,7.6884
6/6/2011,329.81,0,0,0,0,0,0,0,0,0,0,0,15.4474,78.9566,11.1947,168.651,15.5497,60.4332,45.2532,58.3208,7.6884
6/7/2011,346.31,0,0,0,1.2,0,0,0,0,0,0,0,15.2364,78.3013,11.3055,167.024,15.025,59.6209,46.1233,58.3208,7.6884
6/8/2011,344.08,0,0,0,0,0,0.1,0.4,0.3,2.7,0.6,5.5,15.2364,78.6287,11.3055,165.402,15.025,59.6209,45.2532,57.1387,7.3851
6/9/2011,355.48,0,0,0,14,0,0,0,0,0,0,0,15.026,80.6053,11.4166,163.784,14.5063,60.4332,45.2532,57.1387,7.3851
6/10/2011,355.33,8.6,5,0,0,14.6,16.4,12.1,14.8,22.2,13.4,11.3,17.3764,80.6053,13.9625,165.402,19.9544,62.0725,53.2681,58.9167,7.3851
6/11/2011,366.87,0,0,0,0,0,0,0,0,0,0,0,15.8715,84.2856,11.6402,168.651,21.6974,76.766,56.9593,68.8932,7.3851
6/12/2011,355.29,0,0,0,0,0,0,0,0,0,0,0,15.4474,83.948,11.5282,171.921,20.5301,85.2719,63.3785,73.5211,7.3851
6/13/2011,390.55,0,0,0,0,0,0,0,0,0,0,0,15.2364,79.944,11.3055,175.211,18.2604,86.0615,55.104,80.4125,7.3851
6/14/2011,389.32,0,0,0,0,0,0,0,0,0,0,0,15.2364,75.7047,10.9744,175.211,18.8195,86.0615,53.2681,70.199,7.3851
6/15/2011,368.87,0,0,0,0,0,0,0,0,0,0,0,15.026,74.421,10.8649,170.284,18.8195,66.2572,50.5511,67.6004,7.0876
6/16/2011,368.63,0,0,0,0,0,0,0,0,0,0,0,14.8163,73.147,10.7557,163.784,18.8195,63.7316,48.7647,64.4258,7.0876
6/17/2011,357.5,0,0,9.1,0,0,0,0,0,0,0,0,14.6073,71.8829,10.7557,160.565,18.8195,64.5686,47.8792,62.5601,7.9973
6/18/2011,357.31,0,0,0,0,0,0,0,0,0,0,0,14.3989,73.147,10.647,157.366,18.2604,67.9654,47.8792,61.3327,7.6884
6/19/2011,336.72,0,0,0,0,0,0,0,0,0,0,0,14.3989,71.8829,10.647,154.188,18.2604,67.1088,46.9987,61.3327,7.6884
6/20/2011,336.84,0,0,0,0,0,0.4,0,0,0,0,0,14.3989,70.9412,10.5387,154.188,17.7068,64.5686,46.9987,60.1182,7.3851
6/21/2011,336.61,0,0,0,0,0,0,0,0,0,0,0,14.1913,70.3165,10.4308,152.607,17.7068,66.2572,45.2532,60.1182,7.3851
6/22/2011,334.84,0,0,0,0,0,0,0,0,0,0,0,13.9844,69.6942,10.3233,152.607,17.7068,83.7008,45.2532,57.7282,7.3851
6/23/2011,320.61,0,0,0,0,0,0,0,0,0,0,0,13.7781,69.0744,10.2162,149.46,17.1589,84.485,44.3883,57.7282,7.3851
6/24/2011,334.43,0,0,0,0,0,0,0,0,0,0,0,13.7781,68.457,10.2162,147.894,17.1589,84.485,44.3883,56.5526,7.0876
6/25/2011,332.45,0,0,0,0,0,0,0,0,0,0,0,13.5726,67.5356,10.1096,146.333,16.6167,84.485,44.3883,56.5526,7.0876
6/26/2011,325.68,0,0,0,1.2,0,0,0,0,0,0,0,13.5726,66.6198,10.1096,141.684,16.6167,83.7008,44.3883,56.5526,7.0876
6/27/2011,337.87,0,0,0,0,0,0,0,1.2,0,1.3,0,13.3678,66.0123,10.0033,141.684,16.6167,83.7008,44.3883,56.5526,7.0876
6/28/2011,334.61,0,0,0,0,0,0,0,0,0,0,0,13.3678,65.4073,10.0033,140.145,16.6167,84.485,44.3883,56.5526,7.0876
6/29/2011,334.84,0,0,0,0,0,0,0,0,0,0,0,13.1637,65.1058,9.8975,138.612,16.0802,82.1405,44.3883,56.5526,7.0876
6/30/2011,327.95,0,0,0,0,0,0,0,0,0,0,0,13.1637,64.8048,9.8975,137.083,16.0802,82.9193,44.3883,56.5526,6.7958
7/1/2011,326.73,0,0,0,0,0,0,0,0,0,0,0,13.1637,62.4195,9.7921,135.561,16.0802,82.9193,44.3883,56.5526,6.7958
7/2/2011,326.48,0,0,0,0,0,0,0,0,0,0,0,13.1637,61.8294,9.7921,134.043,15.5497,78.2878,44.3883,56.5526,6.7958
7/3/2011,338.61,0,0,0,0,0,0,0,0,0,0,0,13.1637,61.5353,9.6871,132.531,15.5497,78.2878,44.3883,56.5526,6.7958
7/4/2011,328.48,0,0,0,0,0,0,0,0,0,0,0,12.9604,61.2418,9.5825,131.025,15.5497,64.5686,42.6742,56.5526,6.7958
7/5/2011,320.97,0,0,0,0,0,0,0,0,0,0,0,12.7577,60.6567,9.4784,129.524,15.5497,69.6932,42.6742,54.8134,6.5097
7/6/2011,294.32,0,0,0,0,0,0,0,0,0,0,0,12.7577,60.0741,9.4784,129.524,15.025,67.9654,40.9814,54.2402,6.5097
7/7/2011,305.81,0,0,0,0,0,0,0,0,0,0,0,12.5558,60.0741,9.3747,128.028,15.025,64.5686,40.9814,52.5397,6.5097
7/8/2011,269.62,0,0,0,0,0,0,0,0,0,0,0,12.5558,60.0741,9.3747,126.538,15.025,61.2504,40.1432,52.5397,6.5097
7/9/2011,290.73,0,0,0,0,0,0,0,0,0,0,0,12.5558,60.0741,9.2714,125.054,14.5063,60.4332,40.1432,51.4222,6.2293
7/10/2011,269.97,0,0,0,0,0,0,0,0,0,0,0,12.3547,60.0741,9.1685,122.102,14.5063,64.5686,39.3103,51.4222,6.2293
7/11/2011,280.65,0,0,0,0,0,0,0,0,0,0,0,12.3547,60.0741,9.066,120.635,14.5063,63.7316,39.3103,50.3174,6.2293
7/12/2011,281.64,0,0,0,0,0,0,0,0,0,0,0,12.1543,59.7837,9.066,120.635,14.5063,61.2504,39.3103,50.3174,5.9547
7/13/2011,267.29,0,0,0,0,0,0,0,0,0,0,0,12.1543,59.2049,8.964,120.635,14.5063,59.6209,39.3103,50.3174,5.9547
7/14/2011,260.41,0,0,0,0,0,0,0,0,0,0,0,12.1543,58.3413,8.8624,119.173,13.9937,62.0725,38.483,50.3174,5.9547
7/15/2011,271.29,0,0,0,0,0,0,0,0,0,0,0,12.1543,57.4833,8.8624,117.717,13.9937,65.4104,38.483,49.2256,5.6858
7/16/2011,268.19,0,0,0,0,0,0,0,0,0,0,0,11.9547,55.7844,8.8624,116.267,13.9937,65.4104,37.6613,49.2256,5.6858
7/17/2011,290.14,0,0,0,0,0,0,0,0,0,0,0,11.9547,55.2231,8.7613,114.822,13.9937,65.4104,36.8451,48.1465,5.6858
7/18/2011,290.81,0,0,0,0,0,0,0,0,0,0,0,11.9547,54.6644,8.7613,113.384,13.9937,66.2572,36.8451,47.0802,5.6858
7/19/2011,277.86,0,0,0,0,0,0,0,0,0,0,0,11.9547,54.386,8.6605,111.951,13.9937,66.2572,36.8451,47.0802,5.6858
7/20/2011,270,0,0,0,0,0,0,0,0,0,0,0,11.9547,54.1082,8.6605,111.951,13.9937,60.4332,36.0345,47.0802,5.6858
7/21/2011,268.05,0,0,0,0,0,0,0,0,0,0,0,11.7558,53.831,8.5602,111.951,13.9937,62.8996,35.2296,46.0266,5.4228
7/22/2011,257.09,0,0,0,0,0,0,0,0,0,0,0,11.7558,53.2786,8.5602,110.523,13.9937,62.8996,35.2296,44.9858,5.4228
7/23/2011,258.25,0,0,0,0,0,0,0,0,0,0,0,11.5577,52.7287,8.4604,109.102,13.9937,66.2572,36.0345,44.9858,5.4228
7/24/2011,270.05,0,0,0,0,0,0,0,0,0,0,0,11.5577,52.4547,8.4604,107.687,13.9937,69.6932,35.2296,46.0266,5.4228
7/25/2011,260.94,0,0,0,0,0,0,0,0,0,0,0,11.3604,52.1813,8.5602,106.277,13.4872,67.9654,35.2296,44.9858,5.4228
7/26/2011,258.87,0,0,0,0,0,0,0,0,0,0,0,11.5577,51.6365,8.4604,106.277,13.4872,70.5644,35.2296,44.9858,5.4228
7/27/2011,251.39,0,0,0,0,0,0,0,0,0,0,0,11.3604,51.0943,8.361,104.874,13.4872,69.6932,36.0345,44.9858,5.4228
7/28/2011,259.59,0,0,0,0,0,0,0,0,0,0,0,11.1639,50.5545,8.361,104.874,13.4872,69.6932,36.0345,46.0266,5.4228
7/29/2011,235.81,0,0,0,0,0,0,0,0,0,0,0,11.1639,50.0174,8.262,104.874,13.4872,69.6932,36.0345,46.0266,5.4228
7/30/2011,243.94,0,0,0,0,0,0,0,0,0,0,0,11.1639,49.7497,8.262,103.476,13.4872,68.8268,36.0345,46.0266,5.4228
7/31/2011,233.97,0,0,0,0,0,0,0,0,0,0,0,10.9682,49.4827,8.262,103.476,13.4872,57.2139,34.4305,46.0266,5.4228
8/1/2011,211.3,0,0,0,0,0,0,0,0,0,0,0,10.9682,49.4827,8.1634,102.085,13.4872,55.6341,34.4305,43.9578,5.4228
8/2/2011,208.37,0,0,0,0,0,0,0,0,0,0,0,10.9682,48.9507,8.0653,100.699,12.9869,54.0743,34.4305,43.9578,5.4228
8/3/2011,187.55,0,0,0,0,0,0,0,0,0,0,0,10.9682,48.9507,8.0653,100.699,12.9869,52.5345,32.8495,43.9578,5.4228
8/4/2011,198.42,0,0,0,0,0,0,0,0,1.5,3.7,0,10.9682,48.6856,7.9676,99.3198,12.9869,47.3035,32.0679,41.9397,5.1655
8/5/2011,187.54,0,0,0,0,0,0,0,0,0,0,0,10.7733,48.1574,7.9676,97.9464,12.9869,43.7191,32.0679,40.9497,5.1655
8/6/2011,210.3,0,0,0,0,0,0,0,0,0,0,0,10.7733,47.8942,7.8704,97.9464,12.4929,43.0175,32.0679,40.9497,4.9141
8/7/2011,189.54,0,0,0,0,0,0,0,0,0,0,0,10.7733,47.6317,7.8704,97.9464,12.4929,47.3035,32.0679,40.9497,4.9141
8/8/2011,205.06,0,0,0,0,0,0,0,0,0,0,0,10.5792,47.3698,7.7736,96.5792,12.4929,52.5345,32.0679,40.9497,4.9141
8/9/2011,213.23,0,0,0,0,0,0,0,0,0,0,0,10.5792,47.1086,7.6773,96.5792,12.4929,56.4215,32.0679,40.9497,4.6685
8/10/2011,214.27,0,0,0,0,0,0,0,0,0,0,0,10.3859,46.848,7.6773,95.2181,12.4929,54.0743,31.2921,40.9497,4.6685
8/11/2011,216.22,0,0,0,0,0,0,0,0,0,0,0,10.1934,46.3288,7.5814,95.2181,12.4929,54.8517,31.2921,39.9723,4.6685
8/12/2011,226.2,0,0,0,0,0,0,0,0,0,0,0,10.1934,45.8121,7.5814,93.8632,12.0053,53.3019,30.5224,39.9723,4.6685
8/13/2011,216.22,0,0,0,0,0,0,0,0,0,0,0,10.0018,44.7865,7.4859,92.5145,12.0053,54.0743,30.5224,39.0075,4.6685
8/14/2011,216.22,0,0,0,0,0,0,0,0,0,0,0,10.0018,44.5317,7.4859,91.172,11.5241,54.8517,30.5224,39.0075,4.4288
8/15/2011,223.18,0,0,0,0,0,0,0,0,0,0,0,10.0018,44.2775,7.3909,89.8358,11.5241,54.8517,30.5224,39.0075,4.4288
8/16/2011,212.22,0,0,0,0,0,0,0,0,0,0,0,9.811,44.2775,7.3909,89.8358,11.5241,56.4215,29.7587,39.0075,4.4288
8/17/2011,232.13,0,0,0,0,0,0,0,0,0,0,0,9.811,43.7712,7.2964,88.506,11.0494,56.4215,29.0011,38.0553,4.195
8/18/2011,223.18,0,0,0,0,0,0,0,0,0,0,0,9.6211,43.519,7.2964,87.1825,11.0494,54.8517,29.0011,37.1157,4.195
8/19/2011,224.18,0,0,0,0,0,0,0,0,0,0,0,9.6211,43.2674,7.2023,87.1825,11.0494,51.0147,29.0011,37.1157,4.195
8/20/2011,194.31,0,0,0,0,0,0,0,0,0,0,0,9.6211,42.7663,7.2023,85.8653,11.0494,51.7721,28.2496,37.1157,4.195
8/21/2011,195.31,0,0,0,0,0,0,0,0,0,0,0,9.6211,42.7663,7.1087,85.8653,11.0494,53.3019,28.2496,36.1887,4.195
8/22/2011,206.26,0,0,0,0,0,0,0,0,0,0,0,9.6211,42.5167,7.1087,84.5546,10.5814,53.3019,27.5044,36.1887,4.195
8/23/2011,197.66,0,0,0,0,0,0,0,0,0,0,0,9.6211,42.0194,7.0155,84.5546,10.5814,53.3019,26.7654,35.2742,4.195
8/24/2011,206.78,0,0,0,0,0,0,0,0,0,0,0,9.6211,41.7717,7.0155,83.2504,10.5814,53.3019,26.0328,35.2742,4.195
8/25/2011,201.21,0,0,0,0,0,0,0,0,0,0,0,9.6211,41.5247,7.0155,81.9526,10.1202,52.5345,27.5044,35.2742,4.195
8/26/2011,197.28,0,0,0,0,0,0,0,0,0,0,0,9.6211,41.2784,7.0155,81.9526,10.1202,51.7721,27.5044,33.4826,4.195
8/27/2011,199.31,0,0,0,0,0,0,0,0,0,0,0,9.6211,41.2784,6.9228,81.9526,10.1202,53.3019,27.5044,33.4826,3.9672
8/28/2011,200.31,0,0,0,0,0,0,0,0,0,0,0,9.6211,41.0327,6.9228,80.6614,9.6657,54.0743,27.5044,32.6056,3.9672
8/29/2011,202.31,0,0,0,0,0,0,0,0,0,0,0,9.6211,40.5432,6.8305,80.6614,9.6657,58.0113,26.7654,32.1717,3.7452
8/30/2011,191.94,0,0,0,0,0,0,0,0,0,0,0,9.6211,40.2995,6.8305,79.3767,9.6657,51.0147,26.7654,32.1717,3.7452
8/31/2011,195.9,0,0,0,0,0,0,0,0,0,0,0,9.6211,40.2995,6.7387,79.3767,9.2183,46.5764,26.0328,32.1717,3.7452
9/1/2011,170.18,0,0,0,0,0,0,0,0,0,0,0,9.432,40.2995,6.7387,78.0987,9.2183,43.7191,26.0328,32.1717,3.5292
9/2/2011,177.14,0,0,0,0,0,0,0,0,0,0,0,9.432,40.0564,6.6473,76.8273,9.2183,42.321,25.3066,31.741,3.5292
9/3/2011,176.16,0,0,0,0,0,0,0,0,0,0,0,9.432,39.8139,6.6473,76.8273,9.2183,42.321,25.3066,31.741,3.3192
9/4/2011,174.27,0,0,0,0,0,0,0,0,0,0,0,9.2438,39.0906,6.5565,75.5625,8.7779,33.1125,26.7654,31.741,3.3192
9/5/2011,169.32,0,0,0,0,0,0,0,0,0,0,0,9.2438,38.6116,6.5565,74.3045,8.7779,32.4939,26.7654,31.741,3.3192
9/6/2011,159.2,0,0,0,0,0,0,0,0,0,0,0,8.87,38.1352,6.466,74.3045,9.2183,29.4797,26.0328,31.3133,3.1152
9/7/2011,165.5,0,0,0,0,0,0,0,0,0,0,0,8.87,38.1352,6.466,74.3045,9.2183,31.8805,25.3066,31.3133,3.1152
9/8/2011,156.7,0,0,0,0,0,0,0,0,0,0,0,8.87,37.898,6.3761,73.0533,9.2183,30.6695,24.5869,31.3133,3.1152
9/9/2011,147.94,0,0,0,0,0,0,0,0,0,0,0,8.6845,37.4256,6.3761,71.8088,8.3446,30.6695,24.5869,30.8888,2.9172
9/10/2011,147.22,0,0,0,0,0,0,0,0,0,0,0,8.6845,37.1904,6.2866,71.8088,8.3446,31.2724,23.8737,30.8888,2.9172
9/11/2011,137.64,0,0,0,0,0,0,0,0,0,0,0,8.6845,36.9558,6.2866,70.5712,8.3446,31.8805,23.8737,30.8888,2.9172
9/12/2011,152.26,0,0,0,0,0,0,0,0,0,0,0,8.4999,36.7219,6.1976,70.5712,8.3446,30.6695,23.8737,30.049,2.9172
9/13/2011,151.61,0,0,0,0,0,0,0,0,0,0,0,8.4999,36.4887,6.1976,69.3405,8.3446,30.072,23.8737,30.049,2.7253
9/14/2011,145.2,0,0,0,0,0,0,0,0,13.3,0,0,8.4999,36.2561,6.1976,69.3405,8.3446,31.8805,23.8737,30.049,2.7253
9/15/2011,132.69,0,0,9.1,0,44.5,0,1.6,2.6,0.1,0,11.2,8.4999,44.7865,9.066,68.1168,7.9187,32.4939,24.5869,30.049,5.4228
9/16/2011,150.81,0,0,0,0,0,2.4,0,1.4,0,0,0,8.4999,44.5317,6.6473,68.1168,8.7779,30.6695,25.3066,29.6337,6.2293
9/17/2011,142.94,0,0,0,0,0,0,0,0,0,0,0,8.3162,42.7663,6.5565,66.9,8.7779,26.0382,25.3066,29.6337,5.4228
9/18/2011,146.4,0,0,0,0,0,0,0,0,0,0,0,8.3162,41.5247,6.5565,66.9,8.7779,27.7349,24.5869,29.6337,5.1655
9/19/2011,157.42,0,0,0,0,0,0,0,0,0,0,0,8.3162,39.8139,6.5565,75.5625,8.7779,27.7349,23.8737,29.6337,4.6685
9/20/2011,145.72,0,0,0,0,0,0,0,0,0,0,0,8.3162,38.6116,6.466,76.8273,8.3446,26.5984,23.8737,29.2215,4.4288
9/21/2011,133.67,0,0,0,0,0,0,0,0,0,0,0,8.3162,37.1904,6.3761,74.3045,8.3446,26.5984,23.1671,29.2215,4.4288
9/22/2011,127.67,0,0,0,0,0,0,0,0,0,0,0,8.3162,36.2561,6.3761,70.5712,8.3446,25.4833,23.1671,29.2215,4.195
9/23/2011,100.55,0,0,0,0,0,0,0,0,0,0,0,8.1334,35.793,6.2866,68.1168,7.9187,24.3899,22.4673,28.8124,4.195
9/24/2011,106.62,0,0,0,0,0,0,0,0,0,0,0,8.1334,35.5624,6.2866,66.9,7.9187,25.4833,21.088,28.8124,3.9672
9/25/2011,100.78,0,0,0,0,0,0,0,0,0,0,0,8.1334,35.3324,6.1976,65.6902,7.9187,25.4833,21.088,28.8124,3.7452
9/26/2011,112.5,0,0,0,0,0,0,0,0,0,0,0,8.1334,35.1032,6.1976,65.6902,7.9187,25.4833,21.088,27.6037,3.5292
9/27/2011,117.75,0,0,0,0,0,0,0,0,0,0,0,8.3162,34.8746,6.109,64.4875,7.9187,24.3899,21.088,27.6037,3.5292
9/28/2011,97.58,0,0,0,0,0,0,0,0,0,0,0,7.9516,34.6466,6.021,64.4875,7.5002,26.0382,20.4087,27.6037,3.3192
9/29/2011,111.5,0,0,0,0,0,0,0,0,0,0,0,7.9516,34.4194,5.9334,63.2919,7.5002,25.4833,21.088,27.6037,3.1152
9/30/2011,94.06,0,0,0,0,0,0,0,0,0,0,0,7.9516,34.1928,5.8463,62.1035,7.5002,25.4833,20.4087,27.6037,3.1152
10/1/2011,94.97,0,0,0,0,0,0,0,0,0,0,0,7.9516,33.9668,5.8463,60.9224,7.0893,25.4833,20.4087,27.2069,3.1152
10/2/2011,96.86,0,0,0,0,0,0,0,0,0,6.2,0,7.7707,33.7415,5.7596,60.9224,7.0893,24.9339,19.7364,27.2069,3.1152
10/3/2011,111.94,0,2.6,11,8.1,5.4,0,2.9,2.6,7.6,0,17,7.7707,33.5169,5.8463,59.7484,7.9187,24.3899,20.4087,26.4226,3.7452
10/4/2011,106.49,10.8,1,0,0,8.3,14.3,17.7,10,9,2.7,0,7.7707,33.5169,6.6473,59.7484,9.6657,24.9339,22.4673,27.6037,4.195
10/5/2011,113.15,0,0,0,4.2,1.1,0,0.6,0,0,0.2,2.1,7.7707,34.1928,6.1976,60.9224,10.5814,25.4833,22.4673,30.049,3.9672
10/6/2011,111.58,0,10,8.5,0,0,0,0,0,0,2.3,0,7.7707,33.7415,6.1976,62.1035,9.2183,24.9339,23.8737,30.049,3.9672
10/7/2011,115.52,0,1.7,0,0,0,0,0,0,0,0,0,7.5908,34.8746,6.109,64.4875,9.6657,26.0382,25.3066,32.1717,3.7452
10/8/2011,122.07,0,0,0,0,0,0,0,0,0,0,0,7.5908,34.4194,6.109,65.6902,9.6657,25.4833,24.5869,33.9258,3.5292
10/9/2011,141.98,0,0,0,8,0,0,0,0,0,0,0,7.5908,34.4194,6.1976,65.6902,9.2183,25.4833,23.8737,32.6056,3.5292
10/10/2011,166.03,0,0,7.5,0,7.8,4.3,0,0,21.3,3.5,48.2,7.9516,33.9668,6.3761,64.4875,8.7779,24.9339,23.8737,31.741,3.5292
10/11/2011,170.77,0,0,0,6.7,0,0,6,0,0,2.2,0,8.6845,36.2561,7.2964,64.4875,8.3446,24.9339,23.8737,31.741,3.5292
10/12/2011,189.41,15.8,3.2,0,0,9.5,16,4.9,5.2,32.7,8.9,0,8.3162,41.0327,10.5387,64.4875,12.9869,31.2724,31.2921,32.6056,3.5292
10/13/2011,217.34,0,0,18.9,0,0,0,0,0,3.9,0,0,8.1334,45.5547,7.3909,65.6902,14.5063,33.7365,23.8737,40.9497,4.195
10/14/2011,258.3,6.2,2,0,0,0,24.1,15,7.3,13,6.1,0,8.1334,46.3288,6.8305,74.3045,12.4929,35.6396,46.9987,34.8216,4.4288
10/15/2011,291.35,2,0,31.2,71.2,2.2,6.3,1,1.2,3.1,0.8,22,8.1334,43.2674,6.6473,80.6614,18.8195,32.4939,47.8792,63.1788,4.195
10/16/2011,317.15,17.4,18,23.7,41.8,4.6,26.1,42.6,31,18.7,6.3,14.2,8.1334,46.3288,6.7387,99.3198,22.8859,46.5764,60.691,65.6858,4.9141
10/17/2011,349.23,16.8,6.4,0.8,5.2,2.2,2.4,3.6,4,1.4,7,11.6,8.3162,49.7497,6.9228,104.874,27.8436,59.6209,73.4598,82.5443,3.9672
10/18/2011,376.19,1.6,2.4,0,0,14.4,24.9,28.8,18.1,6.5,26.7,0,7.9516,55.5035,6.9228,102.085,25.3247,62.8996,79.1021,99.0942,4.6685
10/19/2011,383.25,0,0,0,0,0,0,0,0,0,0,0,7.7707,53.0033,6.7387,110.523,22.8859,55.6341,82.9172,106.332,4.9141
10/20/2011,379.46,0,0,0,0,0,0,3,0,0,0,0,13.9844,44.7865,6.2866,119.173,17.7068,51.0147,67.0039,108.806,5.4228
10/21/2011,370.36,0,0,0,0,0,0,0,0,0,0,0,8.6845,40.7876,6.021,113.384,13.9937,42.321,49.6554,87.635,5.1655
10/22/2011,346.75,1.8,13.8,26,17.9,2.4,2.4,0,4.2,0,1.7,0,8.3162,39.5722,6.2866,104.874,12.4929,41.6296,41.8251,65.6858,5.9547
10/23/2011,326.58,41.6,20,20.5,18,16.6,26.5,11.3,18.2,15,12.1,17,8.6845,38.6116,7.4859,100.699,11.0494,45.1376,49.6554,57.1388,5.6858
10/24/2011,294.99,22.2,31,0,0,17.2,11.9,11,8.7,10.3,10.5,10.2,8.4999,37.6615,9.2714,92.5145,11.0494,46.5764,46.9987,66.3208,5.1655
10/25/2011,264.59,0,0,0,4.5,0,0,0,0,0.1,0,0,9.432,43.519,7.1087,89.8358,16.6167,41.6296,49.6554,63.1788,5.1655
10/26/2011,258.19,0,0,0,18.9,0,0,0,0,0.1,3.1,19.6,9.2438,45.5547,6.5565,92.5145,14.5063,43.0175,50.5511,66.3208,4.9141
10/27/2011,254.68,19.2,24.5,0,0,2.9,0,1.7,16,5.1,1.1,0,9.2438,46.3288,6.8305,100.699,14.5063,47.3035,53.2681,67.6004,4.9141
10/28/2011,267.34,3.8,4.5,10.5,0,7.5,0,0,0,0,0,11.5,9.0565,46.848,8.262,103.476,12.4929,50.2624,48.7647,70.8569,4.6685
10/29/2011,276.13,0,20.5,0,0,0,0,0,0,0,0,0,9.0565,47.8942,6.9228,100.699,12.0053,39.5864,51.4518,65.6858,4.6685
10/30/2011,264.84,39.6,0,0,4.8,0,1.4,0,7.5,0,3.1,4.7,8.87,49.2164,6.3761,97.9464,11.0494,38.9157,46.9987,68.2452,4.4288
10/31/2011,266.16,12.8,6,0,0.3,0,0,9.1,4,2.5,3.3,0,9.0565,47.1086,6.466,99.3198,11.0494,37.5897,45.2532,62.5601,4.4288
11/1/2011,251.95,0,0,5.1,0,2.7,7.2,0,5,0.6,0,0,8.87,44.5317,6.466,103.476,11.0494,38.2501,40.9814,60.1182,4.4288
11/2/2011,225.45,0,0,0,0,0,0,0,0,0,0,0,8.6845,42.2677,6.1976,99.3198,10.5814,36.2844,39.3103,54.8134,4.195
11/3/2011,209.25,0,0,0,0,0,0,0,0,0,0,0,8.6845,41.0327,6.021,93.8632,9.6657,33.1125,36.0345,51.9793,4.195
11/4/2011,190.92,0,0,0,0,0,0,0,0,0,0,0,8.4999,39.5722,5.8463,85.8653,9.2183,33.1125,34.4305,48.1465,3.9672
11/5/2011,180.92,0,0,0,0,0,0,0,0,0,0,0,8.3162,38.3731,5.7596,81.9526,8.7779,32.4939,32.8495,46.0266,3.5292
11/6/2011,182.27,0,0,0,0,0,0,0,0,0,0,0,8.3162,37.4256,5.6735,78.0987,8.3446,32.4939,29.0011,43.4485,3.5292
11/7/2011,165.92,0,0,0,0,0,0,0,0,11,0,0,8.1334,37.1904,5.7596,74.3045,8.3446,31.8805,27.5044,38.5298,3.3192
11/8/2011,166.87,0,0,0,0,5.2,1.5,0.9,0.5,0.9,0.5,3.7,8.1334,35.1032,6.1976,71.8088,7.9187,31.8805,26.7654,36.6506,3.3192
11/9/2011,155.44,0,0,0,0,0,0,0,0,0.1,0,0,7.9516,34.6466,6.021,69.3405,7.9187,30.072,27.5044,35.7298,3.3192
11/10/2011,141.54,0,0,0,0,0,0,0,0,0,0,0,7.9516,36.0242,5.8463,68.1168,7.9187,31.2724,27.5044,36.6506,3.1152
11/11/2011,132.81,0,0,0,0,0,0,0,0,0,0,0,7.9516,34.8746,5.7596,66.9,7.5002,30.072,26.7654,36.6506,3.1152
11/12/2011,145.83,0,0,54.2,0,0,0,0,0,0,10.7,0.7,7.7707,33.9668,5.5878,66.9,7.5002,28.8928,25.3066,35.7298,16.6358
11/13/2011,143.52,20.2,0,0,0,4.1,43.3,27,29.9,26.2,10,22.5,9.811,29.801,5.5878,68.1168,9.6657,38.2501,40.1432,35.7298,5.1655
11/14/2011,160.95,0,0,0,36.1,0,30.4,0,0,0.1,0,0,8.4999,27.9127,7.0155,66.9,10.1202,36.2844,57.8942,55.9696,4.195
11/15/2011,177.19,14.8,27.3,38.9,8.3,44.2,30.8,33.5,19,37.3,63.4,34.5,8.3162,41.2784,8.0653,71.8088,15.025,35.6396,85.8061,80.4125,15.3449
11/16/2011,239.55,18,48.6,0,0,4.4,0,35.7,30,39.1,5.6,9.5,8.1334,56.9145,7.0155,79.3767,31.1012,68.8268,124.269,119.004,13.3016
11/17/2011,294.82,1,0,0,0,0,0,0,0,0,0,0,8.1334,53.5545,6.466,89.8358,37.2566,75.2553,100.588,163.696,6.5097
11/18/2011,334.69,0,0,0,2.3,0,0,1.6,0,0,0,0,7.9516,51.6365,5.9334,113.384,24.7074,78.2878,86.7741,133.366,6.5097
11/19/2011,386.83,0,0,0,12.1,6.5,3.8,0,9.2,2.3,0,3.9,8.1334,43.0165,5.6735,119.173,17.7068,63.7316,70.6759,113.844,5.6858
11/20/2011,420.45,28.4,9.5,0,0,7.1,0,4,5.6,4.7,0,0,8.3162,39.5722,5.6735,109.102,15.5497,48.0356,62.4796,93.6529,5.4228
11/21/2011,422.07,0,0,0,0,0,0,0,0,0,0,0,8.3162,38.8507,5.6735,96.5792,15.025,44.4258,54.1836,82.5443,5.9547
11/22/2011,450.55,0,0,35.6,52.3,0,0,0,0,0,0,0.3,8.3162,38.1352,5.5878,85.8653,14.5063,45.1376,48.7647,71.518,6.5097
11/23/2011,490.51,3.8,6.9,0,3.1,2.6,60.4,35.1,41.6,10.9,21.2,20,10.3859,36.4887,5.5026,80.6614,12.0053,41.6296,91.6524,70.199,5.6858
11/24/2011,529.98,15.6,12.4,0,0,0,25.9,0,9.2,2.7,0,0,8.4999,41.7717,5.4179,79.3767,12.4929,67.9654,97.5876,123.398,5.1655
11/25/2011,564.93,0,0,18.8,0,0,0,0,0,0,0,0,8.3162,43.0165,5.3337,76.8273,11.5241,59.6209,78.1549,127.878,4.9141
11/26/2011,666,21.4,0,0,38.8,0,1,11,54.6,0,0,0,8.3162,43.0165,5.3337,78.0987,11.5241,57.2139,75.3296,103.889,4.4288
11/27/2011,779.47,48.6,94.5,0,11.4,8.5,88.1,55,53.4,31.4,4,3.7,8.1334,42.7663,5.7596,100.699,18.2604,96.5698,194.547,114.696,6.7958
11/28/2011,861.2,26.2,9.7,3.8,0,0,40.7,59.5,36,12.6,3.6,3,8.87,44.7865,6.3761,103.476,27.8436,114.475,302.812,272.211,6.5097
11/29/2011,886.83,52.8,0.9,0,2.1,1.1,11.2,11,75,7.5,2.4,7.5,11.1639,44.5317,7.7736,97.9464,25.3247,116.238,334.258,408.891,7.6884
11/30/2011,895.53,1,3.2,8.5,1.2,0,0.9,0,2.5,0.3,0.2,0,8.6845,42.0194,9.066,102.085,22.289,117.124,254.326,438.059,7.6884
12/1/2011,871.67,3.8,3.6,0,0,23.5,6.9,5.3,3.3,0.4,9,34.2,8.1334,91.5137,8.964,103.476,21.6974,114.475,184.069,332.307,7.6884
12/2/2011,872.62,12.4,14.5,0,4.3,38.7,1.5,3.3,15.2,13.4,10.1,36.7,12.5558,156.845,25.2975,103.476,20.5301,108.381,174.871,244.555,7.0876
12/3/2011,862.74,0,0,9.2,0,44.2,47.7,4.5,7.8,9.4,1.9,0.6,33.2644,125.847,16.438,109.102,19.9544,105.808,189.873,235.687,6.5097
12/4/2011,829.18,5,0,0,0,2.8,0,0,0,15.6,37.2,6.1,16.2983,140.755,14.5672,143.229,19.3842,94.1051,193.376,254.904,8.632
12/5/2011,814.76,1,3.2,12.3,0,0,0,3.3,0,0,0,0,13.5726,129.914,10.1096,202.233,18.8195,94.924,117.979,249.701,7.9973
12/6/2011,800.79,0,0,0,30.4,0,0,0,0,0,0,0,10.5792,100.462,8.1634,241.347,17.1589,97.3966,88.7179,154.548,23.296
12/7/2011,808.17,1.2,0,30.6,1.3,4.7,2.2,3.3,0.5,24,19.7,47.5,13.5726,86.6656,11.0843,273.044,18.8195,93.2888,85.8061,118.136,16.6358
12/8/2011,834.41,1.8,6.6,3.4,0,0,38.5,13.2,12,4.6,0.5,15,13.7781,106.757,14.3242,269.25,26.5743,104.955,124.269,119.004,15.7698
12/9/2011,880.23,1,0.9,0,14.5,32.2,1.5,0,0,20.2,15.4,18.5,14.1913,118.279,17.4696,245.011,37.2566,121.589,127.442,166.808,34.6345
12/10/2011,932.56,10.2,18,14.9,34.4,19.6,0.4,15.7,10,38.4,35.3,1.7,13.7781,124.237,21.4006,261.715,61.0037,133.485,130.634,171.006,19.8357
12/11/2011,1018.08,12.8,6.6,17.1,1.3,15.9,19.6,16.5,19.6,18.4,20.6,28.3,16.2983,155.512,20.1491,278.766,68.6384,181.911,187.546,181.746,35.7094
12/12/2011,1110.39,0,1.1,0,0,0,0,0,0,0,0,9.4,12.3547,138.64,12.7817,313.88,59.0042,177.752,177.16,249.701,27.0138
12/13/2011,1178.89,52.1,0,8.4,0,0,2.5,0,0.3,0,1.7,0,13.7781,145.458,10.3233,335.983,46.4066,142.913,142.494,233.186,27.0138
12/14/2011,1305.83,0,12.9,12.5,52.2,0,0,0.6,0,1,0,0.9,14.1913,140.331,10.4308,342.094,31.7669,127.943,124.269,188.358,34.9914
12/15/2011,1409.18,31.7,27,13.1,14.2,36.1,71.4,60,78,33.9,105,18.6,52.9568,134.038,27.8743,350.296,49.2499,199.981,321.167,189.472,49.9196
12/16/2011,1543.56,13,14.6,0,46.3,4.3,34.2,32.2,36.7,31,19.2,17.8,31.3056,151.981,17.6002,375.272,86.1426,417.43,501.564,450.381,47.8992
12/17/2011,2216.05,6.8,13.8,8.6,82.6,23.6,55,82.1,106,3.5,45.1,0,27.4922,236.594,23.6322,422.461,92.1785,1008.67,695.657,692.607,54.4706
12/18/2011,3749,56.5,83.6,15.9,40.8,37.6,37.4,55.7,53.4,6.8,10.4,15.9,32.9825,217.122,24.4595,739.967,73.8432,919.827,429.952,898.929,286.731
12/19/2011,4233.31,41.5,7.6,35.6,3.2,18.5,50.2,43.1,41.6,45.6,12.4,14.7,27.7599,222.558,23.9618,648.243,88.3263,728.445,474.292,579.667,181.988
12/20/2011,3682.33,108.2,51.8,92.1,0,9.3,24.9,39,50.5,12.3,1.1,0,25.6396,212.227,20.2868,638.422,175.222,747.883,561.922,644.421,88.1592
12/21/2011,3390.67,0,0,0,0,0,0,0,0,0,0,0,51.3521,186.168,16.3107,633.539,86.1426,553.733,350.773,726.529,86.661
12/22/2011,3153,0,16.8,0,0,0,0,9.2,0.2,0,0,0,17.1595,172.562,14.9347,604.631,57.5149,347.538,256.396,457.505,66.2414
12/23/2011,2435.5,1.8,0,0,0,0,18.9,3.2,0,0,0,0,14.3989,161.777,13.7232,567.126,50.2064,259.088,180.607,333.816,36.0703
12/24/2011,2007.8,0,0,13.8,10.5,0,0,2.1,8.8,0,0,0,12.9604,113.607,15.3055,537.526,46.4066,225.424,164.658,239.466,34.6345
12/25/2011,1575.51,0,0,8.6,0,0,0,0,1.8,0.1,0.6,37.4,23.5683,101.927,16.8221,495.677,44.0681,215.333,181.759,222.106,39.3781
12/26/2011,1469.07,0,0,18.9,37.8,42.3,0,0,0,6.7,6.3,51.3,34.6841,106.382,19.3304,433.431,39.3886,216.446,184.069,243.277,36.4326
12/27/2011,1414.32,16.2,6.6,25.4,10.1,45.1,31.5,24.5,81.4,43.2,5.8,39.7,44.4628,104.888,24.7934,400.79,61.506,255.525,385.421,269.509,30.4035
12/28/2011,1483.68,23.8,22.5,9.6,0,4.5,21.8,39,47.6,2.1,22,32.5,26.6937,163.134,27.178,402.941,79.1359,362.517,455.512,524.32,29.2529
12/29/2011,2195.43,2.6,4.5,12.1,30.1,0,18.3,12.5,11.6,5.9,6.9,4,22.8045,176.371,22.4919,431.23,74.8948,335.783,394.472,602.224,90.6768
12/30/2011,2407.75,23.2,42.1,16.5,0,30.1,5.8,11.2,29.5,69.1,18.7,32,35.2567,172.562,76.7493,482.81,101.692,427.232,385.421,526.245,74.5456
12/31/2011,2508.52,4.8,23,12.6,16.6,14.2,12.34,7.4,34.6,4.8,0,18.4,46.9351,236.594,31.2709,489.222,103.393,362.517,337.547,509.051,64.445
1/1/2012,2730.07,65,57,13.5,51,2.9,45.2,39,75.6,33.5,27.6,45,109.671,311.076,22.6535,493.521,107.962,474.48,418.437,461.09,111.184
1/2/2012,3136.53,74.6,32,55.9,18.5,56.9,102.4,69.2,73.6,95.2,100.3,55.5,250.208,400.486,52.8354,569.435,295.832,645.147,695.657,591.914,237.571
1/3/2012,3371.39,73.8,21,0,0,40.5,33.4,50.1,14.6,59.2,92.5,18.4,118.494,588.441,68.4915,607.015,346.198,927.075,910.027,955.802,131.433
1/4/2012,3388.13,2,0,0,0,27.7,8,2,0.2,1.5,11.1,0,92.5826,643.982,39.7678,643.323,398.463,1098.98,1162.41,1244.55,80.278
1/5/2012,3680.52,58.4,0,0,0,0,33.4,0.1,22.6,0,0,0,83.467,655.314,28.7539,868.734,172.997,1576.84,897.884,1524.13,80.278
1/6/2012,4106.52,0,0,8.5,1.7,0,2,2,1.6,1.9,0,0,79.953,596.957,25.129,941.381,134.493,783.073,740.657,1185.92,105.246
1/7/2012,4624.09,69.6,0,29.6,32.6,23.3,45.7,34,62.8,19.5,42.6,36.4,213.96,484.234,40.5631,947.318,107.962,783.073,564.365,971.495,180.685
1/8/2012,4696.19,11.8,12,5.4,1.7,48.3,24.5,26,76,26.8,18.1,16.8,156.586,458.557,57.7549,851.727,103.393,559.359,622.422,761.319,222.646
1/9/2012,3956.96,16.4,18,8.6,10,22.8,10,4.4,29.2,14,11.6,63.5,104.145,495.561,47.3108,701.02,124.31,484.927,658.827,835.985,113.922
1/10/2012,3326.39,1,0,3.9,15.2,10,8.2,26,27.2,62.8,0.2,65,63.5165,579.971,45.5588,675.634,175.967,513.342,505.145,863.38,115.024
1/11/2012,3055.8,0,0,8.1,2,39.1,1.8,6.7,4.4,4.7,99.5,32.8,38.4533,811.989,64.0502,739.967,261.334,605.394,490.854,674.87,141.418
1/12/2012,3222.59,0,0,10.2,0,1.5,0,2,0,3,0.9,0,31.8618,970.664,47.3108,888.784,155.408,696.616,434.576,650.882,120.031
1/13/2012,2888.2,0,0,3.4,0,0,0,0,1,0,0,0,26.6937,898.517,34.4896,1213.28,103.393,527.853,346.352,571.578,129.699
1/14/2012,2855.2,0,37,5.6,3,12.8,6.7,0,3.6,0,0,0,54.2506,791.552,28.0494,1405,79.1359,399.754,287.869,455.719,150.447
1/15/2012,2662.61,0,0,17.2,0,1.8,0,0.8,1.8,0,13.4,11.4,57.5239,680.761,26.4883,1291.76,67.6083,364.032,241.976,379.177,85.1722
1/16/2012,2442.02,2.8,9,3.1,9.5,8.5,0,21,14,1.5,2,6,56.208,548.917,40.5631,1133.98,58.5067,288.08,239.93,323.329,62.2248
1/17/2012,2447.02,0,0,8.2,0,0,0,0.5,1.4,6.3,19,10.3,39.6352,577.56,32.1889,968.24,67.0946,285.388,244.025,321.846,60.0333
1/18/2012,2547.7,0,0,6.4,2.6,12.5,0,0,0,0,3,9,42.3312,508.133,30.3629,807.19,62.5136,256.711,227.988,324.816,62.6666
1/19/2012,2433.02,0,14,22.6,0,2.7,0,2.3,0,32.4,1.6,0,39.043,455.247,31.0885,829.311,61.0037,250.803,214.702,302.891,63.9987
1/20/2012,2472.93,0,0,0,0,7.9,0,0,0,2,9.2,26.4,88.8797,435.574,28.7539,732.094,64.0321,262.669,202.79,285.94,59.5984
1/21/2012,2340.81,0,0,0,0,0,0,0,0,0,0,0,46.9351,443.186,23.1409,660.624,55.0529,246.114,186.385,269.509,59.5984
1/22/2012,2165.52,0,0,0,0,0,0,0,0,0,0,0,43.5456,382.329,20.2868,635.978,50.6863,234.536,184.069,248.409,55.3135
1/23/2012,2164.66,0,1.3,0,0,0,0,0,0,0,0,0,39.6352,358.871,20.0118,635.978,48.2977,222.041,170.314,244.555,51.1464
1/24/2012,2071.36,0,0,0,0,0,0,0,0,0,0,3.6,37.2818,313.434,20.2868,553.367,46.8777,207.604,161.286,226.995,46.7017
1/25/2012,1897.31,0,0,3.8,0,0,0,0,0,0,0,0,35.2567,294.376,18.1261,515.292,44.5335,181.911,155.702,214.879,42.7904
1/26/2012,1823.93,0,0,0,0,0,0,0,0,0,0,0,34.9701,269.278,17.9941,453.404,41.5594,169.542,150.165,207.781,34.9914
1/27/2012,1915.35,0,0,45.2,10,6.4,0,2.2,0.3,0,13.1,4.5,34.1142,256.331,19.7382,424.647,39.3886,165.491,144.676,199.66,45.1222
1/28/2012,1818.04,9,8,0,4.6,10.5,21.3,9.8,37,12.5,0.5,12.1,34.3988,248.79,19.1952,390.092,44.5335,178.788,189.873,198.514,35.7094
1/29/2012,2017,0,12,12.8,0,2.5,1,19.9,5,14.1,10,17.7,34.6841,262.486,18.6578,373.17,50.2064,176.718,243,260.164,30.4035
1/30/2012,2093.96,17.8,10,19.1,0,0,7.5,5.9,1,5.1,6.3,43.4,35.2567,280.528,17.3394,364.799,50.6863,212.008,287.869,330.802,28.123
1/31/2012,2185.15,5.2,5.6,3.4,21.7,0,0,0.5,28,0.1,1.4,0,33.8303,260.937,18.1261,385.839,51.1673,220.918,350.773,392.235,27.0138
2/1/2012,2508.37,40.2,5.7,0,0,41.1,14.3,0,0.4,0,0,0,33.2644,242.391,21.4006,405.095,46.8777,217.561,236.869,455.719,34.2788
2/2/2012,2033.41,7,6.8,0,0,0,0,0,1,25.4,0,0,31.8618,224.852,16.5656,377.378,43.7682,199.981,194.547,311.563,23.296
2/3/2012,1632.15,0,0,0,0,0,0,0,0,0,0,0,30.2017,222.101,15.9309,350.296,40.8315,179.827,176.015,257.527,21.7814
2/4/2012,1423.07,0,0,0,0,0,0,0,0,0,0,0,29.3812,209.592,15.1815,327.89,37.2566,167.512,162.408,234.435,19.8357
2/5/2012,1314.5,0,0,9.4,0,0,0,0,0,0,0,0,27.7599,175.604,14.5672,321.862,35.1642,159.483,149.064,216.075,18.8948
2/6/2012,1032.48,0,0,0,0,0,0,0,0,0,0,0,25.6396,175.604,14.0827,300.067,33.7916,154.54,142.494,198.514,17.9751
2/7/2012,993.5,0,0,0,0,0,9.2,0,0,0,0,0,24.0814,176.755,13.8427,256.108,32.4372,146.751,127.442,188.358,17.5233
2/8/2012,894.48,0,0,0,0,0,3.1,0,14.4,0,0,0,23.0583,174.84,13.6042,256.108,31.1012,135.352,142.494,172.363,17.0769
2/9/2012,890.71,0,0,0,15.2,0,0,0,0,0,8.3,3.4,22.2994,162.229,13.3673,257.972,30.4402,120.691,135.995,189.472,16.2001
2/10/2012,884.59,13.8,0,8.6,0,3.3,0,31.7,11,0,0,0,21.2988,149.792,13.7232,252.391,29.7839,145.788,137.073,181.746,17.9751
2/11/2012,957.39,0,3.6,41.2,0,27.7,8.5,27.5,0,0,23,81.5,26.4291,167.235,20.9803,234.073,31.7669,177.752,144.676,183.936,28.6853
2/12/2012,1216.98,9.6,0,0,23.9,2.3,5.6,0,2,7.5,26.2,5.2,24.5977,186.568,14.2032,221.514,40.1079,175.686,163.532,196.232,24.3321
2/13/2012,1524.25,5.6,27,0,0,24.7,3.2,0.7,0,17.5,4.7,17.3,29.9275,210.029,26.146,371.071,46.8777,184.004,189.873,222.106,22.7859
2/14/2012,1304.69,0,0.5,0,0,0,2.3,17.6,1,0.9,0,0,24.857,227.165,18.5244,400.79,49.7276,194.6,182.913,253.598,21.7814
2/15/2012,1117.98,0,0,0,0,0,0,0,0,0,0,0,24.0814,218.922,14.9347,424.647,44.5335,185.053,155.702,242.003,20.3142
2/16/2012,1059.19,0,0,0,0,0,0,0.5,0,0,0,0,23.5683,175.987,14.0827,437.845,34.4757,165.491,131.702,205.443,19.3626
2/17/2012,968.39,1,0,0,0,0,1.6,0,3.7,0,0,0,23.3129,158.631,13.6042,426.838,31.1012,144.828,123.215,175.339,18.8948
2/18/2012,963.39,0,0,0,0,0,0,3.5,0,0,0,0,22.8045,144.168,13.1319,390.092,29.7839,125.205,123.215,164.984,17.5233
2/19/2012,846.59,0,0,8.5,0,0,0,0,0,0,0,0,22.048,137.798,12.8981,350.296,28.4856,120.691,113.828,163.519,17.0769
2/20/2012,803.59,0,0,0,0,0,0,0,0,0,0,0,21.7975,134.038,13.0148,319.86,27.8436,119.795,111.767,151.923,21.7814
2/21/2012,852.59,0,0,0,0,0,0,0,0,0,0,0,21.2988,131.557,13.1319,298.109,27.2065,118.012,108.69,149.06,21.287
2/22/2012,732.8,0,0,9.5,2.3,0,0,0,0,0,0,0,21.0508,127.873,13.2494,282.601,26.5743,114.475,107.67,145.502,24.858
2/23/2012,721.68,6.4,7,0,0,31.5,0,4.5,0,13.7,15.7,3.8,20.5571,126.251,15.9309,273.044,25.947,112.721,106.651,144.085,34.9914
2/24/2012,717.91,0,0,0,0,14.3,0,0.5,0,0,0,0,23.3129,131.145,16.8221,265.474,29.7839,113.596,106.651,142.672,39.3781
2/25/2012,744.8,0,0,4.5,0,0,3.5,0,0,12.5,0.4,0,21.5477,129.505,18.5244,263.592,28.4856,110.977,113.828,143.378,28.6853
2/26/2012,638,0,0,0,0,0,0,0,0,0,0,0,20.8035,127.061,14.3242,280.681,27.2065,100.73,106.651,151.206,18.4323
2/27/2012,607,0,0,0,0,0,0,0,0,0,0,0,20.5571,124.638,12.4351,284.525,25.947,102.412,102.6,141.967,17.0769
2/28/2012,626,0,0,0,0,0,0,0,0,0,0,0,20.3116,118.279,12.092,271.145,24.0951,91.6641,100.588,137.058,16.2001
2/29/2012,593,0,0,0,0,0,0,0,0,0,0,0,20.0669,109.398,11.8653,259.841,22.8859,87.6488,96.5924,134.273,15.3449
3/1/2012,570,0,0,0,0,0,0,0,0,0,0,0,19.823,109.019,11.6402,245.011,22.289,87.6489,99.5853,129.437,23.8114
3/2/2012,582,0,0,0,0,0,0,0,0,0,0,0,19.58,103.403,11.4166,232.265,21.6974,82.9193,90.6717,132.195,21.7814
3/3/2012,453.29,0,0,0,0,0,0,0,0,0,0,0,19.3561,99.732,11.1947,223.295,21.1111,77.5255,85.8061,120.583,20.3142
3/4/2012,441.32,0,0,0,0,0,0,0,0,0,0,0,19.1337,99.0049,11.0843,216.201,20.5301,68.8268,83.8776,114.553,18.8948
3/5/2012,453.41,0,0,0,0,0,0,0,0,0,0,0,18.9119,97.1976,10.9744,210.928,20.5301,67.9654,81.9595,111.9,17.0769
3/6/2012,427.29,0,0,0,0,0,0,0,0,0,0,0,18.4701,95.405,10.9744,207.436,19.9544,67.9654,81.0044,109.263,15.7698
3/7/2012,467.32,0,0,0,0,1.5,0,1.1,0,0,3.2,0,18.2501,94.3366,10.8649,202.233,19.9544,67.1088,81.0044,108.607,14.1026
3/8/2012,356.41,0,0,0,0,0,0,0,0,0,0,0,18.0308,93.6273,10.7557,197.073,19.3842,65.4104,81.0044,108.607,12.5225
3/9/2012,465.2,0,0,0,0,0,0,0,0,0,0,0,18.0308,93.2736,10.647,195.362,19.3842,61.2504,81.0044,108.607,11.0301
3/10/2012,460.41,0,0,0,0,0,0,0,0,0,0,0,17.5939,91.8645,10.5387,193.656,18.8195,59.6209,80.0519,107.951,9.2893
3/11/2012,462.41,0,0,0,4.2,0,0,25.1,6.2,0,0,0,18.6907,90.814,10.8649,190.259,18.8195,58.8136,79.1021,106.644,7.9973
3/12/2012,462.29,31,28.4,38.4,0,7.2,3.5,3,2,2.7,3.6,55.6,18.0308,89.7688,18.1261,186.881,19.3842,60.4332,105.635,108.607,15.3449
3/13/2012,412.52,14.8,4.7,21.9,0,17.2,26.1,11.5,27.6,9.3,0,5.5,18.2501,94.6922,16.5656,185.199,22.289,73.7558,142.494,145.502,31.5747
3/14/2012,461.41,1,4.3,4.6,0,5.6,21.3,2.5,3,0,0,0,20.5571,104.888,13.1319,188.568,24.7074,87.6489,140.32,190.59,27.0138
3/15/2012,597,2.2,0,3.2,45.2,9.8,1.2,0,0,37.2,0,2.5,20.3116,105.634,14.5672,198.788,21.6974,86.8539,125.324,186.14,23.8114
3/16/2012,938.39,1.8,6,5.5,0,16.4,17.5,31.6,53.5,3,33,34.2,19.3561,112.452,15.3055,223.295,19.9544,132.555,173.729,173.106,25.3891
3/17/2012,1101.19,5.2,1.2,0,21.2,18.8,2.1,7.5,29,0.7,3.5,38.1,23.0583,134.869,18.9258,228.663,24.7074,139.113,152.375,229.46,24.858
3/18/2012,1101.19,9,20,8.9,0,6.7,0,0.3,1.4,1.5,2.4,4.2,22.048,153.742,14.2032,250.54,27.2065,141.96,130.634,200.809,22.281
3/19/2012,1077.19,0,13.6,5.3,2.3,0,0,1,0.8,0,0,0,19.58,150.666,12.3204,280.681,24.7074,127.028,129.568,174.594,22.281
3/20/2012,1024.07,6.2,0,4.1,0,2.8,0,4.9,2.4,1,2,0,18.9119,120.647,11.7525,311.894,24.0951,115.355,110.739,170.881,24.3321
3/21/2012,975.5,0,4,0,0,0,0,5.3,0,0,0,0,18.2501,107.509,11.5282,311.894,23.4879,94.924,106.651,147.634,21.287
3/22/2012,865.48,0,0,0,7.8,0,1.7,0,0,0,0,0,17.812,97.5579,11.4166,282.601,22.289,81.3645,102.6,141.967,17.0769
3/23/2012,726.91,0,18.2,2.2,20.1,0,0,3.3,8.3,15.8,41,15.4,19.3561,94.6922,11.6402,248.693,24.7074,83.7008,98.5853,137.058,12.9093
3/24/2012,567.09,15.4,0,0,0,18.4,3.1,8.3,2.6,16,18.6,6.2,19.1337,93.2736,13.7232,230.462,30.4402,99.0581,103.609,132.195,37.8949
3/25/2012,677,0,0.5,0,1.7,0,4.2,0,1.5,1,19.7,0,18.6907,91.8645,11.9785,252.391,34.4757,104.955,99.5853,137.756,37.1611
3/26/2012,703.71,41.6,0,0,0,2.2,49.1,0,0,0,1.4,3.7,18.2501,139.062,12.4351,296.156,29.7839,108.381,115.899,134.968,35.3498
3/27/2012,683.59,0,0,4.6,5.2,0,0,0,0,0,0,0,17.812,104.516,12.8981,302.028,24.7074,102.412,133.844,156.968,31.5747
3/28/2012,706.59,0,0,0,0,0,0,0,0,0,0,7.1,23.0583,105.634,13.1319,296.156,23.4879,104.955,115.899,176.832,27.0138
3/29/2012,724.59,29,0,20.3,4.2,2.4,26.6,0.8,1,0.3,12.6,0,21.5477,102.664,23.7968,278.766,25.947,118.012,117.979,155.523,23.296
3/30/2012,737.48,1,0,0,0,4.5,21.6,17.5,6,6.8,0,0.2,40.8272,107.885,14.6893,261.715,33.1122,223.167,135.995,159.871,18.8948
3/31/2012,727.71,0,10.5,0,5.3,30.5,3.5,10.6,4.8,23.5,11.2,0,29.3812,106.382,13.3673,257.972,47.35,194.6,154.591,183.936,14.5113
4/1/2012,840.27,0,0,2.8,0,0,5.1,2,1.8,0,0,0,24.5977,112.069,13.6042,263.592,50.2064,182.956,130.634,204.279,25.3891
4/2/2012,732.71,0,0,0,0,5.4,0,0,0,0,0,0,29.9275,116.713,13.2494,267.36,39.3886,164.484,125.324,173.85,24.3321
4/3/2012,840.27,0,0,4.9,0,0,0,0,0,0,0,0,28.0283,112.069,12.206,271.145,27.8436,152.579,120.067,167.189,21.287
4/4/2012,719.71,0,0,0,0,0,0,0,0,0,0,0,22.8045,109.019,11.3055,261.715,24.7074,145.788,99.5853,158.418,19.3626
4/5/2012,719.59,0,0,0,0,13.7,0,0,0,0,0,9,21.2988,96.4788,11.9785,243.177,23.4879,123.392,93.621,132.195,21.7814
4/6/2012,722.59,0,10.9,0,0,5.3,0,0,0,0,2.7,0,20.3116,94.3366,13.8427,223.295,22.289,127.943,87.7447,124.648,19.8357
4/7/2012,722.59,21.2,0,35.9,0,19.1,26.1,5.7,19.2,2.3,19.5,22,29.9275,93.9817,19.8748,216.201,24.0951,132.555,110.739,119.909,16.2001
4/8/2012,613.8,0,0,0,0,0,0,0,0,0,0,0,21.5477,104.888,16.1837,212.681,27.2065,118.012,138.154,151.206,14.9254
4/9/2012,613.68,0,0,0,0,24.5,0,0,0,0,0,29.3,20.5571,108.263,15.5545,221.514,23.4879,121.589,153.482,186.14,12.9093
4/10/2012,613.91,0,0,0,0,0,0,0.7,0,1.3,0,0,20.0669,98.2802,13.9625,234.073,22.289,106.663,103.609,199.66,12.1412
4/11/2012,617.43,0,0,0,0,0,0,0,0,0,0,0,19.58,93.2736,11.4166,228.663,21.1111,100.73,93.621,137.756,11.7653
4/12/2012,611.31,0,0,0,0,0,0,0,0,0,2.7,0,19.1337,88.3836,11.1947,216.201,20.5301,93.2888,87.7447,124.648,11.395
4/13/2012,514,0,0,0,0,0,0,0,0,0,0,0,18.9119,85.302,10.9744,205.697,19.9544,79.0528,84.8405,117.223,10.6709
4/14/2012,513,0,0,0,0,0,0,0,0,0,0,0,18.6907,85.642,10.7557,195.362,19.3842,73.0103,83.8776,113.224,9.9689
4/15/2012,400.69,0,0,0,0,0,0,0,0,0,0,0,18.2501,82.2691,10.5387,183.522,18.8195,68.8268,82.9172,111.9,9.2893
4/16/2012,505,0,0,0,0,10.5,0,0,0,0,0,0,18.0308,79.6142,10.4308,178.521,18.2604,68.8268,81.0044,110.579,8.9578
4/17/2012,378.57,3.8,0,30.6,0,2.1,0,27.2,17.6,2.6,8.5,10.7,23.3129,79.2851,11.1947,175.211,20.5301,76.766,94.6091,109.921,28.123
4/18/2012,393.09,0,3.1,0,0,0,0,9,7.1,0,0,0,18.9119,80.9368,11.5282,190.259,22.289,76.0093,86.7741,125.33,25.3891
4/19/2012,482.32,0,0,0,0,0,0,0,0,0,0,0,17.812,81.9351,10.7557,190.259,20.5301,77.5255,82.9172,115.886,23.296
4/20/2012,446.41,0,0,0,0,0,0,0,0,0,0,0,17.5939,80.6053,10.4308,191.955,19.3842,78.2878,81.0044,110.579,21.7814
4/21/2012,387.29,0,0,0,0,0,0,0,0,0,0,0,17.3764,78.6287,10.2162,191.955,19.3842,72.2675,76.2687,107.951,19.3626
4/22/2012,505,0,0,4.8,4.7,7.5,3.1,0,0,4.2,0,8.7,18.4701,77.9746,10.5387,181.85,18.8195,66.2572,75.3296,102.101,16.6358
4/23/2012,505,0,4.3,0,0,4.4,11.3,1,0.5,0,0,0,19.58,77.9746,10.647,170.284,18.2604,67.1088,76.2687,100.812,15.3449
4/24/2012,393.32,6,4.4,0,0,4.6,0,1,1.8,0,0,0,18.6907,77.9746,11.7525,167.024,18.2604,71.4405,77.2104,102.101,17.0769
4/25/2012,503,0,0,41.8,0,0,0,0,0,0,0,0,17.3764,76.6739,10.4308,167.024,18.2604,69.6932,80.0519,103.393,21.7814
4/26/2012,393.41,0,1.5,0,0,17.4,0,0,0,0,0,2.1,22.048,75.3828,10.5387,167.024,17.7068,70.5644,80.0519,107.297,46.7017
4/27/2012,477.29,30.8,18.9,0,12.3,8.8,26.4,10.6,17.6,2.1,0,6.7,17.1595,73.7828,10.3233,170.284,21.1111,81.3645,88.7179,107.951,49.1078
4/28/2012,477.52,0,0,8.5,0,0,0,0,0,0,0,0,16.9432,72.5137,10.1096,167.024,19.9544,81.3645,84.8405,117.893,27.0138
4/29/2012,475.41,0,0,0,0,0,0,0,0.5,0,4.2,10,16.7276,82.6037,10.1096,168.651,18.8195,77.5255,83.8776,113.224,17.9751
4/30/2012,461.41,0,0,0,10,3.5,0,1,7,4.5,2.7,0,17.1595,80.6053,9.8975,167.024,18.8195,79.8206,79.1021,111.9,15.3449
5/1/2012,455.41,1,0,0,0,0,1.6,1,0.3,1.5,14,4.7,16.9432,79.6142,10.3233,175.211,19.3842,79.0528,76.2687,105.34,14.5113
5/2/2012,415.29,0,0,0,0,0,0,0,0,0,0,0,16.5126,78.3013,9.6871,171.921,18.8195,75.2553,78.1549,102.101,14.1026
5/3/2012,400.32,0,0,0,0,0,0,2.2,0,0,0,0,16.2983,75.0616,9.4784,170.284,18.2604,73.0103,79.1021,104.69,13.6994
5/4/2012,404.2,0,0,0,0,0,0,0,0,0,0,0,16.0846,72.198,9.2714,163.784,17.1589,70.5644,78.1549,105.992,12.9093
5/5/2012,440.41,0,0,0,0,0,0,2,0,0,0,0,15.8715,70.005,9.2714,160.565,16.6167,68.8268,72.529,104.041,12.1412
5/6/2012,349.61,0,0,0,0,0,0,0,0,0,0,0,15.8715,69.0744,9.2714,152.607,16.0802,67.1088,71.601,96.9741,11.0301
5/7/2012,400.41,0,0,0,0,0,0,0,3,0,4,0,15.6591,68.457,9.2714,149.46,16.0802,67.1088,70.6759,95.7035,10.3171
5/8/2012,398.09,0,0,0,0,0,0.3,1.2,0,1.3,0,0,15.4474,67.8422,9.1685,144.779,15.5497,62.0725,69.7536,94.4375,9.9689
5/9/2012,392.32,1.2,0,0,0,0,3.8,6.8,2,0.6,0,0,15.4474,67.5356,9.1685,141.684,16.0802,62.0725,70.6759,93.1759,8.9578
5/10/2012,392.2,0,0,0,0,0,0,0,0,0,0,0,15.2364,67.2297,9.066,140.145,16.0802,65.4104,73.4598,95.0699,8.632
5/11/2012,399.2,0,0,0,0,0,0,0,0,0,0,0,15.026,66.6198,9.066,138.612,15.5497,62.8996,74.3933,98.2491,7.9973
5/12/2012,405.2,0,0,0,0,0,0,0,0,0,0,0,14.8163,66.6198,9.1685,137.083,15.5497,61.2504,73.4598,99.5285,7.0876
5/13/2012,399.09,0,0,0,0,1.5,0,0,0,0,0,0.8,15.026,66.6198,9.2714,135.561,15.025,59.6209,67.9175,97.611,6.7958
5/14/2012,296.52,0,0,0,0,0,0,0,8,0,0.5,0,16.0846,64.2048,9.2714,134.043,15.025,60.4332,67.9175,90.6665,5.6858
5/15/2012,392.2,11.2,0,6.8,5.4,20.5,25.8,11.2,38,19.9,7.8,14.2,16.7276,64.8048,9.4784,134.043,18.2604,60.4332,115.899,96.3382,6.2293
5/16/2012,399.2,2.6,8.2,0,0,2.1,2.5,2.7,2.8,0.7,1.1,3,15.8715,67.5356,9.4784,135.561,22.8859,63.7316,104.621,153.36,9.2893
5/17/2012,400.09,0,0,0,3.5,0,0,0,0,0,0,0,15.6591,68.457,9.3747,140.145,20.5301,71.4405,95.5995,139.156,8.9578
5/18/2012,400.32,0,0,0,0,0,0,0,0,0,0,0,15.2364,63.9057,9.1685,144.779,18.2604,67.9654,86.7741,126.695,8.9578
5/19/2012,291.41,0,0,0,0,0,0,0,0,0,0,0,15.026,63.3094,8.8624,144.779,17.1589,65.4104,77.2104,115.219,8.632
5/20/2012,401.2,0,0,0,0,0,0,0,0,0,0,0,14.8163,63.0121,8.8624,141.684,16.0802,62.8996,75.3296,102.746,8.3118
5/21/2012,396.09,0,0,0,0,0,0,0,0,0,0,0,14.8163,62.7155,8.7613,137.083,16.0802,62.0725,72.529,100.17,7.9973
5/22/2012,395.32,0,0,0,0,0,0,0,0,0,0,0,14.6073,63.0121,8.7613,132.531,15.5497,62.0725,69.7536,96.9741,7.6884
5/23/2012,397.2,0,0,0,0,0,0,0,0,0,0,0,14.3989,60.949,8.6605,129.524,15.5497,61.2504,68.8341,93.1759,7.6884
5/24/2012,405.2,0,0,0,0,0,0,0,0.6,0,0,0,14.3989,60.3651,8.6605,128.028,15.5497,60.4332,66.0931,91.9189,7.3851
5/25/2012,299.29,0,0,0,4,0,0,0,0,0,17.7,8,14.1913,59.2049,8.5602,126.538,15.025,59.6209,67.0039,88.7966,7.9973
5/26/2012,311.73,14.2,0,0,5,7.5,1.1,14.4,9.7,16.8,1.1,13.2,26.4291,62.1242,8.8624,126.538,17.7068,68.8268,72.529,90.0421,7.3851
5/27/2012,331.61,5,0,0,0,21.2,0,0,0,0.1,0,3.1,18.6907,67.8422,9.066,128.028,22.8859,73.7558,73.4598,96.9741,7.0876
5/28/2012,314.61,0,0,0,0,0,10.3,0,0,0,0,0,16.0846,85.302,8.7613,132.531,20.5301,73.7558,95.5995,100.812,7.0876
5/29/2012,351.41,0,0,9.8,0,0,0,0,0,0,0,1.7,15.026,79.2851,8.5602,146.333,17.7068,73.7558,79.1021,126.012,6.7958
5/30/2012,453.41,0,0,0,0,0,0,0,0,0,0,0,14.6073,73.147,8.5602,162.172,16.6167,66.2572,77.2104,105.34,6.7958
5/31/2012,348.61,0,0,0,0,3,0,0,0,0,0.9,0,15.4474,69.6942,8.4604,155.774,15.5497,60.4332,69.7536,102.101,6.5097
6/1/2012,457.41,0,0,0,0,0,0,0,0,0,0,0,14.8163,67.5356,9.2714,143.229,15.5497,60.4332,67.0039,93.1759,6.5097
6/2/2012,310.61,0,0,0,0,3.1,3.4,0,20.6,0.3,0,0,16.2983,61.2418,9.4784,134.043,17.1589,60.4332,67.0039,89.4188,6.5097
6/3/2012,346.61,0,0,8.6,0,0,0,0,0,0,0,0,14.3989,61.2418,8.7613,131.025,15.5497,60.4332,71.601,90.0421,8.632
6/4/2012,346.61,0,0,0,2.5,0,0,0,0,0,1.6,0,14.1913,61.2418,8.361,126.538,15.5497,60.4332,71.601,95.7035,7.3851
6/5/2012,354.5,0,0.3,13.5,34,3.1,1.1,7,6,3.3,1.8,0,19.3561,61.2418,8.6605,128.028,15.025,59.6209,67.9175,95.0699,12.1412
6/6/2012,357.73,5.4,12.7,17.4,7.1,11.7,0,19.2,25.9,21.4,53.4,23,18.9119,90.814,12.7817,149.46,24.0951,69.6932,72.529,91.2922,29.2529
6/7/2012,358.61,9.2,1.8,8.2,3,34.2,18.1,7.8,5.5,8.1,8.3,17.7,30.2017,107.509,19.7382,167.024,37.2566,140.06,95.5995,99.5285,28.123
6/8/2012,358.61,2,2.9,6.4,3.1,5.2,0,0.7,0,1.2,3.9,3.6,18.4701,110.159,11.5282,180.183,31.1012,190.335,117.979,130.125,24.3321
6/9/2012,519.09,0,0,21.2,0,6.7,0,1,0.6,6.7,6,8.6,17.3764,104.888,10.7557,203.963,24.7074,156.51,100.588,155.523,19.8357
6/10/2012,469.52,0,0,0,0,0,0,0,0,0,0,0,17.1595,96.4788,9.8975,243.177,21.6974,102.412,81.9595,132.195,16.2001
6/11/2012,571.2,0,0,0,0,0,0,0,0,0,0,0,16.5126,82.6037,9.1685,239.522,19.3842,93.2888,76.2687,109.263,10.3171
6/12/2012,586.2,0,0,0,0,0,3.4,0,0,0,0,0,16.0846,71.8829,8.8624,212.681,18.2604,80.5912,72.529,101.456,8.632
6/13/2012,542,0,0,0,0,0,0,0,0,0,0,0,15.4474,68.7654,8.7613,188.568,17.7068,67.9654,73.4598,96.9741,7.9973
6/14/2012,489.09,0,0,0,0,0,0,0,0,0,0,0,15.2364,64.5045,8.7613,168.651,17.1589,64.5686,73.4598,98.2491,7.6884
6/15/2012,375.52,0,0,0,0,0,0,0,0,0,0,0,15.026,63.3094,8.6605,154.188,16.6167,61.2504,69.7536,97.611,7.6884
6/16/2012,358.41,0,0,0,0,0,0,0,0,0,0,0,14.8163,62.1242,8.5602,143.229,16.0802,61.2504,66.0931,92.5469,7.3851
6/17/2012,443.35,0,0,0,0,0,0,0,0,0,0,0,14.6073,60.949,8.4604,137.083,15.5497,59.6209,68.8341,88.7966,7.3851
6/18/2012,320.5,0,0,0,0,0,0,0,0,0,0,0,14.6073,59.7837,8.262,132.531,15.5497,61.2504,66.0931,91.9189,7.3851
6/19/2012,334.27,0,0,0,0,0,0,0,0,0,0,0,14.3989,60.3651,8.1634,129.524,15.025,64.5686,62.4796,88.1756,7.0876
6/20/2012,268.85,0,0,0,0,0,0,0,3.6,0,0,0,14.1913,60.0741,8.262,126.538,14.5063,64.5686,62.4796,83.8615,7.0876
6/21/2012,386.5,0,0.9,14.7,5.3,20.5,0,1.5,0,25.8,20.6,12.2,19.823,63.0121,9.1685,123.575,19.9544,60.4332,64.2804,83.8615,6.5097
6/22/2012,300.85,4,0,0,0,18.9,2.4,3.4,0,9,17.8,8.8,16.5126,69.6942,9.6871,123.575,27.2065,62.8996,64.2804,85.7033,22.281
6/23/2012,301.74,0,0,0,0,0,0,1,0,0.6,0,0,15.2364,78.3013,8.964,129.524,28.4856,60.4332,70.6759,86.9371,19.3626
6/24/2012,302.85,0,0,0,0,0,0,0,0,0,0,0,14.6073,80.2743,8.5602,144.779,24.7074,59.6209,69.7536,94.4375,15.3449
6/25/2012,291.97,0,0,0,0,0,0,0,0,0,0,0,14.3989,73.7828,8.262,165.402,20.5301,89.2469,67.0039,93.1759,12.9093
6/26/2012,395.39,0,0,0,0,0,0,0,0,0,0,0,14.1913,69.384,8.1634,167.024,18.2604,79.8206,63.3785,89.4188,12.1412
6/27/2012,373.27,0,0,0,0,0,0,0,0,0,0,0,14.1913,60.949,8.0653,147.894,17.7068,67.1088,62.4796,84.4743,11.0301
6/28/2012,351.5,0,0,0,0,0,0,0,0,0,0,0,13.9844,60.0741,8.0653,143.229,17.1589,62.8996,60.691,83.25,9.2893
6/29/2012,382.27,0,0,0,0,0,0,0,0,0,0,0,13.7781,58.6285,7.9676,129.524,16.0802,59.6209,58.8338,80.8158,7.6884
6/30/2012,296.85,0,0,0,0,0,0,0,0,0,0,0,13.7781,57.4833,7.9676,125.054,15.025,59.6209,61.5838,79.003,7.0876
7/1/2012,395.5,0,0,0,0,0,0,0,0,0,0,0,13.5726,57.4833,7.8704,120.635,14.5063,60.4332,56.9593,82.0305,7.0876
7/2/2012,299.85,0,0,0,0,0,0,0,0,0,0,0,13.3678,56.3482,7.8704,117.717,14.5063,59.6209,56.9593,76.0062,6.7958
7/3/2012,299.74,0,0,0,0,0,0,0,0,0,0,0,13.3678,55.2231,7.6773,116.267,14.5063,59.6209,56.0293,76.0062,6.7958
7/4/2012,315.5,0,0,0,0,0,0,0,0,0,0,0,13.1637,54.6644,7.5814,114.822,13.9937,60.4332,56.9593,74.8162,6.7958
7/5/2012,250.39,0,0,0,0,0,0,0,0,0,0,0,13.1637,54.6644,7.5814,111.951,13.9937,58.8136,56.0293,76.0062,6.5097
7/6/2012,249.27,0,0,0,0,0,0,0,0,0,0,0,13.1637,54.386,7.4859,110.523,13.9937,59.6209,55.104,74.8162,6.5097
7/7/2012,267.5,0,0,0,0,0,0,0,0,0,0,0,12.9604,53.831,7.4859,109.102,13.4872,59.6209,54.1836,73.6312,6.5097
7/8/2012,268.27,0,0,0,0,0,0,0,0,0,0,0,12.9604,53.2786,7.3909,107.687,13.4872,59.6209,53.2681,72.4513,6.5097
7/9/2012,248.5,0,0,0,0,0,0,0,0,0,0,0,12.7577,52.7287,7.3909,106.277,13.4872,57.2139,53.2681,71.2765,6.5097
7/10/2012,260.39,0,0,0,0,0,0,0,0,0,0,0,12.7577,51.9086,7.2964,104.874,13.4872,54.8517,53.2681,71.2765,6.5097
7/11/2012,232.27,0,0,0,0,0,0,0,0,0,0,0,12.7577,51.6365,7.2964,104.874,13.4872,55.6341,52.3575,71.2765,6.2293
7/12/2012,230.5,0,0,0,0,0,0,0,0,0,0,0,12.7577,51.0943,7.2023,103.476,12.9869,55.6341,53.2681,70.1069,6.2293
7/13/2012,248.27,0,0,0,0,0,0,0,0,0.2,1.5,1,12.5558,50.8241,7.2023,102.085,12.9869,54.0743,53.2681,70.1069,6.2293
7/14/2012,200.75,0,0,0,0,0,0,0,0,0,0,0,12.5558,50.2856,7.1087,102.085,12.9869,54.8517,51.4518,70.1069,6.2293
7/15/2012,290.38,0,0,0,0,0,0,0,0,0,0,0,12.3547,49.7497,7.1087,100.699,12.4929,50.2624,52.3575,69.5241,6.2293
7/16/2012,291.18,0,0,0,0,0,0,0,0,0,0,0,12.3547,49.4827,7.2023,100.699,12.4929,56.4215,51.4518,69.5241,6.2293
7/17/2012,238.6,0,0,0,0,0,0,0,0,0,0,5.7,12.7577,48.6856,7.2023,99.3198,12.4929,53.3019,50.5511,67.7833,6.2293
7/18/2012,244.39,0,0,0,1.3,0,0,0,0,7.2,2.9,0.7,12.7577,50.5545,7.2023,97.9464,12.4929,51.0147,50.5511,67.7833,5.9547
7/19/2012,245.49,0,0,0,0,0,0,0,0,0.3,0,0,12.3547,52.4547,7.1087,97.9464,12.4929,52.5345,51.4518,67.7833,5.9547
7/20/2012,244.06,0,0,0,0,0,0,0,0,0,0,0,12.1543,50.8241,7.1087,97.9464,12.4929,53.3019,51.4518,67.2057,5.6858
7/21/2012,236.6,0,0,0,0,0,0,0,0,0,0,0,12.1543,49.2164,7.0155,99.3198,12.0053,55.6341,49.6554,67.2057,5.6858
7/22/2012,226.88,0,0,0,0,0,0,0,0,0,0,0,11.9547,48.9507,7.0155,97.9464,12.0053,55.6341,49.6554,67.2057,5.6858
7/23/2012,224.12,0,0,0,0,0,0,0,0,0,0,0,11.7558,48.6856,6.9228,97.9464,11.5241,54.8517,49.6554,66.6294,5.4228
7/24/2012,237.73,0,0,0,0,0,0,0,0,0,0,0,11.7558,47.8942,6.9228,96.5792,11.5241,52.5345,48.7647,66.6294,5.4228
7/25/2012,227.79,0,0,0,0,0,0,0,0,0,0,0,11.5577,47.6317,6.8305,95.2181,11.0494,43.0175,47.8792,66.0545,5.4228
7/26/2012,222.61,0,0,0,0,0,0,0,0,0,0,0,11.5577,47.1086,6.8305,95.2181,11.0494,45.1376,47.8792,66.0545,5.4228
7/27/2012,218.63,0,0,0,0,0,0,0,0,0,0,0,11.5577,46.5881,6.7387,95.2181,10.5814,51.7721,46.9987,66.0545,5.1655
7/28/2012,205.18,0,0,0,0,0,0,0,0,0,0,0,11.3604,46.3288,6.7387,93.8632,10.5814,51.7721,46.9987,65.4808,5.1655
7/29/2012,225.5,0,0,0,0,0,0,0,0,0,0,0,11.3604,45.5547,6.6473,92.5145,10.5814,50.2624,46.1233,64.9085,5.1655
7/30/2012,196.33,0,0,0,0,0,0,0,0,0,0,0,11.3604,45.0419,6.5565,91.172,10.1202,51.0147,46.1233,64.9085,5.1655
7/31/2012,217.99,0,0,0,0,0,0,0,0,0,0,0,11.1639,44.2775,6.5565,89.8358,10.1202,50.2624,44.3883,64.9085,4.9141
8/1/2012,195.64,0,0,0,0,0,0,0,0,0,0,0,11.1639,44.024,6.466,88.506,10.1202,50.2624,44.3883,64.9085,4.9141
8/2/2012,205.87,0,0,0,0,0,0,0,0,0,0,0,10.9682,44.024,6.466,88.506,10.1202,49.5151,44.3883,64.9085,4.9141
8/3/2012,202.11,0,0,0,0,0,0,0,0,0,0,0,10.9682,43.7712,6.3761,87.1825,10.1202,47.3035,44.3883,64.3376,4.9141
8/4/2012,200.83,0,0,0,0,0,0,0,0,0,0,0,10.9682,43.519,6.3761,87.1825,10.1202,48.0356,44.3883,64.3376,4.9141
8/5/2012,215.46,0,0,0,0,0,0,0,0,0,0,0,10.7733,43.2674,6.3761,85.8653,10.1202,47.3035,44.3883,62.0674,4.9141
8/6/2012,183.17,0,0,0,0,0,0,0,0,0,0,0,10.7733,43.0165,6.2866,84.5546,10.1202,45.8545,44.3883,62.0674,4.9141
8/7/2012,199.95,0,0,0,0,0,0,0,0,0,0,0,10.5792,42.7663,6.2866,84.5546,9.6657,44.4258,43.5286,62.0674,4.6685
8/8/2012,192.04,0,0,0,0,0,0,0,0,0,0,0,10.5792,42.7663,6.1976,84.5546,9.6657,44.4258,42.6742,60.9405,4.6685
8/9/2012,197.06,0,0,0,0,0,0,0,0,0,0,0,10.5792,42.2677,6.1976,83.2504,9.6657,43.0175,41.8251,60.9405,4.6685
8/10/2012,187.06,0,0,0,0,0,0,0,0,0,0,0,10.5792,42.0194,6.109,83.2504,9.6657,44.4258,41.8251,60.3792,4.6685
8/11/2012,204.97,0,0,0,0,0,0,0,0,0,0,0,10.5792,42.0194,6.109,81.9526,9.6657,44.4258,41.8251,60.3792,4.6685
8/12/2012,189.45,0,0,0,0,0,0,0,0,0,0,0,10.3859,41.7717,6.021,81.9526,9.6657,44.4258,40.9814,59.2607,4.6685
8/13/2012,202.83,0,0,0,0,0,0,0,0,0,0,0,10.3859,41.2784,6.021,81.9526,9.2183,43.7191,40.9814,59.2607,4.4288
8/14/2012,184.39,0,0,0,0,0,0,0,0,0,0,0,10.3859,40.7876,5.9334,80.6614,9.2183,44.4258,40.9814,58.7035,4.4288
8/15/2012,186.78,0,0,0,0,0,0,0,0,0,0,0,10.3859,40.7876,5.9334,79.3767,9.2183,44.4258,40.9814,58.7035,4.4288
8/16/2012,180.11,0,0,0,0,0,0,0,0,0,0,0,10.3859,40.5432,5.9334,79.3767,9.2183,43.7191,40.9814,57.5934,4.4288
8/17/2012,196.17,0,0,0,0,0,0,0,0,0,0,0,10.1934,40.2995,5.8463,79.3767,9.6657,44.4258,40.9814,57.5934,4.4288
8/18/2012,167.94,0,0,0,0,0,0,0,0,0,0,0,10.1934,40.0564,5.8463,78.0987,9.6657,43.7191,40.9814,56.489,4.4288
8/19/2012,197.11,0,0,0,0,0,0,0,0.4,0,0,0,10.1934,39.5722,5.7596,78.0987,9.6657,44.4258,40.9814,56.489,4.195
8/20/2012,177.67,0,0,0,0,0,0,0,0,0,0,0,10.0018,39.5722,5.7596,78.0987,9.2183,43.0175,40.9814,55.3903,4.195
8/21/2012,177.57,0,0,0,0,0,0,0,0,0,0,0,10.0018,39.0906,5.7596,76.8273,9.2183,43.7191,40.1432,54.2975,4.195
8/22/2012,168.98,0,0,0,0,0,0,0,0,0,0,0,10.0018,38.8507,5.7596,76.8273,9.2183,43.0175,40.1432,54.2975,4.195
8/23/2012,169,0,0,0,0,0,0,0,0,0,0,0,9.811,38.8507,5.6735,75.5625,9.2183,43.0175,40.1432,54.2975,3.9672
8/24/2012,180.67,0,0,0,0,0,0,0,0,0,0,0,9.811,38.6116,5.6735,75.5625,9.2183,43.0175,39.3103,53.7532,3.9672
8/25/2012,161.22,0,0,0,0,0,0,0,0,0,0,0,9.811,38.3731,5.6735,74.3045,8.7779,43.0175,39.3103,53.7532,3.9672
8/26/2012,162.22,0,0,0,0,0,0,0,0,0,0,0,9.6211,38.1352,5.5878,74.3045,8.7779,43.0175,39.3103,53.7532,3.9672
8/27/2012,162.22,0,0,0,0,0,0,0,0,0,0,0,9.6211,37.898,5.5878,73.0533,8.7779,43.0175,39.3103,53.2105,3.9672
8/28/2012,172.89,0,0,0,0,0,0,0,0,0,0,0,9.6211,37.6615,5.5878,71.8088,8.7779,49.5151,38.483,53.2105,3.9672
8/29/2012,163.18,0,0,0,0,0,0,0,0,0,0,0,9.432,37.4256,5.5026,71.8088,8.3446,54.0743,38.483,52.6692,3.9672
8/30/2012,163.29,0,0,0,0,0,0,0,0,0,0,0,9.432,37.1904,5.5026,71.8088,8.3446,58.8136,38.483,52.6692,3.9672
8/31/2012,173.98,0,0,0,0,0,0,0,0,0,0,0,9.432,36.9558,5.5026,70.5712,8.3446,58.0113,38.483,52.6692,3.9672
9/1/2012,182.39,0,0,0,0,0,0,0,0,0,0,0,9.2438,36.7219,5.4179,70.5712,7.9187,56.4215,37.6613,52.1294,3.7452
9/2/2012,174.94,0,0,0,0,0,0,0,0,0,0,0,9.2438,36.4887,5.4179,69.3405,7.9187,57.2139,36.8451,52.1294,3.5292
9/3/2012,166.28,0,0,0,0,0,0,0,0,0,0,0,9.0565,36.4887,5.4179,69.3405,7.9187,54.0743,36.8451,51.0542,3.5292
9/4/2012,172.16,0,0,0,0,0,0,0,0,0,0,0,9.0565,36.2561,5.3337,69.3405,7.9187,52.5345,36.0345,51.0542,3.5292
9/5/2012,150.54,0,0,0,0,0,0,0,0,0,0,0,8.87,35.793,5.3337,68.1168,7.5002,51.7721,34.4305,51.0542,3.5292
9/6/2012,151.83,0,0,0,0,0,0,0,0,0,0,0,8.87,35.5624,5.3337,66.9,7.5002,48.7728,34.4305,51.0542,3.3192
9/7/2012,146.66,0,0,0,0,0,0,0,0,0,0,0,8.6845,35.3324,5.25,65.6902,7.5002,43.7191,34.4305,50.5189,3.3192
9/8/2012,150.76,0,0,0,0,0,0,0,0,0,0,0,8.6845,35.1032,5.1668,65.6902,7.0893,42.321,34.4305,50.5189,3.3192
9/9/2012,178.84,0,0,0,0,0,0,0,0,0,0,0,8.6845,34.8746,5.1668,64.4875,7.0893,40.9434,34.4305,49.9851,3.1152
9/10/2012,153.37,0,0,0,0,0,0,0,0,0,0,0,8.4999,34.6466,5.084,64.4875,7.0893,38.2501,33.6371,49.9851,3.1152
9/11/2012,174.47,0,0,0,0,0,0,0,0,0,0,0,8.4999,34.6466,5.084,64.4875,7.0893,36.9345,32.8495,49.9851,3.1152
9/12/2012,155.86,0,0,0,0,0,0,0,0,0,1.3,0,8.4999,34.4194,5.084,63.2919,7.0893,31.2724,32.8495,48.9221,2.9172
9/13/2012,160.1,0,0,0,0,0,0,0,0,0,0,0,8.3162,34.4194,5.0018,63.2919,6.6861,31.8805,32.8495,48.9221,2.9172
9/14/2012,162.23,0,0,0,0,0,0,0,0,0,0,0,8.3162,34.4194,5.0018,62.1035,6.6861,31.8805,31.2921,47.8652,2.9172
9/15/2012,163.81,0,3.3,0,0,0,0,0,0,0,0,0,8.3162,34.4194,5.0018,62.1035,6.6861,31.8805,31.2921,47.3391,2.7253
9/16/2012,147.19,0,0,0,0,0,12.3,0,0,1.2,0,0,8.1334,33.9668,5.0018,60.9224,6.6861,31.2724,31.2921,45.7701,2.7253
9/17/2012,139.3,0,0,0,0,0,0,0,0,0,0,0,8.1334,33.7415,4.9201,59.7484,6.6861,31.2724,31.2921,45.7701,2.7253
9/18/2012,142.6,0,0,0,0,0,0,0,0,0,0,0,8.1334,33.7415,4.9201,59.7484,6.2907,31.2724,31.2921,45.7701,2.7253
9/19/2012,145.46,0,0,0,0,0,0,0,0,0,0,0,8.1334,33.5169,4.9201,59.7484,6.2907,30.6695,31.2921,44.732,3.3192
9/20/2012,150.3,0,0,0,5.1,0,0,0,0,0,0,0,8.1334,33.293,4.9201,58.5818,6.2907,30.6695,31.2921,44.732,3.9672
9/21/2012,150.06,0,2,0,0,5.1,0,3.8,1.7,2.4,3.4,0,8.6845,33.293,5.25,58.5818,7.5002,30.072,30.5224,45.2502,4.4288
9/22/2012,141.65,14.2,0,21,0,1.1,0,5,6.3,13.2,3.8,6.5,8.87,34.4194,5.5026,59.7484,7.9187,31.8805,33.6371,46.8145,6.5097
9/23/2012,148.06,0,0,0,0,0,7.4,0,0,0,3.8,0,8.87,35.1032,5.4179,59.7484,8.3446,31.2724,34.4305,47.8652,6.5097
9/24/2012,174.24,0,0,0,0,0,0,0,0,0,0,4.2,8.4999,35.1032,5.5026,59.7484,8.3446,31.8805,35.2296,48.3929,6.5097
9/25/2012,176.39,0,0,0,0,0,0,0,0,0,0,23.4,8.6845,34.6466,5.5026,60.9224,8.3446,33.1125,34.4305,49.9851,6.2293
9/26/2012,184.86,29.8,20.3,0,15,19.5,23.3,14.8,11.3,14.9,7.9,20.8,13.7781,39.331,5.6735,64.4875,8.3446,35.6396,51.4518,51.0542,6.2293
9/27/2012,167.77,0,0,0,0,0,0,0,0,0,0,0,9.0565,57.4833,5.3337,64.4875,7.9187,34.3656,45.2532,71.8633,5.4228
9/28/2012,170.93,0,0,0,0,0,0,0,0,0,0,0,8.6845,47.1086,5.1668,64.4875,7.9187,33.1125,50.5511,64.9085,4.195
9/29/2012,172.7,0,0,0,0,0,0,0,0,0,0,0,8.3162,39.8139,5.084,79.3767,7.9187,33.1125,45.2532,70.6911,3.9672
9/30/2012,171.45,0,0,0,0,0,0,0,0,0,0,0,8.3162,36.2561,5.0018,83.2504,7.5002,31.8805,38.483,63.1998,3.9672
10/1/2012,159.05,0,0,0,0,0,0,0,0,0,0,0,8.1334,34.8746,5.0018,76.8273,7.9187,31.8805,36.0345,54.2975,3.7452
10/2/2012,160.69,0,0,0,0,0,0,0,0,0,0,0,8.1334,34.6466,4.9201,66.9,7.9187,31.8805,34.4305,51.0542,3.3192
10/3/2012,181.45,0,0,0,0,0,0,0,0,0,0,0,8.1334,34.1928,4.8388,64.4875,7.9187,32.4939,32.8495,48.3929,3.1152
10/4/2012,169.85,0,0,0,0,0,0,0,0,0,0,0,7.9516,33.7415,4.7581,60.9224,7.5002,32.4939,32.8495,46.2915,3.1152
10/5/2012,155.2,0,0,0,0,0,0,0,0,0,0,0,7.9516,33.0697,4.6779,59.7484,6.6861,31.2724,32.0679,46.2915,3.1152
10/6/2012,141.35,0,0,0,0,0,0,0,0,0,0,0,7.9516,32.6252,4.5981,58.5818,6.2907,31.2724,31.2921,45.2502,3.1152
10/7/2012,154.01,0,0,0,0,0,0,0,0,0,0,0,7.7707,32.4039,4.5981,57.4226,5.9035,31.2724,30.5224,44.2153,2.9172
10/8/2012,151.22,0,0,0,0,0,0,0,0,0,0,0,7.7707,31.9634,4.5189,56.2708,5.9035,30.072,29.7587,43.1869,2.9172
10/9/2012,148.44,0,0,0,0,0,0,0,0,0,0,0,7.7707,31.7441,4.5189,55.1264,5.9035,30.072,29.0011,42.1649,2.9172
10/10/2012,147.44,0,0,0,0,0,0,0,0,0,0,0,7.7707,31.5255,4.4402,55.1264,5.5244,29.4797,29.0011,41.1495,2.9172
10/11/2012,154.22,0,0,0,0,0,0,0,0,0,0,0,7.5908,31.5255,4.4402,53.9896,5.5244,30.072,29.0011,41.1495,2.9172
10/12/2012,144.75,0,3.1,0,0.6,0,0,0,0,0,0,0,7.4119,31.0903,4.5981,52.8604,5.5244,30.6695,33.6371,41.6564,5.1655
10/13/2012,140.28,17.4,11.6,0,0,14.7,17.3,13.6,19.9,5.5,5.7,15,8.87,32.1833,4.9201,53.9896,5.1537,31.2724,36.0345,47.8652,5.6858
10/14/2012,127.08,0,0,6.9,0,0,0,8.7,0,0.5,0,0,8.1334,33.0697,5.25,60.9224,5.1537,31.2724,35.2296,51.0542,5.6858
10/15/2012,119.75,0,12.3,0.2,0,0,15.3,0,0,0,0,0,7.7707,33.7415,4.9201,55.1264,5.1537,31.2724,40.1432,50.5189,3.9672
10/16/2012,112.5,0,0,0,0,0,0,0,0,0,0,0,7.5908,33.293,4.7581,53.9896,4.7916,30.072,39.3103,56.489,3.7452
10/17/2012,121.92,0,0,0,0,0,0,0,0,0,0,8.4,7.7707,31.7441,4.6779,56.2708,4.7916,30.072,39.3103,55.9389,3.3192
10/18/2012,141.97,0,0.6,0,0,0,0,1,1,0.5,1.2,0,8.6845,31.3076,4.6779,59.7484,4.7916,30.6695,36.8451,55.3903,3.1152
10/19/2012,120.54,0,0,0,0,0,0,0,0,0,0,0,8.4999,31.0903,4.7581,58.5818,5.1537,30.6695,40.9814,52.6692,3.1152
10/20/2012,116.87,11,4.6,8.6,0,0,2.5,3,22,0,0,8.5,8.3162,32.8471,4.8388,55.1264,5.5244,31.2724,36.8451,57.5934,3.5292
10/21/2012,126.33,0,0,0,2,0,0,0,0,0,0,0,7.9516,32.4039,4.8388,53.9896,5.1537,31.8805,34.4305,52.1294,4.4288
10/22/2012,90.18,0,0,9.5,0,4.3,2.1,0,1,0.2,0.2,6.6,8.6845,31.9634,5.0018,53.9896,5.1537,31.2724,40.9814,49.4528,4.195
10/23/2012,128.63,0,0,21.2,0,5.5,0,1.5,0,0,3.7,0,11.1639,31.5255,5.6735,55.1264,5.1537,30.072,42.6742,58.1477,4.6685
10/24/2012,142.79,0,0,37.7,4.3,42.4,7.5,0,3,3.9,9.3,23.2,10.7733,31.3076,7.8704,55.1264,5.1537,30.6695,41.8251,60.3792,5.6858
10/25/2012,125.99,0,0,0,0,0,0,0,5,0.1,1.1,0,9.6211,33.9668,6.466,55.1264,5.1537,31.2724,44.3883,59.8192,4.9141
10/26/2012,100.19,0,0,0,0,0,0,0,0,0,23.3,0,8.87,36.2561,5.25,58.5818,4.7916,30.6695,39.3103,62.0674,4.6685
10/27/2012,102.88,0,0,0,0,0,0,0,0,0,0,0,7.7707,35.5624,4.9201,64.4875,4.7916,30.6695,37.6613,55.3903,4.4288
10/28/2012,122.04,0,0,0,0,0,0,0,0,0,0,0,7.5908,33.0697,4.7581,66.9,4.7916,30.6695,31.2921,52.6692,4.195
10/29/2012,147.12,0,0,0,0,0,0,0,3.7,24.2,0,0,7.4119,31.3076,4.6779,69.3405,4.7916,29.4797,31.2921,44.2153,3.7452
10/30/2012,145.03,6.2,0,0,0,0,0,3.4,1,2.4,0,0,7.4119,30.4426,4.5981,68.1168,4.7916,28.8928,27.5044,43.7003,3.5292
10/31/2012,151.09,0,0,0,11.1,0,0.1,0,12.6,0,0,0,7.7707,30.0142,4.5189,64.4875,4.7916,28.8928,33.6371,39.639,3.1152
11/1/2012,184.18,0,0,0,0,6.3,6.6,0.4,5.2,1.8,13.9,0.3,7.4119,29.801,5.5026,55.1264,4.4384,30.6695,44.3883,48.9221,2.7253
11/2/2012,231.97,0,22.9,7.8,41.2,0,0,0,0,0,0,0,8.6845,29.801,5.084,52.8604,4.4384,30.6695,39.3103,62.0674,3.1152
11/3/2012,263.33,40.6,0,4.6,26.8,3.5,74,48.7,36.2,1,9,0,10.1934,29.801,6.7387,53.9896,4.7916,31.8805,68.8341,59.2607,7.6884
11/4/2012,343.15,1.8,26.7,5.9,0,19.2,0.7,12.2,2,26.2,45.7,45.5,16.0846,31.0903,12.092,55.1264,6.6861,38.9157,48.7647,95.0699,16.2001
11/5/2012,401.78,1,0,18.2,0,2.1,0,12.3,8,19.4,0,0,10.0018,39.5722,7.5814,58.5818,8.3446,39.5864,66.0931,71.2765,21.7814
11/6/2012,427.33,0,0,6.4,4.1,0,3.6,0,1,1.9,0,0,8.4999,46.3288,4.6779,62.1035,9.2183,40.2624,70.6759,94.4375,11.0301
11/7/2012,413.8,0,9.1,30.2,0,0,0,0,6.5,0,19.8,0,7.9516,39.0906,5.5026,68.1168,8.3446,43.0175,71.601,100.17,14.9254
11/8/2012,399.74,24.8,0,25.9,10.3,0,12.2,15.2,45,5.4,0,6.8,7.7707,36.2561,5.5026,84.5546,7.9187,43.0175,62.4796,100.17,15.3449
11/9/2012,487.44,1,12.8,28.2,45.3,37.9,0,0,0.9,0.2,4.6,9.6,9.0565,35.3324,8.5602,85.8653,7.9187,51.0147,56.9593,87.5558,13.6994
11/10/2012,712.61,31.4,30.8,51.5,46,54.5,10.6,55.7,34,37.8,40.8,59.2,8.1334,36.0242,25.129,91.172,12.9869,76.0093,55.104,80.2103,49.5131
11/11/2012,670.61,3.6,16.8,12.3,1,9.7,8.2,8.3,12.4,4.3,4.1,0.6,10.1934,68.7654,9.3747,92.5145,19.3842,78.2878,52.3575,77.8005,42.0232
11/12/2012,525.11,2.8,11.8,8.5,8,5.3,4.4,0,2.4,13.8,0,5,8.87,65.1058,9.7921,100.699,19.3842,62.0725,54.1836,74.223,35.7094
11/13/2012,415.34,8.6,0,15.6,4.2,0,10.7,6.5,17.2,0,0.2,0,11.1639,62.7155,7.2964,134.043,19.9544,60.4332,68.8341,78.4011,50.3274
11/14/2012,789.05,0,5.2,10.4,0,28.8,0,9,0,2.9,6.4,10.5,49.7616,72.198,18.7916,168.651,16.6167,58.8136,56.0293,95.7035,47.4988
11/15/2012,797.28,44.6,2.1,27.6,5.1,0,0,0,0.8,0,0,28.4,18.6907,122.236,12.8981,160.565,12.9869,98.2261,53.2681,79.003,30.4035
11/16/2012,491.61,1,8.1,5.2,1.1,4.6,65,16.1,47,78.7,22.2,5.9,10.7733,101.609,19.466,167.024,12.9869,60.4332,72.529,77.8005,17.0769
11/17/2012,637.39,0,11.5,19.4,0,18.2,0,10,0,7.1,3.5,0.3,8.87,80.3814,21.8499,214.438,32.4372,62.0725,72.529,102.746,38.6339
11/18/2012,634.27,0,0,0,0,0,0,0,0,0,0,0,18.4701,65.7466,8.5602,226.869,29.1324,82.9193,92.6355,105.34,27.5658
11/19/2012,440.73,0,0,0,0,0,0,0,0,0,0,0,10.3859,56.2215,7.5814,209.18,19.9544,84.485,68.8341,128.064,23.296
11/20/2012,478,0,0,39.3,0,1.7,0,0,0,0,0,0,9.432,47.4059,7.0155,195.362,15.025,73.0103,54.1836,95.7035,32.7665
11/21/2012,555.27,8,0,0,0,6.5,0,44.2,14.6,12,1.8,4.2,8.87,47.1374,8.262,176.863,15.5497,58.0113,59.7782,77.2012,23.8114
11/22/2012,401.73,0,0,0,0,0,0,0,0,0,0,0,8.3162,52.5885,6.5565,149.46,15.5497,51.7721,61.5838,85.0882,18.4323
11/23/2012,286.72,0,0,0,0,0,0,0,0,0,0,0,8.4999,45.8016,6.466,125.054,12.9869,51.7721,55.104,86.3196,13.6994
11/24/2012,549,0,0,0,3.2,6.1,0,0,0,0,0,0,8.1334,48.2139,6.3761,117.717,11.0494,52.5345,46.9987,77.2012,9.6263
11/25/2012,640.7,11.4,9.7,0,6.9,18.6,1.2,9.1,19.9,1.6,5.5,41,22.8045,53.4207,9.066,110.523,9.2183,47.3035,70.6759,69.5241,7.6884
11/26/2012,700.86,12.8,14.7,22.7,20,63.2,40.2,18.8,16.5,12.4,24.5,4.4,20.5571,59.3491,21.6905,103.476,10.1202,46.5764,68.8341,100.17,48.3009
11/27/2012,486,6,37.8,20.3,0,5.1,5,0.5,2.8,1.3,0.9,0,13.7781,103.545,14.9347,102.085,13.4872,48.0356,119.022,103.393,33.9245
11/28/2012,618.39,4.2,7.8,4.1,0,6.4,6.8,0.6,0,0.3,5.6,0,11.1639,81.0756,13.7232,119.173,16.0802,51.7721,93.621,165.718,25.3891
11/29/2012,623.5,2.4,6.8,6.3,0,0,3.3,5.5,0,23.1,21,0,10.7733,66.6333,8.964,185.199,17.1589,57.2139,81.9595,130.814,27.5658
11/30/2012,410.11,0,0,2.4,0,0,0,0,0,0,0,0,10.3859,60.2104,8.262,203.963,15.5497,60.4332,75.3296,115.219,23.8114
12/1/2012,487.73,0,0,0,0,0,0,0,0,0,0,0,10.0018,51.7601,7.7736,193.656,13.4872,60.4332,60.691,104.69,21.287
12/2/2012,487.61,0,0,0,0,0,0,0,0,0.2,27,18.7,10.9682,47.1374,7.9676,173.564,12.4929,46.5764,52.3575,85.0882,20.3142
12/3/2012,411.11,0,0,0,0,16.3,0,0,0,8.9,6.6,15.6,34.9701,43.6873,8.6605,143.229,12.4929,47.3035,50.5511,73.6312,18.8948
12/4/2012,406.34,0,0,0,0,5.1,18.5,18,0,1.1,0,4.9,19.823,74.9268,10.647,128.028,12.0053,47.3035,55.104,71.8633,17.5233
12/5/2012,251.7,0,0,0,0,0,0,0,0,0,0,0,63.5165,91.8129,8.5602,126.538,11.5241,48.0356,59.7782,78.4011,16.6358
12/6/2012,256.5,0,0,3.8,0,0,0,0,0,0,0,0,28.8379,63.9833,7.6773,155.774,11.0494,45.8545,71.601,86.3196,15.3449
12/7/2012,300.75,0,0,0,0,0,0,0,0,0,0,0,20.0669,50.6613,7.2023,185.199,10.5814,44.4258,52.3575,98.8882,13.6994
12/8/2012,338.78,0,0,0,0,0,0,0.8,0,10.3,2.5,0,15.026,49.2974,6.9228,152.607,10.1202,44.4258,47.8792,73.6312,12.5225
12/9/2012,301.58,0,0,0,12.9,0,0,40.6,0,0,0,0,15.8715,47.1374,7.7736,129.524,9.6657,42.321,43.5286,67.2057,11.7653
12/10/2012,263.56,3,0,0,0,0,0,38.6,12,64,2.2,2,11.7558,49.8417,8.5602,110.523,11.5241,46.5764,57.8942,63.1998,10.6709
12/11/2012,253.19,0,11.8,10.1,8.3,4.1,1.5,0,0,0,1.6,0,10.3859,56.7866,8.8624,100.699,15.025,49.5151,81.9595,85.0882,10.6709
12/12/2012,258.13,0,0,0,0,22.2,9.6,13.8,12.6,0,27.9,0,10.3859,66.0418,10.2162,100.699,12.9869,54.0743,80.0519,115.886,14.5113
12/13/2012,252.33,0,10,4.8,0,14.5,0,2.8,8.7,10.6,0,31,9.432,70.298,15.4298,117.717,17.7068,54.0743,67.0039,111.9,14.5113
12/14/2012,283.44,11.8,33.3,3.6,23,15.4,0,0.5,1.4,24.6,0,15,40.2299,80.0354,11.3055,140.145,22.8859,77.5255,79.1021,96.3382,20.798
12/15/2012,343.56,0,0,12.1,4.6,2.1,0,0,1.7,9.7,16.6,6.5,17.5939,86.0105,9.5825,141.684,24.0951,90.8557,79.1021,111.9,22.7859
12/16/2012,347.06,0,0,10.6,0,6.5,0,0,0,30.5,11.4,3.9,11.7558,85.6536,8.4604,168.651,31.1012,88.4466,67.9175,110.579,27.0138
12/17/2012,351.44,0,0,4.7,0,2.9,0,0,12,0.6,4.5,7,14.3989,83.1742,8.1634,178.521,40.8315,78.2878,55.104,94.4375,28.123
12/18/2012,377.72,0,0,11.2,0,0,0,0,0,1.1,0,14.6,12.3547,83.1742,7.7736,175.211,27.8436,93.2888,50.5511,77.2012,9.9689
12/19/2012,402.44,0,0,0,4.6,0,0,4.5,0,0,0,0,10.3859,77.9735,7.3909,168.651,25.3247,75.2553,50.5511,71.8633,8.9578
12/20/2012,333.06,13.8,27.5,0,0,8.2,19.2,0,7,0.7,30.7,12,11.3604,71.2786,7.7736,173.564,24.0951,73.7558,55.104,71.8633,8.3118
12/21/2012,336.06,0,0,0,0,21.5,0,0,0,0.4,0,11.3,16.5126,67.5235,17.8624,157.366,20.5301,62.0725,51.4518,77.8005,8.3118
12/22/2012,337.06,4,0,0,0,14.2,0,21.3,0,19,11.2,36.2,21.0508,72.5956,11.4166,143.229,19.3842,58.8136,50.5511,73.0406,9.2893
12/23/2012,336.06,0,0,8.2,0,0,0,0,0,0,3.3,0,15.2364,80.0354,8.5602,135.561,18.2604,58.8136,72.529,74.223,8.632
12/24/2012,336.06,0,0,0,0,0,0,1.6,0,0,0,0,11.3604,74.9268,7.5814,149.46,17.1589,51.0147,68.8341,102.101,7.9973
12/25/2012,367.56,0,0,0,0,0,0,0,0,0,0,0,10.5792,62.5244,7.2023,170.284,16.0802,48.7728,50.5511,95.0699,7.3851
12/26/2012,344.06,0,0,6.3,0,0,0,0,0,0,0,0,10.1934,53.699,7.2023,152.607,15.025,49.5151,43.5286,70.6911,7.0876
12/27/2012,268.55,0,0,0,10.6,0,0,0,5.2,0,0,0,14.6073,48.7548,9.7921,123.575,16.6167,45.8545,41.8251,61.5033,6.5097
12/28/2012,270.67,1,0,0,43.6,0,14.4,0,4,15.7,0,0,14.3989,46.6018,13.3673,107.687,13.4872,42.321,46.9987,59.8192,8.3118
12/29/2012,195.39,4.2,28.6,13.5,0,0,14.8,55.5,16.4,3.1,0,0,25.1171,47.1374,11.0843,97.9464,12.4929,57.2139,54.1836,67.2057,7.6884
12/30/2012,196.16,0,12.8,0,10,0,12.1,0.5,4,0.2,8.6,12.2,12.5558,49.0259,8.1634,95.2181,14.5063,67.9654,48.7647,76.0062,7.0876
12/31/2012,256.67,0,0,0,0,0,0,0,0,0,2.2,4.9,12.3547,51.2098,7.5814,96.5792,12.4929,55.6341,44.3883,68.3623,7.6884
1/1/2013,233.78,0,0,0,0,0,0,0,0,0,0,0,11.9547,50.9354,6.9228,100.699,11.5241,55.6341,39.3103,62.0674,7.0876
1/2/2013,201.89,0,0,0,0,0,0,0,0,0,0,0,11.5577,47.4059,6.7387,106.277,10.5814,40.9434,39.3103,55.9389,7.0876
1/3/2013,159.18,0,0,0,0,7.4,0,0,9.8,8.4,2.5,0.7,11.1639,44.7409,6.9228,104.874,9.2183,38.2501,38.483,55.3903,6.7958
1/4/2013,134.47,0,0,0,0,0,0,0,0,0,0,0,10.9682,42.3804,6.6473,95.2181,9.2183,40.9434,33.6371,53.7532,6.5097
1/5/2013,132.25,0,0,0,0,0,0,3.4,0,0,6.2,0,10.7733,41.3432,6.1976,91.172,8.7779,37.5897,32.8495,47.3391,6.5097
1/6/2013,145.1,0,0,0,0,0,3.3,0,0,1.9,0,0,10.5792,48.4842,6.109,85.8653,8.3446,36.2844,36.0345,46.8145,5.9547
1/7/2013,161.61,0,0,0,8.3,0,0,0,0,0,0,0,10.3859,40.8273,6.466,84.5546,8.3446,36.9345,40.1432,45.7701,5.6858
1/8/2013,197.63,0,28.2,0,32.4,3.7,23.5,57.6,2.6,16.3,4.7,0,13.7781,42.6409,7.8704,81.9526,9.2183,34.3656,35.2296,49.9851,5.6858
1/9/2013,255.83,3.8,25.7,6.2,24.3,23.2,0,28,0,3.9,1.6,36.5,12.1543,50.6613,9.6871,80.6614,11.0494,46.5764,32.8495,44.2153,7.0876
1/10/2013,278.51,1,0.1,88.8,35.9,6.5,0,3.7,0,2.3,11.9,11.6,16.9432,57.9215,19.466,97.9464,12.9869,53.3019,46.1233,42.6751,21.287
1/11/2013,338.5,15.2,11,6.3,12.4,36.2,10.1,15.6,40.2,40.2,50,77.3,52.3132,65.1573,17.9941,99.3198,15.5497,52.5345,93.621,63.1998,20.798
1/12/2013,439.32,36,4.1,0,0,5.3,37,12.5,19.7,16.1,5.3,14.6,27.4922,191.281,12.4351,116.267,22.289,62.0725,81.9595,116.554,23.296
1/13/2013,551.51,4.6,10,15.8,18.4,0,16.3,22.1,31.1,6,1.6,0,23.0583,205.936,8.964,185.199,26.5743,64.5686,123.215,107.951,23.8114
1/14/2013,632.96,1,30,7.4,20.4,12.2,0,3.2,0,18.1,21.5,36.6,24.3392,161.55,9.6871,309.913,21.6974,80.5912,95.5995,151.923,35.7094
1/15/2013,749.85,1.8,15.4,3.5,13.5,10.1,0,32,1.4,8.3,8.4,10.9,31.0286,153.08,14.5672,335.983,27.8436,79.0528,85.8061,119.236,32.168
1/16/2013,840.06,10.4,7.4,0,0,18.8,12.1,3.6,7.8,28.6,34.7,14.7,25.6396,162.505,14.3242,302.028,35.8573,99.8928,69.7536,105.992,42.7904
1/17/2013,886.67,11,8.4,22.3,0,15.7,33,3.7,11.6,2.9,11.2,0,23.8245,190.253,13.0148,288.386,38.6736,110.109,135.995,95.0699,21.287
1/18/2013,906.66,11.8,4.1,4.3,0,16.2,10.6,8.1,0,9.4,32.8,3.6,22.048,187.185,10.9744,309.913,32.4372,117.124,135.995,170.881,32.7665
1/19/2013,920.35,0,0,0,0,0,6.9,1,3.4,0.9,0,0,19.58,164.901,9.5825,366.886,27.2065,113.596,133.844,170.881,22.7859
1/20/2013,936.36,5.6,0,0,100,0,0,0,0,0,16.7,0,18.0308,140.319,10.4308,352.356,25.3247,113.596,108.69,165.718,15.3449
1/21/2013,941.79,3.2,30.4,0,0,29.3,43.7,20,56.6,2.6,12.4,16.4,16.7276,118.8,9.8975,305.962,24.0951,110.977,120.067,137.756,34.9914
1/22/2013,877.22,5.8,31.3,0,0,0,0,0,0,0,2.3,0,16.0846,116.738,9.066,259.841,23.4879,84.485,121.114,151.206,29.2529
1/23/2013,764.58,0,0,0,0,0,0,0,0,0,0,0,15.6591,116.327,8.5602,219.739,22.289,79.8206,90.6717,149.06,25.3891
1/24/2013,707.69,0,0,0,0,0,3.5,0,0,0,0,0,15.2364,106.283,8.361,221.514,21.6974,66.2572,74.3933,112.562,22.7859
1/25/2013,677.37,5.2,0,3.9,10,4.5,21.4,3.5,5,0.3,0,13.9,15.026,66.0418,10.1096,219.739,22.8859,58.0113,68.8341,93.1759,38.6339
1/26/2013,663.86,71.2,0,58.2,65,18.1,10,7.1,17.6,1.3,5.7,18.9,14.1913,59.3491,10.1096,198.788,31.1012,56.4215,87.7447,88.7966,90.1712
1/27/2013,706.56,5.8,0,8.5,33,32.5,30.5,45.5,20.7,4.3,27.1,37,13.9844,104.324,22.17,186.881,30.4402,135.352,199.247,122.611,114.473
1/28/2013,1222.89,3,70.3,23.6,30,35.2,4,23.6,41.6,10,104.4,119,16.7276,98.167,31.8205,286.453,33.7916,138.169,225.558,253.598,160.302
1/29/2013,1687.11,19.4,10,26.3,25.2,83.9,6.7,22.4,1.2,3.2,47.7,26.7,67.8482,66.6333,83.0372,415.921,36.5547,199.981,238.909,285.94,100.477
1/30/2013,1999.78,0,15.5,8.4,0,19.3,11.5,14.3,7.2,7.1,16.2,2,34.3988,60.2104,59.8052,564.821,43.0277,179.827,163.532,292.939,83.2018
1/31/2013,1922.5,7.6,21.2,11.2,20,0,0,11.3,11.4,16.9,18.7,22.8,32.1409,210.751,38.9829,604.631,63.525,179.827,147.964,204.279,63.9987
2/1/2013,1840,15.8,2.7,0.4,0,3.3,16.9,4.4,7.6,1.6,2.4,37.9,27.7599,441.761,26.6601,635.978,57.0204,262.669,289.994,201.962,49.1078
2/2/2013,1721.8,1,0,0,85.3,1.6,0,0.5,0,2.7,18.1,0,25.6396,431.262,19.6019,643.323,62.5136,242.619,268.894,363.186,81.7351
2/3/2013,1624.41,11.2,4.8,38.7,0,2.1,32.7,49.1,19.3,2.3,1.3,0,24.0814,372.095,20.1491,690.81,44.5335,232.246,258.47,336.845,183.295
2/4/2013,1613.41,0,0,0,0,3.1,5,18.1,0,0,0.3,0,25.902,318.235,25.2975,685.733,34.4757,206.509,188.709,317.417,139.636
2/5/2013,1628.15,0,1.2,0,95.1,60.2,4.5,8.8,0,4.6,10.4,2.8,32.4208,309.847,21.8499,673.12,29.1324,177.752,150.165,233.186,75.0174
2/6/2013,1629.09,2,7.1,70.5,0,5.2,3.5,12,24.6,14.4,5.4,11.7,46.3135,291.505,27.6996,716.474,27.8436,162.477,151.269,189.472,201.944
2/7/2013,1637.41,0,6.2,40.5,8.1,17.2,0.1,0,0,18.6,2.6,37.7,32.9825,285.916,25.6356,763.834,65.0492,191.398,241.976,200.809,142.61
2/8/2013,1550.27,0,0,0,0,0,0,0,0,0,0,3,34.1142,290.881,17.8624,734.714,57.5149,192.463,164.658,295.764,129.122
2/9/2013,1489.32,0,0,0,0,0,0,0,0,0,0,0,31.3056,290.881,15.1815,695.906,32.4372,128.861,115.899,201.962,121.154
2/10/2013,1326.17,0,0,0,0,0,0,0,0,0,0,5.6,29.654,241.276,13.7232,668.108,24.7074,116.238,101.592,144.085,112.824
2/11/2013,1232.57,0,0,0,0,0,0,0,0,3.2,0,0,28.2974,207.535,12.3204,640.87,22.289,107.521,94.6091,127.379,98.3836
2/12/2013,1153.19,0,0,0,0,0,0,0,0,0,0,0,24.5977,194.38,11.9785,611.796,18.8195,94.924,86.7741,118.564,84.678
2/13/2013,1042.96,0,0,0,0,0,0,0,0,0,0,0,22.5515,163.94,11.5282,578.719,17.7068,87.6489,80.0519,108.607,67.6005
2/14/2013,966.89,0,0,0,0,0,0,0,0,0,0,0,22.048,143.011,11.0843,533.042,16.6167,87.6489,74.3933,100.17,55.3135
2/15/2013,814.59,0,0,0,0,0,0,0,0,0,0,0,21.5477,131.082,10.7557,457.577,15.5497,70.5644,70.6759,93.1759,35.3498
2/16/2013,670.56,0,0,0,0,0,0,0,0,0,0,0,20.8035,121.295,10.5387,413.749,15.025,57.2139,67.0039,88.7966,24.858
2/17/2013,571.71,0,0,0,0,0,0,0,0,0,0,0,20.3116,115.1,10.2162,375.272,14.5063,53.3019,65.1853,83.8615,20.798
2/18/2013,518.37,0,0,0,0,0,0,0,0,0,0,2,19.823,110.251,9.8975,325.876,14.5063,54.0743,62.4796,82.0305,20.3142
2/19/2013,463.58,0,0,0,0,0,0,0,0,0,0,0,19.3561,108.259,9.6871,294.208,13.9937,52.5345,59.7782,78.4011,19.3626
2/20/2013,437.27,0,0,0,0,0,0,0,0,0,0,0,18.4701,105.497,9.4784,267.36,13.4872,54.0743,56.0293,74.8162,18.8948
2/21/2013,400.57,0,0,0,0,0,0,0,0,0,0,0,17.812,100.84,9.4784,245.011,13.4872,48.7728,54.1836,70.1069,17.9751
2/22/2013,370.25,0,0,0,0,0,0,0,0,0,0,0,21.0508,96.278,10.3233,230.462,12.9869,43.7191,50.5511,67.7833,17.5233
2/23/2013,339.53,0,0,0,0,0,0,0,0,0,1.3,42.2,17.3764,97.4094,9.1685,217.967,12.4929,41.6296,50.5511,63.768,17.0769
2/24/2013,325.31,0,0,0,0,0,0,0,0,0,1.8,0.8,17.5939,98.5468,8.8624,205.697,12.4929,43.7191,49.6554,63.768,17.0769
2/25/2013,323.06,0,0,0.3,0,0,0,0,0,5.1,0,0,16.9432,99.3084,9.3747,202.233,12.0053,43.0175,47.8792,62.0674,16.2001
2/26/2013,331.96,0,0,0,0,0,0,0,0,0,0.3,0,17.5939,91.0782,11.0843,200.508,11.5241,41.6296,46.9987,60.3792,15.7698
2/27/2013,365.15,0,0,37.4,0,0,0.7,0,0,0,0,4.8,16.9432,90.7118,10.4308,198.788,11.5241,41.6296,46.9987,59.2607,19.3626
2/28/2013,514.46,18.2,25.9,4.5,35.9,1.7,0,1.5,1.3,29.2,0,0,24.3392,94.4058,9.7921,190.259,11.0494,43.0175,50.5511,59.8192,22.7859
3/1/2013,615.3,20.8,63,0,36.1,45.9,12.7,46,106.4,0,5.6,47,28.5673,103.934,14.5672,197.073,12.4929,57.2139,88.7179,67.7833,26.4671
3/2/2013,650.33,26.4,14.4,37.7,25,71.6,18.3,29.7,83.8,15.6,28.2,33.8,40.5282,110.652,39.7678,216.201,19.9544,64.5686,94.6091,112.562,21.7814
3/3/2013,659.08,0,1.2,0,0,10.8,0.4,4.3,2.5,27.2,17.4,53.6,54.2506,177.619,26.3169,228.663,31.1012,73.7558,133.844,123.289,21.287
3/4/2013,654.9,0,0,0,0,0,0,0,0,0.2,37.5,0.5,33.547,258.717,18.7916,248.693,25.3247,92.4751,120.067,167.189,20.3142
3/5/2013,656.54,0,0,0,0,4.5,0,0,0,0,0,0,51.0328,215.617,18.6578,325.876,20.5301,75.2553,99.5853,149.06,19.8357
3/6/2013,614.67,0,0,0,19.3,0,0,0,0,0,1.6,29.1,34.3988,189.228,12.6658,379.488,16.0802,58.8136,81.0044,123.289,19.3626
3/7/2013,605.33,3.8,0,0,0,0,3.7,0,0,0,0,0,32.7013,118.386,11.9785,368.977,14.5063,52.5345,72.529,100.812,17.9751
3/8/2013,625.34,0,14,5.1,0,14.3,23.2,7.7,5.2,27,1.5,0,26.9591,165.382,12.7817,342.094,13.9937,49.5151,71.601,91.2922,16.6358
3/9/2013,616.16,0,0,0,0,0,44.5,11.3,0,0,0,0,30.2017,132.819,10.8649,317.863,13.4872,46.5764,83.8776,91.2922,14.9254
3/10/2013,591.44,0,0,0,20.9,4.5,6.5,7.1,2,33.9,6.9,0,25.1171,122.552,11.3055,294.208,13.4872,43.0175,67.9175,104.041,13.3016
3/11/2013,564.82,0,2.3,0,20.5,0,1.6,10,1.6,7.7,23.4,7.1,36.9905,120.045,12.7817,257.972,16.0802,51.7721,62.4796,85.0882,12.1412
3/12/2013,538.08,1.6,0,0,36.7,15.7,0,0,0,14.2,0,24.6,34.1142,122.133,18.9258,248.693,28.4856,69.6932,64.2804,79.003,11.7653
3/13/2013,517.82,0,0,0,5.3,0,3.5,4.6,0.3,0,10,55.3,32.9825,140.319,13.7232,230.462,40.1079,79.8206,86.7741,83.25,30.4035
3/14/2013,492.13,0,8,25.1,30.1,16.2,0,5.3,0,0.1,6.5,0,23.5683,174.646,11.4166,239.522,36.5547,76.766,84.8405,109.263,27.5658
3/15/2013,476,0,0,0,0,11.7,0,0,0,0,0,0.7,22.5515,138.982,11.0843,267.36,31.7669,63.7316,79.1021,105.992,19.3626
3/16/2013,467.44,0,0,0,0,0,0,7,0,0.1,0,6.5,22.048,117.149,10.647,286.453,27.2065,54.0743,71.601,98.8882,15.3449
3/17/2013,473,0,0,0,0,0,2,0,0,0,0,0,21.5477,109.054,10.5387,261.715,13.4872,49.5151,65.1853,89.4188,14.1026
3/18/2013,461,10,0,0,0,0,0,0,0,0,0,0,21.0508,103.545,11.3055,237.701,12.9869,45.8545,60.691,81.4226,14.1026
3/19/2013,450.44,4.2,0,0,0,7.6,0,0,0,0.2,6.2,0,21.2988,100.073,12.4351,234.073,12.4929,47.3035,63.3785,76.603,13.3016
3/20/2013,443.87,0,0,0,30.2,0,0,0,0,0,0,0,20.5571,98.5468,10.3233,217.967,12.0053,44.4258,63.3785,79.606,12.1412
3/21/2013,452.44,0,18.1,0,5.8,33,0,0,0,0,23.2,20,24.0814,98.167,11.1947,203.963,12.0053,45.8545,54.1836,79.003,11.7653
3/22/2013,457.56,1,48.7,0,0,50,1.1,3.7,2.4,2.7,18.1,6,23.3129,114.693,11.9785,200.508,12.0053,42.321,53.2681,68.3623,11.395
3/23/2013,484.13,1.2,0,0,0,0,38.1,22.5,11.3,0,0,0,21.2988,129.355,12.3204,202.233,12.0053,43.7191,90.6717,71.2765,11.0301
3/24/2013,518.39,1,0,8.3,2.3,30,0,2.2,0.4,0,4.1,0,25.1171,140.766,19.466,216.201,11.5241,46.5764,75.3296,112.562,10.3171
3/25/2013,584.81,2,23.7,6.2,0,3,10.5,4.1,0,5.1,0,0,31.8618,141.662,15.8051,225.08,11.5241,48.0356,71.601,94.4375,16.6358
3/26/2013,697.91,1.4,5.1,20.9,35.2,8,0,1.8,0.2,0,0,1.1,28.8379,129.786,12.7817,228.663,12.0053,47.3035,73.4598,90.0421,23.296
3/27/2013,831.28,3.8,10.8,0,20.5,60,21,27.7,24.3,6.5,16.6,24.3,26.1651,131.515,15.5545,256.108,13.4872,55.6341,77.2104,93.1759,34.2788
3/28/2013,986.63,11.2,8.5,0,2.3,35,19.4,30.8,34.4,36.6,17.6,5.1,26.6937,163.94,13.0148,294.208,17.1589,76.766,132.772,103.393,29.2529
3/29/2013,999.67,9.6,6,8.3,0,0,0,2,3.6,0,0,0,22.2994,160.124,11.9785,313.88,28.4856,75.2553,134.919,167.189,23.8114
3/30/2013,925.59,6.8,0,6.2,0,3,0,0.5,1.2,0,0,0,21.7975,109.452,11.1947,335.983,25.947,71.4405,108.69,167.189,17.9751
3/31/2013,785.55,0,1.2,0,0,1.2,0,0.3,0,8.3,0,0,21.5477,102.769,11.3055,319.86,21.1111,68.8268,82.9172,134.273,13.6994
4/1/2013,666.8,0,0,5.8,0,0,0,1.7,1,0.2,0,0,21.5477,103.545,11.5282,286.453,18.8195,58.0113,72.529,103.393,12.5225
4/2/2013,564.91,0,0,9.4,48.3,0,0,0,0,0,0,0,21.0508,103.157,10.9744,252.391,17.1589,50.2624,68.8341,90.6665,20.3142
4/3/2013,540.77,1.4,2,3.2,0,16.9,8.6,3.7,1.8,15.1,11.5,13.3,29.1092,102.769,11.4166,261.715,16.0802,50.2624,69.7536,86.9371,30.9865
4/4/2013,557.33,1.8,0,20.3,9.7,0,0,1.3,14,0,0,24.3,24.3392,115.918,11.1947,235.885,15.025,54.8517,88.7179,90.0421,67.6005
4/5/2013,599.11,0,0,8.6,0,6.9,9.3,8.8,0,23.6,20.7,0,33.8303,128.925,12.8981,245.011,27.8436,58.8136,81.0044,110.579,60.4693
4/6/2013,645.19,28.6,1.4,15.8,0,11.3,11.2,26.5,24,21.9,10.9,0,23.5683,133.692,18.3913,273.044,45.9367,98.2261,102.6,104.041,67.6005
4/7/2013,719.31,1.6,0,10.5,0,6.9,0,3.5,1,15.6,1.6,0,27.2253,137.208,13.4855,282.601,52.6165,140.06,124.269,131.504,23.296
4/8/2013,803.86,6.4,0,0,23.4,0,3.9,0,0,28.8,0,0,24.3392,139.427,11.9785,288.386,39.3886,136.288,109.714,154.801,17.5233
4/9/2013,943.28,4,13.5,0,0,0,9.6,3.4,3,0,19.4,14,26.9591,143.011,12.6658,294.208,31.7669,97.3966,110.739,138.456,16.2001
4/10/2013,1041.81,3.8,35.7,0,0,0,17.9,1,0,5.4,0,0,22.2994,142.56,11.0843,300.067,27.8436,92.4751,138.154,142.672,16.2001
4/11/2013,1118.41,12,26.8,4.6,5.3,4.9,1.5,1.1,1.2,0.1,3.5,5.7,26.6937,123.393,11.8653,290.322,23.4879,67.1088,133.844,173.106,15.7698
4/12/2013,1075.83,10.6,0.7,3.8,8.9,2.5,2.8,4.5,3.2,6.2,1.4,6,32.7013,115.1,15.6796,273.044,22.8859,63.7316,96.5924,164.251,14.9254
4/13/2013,999.17,0,0,12.9,8,29.9,0,0,0,0,4,9.6,40.5282,117.561,26.146,254.247,22.289,62.0725,85.8061,120.583,46.7017
4/14/2013,985.73,17.2,22,24.2,0,10.7,8.6,11.7,18,1.9,7.1,2.1,29.3812,141.662,15.6796,256.108,21.6974,86.8538,91.6524,108.607,92.1998
4/15/2013,917.77,0,0,0,0,0,0,0,0,0,0,0.3,26.4291,150.764,13.1319,286.453,21.1111,85.2719,100.588,116.554,81.7351
4/16/2013,807.81,0,1.5,0,0,0,0,0,0,0,0,0,24.3392,132.819,12.3204,333.954,19.9544,78.2878,87.7447,125.33,71.7379
4/17/2013,737.37,0,0,8.1,0,0,0,0,0,0,0,0,23.3129,117.149,11.4166,325.876,18.8195,73.0103,77.2104,109.263,66.2414
4/18/2013,668.81,0,0,4.3,0,0,0,0,0,0,0,0,22.5515,108.656,11.1947,302.028,16.6167,68.8268,68.8341,96.3382,61.7842
4/19/2013,576.91,0,0,0,0,0,0,0,0,0,0,0,22.048,103.157,10.9744,274.947,15.5497,62.8996,65.1853,86.3196,57.8705
4/20/2013,521.04,0,0,0,0,0,0,0,0,0,0,0,21.5477,99.3084,10.7557,237.701,14.5063,53.3019,62.4796,82.0305,50.3274
4/21/2013,445.96,0,0,0,0,0,0,0,0,0,0,0,21.2988,95.1526,10.5387,217.967,13.9937,52.5345,61.5838,78.4011,45.9095
4/22/2013,426.06,0,0,0,0,0,0,0,0,0,0,0,20.8035,93.2905,10.3233,202.233,13.4872,49.5151,58.8338,77.2012,41.261
4/23/2013,408.07,0,0,0,0,0,0,0,0,0,0,0,20.5571,90.3461,10.1096,191.955,12.9869,51.0147,56.9593,73.6312,37.5274
4/24/2013,379.6,0,0,0,0,0,0,0,0,0,0,0,20.0669,87.8052,9.8975,185.199,12.9869,52.5345,56.0293,71.8633,34.6345
4/25/2013,341.64,0,0,0,0,0,0,0,0,0,0,0,19.823,87.0853,9.6871,181.85,12.4929,45.8545,55.104,70.6911,28.6853
4/26/2013,324.28,0,0,0,0,0,0,0,0,0,0,0,19.3561,85.2973,9.6871,173.564,12.0053,42.321,53.2681,68.9425,23.296
4/27/2013,298.33,0,0,0,0,0,0,0,0,0,0,0,19.1337,83.1742,9.5825,171.921,11.5241,42.321,53.2681,67.2057,19.8357
4/28/2013,284.81,0,0,0,0,0,0,0,0,0,0,0,18.9119,82.4719,9.4784,168.651,11.5241,40.2624,51.4518,66.6294,16.6358
4/29/2013,280.34,0,0,0,0,0,0,0,0,0,0,0,18.6907,81.7724,9.3747,167.024,11.0494,40.9434,50.5511,64.9085,13.6994
4/30/2013,286.69,0,0,0,0,0,0,0,0,0,0,0,18.6907,80.7282,9.2714,165.402,11.0494,38.2501,50.5511,63.768,12.5225
5/1/2013,285.06,0,0,0,0,0,0,0,0,0,0,0,18.2501,79.6901,9.1685,157.366,10.5814,38.2501,49.6554,63.768,11.7653
5/2/2013,276.04,0,0,0,0,0,0,0,0,0,0,0,18.0308,79.0014,9.066,154.188,10.5814,36.9345,48.7647,62.6329,11.395
5/3/2013,279.09,0,0,0,0,0,0,0,0,0,0,0,18.0308,77.9735,9.066,152.607,10.5814,36.9345,47.8792,61.5033,11.0301
5/4/2013,284.19,0,0,0,0,0,0,0,0,0,0,0,17.812,76.6126,8.8624,151.03,10.1202,36.9345,46.9987,60.3792,10.6709
5/5/2013,284.19,0,0,0,0,0,0,0,0,0,0,0,17.5939,75.2626,8.8624,147.894,10.1202,33.1125,46.9987,59.2607,10.6709
5/6/2013,277.7,0,0,0,0,0,0,0,0,0,0,0,17.3764,73.9236,8.7613,146.333,10.1202,34.3656,44.3883,58.7035,10.6709
5/7/2013,270.3,0,0,0,0,0,0,0,0,0,0,0,17.1595,72.2653,8.7613,144.779,9.6657,36.2844,44.3883,55.9389,10.3171
5/8/2013,258.19,0,0,0,0,0,0,0,0,0,0,0,17.1595,70.298,8.6605,141.684,9.6657,36.9345,44.3883,55.9389,10.3171
5/9/2013,255.71,0,0,0,0,0,0,0,0,0,0,0,16.9432,69.6478,8.6605,138.612,9.6657,36.2844,42.6742,55.9389,10.3171
5/10/2013,238.12,0,0,0,0,0,0,0,0,0,0,0,16.7276,68.7155,8.5602,137.083,9.6657,34.3656,42.6742,53.7532,9.9689
5/11/2013,234.26,0,0,0,0,0,0,0,0,0,0,0,16.7276,67.5235,8.5602,135.561,9.2183,31.8805,41.8251,53.7532,9.9689
5/12/2013,222.92,0,0,0,0,0,0,0,0,0,0,0,16.5126,66.6333,8.4604,132.531,9.2183,32.4939,40.9814,52.6692,9.6263
5/13/2013,218.75,0,0,0,0,0,0,0,0,0,0,0,16.5126,66.6333,8.4604,129.524,9.2183,33.1125,40.9814,51.5911,9.6263
5/14/2013,217.5,0,0,0,0,0,0,0,0,0,0,0,16.2983,66.0418,8.4604,129.524,9.2183,33.7365,40.9814,51.5911,9.2893
5/15/2013,219.78,0,0,0,0,0,0,0,0,0,0,0,16.2983,65.7466,8.4604,128.028,9.2183,31.2724,40.9814,51.5911,9.2893
5/16/2013,215.53,0,0,0,0,0,0,0,0,0,0,0,16.0846,65.4517,8.361,126.538,9.2183,32.4939,40.9814,51.5911,9.2893
5/17/2013,216.24,0,0,0,0,0,0,0,0,0,0,0,15.8715,64.8632,8.361,126.538,8.7779,32.4939,40.9814,51.5911,9.2893
5/18/2013,216.66,0,0,0,0,0,0,0,0,0,0,0,15.6591,64.2762,8.262,125.054,8.7779,32.4939,40.9814,51.5911,8.9578
5/19/2013,218.74,0,0,0,0,0,0,0,0,0,0,0,15.6591,63.6908,8.1634,123.575,8.7779,31.8805,40.9814,51.5911,8.632
5/20/2013,221.44,0,0,0,0,0,0,0,0,0,0,0,15.4474,63.1068,8.0653,123.575,8.7779,33.1125,41.8251,51.5911,8.632
5/21/2013,212.72,0,0,0,0,0,0,0,0,0,0,0,15.4474,62.5244,8.1634,122.102,8.7779,33.1125,41.8251,52.6692,8.632
5/22/2013,210.48,0,0,0,0,0,0,0,0,0,0,0,15.2364,61.9436,8.1634,120.635,8.7779,33.1125,40.9814,52.6692,8.632
5/23/2013,208.17,6.2,0,0,0,0,0,0,0,2.8,0,0,15.2364,61.3643,8.1634,120.635,8.7779,33.7365,41.8251,51.5911,9.2893
5/24/2013,215.77,1.8,7,5.1,0,0,0,2.1,0,0.2,0.6,0,15.026,60.7866,8.262,119.173,8.7779,33.1125,42.6742,52.6692,8.9578
5/25/2013,229.41,0,2.1,0,0,0,0.7,0,0,10.2,0,0,15.2364,60.7866,8.0653,117.717,9.2183,32.4939,43.5286,53.7532,8.3118
5/26/2013,250.9,0,0,0,0,0,0,0,0,0,0,0,14.8163,60.7866,7.9676,117.717,9.2183,33.1125,46.9987,55.3903,8.3118
5/27/2013,290.05,0,0,8.9,7.2,0,0,0,0,0,0,0,15.026,60.7866,7.9676,116.267,9.2183,33.1125,51.4518,59.8192,8.3118
5/28/2013,341.67,12.6,5.2,0,71.1,18.6,16.6,19,14,11.3,28.6,17.9,18.6907,61.0752,10.4308,117.717,11.5241,36.2844,57.8942,65.4808,7.9973
5/29/2013,370.67,28.6,13.2,30.5,32.4,46.7,22.1,34.4,43.6,39.8,31.5,47.7,53.6026,76.6126,18.1261,126.538,21.6974,56.4215,94.6091,76.603,11.7653
5/30/2013,394.69,8,4,4.7,0,8.1,0.4,2.7,1.4,2.2,13.4,16,25.378,101.224,14.2032,144.779,34.4757,81.3645,87.7447,118.564,16.6358
5/31/2013,436.12,0,0,0,0,1.2,0,0,0.3,0,0,0,19.3561,147.092,11.1947,181.85,27.2065,89.2469,84.8405,109.921,19.8357
6/1/2013,461.32,0,0,0,0,0,0,0,0,0,0,0,17.5939,115.918,9.6871,241.347,19.9544,34.3656,66.0931,104.69,11.395
6/2/2013,462,0,0,0,7.4,0,0,0,0,0,0,0,17.1595,107.862,9.1685,269.25,15.025,36.9345,56.9593,82.0305,8.9578
6/3/2013,458,0,2,6.6,35,0,0,0,0,4.3,50.4,0,18.0308,102.382,10.2162,237.701,13.9937,47.3035,53.2681,71.2765,15.3449
6/4/2013,441.57,3,3.5,9.9,0,8.6,0,18.7,15.3,27,19.9,2.5,17.1595,94.7789,11.7525,202.233,27.2065,51.7721,70.6759,68.9425,13.6994
6/5/2013,420.61,0,0,0,0,0,0,0,0,0,0,0,16.9432,86.7263,9.6871,191.955,24.0951,56.4215,89.6936,91.2922,13.3016
6/6/2013,407.48,0,0,0,0,0,0,0,0,0,0,0,16.7276,82.4719,9.066,193.656,20.5301,58.0113,73.4598,111.239,12.5225
6/7/2013,398.92,0,0,0,0,7.2,0,0,0,0,0,0,16.5126,75.9362,8.964,183.522,16.6167,50.2624,60.691,91.2922,12.1412
6/8/2013,382.74,0,0,0,0,0,0,0,0,0,0,0,16.5126,72.5956,8.8624,171.921,14.5063,45.1376,54.1836,76.0062,11.7653
6/9/2013,352.56,0,0,0,0,0,0,0,0,0,0,0,16.0846,69.9725,8.7613,157.366,13.4872,43.0175,50.5511,67.7833,11.395
6/10/2013,319.28,0,0,0,0,0,0,0,0,0,0,0,15.8715,65.1573,8.6605,149.46,12.9869,41.6296,48.7647,63.1998,10.6709
6/11/2013,309.61,0,0,0,0,0,0,0,0,0,0,0,15.6591,67.8209,8.4604,143.229,12.4929,38.2501,47.8792,61.5033,9.9689
6/12/2013,290.67,0,0,0,0,0,0,0,0,0,0,0,15.4474,67.8209,8.361,137.083,12.4929,38.2501,46.1233,59.8192,8.9578
6/13/2013,275.37,0,0,0,0,0,0,0,0,0,0,0,15.2364,65.4517,8.262,134.043,11.5241,35.6396,44.3883,57.5934,8.3118
6/14/2013,261.33,0,0,0,0,0,0,0,0,0,0,0,15.2364,63.9833,8.262,129.524,10.5814,36.2844,43.5286,55.9389,7.3851
6/15/2013,251.72,0,0,0,0,0,0,0,0,0,0,0,15.026,63.1068,8.1634,126.538,10.1202,36.9345,42.6742,54.8432,7.3851
6/16/2013,232.71,0,0,0,0,0,0,0,0,0,0,0,15.026,63.1068,8.1634,125.054,10.1202,35.6396,42.6742,53.7532,7.0876
6/17/2013,228.57,0,0,6.8,0,0,0,0,0,0,0.7,12.9,14.8163,62.8154,8.0653,123.575,10.1202,35,41.8251,53.7532,7.0876
6/18/2013,219.67,0,0,0,0,0,0,0,0,0.2,0,0,15.026,63.1068,8.0653,120.635,9.6657,35.6396,40.9814,52.6692,7.0876
6/19/2013,214.93,0,0,0,0,0,0,0,0,0,0,0,14.6073,62.8154,7.8704,120.635,9.6657,34.3656,40.9814,51.5911,7.0876
6/20/2013,211.34,0,0,0,0,0,0,0,0,0,0,0,14.6073,61.9436,7.7736,117.717,9.6657,33.1125,40.1432,51.5911,6.7958
6/21/2013,202.67,0,0,0,0,0,0,0,0,0,0,0,14.3989,61.9436,7.6773,117.717,9.6657,33.7365,40.1432,49.9851,6.7958
6/22/2013,206.52,0,0,0,5.1,0,0,0,0,0,0,0,14.3989,59.6358,7.5814,117.717,9.2183,33.7365,39.3103,49.4528,6.7958
6/23/2013,206.26,0,0,0,0,0,0,0,0,0,0,0,14.1913,56.5038,7.4859,116.267,9.2183,34.3656,39.3103,49.4528,6.5097
6/24/2013,202.47,0,0,0,0,0,0,0,0,0,0,0,13.9844,57.0697,7.5814,113.384,9.2183,33.7365,39.3103,48.9221,6.5097
6/25/2013,209.49,0,0,0,0,0,0,0,0,0,0,0,13.9844,57.6371,7.6773,111.951,9.2183,34.3656,39.3103,48.9221,6.5097
6/26/2013,211.21,0,0,0,0,0,0,0,0,0,0,0,13.9844,57.6371,7.5814,111.951,8.7779,35,39.3103,48.3929,6.5097
6/27/2013,208,0,0.6,0,0,0,0,0,0,0,0,0,13.7781,57.0697,7.5814,110.523,8.7779,33.1125,38.483,47.8652,6.5097
6/28/2013,208.57,0,0,0,0,0,0,0,0,1.1,2.5,0,13.7781,56.7866,7.5814,109.102,8.7779,32.4939,38.483,47.3391,6.5097
6/29/2013,207.46,0,0,4.6,0,0,0,0,0,0,0,0,13.5726,56.5038,7.9676,109.102,8.7779,31.8805,38.483,46.8145,6.7958
6/30/2013,205.96,0,0,0,0,0,0,0,0,0,0,0,13.5726,56.5038,7.5814,107.687,8.7779,31.8805,40.1432,46.2915,6.7958
7/1/2013,200.34,0,0,0,0,0,0.2,0,0,0,0,0,13.5726,55.9396,7.4859,107.687,8.7779,31.8805,40.1432,45.2502,6.7958
7/2/2013,196.28,0,0,0,10,0,0,0,0,0,0,1.8,13.3678,55.6581,7.4859,106.277,8.3446,31.8805,39.3103,44.732,6.7958
7/3/2013,189.33,0,0,0,0,0,0,0,0,0,0,0,13.3678,55.6581,7.4859,106.277,8.3446,33.1125,37.6613,44.2153,6.5097
7/4/2013,186.24,0,0,0,0,0,0,0,0,0,0,0,13.3678,56.2215,7.3909,104.874,8.3446,31.2724,36.8451,43.7003,6.5097
7/5/2013,184.15,0,0,0,0,0,1,0,0,0,0,0,13.3678,55.9396,7.2964,103.476,8.3446,30.6695,36.0345,43.7003,6.5097
7/6/2013,185.31,0,0,0,0,0,0,0,0,0,0,0,13.1637,54.2567,7.2964,103.476,7.9187,32.4939,36.0345,43.1869,6.5097
7/7/2013,183.31,0,0,0,0,0,0,0,0,0,0,0,13.1637,53.9776,7.2964,102.085,7.9187,31.8805,36.0345,43.1869,6.2293
7/8/2013,183.33,0,0,0,0,0,0,0,0,0,0,0,13.1637,53.4207,7.2023,100.699,7.9187,31.2724,35.2296,43.1869,6.2293
7/9/2013,183.01,0,0,0,0,0,0,0,0,0,0,0,12.9604,52.8655,7.1087,99.3198,7.9187,31.8805,34.4305,42.6751,5.9547
7/10/2013,182.29,0,0,0,0,0,0,0,0,0,0,0,12.9604,52.0358,6.9228,99.3198,7.9187,30.6695,34.4305,42.6751,5.9547
7/11/2013,180.57,0,0,0,0,0,0,0,0,0,0,0,12.9604,50.6613,6.9228,97.9464,7.9187,31.8805,34.4305,42.1649,5.9547
7/12/2013,186.53,0,0,0,0,0,0,0,0,0,0,0,13.1637,50.3877,6.9228,97.9464,7.5002,31.2724,32.8495,42.1649,5.9547
7/13/2013,179.85,0,0,0,0,0,0,0,0,0,0,0,13.1637,50.1145,6.9228,97.9464,7.5002,31.2724,32.8495,41.6564,5.6858
7/14/2013,183.82,0,0,0,0,0,0,0,0,0,0,0,12.7577,49.8417,6.8305,96.5792,7.5002,31.2724,33.6371,41.1495,5.6858
7/15/2013,178.5,0,0,0,0,0,0,0,0,0,0,0,12.7577,49.2974,6.7387,95.2181,7.5002,31.8805,32.8495,41.1495,5.6858
7/16/2013,178.91,0,0,0,0,0,0,0,0,0,0,0,12.5558,49.0259,6.7387,95.2181,7.5002,31.2724,32.8495,41.1495,5.6858
7/17/2013,172.46,0,0,0,0,0,0,0,0,0,0,0,12.5558,48.4842,6.7387,92.5145,7.5002,30.6695,32.0679,40.6443,5.4228
7/18/2013,179.44,0,0,0,0,0,0,0,0,0,0,0,12.3547,47.9442,6.7387,92.5145,7.5002,31.2724,31.2921,40.6443,5.4228
7/19/2013,173.47,0,0,0,0,0,0,0,0,0.2,0,2.4,12.3547,47.4059,6.7387,92.5145,7.5002,30.6695,31.2921,40.6443,5.4228
7/20/2013,175.73,0,0,0,0,0,0,0,0,1.6,0.3,3.5,12.9604,47.4059,6.7387,91.172,7.0893,28.3112,31.2921,40.6443,5.1655
7/21/2013,175.9,0,0,0,0,0,0,0,0,0,0,0,12.3547,47.4059,6.7387,89.8358,7.0893,28.3112,31.2921,40.6443,5.1655
7/22/2013,172.63,0,0,0,0,0,0,0,0,0,0,0,11.9547,47.4059,6.5565,88.506,7.0893,28.8928,30.5224,40.6443,5.1655
7/23/2013,173.69,0,0,0,0,0,0,0,0,0,0,0,11.9547,47.4059,6.5565,87.1825,7.0893,30.072,30.5224,40.1408,4.9141
7/24/2013,170.27,0,0,0,0,0,0,0,0,0,0,0,11.7558,47.4059,6.5565,87.1825,7.0893,30.072,30.5224,40.1408,4.9141
7/25/2013,170.85,0,0,0,1.9,2,0,4.8,0,24.2,6.1,0,11.7558,47.4059,6.7387,87.1825,7.5002,28.8928,30.5224,40.1408,4.9141
7/26/2013,164.47,0,0,0,0,0,0,0,0,0.4,0.7,0,11.7558,47.1374,6.7387,85.8653,8.7779,31.2724,30.5224,40.1408,4.9141
7/27/2013,166.47,0,0,0,0,0,0,0,0,0,0,0,11.5577,47.1374,6.6473,85.8653,9.6657,31.2724,31.2921,39.639,4.6685
7/28/2013,166.98,0,0,0,0,0,0,0,0,0,0,0,11.5577,45.5357,6.5565,87.1825,8.7779,33.7365,31.2921,39.639,4.6685
7/29/2013,171.22,0,0,0,0,0,0,0,0,0,0,0,11.5577,45.2703,6.466,87.1825,7.9187,31.2724,31.2921,39.639,4.6685
7/30/2013,172.2,0,0,0,0,0,0,0,0,0,0,0,11.5577,45.2703,6.3761,87.1825,7.9187,31.2724,30.5224,39.639,4.4288
7/31/2013,164.53,0,0,0,0,0,0,0,0,0,0,0,11.5577,44.7409,6.2866,87.1825,7.5002,30.072,29.7587,39.639,4.4288
8/1/2013,159.89,0,0,0,0,0,0,0,0,0,0,0,11.3604,44.7409,6.1976,85.8653,7.5002,30.072,29.0011,39.639,4.4288
8/2/2013,153.22,0,0,0,0,0,0,0,0,0,0,0,11.3604,44.2132,6.1976,84.5546,7.0893,29.4797,29.0011,39.1388,4.195
8/3/2013,154.19,0,0,0,0,0,0,0,0,0,0,0,11.3604,43.6873,6.1976,84.5546,7.0893,28.8928,28.2496,39.1388,4.195
8/4/2013,144.87,0,0,0,0,0,0,0,0,0,0,0,11.1639,43.1632,6.1976,83.2504,6.6861,27.7349,28.2496,38.6404,4.195
8/5/2013,147.89,0,0,0,0,0,0,0,0,0,0,0,11.1639,42.9018,6.1976,81.9526,6.6861,27.164,28.2496,38.6404,4.195
8/6/2013,143.26,0,0,0,0,0,0,0,0,0,0,0,11.1639,42.9018,6.1976,80.6614,6.2907,27.164,27.5044,38.6404,4.4288
8/7/2013,140.27,0,0,0,0,0,0,0,0,0,0,0,11.1639,42.6409,6.021,79.3767,6.2907,28.8928,27.5044,38.1437,4.4288
8/8/2013,141.97,0,0,0,0,0,0,0,0,0,0,0,11.1639,42.1204,6.021,78.0987,6.2907,27.7349,27.5044,38.1437,4.4288
8/9/2013,141.61,0,0,0,0,0,0,0,0,0,0,0,11.1639,41.6018,6.021,78.0987,6.2907,27.7349,26.7654,37.1554,4.4288
8/10/2013,134.33,0,0,0,0,0,0,0,0,0,0,0,11.1639,41.085,6.021,76.8273,5.9035,27.7349,26.7654,36.6639,4.4288
8/11/2013,136.06,0,0,0,0,0,0,0,0,0,0,0,11.1639,41.085,5.9334,76.8273,5.9035,27.7349,27.5044,36.6639,4.4288
8/12/2013,134.06,0,0,0,0,0,0,0,0,0,0,0,10.9682,40.8273,5.8463,75.5625,5.9035,28.3112,27.5044,36.1741,4.195
8/13/2013,127.69,0,0,0,0,0,0,0,0,0,0,0,10.9682,40.8273,5.8463,75.5625,5.9035,26.5984,26.0328,36.1741,4.195
8/14/2013,131.69,0,0,0,0,0,0,0,0,0,0,0,10.9682,40.3133,5.8463,74.3045,5.9035,26.5984,26.0328,35.6861,4.195
8/15/2013,125.06,0,0,0,0,0,0,0,0,0,0,0,10.9682,40.057,5.8463,73.0533,5.5244,26.0382,25.3066,35.1999,4.195
8/16/2013,127.06,0,0,0,0,0,0,0,0,0,0,0,10.7733,39.8012,5.7596,71.8088,5.5244,25.4833,25.3066,34.7154,3.9672
8/17/2013,129.33,0,0,1.9,0,0,0,0,0,0,0,0,10.7733,39.5458,5.8463,71.8088,5.5244,26.5984,24.5869,34.2328,3.9672
8/18/2013,127.06,0,0,0,2.1,9.2,0,0,0,0.1,0,0,11.3604,39.2909,6.1976,71.8088,5.5244,25.4833,24.5869,33.752,3.9672
8/19/2013,126.06,0,0,0,0,2.8,0,0,0,0,2.6,18.4,11.7558,39.0365,6.1976,71.8088,5.5244,25.4833,25.3066,33.752,3.9672
8/20/2013,125.06,0,0,0,0,0,0,0,0,0,0,0,10.9682,38.529,6.021,71.8088,5.1537,25.4833,26.7654,33.273,3.9672
8/21/2013,128.7,0,0,0,0,0,0,0,0,0,0,0,10.9682,41.6018,6.021,70.5712,5.1537,24.9339,25.3066,32.3205,3.9672
8/22/2013,121.06,0,0,0,0,0,0,0,0,0,0,0,10.7733,41.6018,5.8463,71.8088,5.1537,24.9339,25.3066,32.3205,3.9672
8/23/2013,120.44,0,0,0,0,0,0,0,0,0,0,0,10.7733,39.8012,5.8463,76.8273,5.1537,28.3112,24.5869,31.8471,3.9672
8/24/2013,119.44,0,0,0,0,0,0,0,0,0,0,0,10.3859,39.2909,5.6735,75.5625,4.7916,26.5984,24.5869,31.8471,3.7452
8/25/2013,121.69,0,0,0,0,0,0,0,0,0,0,0,10.3859,38.7825,5.6735,73.0533,4.7916,25.4833,25.3066,31.3755,3.7452
8/26/2013,115.16,0,0,0,0,0,0,0,0,0,0,0,10.0018,38.276,5.6735,70.5712,4.7916,24.3899,24.5869,31.3755,3.7452
8/27/2013,113.34,0,0,0,0,0,0,0,0,0,0,0,9.811,37.5199,5.6735,69.3405,4.7916,24.3899,23.1671,31.3755,3.5292
8/28/2013,112.34,0,0,0,0,0,0,2.4,1,0,0,0,9.811,37.0182,5.5878,68.1168,4.7916,23.318,23.1671,31.3755,3.7452
8/29/2013,107.75,0,0,0,0,0,0,0,0,0,0,0,9.6211,37.0182,5.5878,66.9,4.7916,22.7903,22.4673,30.9058,3.7452
8/30/2013,112.19,0,0,0,0,0,0,0,0,0,0,0,9.6211,36.7681,5.5026,65.6902,4.4384,23.318,23.8737,30.9058,3.7452
8/31/2013,109.9,0,0,0,0,0,0,0,0,0,0,0,9.6211,36.5184,5.5026,64.4875,4.4384,23.8512,23.1671,29.9722,3.7452
9/1/2013,101.78,0,0,0,0,0,0,0,0,0,0,0,9.432,36.2693,5.4179,64.4875,4.4384,23.318,22.4673,31.8471,3.7452
9/2/2013,99.31,0,0,0,0,0,0,0,0,0,0,0,9.432,36.0206,5.4179,63.2919,4.4384,24.3899,22.4673,30.9058,3.7452
9/3/2013,93.38,0,0,0,0,0,0,0,0,0,0,0,9.432,36.0206,5.3337,62.1035,4.4384,23.8512,22.4673,29.9722,3.7452
9/4/2013,89.49,0,0,0,12,4.1,1.9,0,4,4.5,6.1,7.3,9.432,35.7724,5.5878,62.1035,4.7916,23.8512,23.8737,29.9722,3.7452
9/5/2013,89.31,20.6,9,9.1,0,7.1,18.2,12.9,20,11.2,7.2,5.5,10.9682,35.5248,6.109,63.2919,6.2907,23.318,24.5869,29.9722,3.5292
9/6/2013,91.75,0,0,0,0,0,0,0,0,0,0,0,10.0018,36.2693,5.8463,63.2919,6.2907,24.3899,25.3066,31.8471,3.5292
9/7/2013,91.41,0,0,0,0,0,0,0,0,0,0,0,9.811,36.5184,5.7596,64.4875,5.9035,24.9339,29.7587,32.7958,3.5292
9/8/2013,94.65,0,0,0,0,0,0,0,0,0,0,0,9.811,36.7681,5.6735,65.6902,5.5244,22.7903,27.5044,33.752,3.5292
9/9/2013,99.12,0,0,0,0,0,0,0,0,0,0,0,9.6211,36.7681,5.5026,68.1168,5.1537,21.7511,26.7654,39.639,3.5292
9/10/2013,97.47,0,0,0,0,0,0,0,0,0,0,0,9.6211,36.7681,5.4179,68.1168,4.7916,22.2679,25.3066,36.6639,3.5292
9/11/2013,96.35,0,0,0,0,0,0,0,0,0,0,0,9.432,36.0206,5.3337,66.9,5.1537,24.9339,23.8737,35.6861,3.5292
9/12/2013,99.5,0,0,0,0,0,0,0,0,0,0,0,9.2438,35.5248,5.1668,64.4875,6.2907,23.8512,23.8737,33.752,3.3192
9/13/2013,101.16,0,0,0,0,0,0,0,0,0,0,0,9.0565,35.2776,5.1668,63.2919,5.9035,23.8512,22.4673,31.8471,3.3192
9/14/2013,102.64,0,0,0,0,0,0,0,0,0,0,0,9.0565,35.0309,5.084,62.1035,5.9035,22.7903,21.7742,31.8471,3.3192
9/15/2013,107.06,0,0,0,0,0,0,5,0,0,0,0,9.0565,35.0309,5.084,60.9224,5.9035,23.318,22.4673,29.9722,3.3192
9/16/2013,106.06,0,0,0,0,0,0,0,0,0,0,0,9.0565,34.539,5.0018,59.7484,5.9035,23.318,22.4673,29.0462,3.3192
9/17/2013,107.48,0,0,0,11.5,0,0,0,0,1.1,2.2,5.2,9.432,34.0491,5.3337,59.7484,6.2907,26.0382,22.4673,29.9722,3.3192
9/18/2013,105.26,4.6,11.6,38.1,0,27.9,0,0,1.2,11.1,12.7,35.2,10.5792,34.0491,6.021,60.9224,7.5002,30.072,22.4673,29.9722,3.7452
9/19/2013,107,0,0,0,0,0,0,0,0,0,0,0,9.811,45.5357,5.8463,60.9224,7.5002,34.3656,21.7742,29.9722,3.5292
9/20/2013,109.78,0,0,0,0,0,0,0,0,0.5,8.2,11.6,10.1934,43.6873,5.6735,63.2919,6.6861,36.9345,21.7742,29.9722,3.5292
9/21/2013,115.8,0,0,0,0,0,0,0,0,0,0,0,9.811,41.6018,5.5026,69.3405,7.0893,35.6396,21.088,29.0462,3.3192
9/22/2013,117.89,0,0,0,0,0,0,0,0,0,0,0,9.2438,40.8273,5.25,73.0533,7.0893,36.9345,21.088,29.0462,3.3192
9/23/2013,126.57,0,0,18.8,5.3,14.9,0,0,0,0,0,0,9.0565,39.0365,5.1668,81.9526,6.6861,37.5897,20.4087,28.1281,4.4288
9/24/2013,129.94,0,1.7,0,6,7.4,0,2.6,1.8,10.6,2.4,0,8.87,38.0235,6.1976,84.5546,6.6861,35,19.7364,28.1281,4.4288
9/25/2013,130.89,0,0,0,0,0,1.8,2.2,0,4.7,0.4,0,8.87,38.529,6.3761,75.5625,6.2907,26.0382,22.4673,27.2179,3.9672
9/26/2013,139.1,0,0,0,0,0,0,0,0,0,0,0,8.87,38.7825,5.25,65.4732,5.9035,22.7903,26.7654,26.3158,3.7452
9/27/2013,140.14,0,0,0,0,0,0,0,0,0,0,0,8.87,36.7681,5.084,63.121,5.9035,23.318,40.9814,29.9722,3.5292
9/28/2013,139.09,0,0,0,0,0,35.7,0,0,0,0,0,8.6845,36.5184,5.0018,64.2936,5.5244,22.2679,29.7587,35.6861,3.5292
9/29/2013,139.32,0,0,12.1,7,0,1.6,12,15,23.6,0,2.6,8.6845,36.2693,5.3337,65.4732,5.9035,21.7511,28.2496,54.2975,4.6685
9/30/2013,134.96,20.8,10.7,28.5,19.1,9.5,0,5.3,2,4.8,8.7,23.5,10.3859,36.2693,6.021,64.2936,6.2907,23.8512,28.2496,39.639,4.4288
10/1/2013,137.78,4,3.5,0,0,51.2,3.7,5,5.8,3,20.5,31,17.3764,41.6018,11.0843,61.9558,7.9187,23.8512,34.4305,38.6404,4.195
10/2/2013,138.06,0,0,19.8,0,0,0,3.3,0,0,0,0,11.8614,49.5693,7.8704,61.9558,7.0893,31.2724,38.483,46.2915,3.9672
10/3/2013,140.92,1.2,0,0,4.2,25.2,9.9,14,12.6,19.2,8.6,10.5,13.3277,53.1429,6.9228,67.8539,8.3446,28.3112,35.2296,51.0542,3.9672
10/4/2013,135.21,0,0.4,0,19.7,0,6.1,0,0,0,0,2.2,11.4984,52.8655,6.3761,75.1638,13.4872,27.7349,40.9814,47.8652,4.6685
10/5/2013,137.64,9.6,3.1,0,0,22.2,11,23.8,15,41.2,1,0.6,10.9567,46.8694,10.5387,93.1602,17.1589,32.4939,68.8341,58.1477,5.6858
10/6/2013,141.69,0,0,16.6,0,0,0,0,0,0,0,0,10.5974,43.425,6.466,102.63,16.6167,40.2624,86.7741,94.4375,5.6858
10/7/2013,149.87,0,0,7.1,0,0,0,0.4,0,0,0,0,10.0616,41.085,5.8463,99.8931,12.0053,44.4258,58.8338,112.562,7.6884
10/8/2013,149.53,0,6.6,0,22,16.2,2.1,5.3,0,0,0,0,9.8838,40.3133,6.021,97.1812,9.6657,35.6396,43.5286,77.2012,7.3851
10/9/2013,156.48,20.8,6.3,6.9,0,13.3,14.7,17.4,28,11.7,8.3,6.3,12.9591,37.7715,6.6473,93.1602,8.3446,32.4939,45.2532,58.1477,6.2293
10/10/2013,155.56,0,0,0,0,0,0,0,0,0,0,0,10.9567,38.7825,6.2866,91.8326,7.9187,34.3656,37.6613,59.8192,5.1655
10/11/2013,155.51,0,0,0,0,0,0,0,0,0,0,0,10.4184,41.8609,5.9334,85.2903,7.5002,30.6695,39.3103,50.5189,5.1655
10/12/2013,150.06,0,0,0,0,0,0,0,0,0,0,0,10.4184,41.085,5.6735,80.1737,7.0893,30.072,34.4305,52.1294,4.9141
10/13/2013,149.35,0,0,0,0,0,0,0,0,0,0,0,10.2398,39.5458,5.5026,80.1737,6.6861,33.1125,32.0679,45.7701,4.9141
10/14/2013,148.57,0,0,0,0,0,0,0,0,0,0,0,9.8838,37.5199,5.3337,78.9112,6.2907,31.8805,30.5224,42.6751,4.6685
10/15/2013,156.38,0,0,0,0,0,0,0,0,0,0,3,9.8838,36.0206,5.25,73.9283,5.9035,32.4939,29.0011,40.6443,4.4288
10/16/2013,154.75,0,0,24.5,0,0,6.8,0.4,0,15.3,8.6,16.4,9.8838,35.5248,5.25,67.8539,7.0893,32.4939,28.2496,38.6404,7.9973
10/17/2013,161.84,1.8,4.9,8.3,35.7,13.2,20.4,11.7,20,17.5,13.4,47.1,10.2398,36.0206,6.021,66.66,9.2183,34.3656,36.0345,38.6404,7.0876
10/18/2013,166.92,36.2,2.5,18.6,17.8,38.9,1.2,20.5,20.4,13.2,19,12,18.3779,66.0418,11.9785,70.2628,12.4929,55.6341,44.3883,48.9221,6.7958
10/19/2013,188.36,6.8,5,21.2,0,8.1,40.2,29.7,29.4,8.2,2,9.6,15.0028,104.715,7.8704,76.4062,25.3247,80.5912,60.691,61.5033,6.5097
10/20/2013,209.31,0,0,0,0,0,0,0,0,0,0,0,11.8614,86.0105,7.7736,97.1812,20.5301,82.9193,49.6554,80.2103,5.6858
10/21/2013,234.19,0,0,0,0,0,0,0,0,0,0,0,11.3174,67.8209,6.2866,155.898,16.0802,84.485,46.9987,66.0545,5.6858
10/22/2013,243.63,0,0,0,0,2,0,0.5,0,15.2,0,0,10.9567,58.7768,5.9334,162.26,13.4872,69.6932,38.483,62.0674,5.1655
10/23/2013,258.61,0,0,0,0,0,1,0,0,14.6,0,0,10.5974,50.6613,8.361,137.327,12.4929,51.0147,33.6371,51.0542,4.6685
10/24/2013,258.04,0,0,0,0,0,0,0,0,0,0,0,10.2398,47.6748,5.9334,112.4,9.6657,48.0356,36.8451,45.2502,4.4288
10/25/2013,237.67,0,0,0,0,0,0,0,0,0,0,0,9.8838,45.8016,5.6735,97.1812,8.3446,48.7728,36.8451,49.4528,3.9672
10/26/2013,226.58,0,0,0,0,0,0,0,0,0,0,0,9.8838,44.4768,5.4179,87.8878,7.9187,47.3035,30.5224,48.3929,3.7452
10/27/2013,209.36,0,0,0,0,0,0,0,0,0,0,0,9.5294,41.8609,5.25,85.2903,7.0893,45.1376,27.5044,40.6443,3.5292
10/28/2013,190.76,0,0,0,0,0,0,0,0,0,0,0,9.3529,36.7681,5.1668,77.6553,6.6861,45.1376,25.3066,36.6639,3.3192
10/29/2013,170.85,0,0,28.9,0,33.1,0,0,0,0,0.1,0,9.8838,36.0206,7.2023,71.4777,6.2907,43.7191,24.5869,33.752,3.9672
10/30/2013,167.7,0,0,7.4,0,0,0,0,0,0,0,0,12.5918,35.5248,5.5878,66.66,6.2907,44.4258,23.8737,32.7958,4.6685
10/31/2013,156.98,0,8,0,0,0,0,0,0,0,0,0,11.8614,36.2693,5.3337,65.4732,6.2907,45.8545,23.1671,31.8471,4.4288
11/1/2013,154.29,0,0,0,0,3.1,0,0.3,0,0,0,0,11.3174,38.276,5.8463,63.121,5.9035,44.4258,29.7587,31.8471,5.6858
11/2/2013,151.88,0,0,0,0,0,0,0,0,0,0,0,9.8838,46.0679,5.5878,65.4732,5.5244,43.7191,28.2496,39.639,6.7958
11/3/2013,157.96,0,0,0,0,0,0,0,0,0,0,0,9.5294,36.0206,5.25,67.8539,5.5244,43.0175,27.5044,37.6487,6.5097
11/4/2013,155.72,0,0,0,0,0,0,0,0,0,0,0,9.1768,36.2693,5.1668,72.6995,5.1537,42.321,25.3066,36.6639,6.2293
11/5/2013,152.41,0,0,5.8,0,0,0,0,0,0,0,0,9.1768,36.0206,5.084,76.4062,4.7916,43.0175,23.8737,33.752,7.3851
11/6/2013,164.2,18,12.7,25.6,31.9,11.4,6.7,10.3,10.6,8.6,11.2,38.4,12.0435,36.0206,5.4179,72.6995,7.5002,44.4258,24.5869,31.8471,12.5225
11/7/2013,168.93,13.4,19.2,19.9,6.7,29.3,10.3,13.2,11,24.4,25.5,19.7,11.8614,36.0206,8.5602,67.8539,12.9869,52.5345,26.7654,33.273,14.5113
11/8/2013,184.19,23.6,27.3,0,0,6.2,13.7,15.8,24.4,10.6,7.1,15.4,12.7752,35.7724,7.0155,66.66,11.5241,51.7721,40.1432,37.1554,12.1412
11/9/2013,208.27,4.6,0,0,0,0,0,0,0.4,0.3,0,0,11.8614,35.5248,6.5565,69.0549,10.5814,48.7728,45.2532,54.2975,7.9973
11/10/2013,222.69,0,0,0,0,0,0,0,0,0,0,0,11.6797,55.0963,5.8463,78.9112,10.1202,48.7728,52.3575,61.5033,5.9547
11/11/2013,225.62,0,0,0,0,0,0,0,0,0,0,0,11.3174,52.5885,5.3337,109.578,9.6657,45.1376,41.8251,68.9425,4.195
11/12/2013,230.94,0,0,0,0,0,0,0,0,0,0,0,10.9567,46.0679,5.5878,119.558,8.3446,40.9434,33.6371,54.8432,3.7452
11/13/2013,228.73,0,0,0,62.3,0,0,0,0,0,0,0,10.5974,44.4768,5.9334,108.177,7.5002,36.9345,28.2496,44.2153,3.7452
11/14/2013,225.37,0,0,0,0,0,0,0,0,0,3.7,0,10.2398,49.2974,6.2866,93.1602,6.6861,32.4939,29.0011,37.6487,3.5292
11/15/2013,219.58,0,0,0,0,0,0,0,0,0,0,0,10.0616,44.7409,5.6735,81.443,5.9035,37.5897,24.5869,38.1437,3.5292
11/16/2013,212.58,0,0,0,0,0,0,0,0,0,0,0,9.8838,40.8273,5.3337,80.1737,5.1537,30.072,23.8737,32.7958,3.3192
11/17/2013,205.01,0,11.7,0,0,0,0,0,0,3,0,16.6,12.0435,39.2909,5.25,82.7188,5.1537,25.4833,23.8737,31.8471,3.9672
11/18/2013,203.22,10,20,21.6,0,3.2,12.4,6.7,3.6,1,2.1,7.9,9.5294,38.276,5.1668,77.6553,5.1537,24.9339,27.5044,32.3205,4.195
11/19/2013,198.8,0,0,0,0,0,0,0,0,0,0,0,9.5294,38.0235,5.1668,73.9283,4.7916,25.4833,26.0328,36.6639,4.195
11/20/2013,197.58,0,0,0,0,0,0,0,0,0,0,0,9.5294,38.276,5.084,66.66,4.7916,24.9339,27.5044,35.1999,3.9672
11/21/2013,209.58,0,0,0,0,0,0,0,0,0,0,0,9.5294,38.7825,5.0018,66.66,5.1537,24.3899,26.7654,36.6639,3.7452
11/22/2013,224.16,0,0,0,0,0,0,0,0,0,0,20.5,9.5294,37.2688,5.0018,69.0549,5.5244,24.9339,26.0328,35.6861,3.3192
11/23/2013,243.52,0,0,35.8,12,2.2,12.2,11.1,1.6,6.6,1.1,0,12.9591,36.0206,7.2964,66.66,5.5244,28.8928,25.3066,34.7154,3.3192
11/24/2013,272.67,0,0,28.2,0,63.4,5.1,7,11.6,15.5,27.9,26.8,20.8035,76.6126,19.0603,66.66,5.5244,30.072,27.5044,34.2328,5.9547
11/25/2013,318.54,6.4,2.6,26.9,34.9,14.5,5.6,25,0,27.5,13.4,56.2,18.6166,131.949,13.0148,73.9283,8.3446,38.9157,38.483,38.1437,7.0876
11/26/2013,400.77,15.2,17.8,39.6,19.3,32.4,0,11.5,0,11.3,49.2,69.7,68.6511,200.645,14.3242,81.443,10.5814,50.2624,54.1836,53.2105,9.9689
11/27/2013,476,3,10,0,12,7.7,1.2,2,3.8,0.6,3.9,6.4,29.9275,336.649,14.9347,163.864,14.5063,54.0743,66.0931,73.6312,9.9689
11/28/2013,533.87,0,0,0,0,0,20.1,0,0,8.6,0,37.4,14.2551,313.706,15.3055,296.132,15.025,52.5345,63.3785,88.1756,8.9578
11/29/2013,582.17,0,5,12.3,40,0,7.5,0,0,0,4.3,0,13.5125,249.927,14.9347,386.279,11.5241,45.1376,67.9175,85.0882,7.9973
11/30/2013,609.31,13.6,11.2,18.6,7.5,27.3,15.3,26.4,4,14,14.1,2.7,15.9442,223.839,15.8051,414.404,9.2183,41.6296,61.5838,90.0421,11.7653
12/1/2013,623.46,25,21.2,21.4,0,16.4,0,11.3,22.5,17.5,32.1,7,68.2491,208.605,14.8118,401.341,9.2183,46.5764,61.5838,82.6397,20.798
12/2/2013,641.82,0,0,0,0,7.5,0,0,0.8,2,0,10.7,26.4291,189.74,15.4298,338.161,13.9937,38.9157,81.0044,84.4743,18.8948
12/3/2013,682.33,1,2.7,0,0,17.5,0,2,0,5.6,11,17,78.6547,218.342,16.1837,288.339,22.289,43.7191,66.0931,106.644,11.7653
12/4/2013,711.27,0,2.5,5.8,0,6.3,0,1,0,1,0,0,56.5362,259.9,10.9744,294.177,20.5301,43.0175,100.588,92.5469,8.632
12/5/2013,756.56,0,0,4.6,0,19.8,0,0,0.2,0,0,16.1,27.7599,191.796,10.5387,325.964,15.5497,43.0175,81.0044,132.195,7.0876
12/6/2013,771.71,27.4,45.6,0,26.1,1.9,4.6,0,1.3,0.7,1.2,83,16.893,145.726,8.8624,336.118,13.4872,38.9157,64.2804,106.644,7.0876
12/7/2013,801.86,3.6,0,0,37.8,0,0,0,0,0.7,6.6,11,16.893,149.382,8.7613,302.022,11.5241,42.321,52.3575,84.4743,9.9689
12/8/2013,800.86,56.4,3.5,12.3,0,0,29.7,23.7,25,6.1,0,0,16.3228,136.325,8.964,272.963,17.1589,51.0147,70.6759,71.8633,19.3626
12/9/2013,806.65,23.8,6.2,11.3,27.3,0,0,4.6,4,0,0.6,0,15.7553,123.815,8.8624,254.143,15.025,52.5345,70.6759,94.4375,22.281
12/10/2013,814.22,5.2,7.4,0,7.2,0,0,2.1,0,0,0,0,15.3784,111.857,7.5814,233.964,13.4872,72.3214,62.4796,93.8061,14.9254
12/11/2013,882.67,14.2,30.9,13.9,47.3,1.8,24.1,45.4,9,15.4,37.6,0,15.3784,124.237,6.7387,221.416,15.5497,122.489,65.1853,83.8615,10.6709
12/12/2013,901.68,36.4,26.1,0,0,45.8,16.1,9.5,59.8,33.1,21.4,37.1,47.2468,142.111,22.3308,246.741,24.7074,104.955,113.828,92.5469,8.632
12/13/2013,1020.6,21.6,19.1,0,0,1.6,0,0,0.8,0,0,0,27.2253,194.898,10.5387,265.381,30.4402,134.417,191.039,161.328,7.6884
12/14/2013,1133.72,0,0,15.8,0,0,0,0,0,0,0,0,16.893,162.982,9.1685,294.177,22.8859,110.109,123.215,247.12,12.1412
12/15/2013,1159.57,0,0,22.3,0,1.4,0,0,0,0,0,0,15.7553,134.129,8.4604,330.013,17.1589,71.4405,79.1021,159.871,19.3626
12/16/2013,1171,2.4,4.8,33.4,0,3.9,0,10.6,3.2,3.6,0.8,2.8,15.3784,107.467,10.3233,321.931,14.5063,62.0725,62.4796,104.041,57.4414
12/17/2013,1161.29,5.2,19,12.3,0,2.1,0,2,0,0.3,81.6,0,17.9032,125.084,8.964,321.931,12.4929,54.0743,69.7536,84.4743,21.287
12/18/2013,1120.72,0,0,0,9.3,0,0,0,2,0,0,0,23.5683,143.462,8.4604,373.521,11.5241,50.2624,74.3933,93.8061,17.0769
12/19/2013,1086.16,0,0,8.1,0,0,0,0,0,0,0,0,20.5571,117.973,7.7736,373.521,11.0494,44.4258,63.3785,98.2491,16.2001
12/20/2013,1056.59,0,11.7,3.5,19,0,0,12,0,0.6,0,0,17.2744,95.5271,8.7613,354.655,10.5814,43.7191,53.2681,83.8615,15.7698
12/21/2013,1021.03,34.8,71,0,7.3,2,12.5,7,8.6,3,0,1.4,16.5126,89.6168,9.2714,330.013,10.1202,63.7316,55.104,71.2765,14.5113
12/22/2013,1052.59,67,25.9,0,0,10.4,11.6,2.5,14,0,0,3.2,16.5126,89.9811,8.5602,294.177,10.1202,52.5345,107.67,79.606,13.6994
12/23/2013,1442.95,1.6,1.3,12.6,13.4,0.5,5.1,1.2,5.8,1,0,29.5,16.5126,124.237,7.7736,272.963,17.7068,54.0743,82.9172,141.263,13.3016
12/24/2013,1408.27,45.8,35.1,4.3,0,5.1,17.3,6.7,0,25.5,29.4,3.4,16.5126,124.237,10.647,276.781,29.1324,67.9654,107.67,113.888,12.9093
12/25/2013,1194.54,14,0.9,0,0,3.2,15.5,31.8,37,9.6,8.8,1,16.3228,121.295,8.361,280.616,35.1642,100.73,252.258,160.599,17.0769
12/26/2013,1069.62,0,2.6,15.2,0,3.5,17.2,0,0.3,0,6.6,0,15.9442,122.552,7.9676,298.091,32.4372,114.475,172.589,327.802,14.1026
12/27/2013,925.34,4.6,0,0,21,0,56.8,19.7,49.7,2.5,0,0,15.3784,117.973,7.6773,290.281,36.5547,97.3966,220.718,236.943,13.3016
12/28/2013,863.92,13,0,6.2,0,0,0,11.5,3.6,41.8,2.1,0,15.3784,111.454,7.4859,274.87,61.0037,106.663,149.064,287.332,11.7653
12/29/2013,787.65,0,0,4.5,0,2.3,0,0,0,10.9,0,0,15.1905,100.84,7.7736,248.584,62.5136,137.228,128.504,197.371,10.6709
12/30/2013,803.39,0,0,0,0,12.3,1.9,0.5,1,19.9,30.1,24,14.8154,87.0853,8.361,228.558,59.0042,115.355,134.919,172.363,9.6263
12/31/2013,681.33,1,0,0,0,3.2,0,0.7,2.6,0.4,20,25,14.8154,85.6536,8.0653,209.101,58.0103,86.8539,97.5876,176.085,9.2893
1/1/2014,673.27,0,0,13.1,0,2.9,0,1.8,8.2,3.6,0,0,14.069,99.3084,8.4604,198.733,55.5432,69.6932,95.5995,130.125,8.9578
1/2/2014,694.61,0,0,0,0,0,0,0,5.6,6.2,0,6.5,14.069,107.862,7.7736,193.616,48.2977,58.8136,102.6,128.75,10.3171
1/3/2014,617.6,0,0,0,0,0,0,0,0,0,0,0,13.8832,94.7789,6.9228,210.846,38.6736,54.8517,80.0519,134.273,8.9578
1/4/2014,573.81,0,0,0,0,0,0,0,0,0,0,0,13.8832,81.7724,6.7387,214.35,21.1111,54.8517,74.3933,106.644,8.9578
1/5/2014,472,0,0,0,0,0,0,0,0,0,0,0,13.1432,72.2653,6.466,197.023,14.5063,49.5151,62.4796,98.2491,8.3118
1/6/2014,404.75,0,0,0,0,0,0,0,0,0,0,0,12.7752,68.417,6.3761,167.088,12.9869,44.4258,54.1836,82.6397,7.6884
1/7/2014,357.88,0,0,0,0,0,0,0,0,0,0,0,12.0435,65.7466,6.2866,151.182,12.0053,40.9434,50.5511,71.8633,5.4228
1/8/2014,311.72,0,0,0,0,0,0,0,0,0,0,0,11.8614,65.4517,6.1976,138.844,11.0494,38.2501,46.9987,67.2057,5.9547
1/9/2014,339.62,0,0,0,0,0,0,0,0,0,0,0,11.6797,62.5244,6.109,131.313,10.1202,36.9345,45.2532,62.6329,5.6858
1/10/2014,290.73,0,0,0,0,0,0,0,2,0,0,0,11.4984,60.4983,5.9334,125.39,9.2183,38.9157,42.6742,60.3792,5.6858
1/11/2014,292.67,0,9.1,0,0,14.3,0,0,7,0,0,0,11.3174,59.6358,6.021,121.007,8.7779,38.2501,43.5286,57.0405,5.4228
1/12/2014,227.74,0,0,0,0,0,0,0,0,0,0,0,11.4984,59.6358,5.9334,116.677,8.7779,34.3656,40.9814,58.1477,5.1655
1/13/2014,214.34,0,0,0,0,0,7,0,0,0,0,0,11.3174,59.3491,5.8463,113.82,8.3446,31.8805,38.483,54.2975,4.9141
1/14/2014,202.24,0,0,0,0,0,0,0,0,0,0,0,11.4984,57.0697,5.8463,110.986,8.3446,33.1125,36.0345,51.0542,4.6685
1/15/2014,210.22,0,0,24.8,0,0,0,0,0,0,0,0,11.3174,55.9396,5.6735,109.578,7.9187,31.8805,34.4305,47.8652,4.4288
1/16/2014,211.94,0,0,0,0,0,0,0,0,0,0,0,11.3174,55.377,5.5026,106.781,7.9187,29.4797,33.6371,45.7701,5.1655
1/17/2014,235.81,0,0,0,5.6,23,0.1,1.7,0,2,0,8.8,11.3174,54.816,5.5878,104.007,7.5002,34.3656,31.2921,44.732,4.9141
1/18/2014,258.5,0,2.2,0,12.5,0.8,2.1,3.6,12,0.1,0,4,12.2259,59.0628,13.1319,102.63,7.5002,51.0147,36.0345,42.1649,4.4288
1/19/2014,296.5,20.4,0,0,47.2,74.4,32.1,35.1,24.2,4.2,0,9.5,37.8663,67.8209,19.466,101.258,11.0494,43.7191,90.6717,54.2975,4.195
1/20/2014,341.43,0.9,3.7,4.3,0,0,0,7.9,0,11,0,0,12.5918,71.6068,8.0653,105.391,10.5814,54.0743,81.9595,120.583,5.6858
1/21/2014,360.12,6,0.3,0,7.6,0.2,0,9,0.4,0,17.2,21.2,12.0435,71.6068,8.0653,115.246,10.5814,76.766,73.4598,108.607,6.7958
1/22/2014,419.32,5.8,26.5,18.6,0,37,12.5,26.7,42,3.3,2,0,11.8614,74.9268,11.7525,135.815,10.5814,61.2504,82.9172,99.5285,9.9689
1/23/2014,431.39,0,27,0,0,7,5.5,0,0.4,5.9,3,13.4,36.1207,76.2741,16.8221,143.43,12.0053,66.2572,86.7741,111.239,9.9689
1/24/2014,428.3,0,0,0,9.7,0.8,0,2,0,3.5,0.4,0,13.6977,73.2582,7.9676,138.844,13.4872,62.0725,111.767,119.236,8.9578
1/25/2014,398.9,0,0,1.8,0,0,0,2.2,1.7,0.2,0,0,15.0028,68.417,8.0653,140.367,18.2604,56.4215,88.7179,146.923,7.6884
1/26/2014,397.31,0,0,0,0,0,0,0,0,0,0,0,14.6283,66.0418,6.9228,137.327,13.9937,51.7721,83.8776,117.893,6.2293
1/27/2014,365,0,0,0,0,0,0,0,0,0,0,0,13.1432,64.5695,6.9228,135.815,12.4929,47.3035,62.4796,109.921,5.4228
1/28/2014,297.35,0,27.5,0,0,20.2,0,0,0,0,0,0,12.7752,61.9436,6.6473,132.808,11.5241,40.9434,53.2681,82.6397,5.4228
1/29/2014,243.28,0,0,0,0,0,0,0,0,0,0,0,12.5918,59.9229,6.3761,123.923,11.0494,37.5897,47.8792,70.6911,4.9141
1/30/2014,214.11,0,0,0,0,0,0,0,0,0,0,0,11.8614,57.0697,6.021,113.82,9.6657,33.1125,44.3883,63.768,4.4288
1/31/2014,196.59,0,0,0,0,0,0,0,0,0,0,0,11.3174,53.4207,6.021,105.391,6.6861,33.7365,41.8251,59.2607,4.195
2/1/2014,173.86,0,0,0,0,0,0,0,0,0,0,0,11.1369,51.7601,5.9334,101.258,7.0893,32.4939,35.2296,55.3903,4.195
2/2/2014,154.14,0,0,0,0,0,0,0,0,0,0,0,11.1369,50.3877,5.8463,97.1812,6.6861,32.4939,35.2296,47.3391,4.195
2/3/2014,131.29,0,0,0,0,0,0,0,0,0,0,0,10.9567,49.2974,5.8463,91.8326,6.6861,31.8805,34.4305,46.8145,4.195
2/4/2014,113.4,0,0,0,0,0,0,0,0,0,0,0,10.9567,47.9442,5.8463,89.1963,6.2907,31.8805,32.8495,45.7701,4.195
2/5/2014,108.13,0,0,0,0,0,0,0,0,0,0,0,10.5974,46.6018,5.5026,87.8878,5.9035,30.6695,32.0679,43.7003,4.195
2/6/2014,104.35,0,0,0,0,0,0,0,0,0,0,0,10.5974,44.4768,5.1668,85.2903,5.9035,29.4797,30.5224,42.6751,3.9672
2/7/2014,105.24,0,0,0,0,0,0,0,0,0,0,0,10.5974,43.425,5.1668,82.7188,5.5244,27.7349,29.7587,40.6443,3.9672
2/8/2014,97.52,0,0,0,0,0,0,0,0,0,0,0,10.4184,42.3804,5.084,81.443,4.7916,25.4833,28.2496,39.639,3.9672
2/9/2014,90.22,0,0,0,0,0,0,0,0,0,0,0,10.4184,42.1204,5.0018,78.9112,4.7916,23.8512,27.5044,37.6487,3.7452
2/10/2014,90.81,0,0,0,0,0,0,0,0,0,0,0,10.2398,42.1204,5.0018,78.9112,4.7916,23.318,27.5044,36.6639,3.7452
2/11/2014,92.41,0,0,0,0,0,0,0,0,0,0,0,10.2398,42.1204,4.9201,76.4062,4.7916,22.7903,26.7654,36.6639,3.5292
2/12/2014,94.83,0,0,0,0,0,0,0,0,0,0,0,10.2398,41.3432,4.9201,73.9283,4.4384,23.8512,24.5869,35.6861,3.5292
2/13/2014,99.34,0,0,0,0,0,12.6,0,0,0,0,0,10.0616,41.085,4.8388,72.6995,4.4384,23.318,23.8737,32.6384,4.9141
2/14/2014,102.56,0,0,32.3,0,0,0,0,0,0,0,0,10.4184,41.085,4.8388,71.4777,4.7916,22.2679,23.1671,31.6314,4.4288
2/15/2014,98.09,21.4,0,8.1,0,0,14.7,18,2.5,12.2,0,0,10.4184,40.8273,6.2866,71.4777,4.7916,24.9339,23.8737,30.638,4.4288
2/16/2014,97.61,0,0,0,0,10,0,5.2,0,8,2.2,13.5,10.0616,40.5701,7.3909,70.2628,4.4384,27.164,22.4673,31.6314,3.9672
2/17/2014,103.7,0,0,0,5.3,3.3,0,2.1,0.7,26.1,2.3,49,14.2551,46.0679,8.5602,70.2628,7.0893,22.7903,26.7654,30.1464,3.9672
2/18/2014,114.46,0,0,0,0,4.1,0,10.5,3.4,12.2,0,23,22.8045,43.425,7.3909,70.2628,9.2183,25.4833,35.2296,36.8014,3.9672
2/19/2014,138.93,0,6.8,0,0,0,0,0,0,0,0,0,13.5125,61.3643,7.0155,75.1638,8.7779,24.3899,32.8495,48.1344,3.7452
2/20/2014,151.84,0,0,0,0,0,0,0,0,0,0,0,10.7769,52.312,6.6473,84.0013,7.5002,26.0382,43.5286,46.3515,3.7452
2/21/2014,166.71,0,0,0,0,0,0,0,0,0,0,0,10.2398,46.0679,6.1976,95.8346,7.0893,24.9339,36.8451,60.7513,3.7452
2/22/2014,171.07,0,0,0,0,0,0,0,0,0,0,0,10.2398,44.2132,5.9334,93.1602,6.2907,23.318,30.5224,49.9462,3.5292
2/23/2014,168.29,0,0,0,0,0,0,0,0,0,0,0,10.2398,43.1632,5.25,82.7188,5.5244,22.7903,29.0011,41.1776,3.5292
2/24/2014,156.71,0,0,0,0,0,0,0,0,0,0,0,10.0616,41.8609,5.0018,76.4062,5.5244,22.2679,26.7654,38.9631,3.5292
2/25/2014,153.94,0,0,0,0,0,0,0,0,0,0,1.6,10.0616,41.085,5.0018,72.6995,5.1537,21.7511,24.5869,35.7405,3.5292
2/26/2014,143.37,0,0,0,0,0,0,0,0,0,0,7.6,10.0616,40.5701,4.9201,70.2628,5.1537,21.7511,23.8737,32.6384,3.5292
2/27/2014,138.58,0,0,0,0,0,0,0,0,0,0,0,10.0616,39.8012,4.8388,69.0549,4.7916,21.2397,23.1671,31.6314,3.5292
2/28/2014,128.01,0,0,44.2,34.8,0,0,0,0,0,0,0,10.0616,38.529,4.8388,66.66,4.7916,21.2397,22.4673,30.638,26.4671
3/1/2014,124.22,29.8,18.6,0,1.2,0.5,16.1,5.6,4.7,4.1,2.6,45,10.0616,37.2688,7.6773,72.6995,4.7916,22.7903,27.5044,30.1464,19.8357
3/2/2014,118.44,5,0,0,2.3,0,15.4,0,9.8,0,0,0,9.8838,36.2693,5.7596,72.6995,4.7916,21.7511,40.1432,38.4177,17.0769
3/3/2014,131.01,1.8,22.7,0,0,25.8,0,1.7,1.5,0,8,1.6,9.8838,39.0365,7.7736,71.4777,4.7916,21.2397,53.2681,58.1273,14.1026
3/4/2014,142.58,0,0,0,0,0,1.7,0,0,0.7,0,0,13.1432,41.085,5.9334,72.6995,4.4384,20.2334,41.8251,76.0638,11.395
3/5/2014,174.24,0,0,0,0,0,0,0,0,0,0,0,11.1369,43.1632,5.4179,77.6553,4.7916,20.2334,35.2296,58.1273,8.9578
3/6/2014,217.11,0,0,0,15.9,0,0,0,0,0,0,6.9,12.4086,47.4059,5.6735,81.443,5.5244,20.2334,30.5224,48.1344,7.0876
3/7/2014,269.19,46.2,3.1,34.8,11.6,12.8,37.1,47.6,16.6,5,10,29.6,12.5918,46.8694,7.1087,87.8878,6.6861,23.8512,46.1233,43.4446,12.1412
3/8/2014,298.13,2.6,2,0,21.3,1.4,5.2,1.7,10.6,0.3,0.9,2.3,10.5974,46.0679,6.3761,90.5112,7.0893,23.318,66.0931,68.2227,7.6884
3/9/2014,298.13,2.2,3,12.8,0,1.6,0,5.6,6,15.4,1.5,12.4,10.2398,59.9229,5.9334,98.5341,7.9187,23.318,108.69,105.922,8.632
3/10/2014,286.56,0,0.5,22.2,0,0,0,1.5,1.3,0.1,0,0,10.0616,49.5693,6.9228,115.246,7.5002,26.0382,71.601,173.752,4.4288
3/11/2014,264.41,0,0,0,0,0,0,0,0,3.7,0,0,9.8838,47.9442,5.7596,123.923,6.6861,23.8512,57.8942,107.61,4.195
3/12/2014,241.26,0,0,0,0,0,0,0,0,0,0,0,9.8838,45.0054,5.8463,115.246,6.2907,23.8512,49.6554,84.2691,4.195
3/13/2014,195.96,0,0,0,0,0,5.5,0,0,0,0,0,9.8838,42.9018,5.7596,104.007,5.9035,22.268,40.9814,70.3247,3.9672
3/14/2014,167.03,0,0,0,0,0,0,0.7,0,0,0,0,9.7064,41.085,5.5026,91.8326,5.5244,21.7511,36.0345,56.834,3.9672
3/15/2014,143.88,0,0,0,0,0,0,0,0,0,0,0,9.7064,40.3133,5.3337,84.0013,5.1537,20.7338,33.6371,49.3391,3.5292
3/16/2014,132.31,0,0,0,0,0,0,0,0,0,0,0,9.7064,39.2909,5.1668,78.9112,4.7916,20.7338,31.2921,45.7637,3.5292
3/17/2014,114.53,0,0,0,0,0,0,0,0,0,0,0,9.7064,38.7825,5.0018,73.9283,4.4384,20.2334,29.7587,42.3046,3.5292
3/18/2014,117.53,0,0,0,0,0,0,0,0,0,0,0,9.7064,38.276,4.5981,71.4777,4.0942,19.4504,26.7654,40.0638,3.5292
3/19/2014,119.6,0,0,0,0,0,0,0,0,0,4.2,1.4,9.7064,38.0235,4.6779,69.0549,3.7593,19.4504,25.3066,35.7405,3.3192
3/20/2014,115.52,0,0,0,0,0,0,0,0,5.5,0,4.2,10.9567,38.529,4.362,66.66,3.7593,19.4504,26.0328,33.659,3.3192
3/21/2014,127.33,0,0,0,0,0,0,0,0,0,17.2,8,10.2398,39.5458,4.362,66.66,3.434,19.0929,25.3066,34.693,3.3192
3/22/2014,139.68,0,0,0,0,7.8,5.9,0,0.6,0,4.1,22.1,13.3277,43.95,6.1976,66.66,3.1185,19.0929,25.3066,33.659,3.3192
3/23/2014,166.69,0,0,0,8.6,1.8,1.8,3.7,0,0,0,0,10.5974,46.3346,6.6473,67.8539,3.1185,19.4504,25.3066,33.659,3.3192
3/24/2014,192.84,0,40.8,44.9,0,35.7,0,0,1.5,0,1.1,0,13.1432,46.8694,6.7387,72.6995,3.1185,19.8108,29.0011,34.1743,15.7698
3/25/2014,200.56,0,0,0,17.5,0,0,0,0,0,0,0,10.0616,45.5357,6.2866,90.5112,3.1185,18.7383,34.4305,40.0638,9.6263
3/26/2014,183.89,0,0,0,0,0,0,0,0,0,0,0,9.8838,43.95,5.9334,94.4943,3.1185,20.2334,29.7587,46.3515,7.0876
3/27/2014,184.41,0,0,0,0,0,0,0,0,0,0,0,9.8838,42.6409,5.4179,87.8878,3.1185,19.8108,27.5044,40.0638,5.1655
3/28/2014,183.56,0,0,0,0,15.6,0,0,1.8,0,0,0,9.7064,40.3133,5.1668,82.7188,3.1185,19.0929,25.3066,36.8014,4.4288
3/29/2014,176.77,0,11.3,0,0,0,0,0,0,0,0,0,9.7064,39.2909,5.0018,80.1737,3.1185,18.7383,25.3066,33.659,3.9672
3/30/2014,188.81,0,0,0,0,0,5.1,0,0,0,0,0,9.7064,39.5458,4.8388,75.1638,3.1185,18.3865,24.5869,33.659,3.9672
3/31/2014,197.44,25,24.3,0,6.8,15,0,0.5,0,0,1.7,1.7,9.7064,39.5458,5.6735,70.2628,3.7593,19.0929,25.3066,32.6384,3.7452
4/1/2014,217.56,2.4,2.6,0,40.7,2.1,7.5,8.5,1,4.8,26,1,9.7064,39.8012,5.0018,71.4777,7.5002,22.268,46.1233,36.2693,5.9547
4/2/2014,239.78,3.8,5.6,55.6,5.3,4,28.5,43.6,14,12.9,18.3,5.1,15.0028,45.2703,8.5602,81.443,12.4929,32.4939,50.5511,66.1481,34.2788
4/3/2014,251.78,0,0,0,0,0,35,1.8,0,6.2,0,0,17.4656,53.1429,7.1087,99.8931,11.0494,50.2624,49.6554,73.17,19.8357
4/4/2014,265,6,0,0,0,0,0,2.5,2,4.1,7.4,10.7,11.8614,57.6371,5.9334,113.82,9.2183,43.0175,55.104,72.4542,16.6358
4/5/2014,271.22,0,0,0,0,0,0,0,0,0,0,0,11.6797,56.5038,5.5026,123.923,8.3446,38.9157,60.691,81.2435,11.7653
4/6/2014,272.22,0,0,0,0,0,0,0,0,0,0,0,11.4984,53.699,5.0018,128.34,7.5002,30.072,44.3883,88.1177,8.9578
4/7/2014,260.11,0,0,0,0,0,0,0,0,0,0,0,11.3174,47.9442,5.0018,119.558,7.0893,24.9339,35.2296,61.4151,8.632
4/8/2014,244.44,0,0,0,0,0,0,0,0,0,0,0,11.3174,43.6873,5.0018,105.391,7.0893,22.268,31.2921,48.1344,8.3118
4/9/2014,238.89,0,0,0,0,0,0,0,0,0,0,0,11.3174,41.8609,4.8388,91.8326,6.6861,20.7338,30.5224,42.3046,7.3851
4/10/2014,232.78,0,0,0,0,0,16.1,0,0,0,0,0,11.3174,40.8273,4.8388,91.8326,5.9035,20.2334,28.2496,41.1776,6.5097
4/11/2014,227.78,0,32.6,0,0,0,0,11.1,14.2,3.9,0,3,12.2259,40.057,5.4179,89.1963,5.5244,22.268,26.0328,37.8756,5.4228
4/12/2014,211.11,6.2,3.9,32.8,5.3,1.2,37.1,4.1,7.2,0.3,11.7,7.1,19.58,39.2909,7.5814,86.5858,5.1537,20.7338,31.2921,35.2151,31.5747
4/13/2014,194.44,0,0,0,0,0,2,2.8,0,1.8,5.2,1.1,13.8832,47.1374,5.5878,84.0013,4.7916,19.4504,37.6613,43.4446,7.0876
4/14/2014,192.06,0,0,45.1,0,1.7,7.2,0.4,0,0,0,0,17.4656,45.8016,10.4308,71.4777,4.4384,19.8108,31.2921,51.17,60.4693
4/15/2014,186.34,0,0,0,0,2.6,8.2,0,7.2,19,0,17.6,20.0669,43.95,10.9744,78.9112,4.0942,21.2397,31.2921,42.3046,49.5131
4/16/2014,180.56,0,0,0,0,4,0,0,0,6.3,2.1,6.4,22.048,62.2338,7.9676,86.5858,6.2907,19.8108,49.6554,45.179,37.5274
4/17/2014,175.77,31.2,0,0,0,1.7,0,2.6,16,47.5,18,4.7,48.8142,60.7866,9.7921,89.1963,10.1202,19.4504,46.1233,52.4065,22.281
4/18/2014,187.04,0,0,0,35.7,0,0,0.4,0,0,0.3,0,22.5515,57.0697,8.6605,93.1602,9.6657,19.4504,39.3103,55.5533,15.7698
4/19/2014,177.78,0,0,0,0,2.7,0,0.6,0.7,0,0,0,19.823,55.9396,8.5602,99.8931,9.6657,19.8108,35.2296,53.6558,11.395
4/20/2014,183.44,0,15.6,0,0,11.7,0,0,0,0,5.6,47.4,15.5667,49.5693,10.2162,101.258,8.3446,20.2334,32.8495,47.5369,9.2893
4/21/2014,197.44,2.8,1.4,0,5.3,3,0,0,8.4,1.5,0,0,13.3277,46.6018,9.1685,97.1812,8.3446,20.7338,32.0679,44.5976,8.3118
4/22/2014,210.67,0,0,0,0,0,0,0,0,0,0,0,14.6283,45.8016,7.0155,89.1963,7.9187,19.8108,35.2296,42.3046,7.9973
4/23/2014,214.67,0,6.8,18.2,10.7,33.2,0,3.7,0,7.3,5.6,42.3,16.5126,44.4768,11.1947,89.1963,7.5002,19.8108,31.2921,41.7395,11.0301
4/24/2014,211.74,0,0,0,0,6.3,4.1,0,0,0.2,2.5,5.7,23.0583,46.3346,10.5387,85.2903,7.5002,20.2334,32.8495,40.619,7.6884
4/25/2014,193.49,3,0.9,0,0,15.2,3.7,0,2.6,7.7,9,10.6,15.1905,65.1573,11.7525,87.8878,7.0893,20.2334,35.2296,39.5118,6.5097
4/26/2014,171.77,0,0,0,0,0,0,0,0,0,0,0,12.9591,64.2762,8.0653,101.258,7.0893,20.2334,34.4305,39.5118,5.9547
4/27/2014,148.62,0,0,0,0,0,0,0,0,0,0,0,11.8614,58.7768,6.8305,115.246,6.6861,19.8108,34.4305,38.4177,5.6858
4/28/2014,136.36,0,0,0,0,0,0,0,0,0,0,0,11.4984,51.7601,6.3761,118.115,6.2907,20.2334,31.2921,37.3369,5.4228
4/29/2014,135.33,0,0,0,0,0,0,0,0,0,0,0,11.4984,46.8694,6.2866,109.578,5.9035,19.8108,28.2496,37.3369,5.4228
4/30/2014,126.36,0,0,0,0,0,0,0,0,0,0,0,11.4984,44.7409,6.021,95.8346,5.5244,20.2334,26.0328,32.1332,5.1655
5/1/2014,122.47,0,0,0,0,0,0,0,0,0,0,0,11.4984,43.425,5.7596,85.2903,5.5244,19.4504,25.3066,28.2143,4.9141
5/2/2014,121.59,0,0,0,0,0,0,0,0,0,0,0,11.3174,41.8609,5.6735,80.1737,5.5244,18.7383,27.5044,25.8771,4.9141
5/3/2014,120.22,0,0,0,0,0,0,0,0,0,0,0,11.3174,40.5701,5.5026,76.4062,5.1537,18.7383,27.5044,25.4201,4.6685
5/4/2014,120.22,0,0,0,0,0,0,0,0,0,0,0,11.1369,39.5458,5.3337,72.6995,5.1537,18.7383,26.7654,27.7399,4.4288
5/5/2014,115.13,0,0,0,0,0,0,0,0,0,0,0,11.1369,39.0365,5.3337,71.4777,4.4384,18.3865,26.0328,27.7399,4.195
5/6/2014,119.69,0,0,0,0,0,0,0,0,0,0,0,11.1369,38.529,5.25,69.0549,4.4384,18.0376,26.0328,26.8016,4.195
5/7/2014,122.5,0,0,0,0,0,0,0,0,0,0,0,11.1369,38.276,5.25,67.8539,4.0942,18.3865,26.0328,25.8771,4.195
5/8/2014,121.11,0,0,0.9,0,0,0,0,0,0,0,0,10.9567,37.7715,5.1668,66.66,3.7593,18.0376,26.0328,25.8771,3.9672
5/9/2014,122.66,0,0,0,0,0,3.5,16.2,0.2,0.3,0,0,10.9567,37.5199,6.5565,66.66,3.7593,18.3865,26.0328,25.8771,3.9672
5/10/2014,120.11,0,0,0,0,0,0,0,0,0,0,0,10.9567,37.2688,5.7596,64.2936,3.434,18.0376,26.0328,25.8771,3.9672
5/11/2014,118.1,0,0,0,0,0,3.5,0,0,0,0,0,10.5974,37.0182,5.1668,64.2936,3.434,18.0376,28.2496,25.8771,3.7452
5/12/2014,103.44,0,0,0,0,0,0,0,0,0,0,0,10.5974,36.5184,4.9201,63.121,3.434,16.3364,26.0328,25.8771,3.7452
5/13/2014,93.49,0,0,0,0,0,0,0,0,0,0,0,10.5974,36.2693,4.9201,63.121,3.434,16.0048,25.3066,28.2143,3.7452
5/14/2014,90.96,0,0,0,0,0,0,0,0,0,0,0,10.5974,35.7724,4.9201,61.9558,3.434,16.0048,25.3066,25.8771,3.5292
5/15/2014,84.08,0,0,0,0,0,0,0,0,0,0,0,10.5974,35.2776,4.8388,59.647,3.434,15.6762,24.5869,25.4201,3.5292
5/16/2014,88.48,0,0,0,0,0,0,0,0,0,0,0,10.4184,35.0309,4.8388,59.647,3.1185,15.6762,23.8737,25.4201,3.5292
5/17/2014,84.39,0,0,0,0,0,0,0,0,0,0,0,10.4184,34.539,4.7581,58.5036,3.1185,15.3505,23.8737,24.5167,3.5292
5/18/2014,88.56,0,0,7.1,0,0,0,0,0,0,0,0.3,10.2398,34.539,4.7581,58.5036,2.5186,16.0048,23.8737,23.6274,4.4288
5/19/2014,88.22,0,0,0,0,2.4,0,0,0,0.2,2.3,2.5,10.2398,34.539,5.1668,57.3677,3.1185,16.0048,23.8737,23.6274,4.195
5/20/2014,91.33,0,0,0,0,0,0,0,0,0,0,0,10.2398,34.539,4.9201,57.3677,3.1185,15.6762,23.8737,23.6274,3.9672
5/21/2014,88.33,0,0,0,0,0,0,0,0,0,0,0,10.2398,34.539,4.8388,56.2457,3.1185,16.0048,23.8737,23.6274,3.9672
5/22/2014,84.78,0,0,0,0,0,0,0,0,0,0,0,10.2398,34.539,4.7581,56.2457,2.8133,16.0048,23.8737,23.6274,3.9672
5/23/2014,85.33,0,0,0,0,0,0,0.6,0,0,0,0,10.0616,34.539,4.7581,56.2457,2.8133,15.3505,23.8737,23.6274,3.9672
5/24/2014,83.78,0,0,0,0,0,0,0,0,0,2.6,0,10.0616,34.539,4.8388,57.3677,2.8133,15.3505,23.1671,23.6274,3.9672
5/25/2014,84.78,0,0,0,0,0,0,0,0,0,0,0,10.0616,34.539,4.7581,56.2457,2.8133,14.708,23.1671,23.6274,3.9672
5/26/2014,87.32,3.8,0,0,0,20.3,4.9,16.6,4.6,1.5,17.5,0.6,10.0616,34.539,5.4179,56.2457,4.4384,15.0278,23.1671,23.188,3.7452
5/27/2014,88.18,0,0,15.7,9.8,0,0.2,0.7,0.8,6.2,2.3,0,9.8838,34.7847,6.9228,56.2457,9.2183,15.0278,26.0328,23.188,3.7452
5/28/2014,88.48,0,0,0,0,0,0,0,0,0,0,0,9.8838,35.5248,5.25,57.3677,9.6657,15.3505,26.7654,23.188,3.7452
5/29/2014,84.78,0,0,0,0,0,0,0,0,0,0,0,9.8838,34.7847,4.8388,58.5036,5.5244,15.6762,35.2296,25.8771,3.7452
5/30/2014,80.67,0,0,0,0,0,0,0,0,0,0,0,9.7064,34.2938,4.8388,60.7977,4.4384,16.0048,32.0679,26.8016,3.7452
5/31/2014,80.11,0,0,0,0,0,0,0,0,0,0,0,9.7064,33.8049,4.8388,63.121,3.7593,15.6762,26.7654,35.7405,3.7452
6/1/2014,80.67,0,0,0,0,0,0,0,0,0,0,0,9.7064,34.2938,4.8388,59.647,3.434,16.0048,26.0328,32.6384,3.5292
6/2/2014,75.11,1,0,0,0,2.9,3.9,5.1,2.8,6.7,3.1,4.1,9.7064,33.5612,4.8388,57.3677,3.434,16.0048,26.0328,26.8016,3.5292
6/3/2014,81.67,0,0,0,0,0,0,0,0,0.3,0,0,9.7064,33.0753,4.8388,57.3677,3.434,15.6762,26.7654,25.8771,3.5292
6/4/2014,71.56,0,0,0,0,0,0,0,0,0,0,0,9.5294,33.0753,4.7581,56.2457,3.434,16.3364,26.0328,25.8771,3.5292
6/5/2014,81.67,0,0,0,0,0,0,0,0,0,0,0,9.5294,32.8331,4.6779,56.2457,3.604,15.6762,26.0328,26.8016,3.5292
6/6/2014,80.67,0,0,0,0,0,0,0,0,0,0,0,9.5294,32.5914,4.6779,55.0274,4.31506,15.3505,26.0328,25.8771,3.3192
6/7/2014,76.22,0,0,0,0,0,0,0,0,0,0,0,9.3529,32.1096,4.5981,55.0274,4.37268,15.3505,25.3066,25.8771,3.3192
6/8/2014,76.22,0,0,0,0,0,0,0,0,0,0,0,9.3529,31.6298,4.5981,55.0274,4.37268,15.3505,25.3066,25.8771,3.3192
6/9/2014,73.29,0,0,0,0,0,0,0,0,0,0,0,9.3529,31.3907,4.5189,55.0274,4.28048,15.0278,23.8737,25.4201,3.3192
6/10/2014,75.6,0,0,0,0,0,0,0,0,0,0,0,9.3529,31.3907,4.5189,52.6177,4.59832,15.0278,23.8737,25.4201,3.1152
6/11/2014,82.31,0,0,0,0,0,0,0,0,0,0,0,9.1768,30.9141,4.4402,52.6177,2.93744,14.708,23.8737,23.6274,3.1152
6/12/2014,81.78,0,0,0,0,0,0,0,0,0,0,0,9.1768,30.6766,4.4402,51.4264,3.12664,14.708,23.1671,23.6274,2.9172
6/13/2014,77.22,0,0,0,0,0,0,0,0.8,0.4,0,0,9.1768,30.4395,4.4402,50.2442,4.30614,12.8517,23.1671,23.6274,2.9172
6/14/2014,77.22,0,0,0,0,0,0,0,0,0,0,0,9.1768,30.2031,4.4402,50.2442,4.30614,11.9642,23.1671,23.188,2.9172
6/15/2014,78.22,0,0,0,0,0,0,0,0,0,0,0,9.0011,30.2031,4.362,49.0712,4.37266,11.1041,22.4673,23.188,2.9172
6/16/2014,72.67,0,0,0,0,0,0,0,0,0,0,0,9.0011,30.2031,4.362,47.9075,4.176,10.546,23.1671,22.7522,2.9172
6/17/2014,71.67,0,0,0,0,0,0,0,0,0,0,0,9.0011,29.9671,4.362,47.9075,4.176,9.7323,23.1671,22.7522,2.9172
6/18/2014,67.11,0,0,0,0,0,0,0,0,0,0,0,8.8259,29.7317,4.2844,47.9075,4.33656,10.2717,22.4673,22.7522,2.9172
6/19/2014,68.11,0,0,0,0,0,0,0,0,0,0,0,8.8259,29.4968,4.2844,47.9075,4.33656,10.546,22.4673,22.7522,2.9172
6/20/2014,68.11,0,0,0,0,0,0,0,1.4,0,0,0,8.8259,29.4968,4.2844,47.9075,4.33656,10.2717,22.4673,22.7522,2.9172
6/21/2014,68.11,0,0,0,0,0,0,0,0,0,0,0,8.8259,29.4968,4.2072,47.9075,4.33656,10.546,22.4673,22.7522,2.7253
6/22/2014,63.56,0,0,0,0,0,0,0,0,0,0,0,8.6511,29.4968,4.2072,46.7531,3.53344,11.1041,23.8737,21.8913,2.7253
6/23/2014,63.56,0,0,0,0,0,0,0,0,0,0,0,8.6511,29.2624,4.2072,46.7531,3.53344,10.546,23.8737,21.8913,2.7253
6/24/2014,66.56,0,0,0,0,0,0,0,0,0,0,0,8.6511,29.2624,4.1306,46.7531,4.11092,10.8235,23.1671,21.8913,2.7253
6/25/2014,62.01,0,0,0,0,0,0,0,0,0,0,0,8.4768,29.2624,4.1306,46.7531,3.75908,11.1041,22.4673,21.4662,2.7253
6/26/2014,64.56,0,0,0,0,0,0,0,0,0,0,0,8.4768,29.0286,4.1306,45.6082,3.46984,10.546,22.4673,21.4662,2.7253
6/27/2014,64.56,0,0,0,0,0,0,0,0,0,0,0,8.4768,29.0286,4.1306,45.6082,3.46984,11.1041,21.088,21.4662,2.7253
6/28/2014,59,0,0,0,0,0,0,0,0,0,0,0,8.303,28.7953,4.0545,45.6082,3.05746,10.546,21.7742,21.4662,2.7253
6/29/2014,60,0,0,0,0,0,0,0,0,0,0,0,8.303,28.3303,4.0545,45.6082,3.12056,10.8235,21.088,21.4662,2.7253
6/30/2014,60,0,0,0,0,0,0,0,0,0,0,0,8.303,28.3303,4.0545,44.4727,3.05952,11.1041,21.088,21.4662,2.7253
7/1/2014,60,0,0,0,0,0,0,0,0,0,0,0,8.303,28.3303,3.9789,44.4727,3.1185,10.8235,20.4087,21.4662,2.7253
7/2/2014,55.44,0,0,0,0,0,0,0,0,0,0,0,8.1296,28.3303,3.9789,44.4727,3.1185,10.546,21.088,21.4662,2.7253
7/3/2014,56,0,0,0,0,0,0,0,0,0,0,0,8.1296,28.0986,3.9789,44.4727,3.1185,10.8235,20.4087,21.4662,2.7253
7/4/2014,58.56,0,0,0,0,0,0,0,0,0,0,0,8.1296,28.0986,3.9039,43.3469,3.1185,10.8235,20.4087,21.4662,2.7253
7/5/2014,57.56,0,0,0,0,0,0,0,0,0,0,0,8.1296,27.8675,3.8293,43.3469,2.8133,10.8235,20.4087,21.4662,2.7253
7/6/2014,57.56,0,0,0,0,0,0,0,0,0,0,0,7.9567,27.4069,3.8293,42.2307,2.8133,10.8235,19.7364,21.4662,2.5395
7/7/2014,57.67,0,0,0,0,0,0,0,0,0,0,0,7.9567,27.4069,3.8293,42.2307,2.8133,10.546,19.0712,21.4662,2.5395
7/8/2014,53.46,0,0,0,0,0,0,0,0,0,0,0,7.9567,27.1774,3.8293,41.1243,2.5186,10.546,19.7364,21.0447,2.5395
7/9/2014,55.93,0,0,0,0,0,0,0,0,0,0,0,7.9567,27.1774,3.8293,41.1243,2.5186,10.546,19.7364,21.0447,2.5395
7/10/2014,56.63,0,0,8.2,0,0,0,0,0,0,0,0.3,7.7843,27.1774,3.8293,41.1243,2.5186,10.8235,19.0712,21.0447,2.5395
7/11/2014,50,0,6.6,0,0,2.7,1.4,0,0,0.7,0.6,4.3,7.7843,27.1774,4.2072,40.0276,2.2349,10.546,19.7364,21.0447,2.5395
7/12/2014,50,0,0,0,0,0,0,0,0,0,0,0,7.7843,27.1774,4.1306,40.0276,2.2349,10.546,19.7364,21.0447,2.5395
7/13/2014,50,0,0,0,0,0,0,0,0,0,0,0,7.7843,27.4069,4.0545,40.0276,3.43512,10.546,19.7364,21.0447,2.5395
7/14/2014,48.44,0,0,0,0,0,0,0,0,0,0,0,7.7843,27.8675,4.0545,40.0276,3.37458,10.546,21.088,21.0447,2.5395
7/15/2014,48.44,0,0,0,0,0,0,0,0,0,0,0,7.6124,27.4069,3.9789,41.1243,3.25194,10.2717,19.7364,21.0447,2.5395
7/16/2014,49.44,0,0,0,0,0,0,0,0,0,0,0,7.6124,27.1774,3.9039,42.2307,3.49722,10.546,19.0712,21.0447,2.5395
7/17/2014,51.89,0,0,0,0,0,0,0,0,0,0,0,7.6124,27.1774,3.9039,42.2307,2.86486,10.546,19.0712,21.0447,2.5395
7/18/2014,51.33,0,0,0,0,0,0,0,0,0,0,0,7.6124,27.1774,3.9039,41.1243,2.96736,10.546,19.0712,20.6268,2.3599
7/19/2014,54.11,0,0,0,0,0,0,0,0,0,0,0,7.6124,26.9485,3.9039,41.1243,2.8175,10.2717,19.7364,20.6268,2.3599
7/20/2014,58.58,0,0,0,0,0,0,0,0,0,0,0,7.441,26.7201,3.9039,41.1243,2.93538,8.9467,19.0712,20.6268,2.3599
7/21/2014,67.38,0,0,0,0,0,0,0,0,0,0,0,7.441,26.4923,3.9039,40.0276,2.9459,8.6912,19.0712,20.6268,2.3599
7/22/2014,72.24,0,0,0,0,0,0,0,0,0,0,0,7.441,26.4923,3.9039,40.0276,3.1164,8.4389,19.7364,20.6268,2.3599
7/23/2014,78.03,0,0,0,0,0,0,0,0,0,0,0,7.441,26.4923,3.8293,38.941,2.87658,8.4389,18.4132,21.4662,2.3599
7/24/2014,86.44,0,0,0,0,0,0,0,0,0,0,0,7.441,26.7201,3.8293,38.941,3.46068,8.6912,18.4132,19.8019,2.3599
7/25/2014,97.78,29.2,23.2,0,24.3,21,13.4,10.7,17.4,17.6,16.3,4.5,7.2701,26.9485,4.7581,42.2307,2.2349,10.0004,23.1671,20.2125,2.3599
7/26/2014,104.49,1.4,8.1,18.2,8.5,14.6,3.6,8.3,4,13.5,18,16.3,10.2398,29.7317,5.6735,43.3469,2.8133,10.8235,23.1671,24.9667,6.5097
7/27/2014,108.19,24.2,20,20.3,16,18.6,12.1,10.8,11.4,7.9,13.6,3.5,13.1432,32.8331,6.466,45.6082,4.0942,12.257,29.0011,25.4201,7.3851
7/28/2014,107.5,6.8,6.6,6.4,12.5,11.6,14.8,13.4,13.1,6.3,10.3,4.9,9.8838,35.7724,6.6473,46.7531,5.07026,14.0773,36.0345,32.6384,7.0876
7/29/2014,107.96,0,0,0,0,0,0,0,0,0,0,0,8.4768,36.2693,5.1668,53.8181,6.0614,14.3912,40.9814,40.619,5.6858
7/30/2014,107.96,0,0,0,0,0,0,0,0,0,0,0,8.1296,33.8049,4.5981,58.5036,7.14252,13.7664,37.6613,45.7637,5.4228
7/31/2014,107.5,0,0,0,0,0,0,0,0,0,0,0,8.1296,32.3503,4.5189,66.66,5.38408,13.7664,30.5224,41.1776,5.1655
8/1/2014,103.33,0,0,0,0,0,0,0,0,0,0,0,7.9567,28.5625,4.2072,66.66,4.4384,12.5529,26.7654,33.147,4.4288
8/2/2014,99.17,0,0,0,0,0,0,0,0,0,0,0,7.9567,27.6369,4.2072,61.9558,4.0942,11.3877,26.7654,29.1735,3.9672
8/3/2014,95.15,0,0,0,0,0,0,0,0,0,0,0,7.9567,27.1774,4.1306,53.8181,3.7593,10.2717,25.3066,29.1735,3.7452
8/4/2014,90,0,0,0,0,0,0,0,0,0,0,0,7.9567,26.7201,4.0545,51.4264,3.7593,10.546,23.8737,27.269,3.5292
8/5/2014,82.06,0,0,0,0,0,0,0,0,0,0,0,7.7843,26.4923,4.0545,49.0712,3.7593,10.0004,22.4673,25.8771,3.5292
8/6/2014,75.5,0,0,0,0,0,0,0,0,0,0,0,7.7843,26.265,3.9789,46.7531,3.434,10.0004,21.7742,24.0703,3.3192
8/7/2014,66.78,0,0,0,0,0,0,0,0,0,0,0,7.7843,26.265,3.9039,45.6082,3.434,10.0004,21.088,23.6274,3.1152
8/8/2014,62.15,0,0,0,0,0,0,0,0,0,0,0,7.7843,26.0383,3.9039,44.4727,3.434,9.7323,20.4087,22.32,3.1152
8/9/2014,56.75,0,0,0,0,0,0,0,0,0,0,0,7.7843,25.8122,3.8293,43.3469,3.1185,9.2054,19.0712,21.0447,2.5395
8/10/2014,56.36,0,0,0,0,0,0,0,0,0,0,0,7.6124,25.5866,3.8293,43.3469,3.1185,9.2054,19.7364,20.6268,2.3599
8/11/2014,56.59,0,0,0,0,0,0,0,0,0,0,0,7.6124,25.5866,3.8293,41.1243,3.1185,8.9467,19.7364,20.2125,2.3599
8/12/2014,58.44,0,0,0,0,0,0,0,0,0,0,0,7.6124,25.3616,3.8293,40.0276,3.1185,9.2054,19.0712,19.3948,2.3599
8/13/2014,58.75,0,0,0,0,0,0,0,0,0,0,0,7.6124,25.3616,3.8293,40.0276,2.8133,8.9467,18.4132,19.3948,2.3599
8/14/2014,60.06,0,0,0,0,0,0,0,0,0,0,0,7.6124,25.1372,3.7554,38.941,2.8133,8.9467,17.7625,18.9915,2.3599
8/15/2014,56.59,0,0,0,0,0,0,0,0,0,0,0,7.6124,25.3616,3.7554,38.941,2.8133,8.9467,17.7625,18.9915,2.1863
8/16/2014,54.74,0,0,0,0,0,0,0,0,0,0,0,7.441,24.69,3.7554,38.941,2.5186,8.6912,17.1193,18.5917,2.1863
8/17/2014,52.89,0,0,0,0,0,0,0,0,0,0,0,7.441,23.3624,3.6819,38.941,2.5186,8.9467,17.7625,18.1956,2.1863
8/18/2014,49.26,0,0,0,0,0,0,0,0,0,0,0,7.441,23.1432,3.6819,37.8643,2.5186,8.6912,17.7625,18.9915,2.019
8/19/2014,47.41,0,0,0,0,0,0,0,0,0,0,0,7.441,23.1432,3.6819,35.7414,2.2349,8.4389,17.7625,18.9915,2.019
8/20/2014,45.29,0,0,0,0,0,0,0,0,0,0,0,7.441,23.1432,3.6819,35.7414,2.2349,8.4389,18.4132,18.9915,2.019
8/21/2014,43.38,0,0,0,0,0,0,0,0,0,0,0,7.2701,23.1432,3.6819,35.7414,2.2349,8.4389,20.4087,19.8019,2.019
8/22/2014,44.69,0,0,0,0,0,0,0,0,0,0,0,7.2701,23.1432,3.6819,35.7414,2.2349,8.4389,18.4132,21.4662,2.019
8/23/2014,44.92,0,0,0,0,0,0,0,0,0,0,0,7.2701,23.1432,3.5366,35.7414,1.9627,8.4389,17.7625,19.8019,2.019
8/24/2014,45.61,0,0,0,0,0,0,0,0,0,0,0,7.2701,23.1432,3.4648,35.7414,1.9627,8.4389,17.1193,18.9915,2.019
8/25/2014,45.92,0,0,0,0,0,0,0,0,0,0,0,7.0997,22.7065,3.4648,35.7414,1.9627,7.9438,17.1193,18.1956,1.8579
8/26/2014,50.78,0,0,0,0,0,0,0,0,0,0,0,7.0997,21.8404,3.3935,35.7414,1.9627,7.9438,16.4835,18.1956,1.8579
8/27/2014,49.87,0,0,0,0,0,0,0,0,0,0,0,6.9299,21.1971,3.3935,34.6953,1.9627,7.9438,15.8553,17.4145,1.8579
8/28/2014,50.47,0,0,0,0,0,0,0,0,0,0,0,6.9299,21.1971,3.3935,33.6597,1.9627,7.9438,15.8553,17.0295,1.8579
8/29/2014,49.47,0,0,7.6,0,0.6,0,5.4,3.6,7.2,0.6,0,6.9299,21.1971,3.3935,32.6346,1.9627,8.1897,15.8553,17.0295,1.8579
8/30/2014,50.47,0,0,0,0,0,0,0,0,0,0,0,6.9299,21.1971,3.3935,32.6346,1.7023,7.9438,15.2348,17.0295,1.8579
8/31/2014,49.47,0,0,0,0,0,0,0,0,0,0,0,6.7606,21.1971,3.3935,32.6346,1.7023,7.9438,15.8553,16.2706,1.8579
9/1/2014,45.61,0,0,2.4,0,0,0,0,0,0.3,0,0,6.7606,20.5594,3.3935,32.6346,1.7023,7.9438,16.4835,17.0295,1.8579
9/2/2014,40.75,0,0,0,5,3.1,0,0,0.5,5.1,0,0,7.2701,20.5594,3.3935,32.6346,1.7023,7.9438,17.1193,17.8032,1.8579
9/3/2014,38.61,0,4.1,0,0,4.5,0,5.6,5.4,11,2.2,9.2,7.0997,20.5594,3.4648,31.6201,2.2349,8.1897,17.7625,18.1956,2.019
9/4/2014,41.33,8.2,0,0,0,0,0,1.7,0,0,0,0,6.9299,20.5594,3.4648,31.6201,2.5186,7.9438,17.1193,18.9915,2.019
9/5/2014,41.33,0,0,0,0,0,0,0,0,0,0,0,6.9299,21.1971,3.3935,31.6201,2.2349,8.6912,17.1193,18.1956,2.019
9/6/2014,41.33,0,0,0,0,0,0,0,0,0,0,0,6.9299,21.1971,3.3935,31.6201,1.9627,8.9467,18.4132,18.5917,2.019
9/7/2014,42.33,0,0,0,0,0,0,0,0,0,0,0,6.7606,21.1971,3.3935,32.6346,1.9627,7.9438,17.7625,19.8019,1.8579
9/8/2014,36.47,0,0,0,0,0,0,0,0,0,0,0,6.7606,20.5594,3.3228,32.6346,1.9627,7.9438,16.4835,18.9915,1.8579
9/9/2014,27.75,0,0,0,0,0,0,0,0,0,0,0,6.7606,20.5594,3.3228,32.6346,1.9627,8.1897,17.1193,17.8032,1.8579
9/10/2014,27.75,0,0,0,0,0,0,0,0,0,0,0,6.5919,19.9273,3.3228,31.6201,1.9627,8.4389,16.4835,18.1956,2.019
9/11/2014,22.89,0,0,0,0,0,0,0,0,0,0,0,6.5919,19.9273,3.2527,31.6201,1.7023,7.9438,15.8553,17.4145,1.703
9/12/2014,22.89,0,0,0,0,0,0,0,0,0,0,0,6.4237,19.3009,3.183,30.6163,1.7023,8.4389,15.2348,17.0295,1.703
9/13/2014,22.89,0,0,0,0,0,0,0,0,0,0,0,6.4237,19.3009,3.183,30.6163,1.7023,8.1897,14.6221,16.2706,1.703
9/14/2014,28.75,0,0,0,0,0,0,0,0,0,0,0,6.4237,18.6802,3.183,29.6234,1.7023,8.4389,14.6221,15.8968,1.703
9/15/2014,29.75,0,0,0,0,0,0,0,0,0,0,0,6.2561,18.0654,3.183,29.6234,1.7023,8.4389,14.6221,15.8968,1.703
9/16/2014,29.75,0,0,0,0,0,0,0,0,0,0,0,6.2561,17.4565,3.183,28.6414,1.7023,8.4389,14.0174,15.5267,1.703
9/17/2014,32.61,2,0,0,0,0,0,0,0,0,2.9,0,6.2561,17.2548,3.183,27.6706,1.4546,8.1897,13.4208,15.1603,1.703
9/18/2014,28.75,0,0,0,0,0,0,0,0,0,0,0,6.2561,17.2548,3.183,26.711,1.4546,8.1897,13.4208,14.7977,1.703
9/19/2014,31.61,0,0,0,0,0,0,0,0,0,0,0,6.0891,17.2548,3.114,26.711,1.4546,7.9438,13.4208,14.4389,1.5544
9/20/2014,35.61,0,0,0,0,0,0,0,0,0,0,0,6.0891,17.2548,3.114,26.711,1.4546,7.2255,12.8324,14.4389,1.5544
9/21/2014,39.47,0,0,0,0,0,0,0,0,0.2,1.2,3.2,6.0891,17.2548,3.114,26.711,1.4546,6.0939,12.8324,14.0839,1.5544
9/22/2014,39.47,0,0,0,0,0,4.1,0,0,2.9,0,0,6.0891,17.2548,3.114,26.711,1.22,6.0939,12.8324,14.0839,1.5544
9/23/2014,34.61,0,0,0,0,0,0,0,0,0,0,0,6.0891,16.8536,3.114,26.711,1.22,5.8775,12.8324,13.7327,1.5544
9/24/2014,29.75,0,0,0,0,0,0,0,0,0,0,0,6.0891,16.6539,3.0455,26.711,1.22,5.6646,12.2523,13.7327,1.5544
9/25/2014,26.89,0,0,0,0,0,0,0,0,0,0,0,6.0891,16.6539,2.9776,25.7627,1.22,5.8775,12.2523,13.3853,1.5544
9/26/2014,28.89,0,0,0,0,0,0,0,0,0,0,0,6.0891,16.6539,2.9776,25.7627,1.22,5.8775,12.2523,13.0418,1.5544
9/27/2014,25.61,0,0,0,0,0,0,0,0,0,0,0,5.9227,16.6539,2.9102,25.7627,1.22,5.8775,11.6807,13.0418,1.4122
9/28/2014,21.89,0,0,0,0,0,0,0,0,0,0,0,5.9227,16.6539,2.9102,25.7627,1.22,6.5366,11.6807,12.7021,1.4122
9/29/2014,21.03,0,0,0,0,0,2.1,4.5,5,0,0,0,5.9227,16.2567,2.9102,25.7627,0.9995,6.5366,11.6807,12.7021,1.4122
9/30/2014,16.17,0,0,0,0,0,0,0,0,0.8,1.1,0,5.9227,16.0592,2.9102,25.7627,0.9995,5.8775,12.2523,12.7021,1.4122
10/1/2014,16.17,0,0,0,0,2.5,0,0,0,0,2.3,7.6,5.9227,16.0592,2.9102,24.826,0.9995,6.3136,13.4208,13.3853,1.4122
10/2/2014,16.03,0,0,22.1,0,3.5,0,0,4,0,0,0,6.9299,16.0592,3.2527,24.826,0.9995,6.7629,14.6221,14.7977,1.8579
10/3/2014,14.89,0,0,0,0,0,0,0,0,0,0,0,6.0891,16.0592,3.183,24.826,0.9995,5.8775,15.8553,15.8968,1.5544
10/4/2014,14.19,0,0,0,0,0,0,0,0,0,0,0,5.9227,16.0592,3.0455,24.826,0.794,5.8775,15.2348,16.6482,1.5544
10/5/2014,13.5,0,0,0,0,0,0,0,0,0,0,0,5.9227,16.0592,2.7773,24.826,0.794,5.8775,14.0174,16.2706,1.4122
10/6/2014,13.19,0,0,0,0,0,2.4,0,0,0,0,0,5.9227,16.0592,2.7773,24.826,0.794,5.8775,13.4208,15.1603,1.4122
10/7/2014,9.41,0,0,0,0,0,1.2,0,0,0,0,0,5.9227,16.0592,2.7773,24.826,0.794,5.6646,12.8324,14.4389,1.2763
10/8/2014,11.33,0,0,0,0,0,14.7,0,0,0,0,0,5.9227,15.0818,2.7773,24.826,0.794,5.2488,11.6807,13.7327,1.2763
10/9/2014,11.42,0,0,0,0,0,0,0,0,0,0,0,5.5916,14.8885,2.7773,24.826,0.794,5.2488,11.1178,13.0418,1.1469
10/10/2014,11.51,0,0,0,0,0,0,0,0,0,0,0,5.5916,14.8885,2.7773,22.9875,0.6048,5.2488,11.1178,12.3663,1.1469
10/11/2014,11.67,0,0,0,0,0,0,0,0,0,0,0,5.5916,14.8885,2.6466,22.9875,0.6048,5.455,10.5636,12.0343,1.1469
10/12/2014,12.37,0,0,0,0,0,0,0,0,0,0,0,5.5916,14.5039,2.6466,22.9875,0.6048,5.8775,10.5636,11.7063,1.1469
10/13/2014,16.85,0,0,0,0,0,0,0,0,0,0,0,5.5916,14.3127,2.6466,22.9875,0.6048,5.6646,10.5636,11.7063,1.0239
10/14/2014,16.54,0,0,0,0,0,0,0,0,0,0,0,5.4271,14.3127,2.6466,22.0861,0.6048,5.2488,10.0185,11.3821,1.0239
10/15/2014,16.15,0,0,0,0,0,0,0,0,0,0,0,5.4271,13.9325,2.5822,22.0861,0.6048,5.2488,10.0185,11.0619,1.0239
10/16/2014,19.85,0,0,0,0,0,0,0,0,0,0,0,5.4271,13.7435,2.5183,22.0861,0.6048,5.2488,9.4824,11.0619,1.0239
10/17/2014,21.09,0,0,0,0,0,0,0,0,0,0,0,5.4271,13.7435,2.5183,21.1968,0.6048,5.455,9.4824,10.7456,1.0239
10/18/2014,23.33,0,0,0,0,0,0,0.7,0,0,0,0,5.4271,13.1809,2.5183,21.1968,0.6048,5.0461,9.4824,10.4333,1.0239
10/19/2014,18.7,0,0,0,0,0,18.9,2.6,0.6,0,0,0,5.4271,14.1222,2.5183,21.1968,0.6048,5.0461,9.4824,10.4333,0.9074
10/20/2014,16.85,8.6,0,0,0.5,0,12.9,3.8,1.8,0.8,0,0.3,5.4271,18.0654,2.5822,20.3197,0.6048,5.2488,10.0185,10.4333,0.9074
10/21/2014,14.54,4.2,0,0,0,0.6,73.5,8.8,14.4,67,1.9,29.7,7.6124,19.0934,3.3228,22.0861,0.6048,6.0939,12.2523,11.7063,0.9074
10/22/2014,17.55,0,4.5,8.2,0,5.1,0,0,0,0,5.1,17.9,6.9299,19.7179,3.8293,28.6414,0.6048,7.9438,15.8553,15.5267,1.4122
10/23/2014,23.25,0,0,0,0,0,0,0,0,0,0,0,6.0891,18.2697,3.2527,29.6234,0.9995,7.7011,19.0712,19.8019,1.2763
10/24/2014,27.8,0,0,0,0,0,0,0,0,0,0,0,5.9227,20.1374,2.9102,30.6163,1.7023,6.9925,19.0712,23.6274,1.1469
10/25/2014,27.33,0,0,0,15.7,0,0,0,0,0,0,1.3,5.9227,21.1971,2.8435,27.6706,3.1185,9.7323,17.1193,23.188,1.1469
10/26/2014,27.8,15.2,3.2,25.1,16.9,27.9,6.9,13.7,7.8,9.8,12.3,14,7.0997,20.5594,3.9039,31.6201,3.7593,11.9642,15.8553,21.0447,4.6685
10/27/2014,30.65,17,16.1,0,0,18.9,18,19.1,29,15.9,15.4,10,9.1768,26.4923,5.5878,32.6346,3.1185,10.8235,17.1193,19.8019,4.195
10/28/2014,38.98,1,0,0,0,0,9.1,0,0,0,0,0,6.9299,27.8675,3.609,31.6201,2.5186,13.1536,21.088,21.4662,2.9172
10/29/2014,47.17,0,0,0,0,0,0,0,0,0,0,0,6.2561,25.1372,3.3935,31.6201,1.9627,11.3877,23.8737,26.3376,2.3599
10/30/2014,53.75,2.6,0.7,0,0,0,0,0,0,0,0,0,6.4237,24.0236,3.4648,31.6201,0.9995,10.0004,23.1671,29.6582,2.1863
10/31/2014,65.03,72.8,6.1,0,0,40.1,7.76,9.3,16,0,0,0,10.7769,23.3624,6.8305,36.7977,0.794,10.2717,20.4087,28.6922,2.019
11/1/2014,82.62,0,0,21.3,6.7,0,0,0,0,0,0,0,7.0997,28.3303,4.0545,43.3469,1.7023,12.8517,17.7625,24.9667,2.019
11/2/2014,82.62,0,0,0,0,0,0,0,0,39.1,3.8,32.3,6.4237,24.69,3.8293,36.7977,3.1185,13.1536,17.7625,21.8913,1.8579
11/3/2014,65.57,0,0,0,0,7.9,5.7,0,0,0,0,0,7.9567,24.0236,3.6819,34.6953,2.8133,11.3877,17.7625,21.8913,1.8579
11/4/2014,68.83,0,0,0,0,0,0,0,0,0,0,0,6.9299,32.8331,3.5366,34.6953,2.2349,9.2054,17.7625,21.8913,1.703
11/5/2014,80.17,0,0,0,0,0,0,0,0,0,0,1.3,6.5919,30.9141,3.3228,38.941,2.2349,8.4389,15.8553,21.8913,1.703
11/6/2014,71.67,0,0,0,14.7,67.5,0,0,0,0,17.1,4.6,22.2994,25.5866,10.647,38.941,2.5186,9.2054,13.4208,19.3948,1.703
11/7/2014,58.26,0,0,0,11.9,0,2.6,8.2,10,0,2.2,0.5,8.8259,24.4673,6.9228,43.3469,2.8133,8.9467,13.4208,16.6482,1.703
11/8/2014,66.82,0,0,0,4,0.6,0,1.4,0.8,0.5,0,2.5,8.303,36.2693,5.3337,45.6082,2.5186,8.1897,13.4208,16.6482,1.703
11/9/2014,75.62,0,2.7,0,0,0,0,0,0,0,0,0,9.3529,31.3907,4.0545,44.4727,2.2349,8.4389,12.8324,16.6482,1.5544
11/10/2014,88.81,4.8,0,0,0,12.4,0,0,3.5,3.2,1.2,10,7.9567,29.9671,3.9789,44.4727,2.2349,8.1897,20.4087,16.6482,1.5544
11/11/2014,110.81,0,0,0,0,0,4.1,0,0,0,0,0,7.2701,32.5914,3.6819,52.6177,1.9627,7.4617,23.1671,25.4201,1.5544
11/12/2014,111.27,0,0,0,0,0,0,0,0,0,0,0,6.9299,28.0986,3.609,46.7531,1.9627,8.1897,29.0011,29.1735,1.5544
11/13/2014,107.33,0,1,0,29.3,0.4,12.6,17,0.4,12.3,4,0,6.7606,26.4923,3.5366,44.4727,2.5186,10.8235,28.2496,36.2693,1.5544
11/14/2014,116.67,13,0,6.8,0,0,6.8,27.1,2.8,8.4,24.4,3.5,6.7606,25.8122,3.4648,43.3469,2.8133,11.3877,28.2496,35.2151,6.7958
11/15/2014,132.33,0,11.9,11.2,0,1.6,0,7.1,46,8.7,3.4,8,7.7843,26.7201,3.4648,43.3469,3.1185,10.8235,48.7647,37.8756,5.4228
11/16/2014,153.4,3.4,8.1,0,0,0,0,0,0,0,0,0.8,6.9299,25.8122,3.3228,38.941,3.1185,9.2054,46.9987,64.7804,4.195
11/17/2014,159.19,0,0,0,0,0,0,0,0,0,0,0,6.7606,24.4673,3.3228,36.7977,2.8133,9.7323,40.1432,61.4151,3.3192
11/18/2014,159.19,0,0,0,0,0,0,0,0,0,0,0,6.5919,23.8026,3.3228,38.941,2.5186,8.1897,31.2921,51.17,3.1152
11/19/2014,168.98,0,0,0,0,0,0,0,0,0,0,0,6.5919,23.5822,3.2527,37.8643,2.5186,7.9438,25.3066,38.9631,3.1152
11/20/2014,194.37,0,0,0,0,0,0,0,0,0,0,0,6.5919,22.7065,3.114,37.8643,2.2349,8.4389,21.088,31.133,2.7253
11/21/2014,218.29,0,0,0,0,0,0,0,0,0,0,0,6.5919,21.8404,2.9102,35.7414,1.9627,8.4389,19.0712,25.8771,2.3599
11/22/2014,219.83,0,0,0,0,0,0,0,0,0,0,0,6.4237,20.984,2.8435,32.6346,1.7023,8.4389,16.4835,23.188,2.3599
11/23/2014,235.57,2.6,27.5,26.5,40.3,23.8,67.3,41,29.8,0,0,5.7,6.5919,20.7714,4.1306,31.6201,1.7023,9.2054,44.3883,23.188,4.195
11/24/2014,282.33,5,17.6,16.6,8.5,4.5,6.3,22.3,43.5,42.5,1.9,8.5,7.7843,20.1374,10.7557,32.6346,1.7023,10.546,42.6742,58.1273,9.6263
11/25/2014,314.67,12,22.7,12.4,7.9,6.8,12.6,3.8,3.6,22.4,11.4,0.6,10.5974,56.7866,8.0653,36.7977,5.1537,13.4585,28.2496,53.6558,18.4323
11/26/2014,370.07,10.6,4.2,28.6,17.9,74.9,17.4,6.3,4.9,10.7,11.1,86.5,21.0508,106.283,13.8427,38.941,9.6657,14.0773,44.3883,36.8014,47.8992
11/27/2014,433.19,11.8,6.4,18.7,22,82.9,15.1,21.9,20.3,47.5,71.2,23.8,29.9275,171.206,32.0045,44.4727,9.6657,12.5529,68.8341,60.7513,79.3119
11/28/2014,523.85,12.2,4.1,32.3,5.2,101.5,22.2,25.7,2.6,22.5,13.2,44,50.7142,235.02,47.3108,81.443,9.6657,16.0048,77.2104,96.0358,62.6666
11/29/2014,620.61,15.4,16.8,41.5,18,36,9.2,13.9,20.4,0.7,38.6,27.4,27.2253,242.995,40.5631,241.237,12.4929,26.0382,119.022,115.347,37.1611
11/30/2014,761.81,18.2,0.5,15.1,13.5,13.9,107,15.7,5.2,27,8.3,21.3,18.3779,276.712,15.6796,334.079,18.8195,51.0147,235.85,201.711,29.2529
12/1/2014,994.15,4.2,16.5,0,7.4,13.5,9.8,12.2,8,18.2,12.2,21,37.2818,206.468,14.4455,379.882,18.8195,48.7728,179.456,346.235,25.3891
12/2/2014,842.22,0,0,0,0,3.6,0,3.2,0,1.1,0.7,3.6,32.1409,261.678,13.9625,394.862,16.0802,51.0147,87.7447,270.43,40.8819
12/3/2014,820.86,0,0,4.6,0,0,0,0,0,0.3,0,1,29.654,183.129,10.3233,397.018,14.5063,43.0175,72.529,124.215,34.2788
12/4/2014,741.08,0,0,8.1,33.7,0,0,0,0,0,0,0.2,27.4922,107.862,8.6605,390.563,17.1589,39.5864,56.0293,98.4681,20.798
12/5/2014,645.86,48.6,0,0,4.3,16.4,0,7.6,12.5,43,0,1.3,30.7522,81.0756,8.4604,363,24.0951,32.4939,59.7782,75.3358,32.168
12/6/2014,579.81,0,46.6,0,23.4,11,7,12.5,9.6,4.8,5.2,24.6,30.4766,74.9268,14.2032,173.597,25.947,48.0356,53.2681,79.7486,23.296
12/7/2014,509.89,0,0,12.5,0,0,0,6.7,0.4,3.1,8.1,5.5,27.4922,127.211,9.066,132.808,29.7839,56.4215,82.9172,74.6109,20.3142
12/8/2014,461.28,0,0,0,3.7,0,0,0.3,1,4.1,0,0,24.0814,139.427,8.4604,134.309,29.1324,67.1088,54.1836,114.476,24.858
12/9/2014,441.83,0,0,11.9,7,0.6,0,0,0,0,0,4.1,29.654,89.2531,7.6773,212.595,26.5743,51.7721,44.3883,71.0315,29.2529
12/10/2014,416.53,0,3.6,0,4.7,12.6,0,0,0,0,3.5,3,24.0814,69.6478,8.8624,221.416,24.7074,40.9434,39.3103,56.834,32.7665
12/11/2014,413.67,0,3.7,15.8,0,13.5,0,0,0,0,1.2,7.6,27.7599,83.1742,11.3055,143.43,18.2604,30.6695,36.8451,49.9462,36.7962
12/12/2014,420.23,0,0,3.4,0,3.6,0,0,0,0,0.5,18.3,25.902,120.461,12.6658,118.115,17.1589,27.164,33.6371,46.3515,43.1759
12/13/2014,438.98,0,0,4.8,34.7,6.6,0,0,0,2.5,0.5,6.7,23.3129,117.561,23.7968,144.969,19.9544,24.9339,30.5224,41.7395,54.0509
12/14/2014,471.85,31.6,40.8,3.3,32,1.9,18.7,37.7,25.6,25.3,18.9,27,19.823,96.6544,16.5656,198.733,19.9544,27.7349,60.691,41.7395,34.6345
12/15/2014,489.37,13,51.8,0,0,4.4,10.7,18.2,16.8,12.7,2.4,0,16.7026,71.9357,10.9744,190.229,16.6167,36.9345,70.6759,83.5082,27.0138
12/16/2014,490.37,0,7.8,0,0,0,0,0.7,0,0,0,0,15.3784,64.5695,9.2714,154.32,14.5063,46.5764,71.601,98.4681,25.3891
12/17/2014,461.27,0,0,0,34,0,0,0,0,0,0,0,14.4416,59.6358,8.0653,118.115,13.4872,44.4258,65.1853,98.4681,25.3891
12/18/2014,435.19,0,0,4.2,0,0,0,0,0,0,0,0,13.6977,56.2215,7.6773,105.391,14.5063,43.7191,47.8792,86.5694,24.3321
12/19/2014,402.71,0,0,0,0,0.6,0,0,0,0,0,3.5,13.3277,63.1068,6.9228,98.5341,16.0802,30.072,40.1432,61.4151,23.8114
12/20/2014,387.9,0,0,0,12.4,0,0,10.1,5.2,0.4,0.5,14.9,20.0669,70.6242,8.0653,94.4943,17.1589,23.318,57.8942,53.6558,22.281
12/21/2014,376.09,0,0,15.8,0,10.8,10.6,0.3,25.2,22.9,22.7,4,34.1142,78.6581,10.647,106.781,17.1589,26.0382,56.9593,77.5287,28.123
12/22/2014,363.59,5.6,17.6,0,0,14.4,7.1,7.2,1.3,3.8,0.5,16.4,21.7975,103.545,8.0653,118.115,16.0802,36.2844,48.7647,75.3358,25.3891
12/23/2014,317.76,0,0,3.6,0,2.4,0,0,0,23.3,7.2,23.6,20.0669,121.295,8.0653,135.815,15.5497,45.1376,45.2532,63.425,24.858
12/24/2014,320.07,55.2,11.4,0,0,4.8,0,32.4,0,5.8,0.5,27.1,19.0965,150.764,9.4784,175.237,14.5063,46.5764,40.9814,58.1273,22.281
12/25/2014,297.08,0,0,0,1.2,0,0,0,0,0,0,0,25.1171,155.412,9.1685,207.361,12.4929,40.2624,36.0345,51.7867,17.5233
12/26/2014,290.14,0,0,0,0,0,0,0,0,0,0,0,21.5477,97.7878,7.1087,250.432,11.0494,43.0175,34.4305,45.179,13.6994
12/27/2014,301.02,0,0,2.8,0,0,0,0,0,0,0,0,18.6166,80.0354,6.466,244.902,10.1202,42.321,32.0679,42.873,11.0301
12/28/2014,285.97,0,0,0,0,0,0,0,0,0,0,0,16.7026,70.298,6.109,159.068,10.1202,42.321,28.2496,39.5118,7.6884
12/29/2014,270.69,0,0,0,0,0,0,0,0,0,0,0,13.3277,62.2338,5.7596,131.313,9.6657,31.8805,26.7654,34.693,6.2293
12/30/2014,245,0,0,0,0,0,0,0,0,0,0,2.7,12.0435,58.4913,5.4179,115.246,9.6657,29.4797,23.8737,32.6384,5.6858
12/31/2014,226.94,0,0,4.2,2.3,0,0,0,0,0,0,10,12.0435,60.7866,6.7387,102.63,9.2183,21.2397,23.1671,29.1735,5.4228
1/1/2015,191.3,0,0,0,0,0,0,1,0,15.9,15.4,0,12.5918,65.5738,5.9334,102.085,8.5132,18.7383,22.4673,25.4201,6.0131
1/2/2015,188.06,0,0,2.5,0,0,0,0,0,0,0,0,11.1369,64.6118,5.3337,96.5792,8.1222,16.3364,21.0879,24.0703,5.6866
1/3/2015,177.33,0,0,0,27.4,67.1,0,2,0.8,6.6,36.1,0.7,11.4984,62.7073,11.3055,104.874,7.7372,15.0278,23.1671,26.3376,5.3632
1/4/2015,187.06,19.2,5.4,26.1,0,18.9,8.7,4,1.3,11.3,37.5,2.3,18.8561,58.061,9.8975,114.822,11.4112,17.3484,25.3066,29.1735,5.0431
1/5/2015,206.5,0,0,0,0,2.4,2.2,0.4,3.8,0,36.2,0,11.6797,64.6118,7.0155,137.083,12.735,31.2724,28.2496,32.6384,8.0312
1/6/2015,206.33,0,0,0,0,0,0,0,0,0,0,0,13.3277,59.8994,6.1976,134.043,12.735,31.2724,26.0328,30.1464,7.6882
1/7/2015,206.33,0,0,0,0,0,0,0,12.5,0,0,0.8,11.4984,56.9072,5.5878,137.083,10.9806,28.8928,32.0679,37.3369,7.3478
1/8/2015,191.22,0,0,0,0,0,0,0,0,0,0,0,11.3174,54.6196,5.3337,138.612,9.3129,27.164,31.2921,36.2693,6.6749
1/9/2015,177.56,0,0,0,0,0,0,0,0,0,0,0,11.1369,51.2391,5.25,123.575,8.5132,21.7511,28.2496,32.6384,6.0131
1/10/2015,177.56,0,0,0,0,0,0,0,0,0,0,0,10.9567,51.2391,5.1668,117.717,8.1222,18.3865,23.8737,27.269,5.6866
1/11/2015,122,0,0,0,0,0,0,0,0,0,0,0,10.5974,47.1017,5.084,111.951,8.1222,16.3364,20.4087,23.188,5.3632
1/12/2015,122,0,0,0,0,0,0,0,0,0,0,0,10.4184,43.5979,5.0018,114.822,7.7372,15.0278,19.0712,21.4662,5.3632
1/13/2015,117.44,0,0,0,0,0,0,0,0,0,0,0,10.0616,42.8003,4.8388,125.054,6.2595,14.3912,18.4132,20.6268,4.7263
1/14/2015,116.44,0,0,0,0,0,0,0,0,0,0,0,9.8838,41.218,4.6779,131.025,5.2202,13.1536,17.2046,19.3948,4.1033
1/15/2015,110.89,0,0,0,0,0,0,0,0,0,0,0,9.7064,39.6529,4.5981,132.531,4.8876,11.9642,17.2046,19.3948,4.1033
1/16/2015,94.22,0,0,0,0,0,0,0,0,0,0,0,9.3529,38.1052,4.4402,95.2181,4.8876,11.3877,15.9948,17.8032,3.4958
1/17/2015,77.56,0,0,0,0,0,0,0,0,0,0,0,9.1768,36.0693,4.362,74.3045,3.9337,10.546,15.5952,17.4145,3.4958
1/18/2015,66.44,0,0,0,0,0,0,0,0,0,0,0,9.0011,36.5753,4.362,68.1168,3.9337,10.546,15.5952,17.4145,2.9054
1/19/2015,56,0,0,0,0,0,0,0,0,0,0,0,8.8259,35.5653,4.362,63.292,3.9337,10.546,15.1975,16.6482,2.9054
1/20/2015,56,0,0,0,0,0,0,0,0,0,0,0,8.8259,34.5635,4.2072,58.5818,3.631,10.0004,14.016,15.5267,2.9054
1/21/2015,60.67,0,0,0,0,0,0,0,0,0,0,26.7,9.1768,34.3143,4.0545,57.4226,3.631,10.0004,14.016,15.5267,3.7975
1/22/2015,80.11,0,0,0,0,13.7,0,0.5,0,32.6,1.9,5.7,10.2398,33.8176,4.5981,56.2708,3.631,11.1041,15.5952,17.4145,4.7263
1/23/2015,99.09,0,0,0,0,1.8,0,0,0,9.2,37.1,0,10.0616,34.8132,5.084,57.4226,3.631,11.1041,15.9948,17.8032,4.4129
1/24/2015,120,0,44.8,0,17.9,2.2,39.4,8,6.8,2.8,2.5,0,11.4984,39.3937,5.0018,58.5818,4.2442,12.257,14.4079,15.8968,4.1033
1/25/2015,139.91,10.2,0,0,16,1.4,22,5.2,55.8,8.1,0,71,28.5673,59.2834,5.25,59.7484,5.5598,15.0278,27.5044,31.6314,3.7975
1/26/2015,167.61,14.6,14.2,0,23.9,3.1,0,2.2,0.3,4.4,0,11.2,18.6166,68.8273,6.3761,63.292,8.1222,17.6916,19.0712,21.4662,3.4958
1/27/2015,191.06,56,1.2,10.6,19,24.5,50.7,48.8,24.2,7.1,9.6,7.9,25.378,65.8959,9.2714,68.1168,18.4774,20.7338,56.9593,67.5281,5.0431
1/28/2015,216.22,17.6,41.1,0,0,0.6,1.9,27.6,7.7,0,0,0.5,18.3779,56.9072,7.9676,81.9526,16.4869,23.8512,55.104,64.7804,4.7263
1/29/2015,232.89,19.4,0,0,0,8.8,1.5,2.7,14,5.9,4.7,3.7,11.8614,59.8994,7.1087,100.699,16.4869,28.3112,43.5286,51.17,4.4129
1/30/2015,230.11,0,0,0,0,0,78.5,0,0,0,0,11.3,7.6124,52.0785,5.5026,104.874,18.4774,32.4939,33.6371,38.9631,4.1033
1/31/2015,202.33,0,0,0,0,0,0,0,0,0.3,0,0,7.0997,50.6818,5.25,92.5145,18.4774,24.9339,34.4305,40.0638,4.1033
2/1/2015,191.22,0,0,0,0,0.1,0,12.2,0,0.5,1.7,0,9.0011,47.1017,5.1668,89.8358,17.473,23.8512,32.8495,38.4177,4.1033
2/2/2015,163.44,0,0,0,74.2,0,6.2,0,0,6.5,0,4.1,8.6511,42.5354,4.8388,89.8358,16.9776,19.4504,26.7654,30.638,3.7975
2/3/2015,157.89,0,0,0,0,22,0,0,0,24.8,30.4,0,8.4768,40.4333,7.5814,79.3767,10.1356,17.6916,46.9987,55.5533,3.4958
2/4/2015,230.11,16.8,19,0,2.3,0,0,0,0,0,0,5.6,8.6511,56.9072,5.6735,71.8088,9.3129,18.3865,41.8251,48.7351,3.4958
2/5/2015,396.78,7,19.4,8.6,64.3,41.2,25.5,4.2,10,1.9,3.6,28.7,19.0965,75.2064,6.1091,70.5712,9.7214,40.9434,46.9987,55.5533,9.4269
2/6/2015,676.56,25.6,52.6,14.5,1.9,0,67.5,33.3,49.8,15.4,91.2,54,16.5126,98.9626,8.4604,110.523,11.8472,39.5864,100.588,119.746,14.192
2/7/2015,787.2,3.8,2.2,16.3,0,4.1,8.5,4.2,2.4,8.2,0,24.7,28.2974,192.862,16.0571,92.5145,13.6433,47.3035,99.5853,86.5694,26.4671
2/8/2015,859.89,27,25.2,24.2,13.5,6.1,3.6,3.9,7.7,3.1,0.6,0.5,37.5737,213.342,18.6578,155.774,13.6433,42.321,76.2687,176.886,43.9507
2/9/2015,914.44,39.2,11.5,2.3,0,13.1,18.6,51.9,35,38.5,14.1,22.3,22.5515,177.363,12.3204,246.85,89.6208,49.5151,81.9595,131.511,22.281
2/10/2015,947.55,0,2.8,0,51,8.2,3.1,1,0,2.4,0,0,18.6166,219.446,11.9785,276.854,74.3502,112.693,253.292,158.444,13.8144
2/11/2015,932.66,1,9.3,9.4,0,20.7,2.9,3.8,0,11.4,13.1,22,18.1401,241.719,10.0033,273.044,34.3023,92.6046,156.815,302.686,16.8808
2/12/2015,857.78,0,0,0,0,0,0,0,0,0.2,0,13.2,28.8379,192.862,8.964,288.386,24.872,78.3969,99.5853,187.507,14.5713
2/13/2015,753.78,0,0,0,0,0,0,0,0,0.1,0,0,25.6396,158.104,7.3909,288.386,18.9864,77.6761,70.6759,177.936,13.0644
2/14/2015,636.02,0,0,0,0,0,0,0,0,0,0,0,20.8035,111.742,7.2964,269.25,12.2885,60.5559,54.1836,94.4287,12.692
2/15/2015,545.67,1,0,0,4.5,0,0,0,0,0,3.5,0,23.3129,89.4742,7.8704,257.972,10.5553,49.9297,44.3882,71.7413,11.5859
2/16/2015,490.11,0,0,0,0,21.4,0,23.3,1,9.4,8.6,3.5,20.5571,102.88,8.6605,197.073,9.3129,45.2232,42.6742,58.1273,9.4269
2/17/2015,467.89,10,0,20.6,1.9,60.5,4.9,3.6,0,1.1,60.6,1.6,21.0508,109.291,23.84,167.024,8.5132,44.0766,41.8251,55.5533,34.9914
2/18/2015,479,33.2,0,30.2,15.3,7.5,0,17,3.5,9.5,40.5,42.1,23.3129,117.975,16.8221,158.963,14.105,46.3819,62.4796,54.2851,45.5152
2/19/2015,512.33,9.8,7.8,23.5,8.5,16.5,6.1,16.7,26.6,17.5,9.8,17,30.4766,130.902,13.0148,175.211,17.9729,45.2232,67.0039,79.0057,34.9914
2/20/2015,529.46,2,6.1,36.6,9.8,15.1,0,13.5,1,1.3,4.6,4.9,22.5515,223.371,10.647,209.18,20.5401,60.5559,67.0039,86.5694,57.0135
2/21/2015,531,0,0,0,0,0,0,0,0,0,0,0,19.58,189.715,12.5503,261.715,21.5977,96.5031,67.9175,86.5694,44.7304
2/22/2015,514.33,0,0,0,0,0,0,0,0,0,0,0,17.9032,138.952,10.7557,286.453,20.5401,74.1131,56.9593,88.1177,36.4326
2/23/2015,499.69,0,0,0,0,0,0,6.8,0.8,0.1,0,0,16.5126,102.88,9.2714,307.935,19.4999,55.4508,45.2532,74.6109,24.3321
2/24/2015,470.89,0,0,0,0,0,0,0,0,0,0,0,15.5667,87.629,8.5602,261.715,18.4774,46.3819,40.1432,59.4331,20.8478
2/25/2015,450.21,0,3.3,0,0,0,0,33.6,1,5.1,0,0,15.1905,80.0714,8.0653,209.18,17.473,44.0766,32.8495,52.4065,20.0434
2/26/2015,439.03,75,5.7,22,0,3.4,5.9,0.8,17,0,0.4,9.4,14.8154,82.1989,11.8653,173.564,16.4869,43.5078,41.8251,43.4446,53.6324
2/27/2015,430.46,0,0,21,0,0.4,1.5,1.6,5.4,4.3,0,0,16.5126,93.9741,11.5282,152.607,14.5717,45.8011,36.0345,53.6558,103.117
2/28/2015,452.69,3.8,3.2,16,0,10.7,3.3,0,4.2,14.4,2.3,22.8,15.0028,90.2171,10.7557,151.03,9.3129,49.9297,36.8451,46.9426,115.577
3/1/2015,457.78,0,1.7,18.2,0,1.1,0,0,0,4.7,6.4,0,15.1905,80.4242,8.5602,167.024,9.3129,44.0766,69.7536,47.5369,94.2448
3/2/2015,436.02,0,10,14.6,3.2,6.1,0,0,0.4,0,0,1.9,14.6283,75.8928,8.262,171.921,8.9101,39.6116,60.691,88.1177,75.9641
3/3/2015,448.74,0,0,0,0,0.6,0,0,0,0.9,0,0,14.6283,71.4818,7.7736,173.564,8.5132,36.3922,44.3882,79.7486,68.9697
3/4/2015,439.94,12.4,0,13.5,0,0,2,0,0,0,0,0,15.3784,67.5173,7.5814,165.402,8.1222,35.344,38.483,58.7786,63.9987
3/5/2015,454.22,3,17.6,11.8,0,5.8,3.1,6.2,0,3.3,18.7,0,17.9032,66.8666,7.7736,155.774,7.7372,35.344,38.483,50.5565,38.6339
3/6/2015,474.52,0,0,0,0,0,0,0.5,2.6,0,0,0,21.5477,72.1525,8.5602,144.779,7.3583,34.3084,35.2296,49.9462,20.8478
3/7/2015,478.3,0,0,0,82.3,0,0,0,0,0,0,0,22.2994,72.1525,8.6605,140.145,6.9856,30.7841,44.3882,45.7637,11.9527
3/8/2015,493.57,0,0,18.6,15.2,64.8,25.5,71.4,11,33.8,10.5,15.5,20.3116,78.6672,25.3201,151.03,9.3129,42.942,47.8791,56.834,111.184
3/9/2015,534.7,1,5.1,12.8,32.7,11.1,8.3,28.6,3.6,0,8.4,4.3,21.7975,113.802,31.2399,163.784,20.5401,115.203,116.938,62.082,73.1368
3/10/2015,620.19,31.8,35,30.1,12.5,94.3,49.9,48,43.6,61.9,51.6,16.8,25.378,210.593,68.9104,183.522,26.5645,98.0794,246.078,86.5694,205.343
3/11/2015,746.51,10.6,34.2,25.7,31.2,31.5,28.1,13.7,9.9,3.1,3.2,17.2,19.0965,277.893,35.6093,265.474,22.6724,132.457,231.643,284.43,129.699
3/12/2015,949.06,26.4,14.7,0,0,28.5,32.4,19,22.7,21.9,40.9,17,19.823,312.407,43.2133,377.378,34.9237,166.707,314.663,321.429,114.473
3/13/2015,1530.76,11,1.1,4.6,0,5.8,0,0,0,1.3,3.2,2.3,22.048,297.481,29.6375,453.404,27.1366,136.911,256.396,410.178,106.317
3/14/2015,1076.37,0,0,2,0,6.4,0,0,0,0,0,6.1,23.0583,196.564,20.5631,491.369,21.5977,105.291,151.269,396.72,95.2734
3/15/2015,1026.29,0,0,0,0,0.8,0,0,0,0,0,16.8,21.0508,182.977,17.3394,482.81,18.4774,84.2614,106.651,194.007,92.7095
3/16/2015,982.46,0,0,0,0,0,0,0,0,0,0,0,21.0508,185.555,15.5545,474.324,17.473,66.5177,87.7448,181.102,82.7119
3/17/2015,971.05,0,0,8.6,35.6,0,0,0,0,9,3.7,0.6,25.1171,170.831,14.3242,453.404,15.0433,55.4508,77.2104,137.1,71.2738
3/18/2015,938.17,2.6,19.6,6.3,12.3,11.8,16.1,10.7,1.7,32.5,43.9,8.9,23.5683,168.844,18.1261,480.681,23.2161,87.2584,82.9172,113.608,63.9987
3/19/2015,905.55,0,0,3.3,0,17.2,6.1,14.8,6.5,7.4,10.8,19.5,28.2974,174.334,16.0571,480.681,31.8535,122.855,75.3296,106.764,69.4283
3/20/2015,906.55,0,0,9.6,21,0.6,0,0,0,0,0.9,3.5,24.0814,178.378,17.4696,476.439,29.4644,113.528,62.4796,98.4681,85.6674
3/21/2015,932.17,19.8,14.7,21.4,18.7,13.8,6.9,22.6,19.6,24.6,13.2,14.5,21.7975,171.829,31.7267,474.324,31.2506,121.139,68.8341,96.8436,88.6606
3/22/2015,1002.61,3.4,12.7,12.4,1,20.9,4.7,3.8,1.6,25.5,23.3,36,35.832,287.295,31.4018,472.215,25.4321,98.0794,64.2804,85.0329,57.4414
3/23/2015,1070.74,4,0,8.6,0,2.3,25.3,76.8,12.8,46,5.6,8,42.6339,328.336,21.2602,480.681,27.1366,104.48,102.6,98.4681,53.2151
3/24/2015,1125.02,1.8,16.1,18.4,0,7,37.6,42.9,100.2,9.7,0.8,6.4,24.0814,330.815,19.6019,506.527,29.4644,113.528,251.226,129.67,66.2414
3/25/2015,1138.08,5.2,0,0,0,0,0,0,0,0,0,0,22.5515,275.642,16.1837,530.807,38.7268,152.466,208.726,256.735,55.3135
3/26/2015,1096,0,0,0,0,0,0,0,0,0,0,0,21.2988,236.395,14.5672,542.029,35.5486,138.708,126.382,191.83,50.7363
3/27/2015,1099.52,0,0,6.4,0,0,0,0,0,0,0,0.6,42.0292,213.397,13.6042,533.042,27.7127,106.104,86.7741,185.361,47.0996
3/28/2015,960.63,0,0,0,0,0,0,0,0,0,0,0,69.8644,196.004,12.7817,510.9,21.0667,80.5758,72.529,176.886,43.1759
3/29/2015,895.7,0,0,0,0,0.4,0,0.5,0,2.9,21.9,3,56.5362,191.203,12.8981,478.558,17.9729,66.5177,65.1853,160.45,55.3135
3/30/2015,828.8,0,0,8.2,4.3,0.6,0,0,0,0,0,0,34.3988,190.141,15.3055,435.636,18.9864,70.6189,61.5838,122.419,77.3924
3/31/2015,748.98,0,0,0,0,11.3,0,6.8,0,1.5,3.3,23.7,35.544,199.766,23.9865,411.58,17.9729,67.8736,63.3785,98.4681,78.35
4/1/2015,775.76,0,12.1,5.8,0,4,0,0,0,24.9,0,0,29.654,191.734,15.9309,405.095,16.001,59.9077,78.1549,81.9954,89.6667
4/2/2015,706,1.8,0,12.1,0,33,0,0,2,10.5,0.3,0,22.048,182.243,29.9555,409.415,14.5717,54.2034,81.0044,100.104,119.471
4/3/2015,726.15,0,0,0,0,0,0,0,0,0,0,0,25.6396,177.041,20.1491,411.58,14.5717,54.2034,72.529,105.082,105.781
4/4/2015,667.96,0,0,0,0,0,0,0,0,0,0,0,22.048,172.915,15.1815,390.092,15.0433,54.8256,61.5838,94.4287,103.648
4/5/2015,694.74,0,0,0,4.3,0,0,0,0,0,25.6,0,32.1409,153.772,14.3242,381.601,13.6433,49.9297,56.0293,80.4946,101.53
4/6/2015,667.77,3.8,10.2,4.8,19.1,17.3,0,0.5,0,0.4,0,33.1,29.3812,154.761,18.1261,371.071,12.735,46.3819,52.3575,73.17,96.824
4/7/2015,577.88,4,18.8,0,0,0,1.8,7.8,3.5,1.4,0,0,24.5977,174.974,14.0827,346.187,12.735,45.8011,52.3575,68.2227,91.1835
4/8/2015,512.56,0,0,7.8,0,0,0,0,0,0,0,0,22.5515,156.248,13.2494,338.016,12.735,46.3819,52.3575,68.2227,86.1637
4/9/2015,491.61,1,13,5.8,0,0,1.7,0,1.9,0,0,0,21.5477,135.399,12.3204,335.983,12.735,45.8011,54.1836,68.2227,85.1722
4/10/2015,423.71,0,0,0,0,0,0,0,0,0,0,0,20.0669,117.827,11.8653,292.263,12.2885,44.6484,48.7647,70.3247,82.223
4/11/2015,426.22,0,0,0,0,0,0,0,0,0,0,0,19.0965,110.236,10.9744,246.85,12.2885,43.5078,46.1233,63.425,76.9153
4/12/2015,420.16,0,0,0,0,0,0,0,0,0,0,0,19.0965,105.415,10.8649,241.347,11.4112,41.263,44.3882,60.0906,69.4283
4/13/2015,349.26,0,0,0,0,0,0,0,0,0,0,0,18.1401,100.668,10.8649,232.265,11.8472,40.7095,42.6742,57.4791,65.3409
4/14/2015,365.72,0,0,13.4,0,0,0,0,0,0,0,0,17.6672,96.8382,10.7557,226.869,11.8472,38.526,40.9814,55.5533,62.2248
4/15/2015,310.05,0,0,0,0,0,0,0,0,0,0.3,0,17.2744,93.8944,10.5387,207.436,11.4112,36.3922,40.1432,53.0296,55.3135
4/16/2015,304.65,0,0.4,0,0,35,0,0,0,0,0,1.5,17.2744,94.3131,11.1947,197.073,10.9806,34.8246,37.6612,52.4065,50.3274
4/17/2015,302.22,0,0,18.9,0,0,0,0,0,0,0,0,16.7026,92.6422,11.4166,186.881,10.9806,35.344,35.2296,49.3391,45.9095
4/18/2015,310.05,0,0,0,0,0,0,0,0,0,0,0,16.3228,91.3956,10.647,183.522,10.9806,37.4529,35.2296,45.7637,40.8819
4/19/2015,330.19,0,0,0,0,0,0,0,0,0,0,0,16.3228,90.5677,10.1096,180.183,10.5553,36.3922,36.0345,45.7637,36.0703
4/20/2015,339.24,0,0,0,0,0,0,1,0,0,0,4.8,18.1401,90.5677,11.3055,176.863,10.5553,35.344,35.2296,46.9426,30.9865
4/21/2015,362.08,0,0,3.6,0,2.3,0,15.6,0,2.5,0,6.7,22.048,101.096,10.4308,173.564,10.1356,35.8665,34.4305,45.7637,34.2788
4/22/2015,342.85,0,0,0,14,0,0,0,0,0,17.3,24.2,25.1171,126.51,9.066,170.284,10.1356,34.8246,34.4305,44.5976,29.8256
4/23/2015,340.42,6.2,0,0,0,0,0,0.1,0,1.2,3.2,0,23.5683,174.974,9.3747,163.784,10.1356,34.3084,41.8251,44.5976,26.4671
4/24/2015,346.25,34.6,0,0,0,0,0,0.5,0,0.7,0,0,23.0583,151.801,9.066,195.362,10.1356,39.6116,40.9814,53.6558,26.4671
4/25/2015,348.1,0,0,4.8,0,0,0,0.1,0,0,0,4.5,19.58,145.455,9.066,230.462,9.7214,40.159,38.483,53.0296,28.6853
4/26/2015,334.17,5.8,0,0,0,0,0,0,0,0,0,0,17.2744,114.234,9.066,217.967,9.7214,36.3922,40.9814,49.9462,25.3891
4/27/2015,309.05,0,0,2.3,0,0,0,0,0,0,0,0,16.3228,87.2815,9.066,183.522,9.7214,34.8246,40.1432,53.0296,21.6574
4/28/2015,304.65,0,0,0,0,0,0,0,0,0,0,0,16.3228,85.2485,9.066,171.921,9.7214,34.8246,36.0345,52.4065,18.4508
4/29/2015,302.22,0,0,0,0,6.5,0,0,0,0.5,0,2,16.3228,84.8438,9.8975,165.402,9.7214,32.7788,33.6371,46.9426,17.6629
4/30/2015,232.39,0,0,5.6,0.795238095,0,10.3,0,0,2.4,0,0,16.3228,84.4398,9.066,157.366,9.7214,32.2753,33.6371,44.0195,16.1047
5/1/2015,273.39,0,0,8.4,0,0,0.9,0,0,0,0,0,15.3784,94.3131,9.066,152.607,9.3129,31.278,32.8495,43.4446,14.5713
5/2/2015,278.27,0,0,5.6,0,0.4,0,0,0,0,2.3,3.3,16.3228,92.6422,8.8624,151.03,9.3129,31.278,32.0679,42.873,13.8144
5/3/2015,270.39,0,0,0,0,3.3,0,0,0,0.2,0,0,15.7553,87.69,9.066,147.894,9.3129,31.278,30.5224,41.4724,13.8144
5/4/2015,253.2,0,0,0,0,0,0,0,0,0,0,0,15.3784,84.4398,8.7613,147.894,9.3129,30.7841,36.0345,39.6571,13.4385
5/5/2015,288.37,2.6,0,0,25.2,2.3,0,5.7,6.8,3.5,6.2,16.6,23.5683,85.6538,8.964,149.46,9.3129,32.2753,37.6612,46.3515,13.0644
5/6/2015,274.07,4.8,7.7,9.6,0,8.5,7.7,1.3,4.1,3.5,4.7,21.2,25.1171,100.668,21.6825,151.03,9.3129,33.7954,36.0345,48.7351,12.692
5/7/2015,345.03,26.2,7.2,6.7,0,2.5,7.3,9.5,5,15.3,1.7,7.8,32.9825,130.695,10.9744,154.188,9.3129,36.921,53.2681,46.9426,12.3215
5/8/2015,271.19,0,0,0,0,0,0,0,0,4.3,0,0,21.0508,128.83,9.6871,171.921,9.3129,34.3084,68.8341,67.5281,11.5859
5/9/2015,272.39,0,0,0,0,0,0,0,0,0,0,0,17.6672,123.746,9.066,203.963,9.3129,39.6116,59.7782,88.1177,18.0562
5/10/2015,348.66,0,0,10.7,0,0,0,0,0,0,0,0,17.2744,120.092,9.066,216.201,9.3129,39.6116,49.6554,78.2657,18.8469
5/11/2015,424.97,7,9.5,0,0,24.7,8.9,12,9.6,22.5,30.7,25.2,32.7013,117.376,10.3233,207.436,8.9101,41.8196,44.3882,65.4627,15.3348
5/12/2015,422.11,0,0,0,15.9,0,0,0,0.6,0.2,0,0,20.5571,113.341,10.7557,173.564,8.9101,42.942,40.9814,58.1273,13.4385
5/13/2015,349.58,0,0,0,0,0,0,0,0,0,0,0,18.6166,106.723,9.6871,170.284,8.9101,46.3819,40.9814,53.6558,13.0644
5/14/2015,277.39,0,0,0,0,0,0,0,0,0,0,0,17.2744,97.2613,9.066,190.259,8.9101,45.8011,42.6742,53.0296,13.0644
5/15/2015,282.27,0,0,0,0,0,0,0,0,0,0,0,16.7026,93.8944,9.066,183.522,8.5132,42.942,37.6612,54.9176,12.3215
5/16/2015,274.39,0,0,0,0,0,0,0,0,0,0,0,16.3228,88.9195,8.964,168.651,8.5132,42.942,34.4305,49.3391,12.3215
5/17/2015,275.5,0,0,4.6,0,0,0,0,0,0,0,0,16.3228,84.4398,8.8624,160.565,8.5132,41.8196,32.8495,45.179,11.5859
5/18/2015,272.07,0,0,0,0,0,0,0,0,0,0,0,16.3228,77.8074,8.7613,154.188,8.5132,39.0672,32.0679,42.873,11.221
5/19/2015,237.04,0,0,0,0,0,0,0,0,0,0,0,15.3784,76.1107,8.7613,149.46,7.7372,37.9879,32.8495,41.4724,10.8581
5/20/2015,213.81,0,0,0,0,0,0,2.5,0,0,0,0,15.3784,74.7596,8.4604,141.684,7.7372,35.8665,32.0679,42.3914,10.4972
5/21/2015,207.15,0,0,0,0,2.5,0,0,0,0,0.7,0,15.3784,74.0862,8.4604,141.684,7.7372,36.921,32.8495,41.4724,10.1383
5/22/2015,196.32,0,0,0,0,0,0,0,0,0,0,0,15.3784,73.0787,8.4604,138.612,7.3583,36.921,32.0679,42.3914,9.4269
5/23/2015,216.9,0,0,0,0,0,0,0,0,0,0,0,14.4416,72.0745,8.262,135.561,6.9856,35.8665,30.5224,41.4724,9.4269
5/24/2015,205.53,0,0,0,0,0,0,0,0,0,0,0,14.4416,71.4068,8.1634,135.561,6.9856,36.3922,31.2921,39.6571,9.0745
5/25/2015,210.33,0,0,0,0,0,0,0,0,0,0,0,14.4416,71.0735,8.0653,132.531,6.9856,34.8246,28.2496,40.5609,9.0745
5/26/2015,211.21,0,0,0,0,0,0,0,0,0,0,0,14.4416,70.4079,7.9676,129.524,6.9856,34.8246,29.0011,36.9917,9.0745
5/27/2015,226.9,0,0,0,0,0,0,0,0,0,0,0,13.5125,69.0813,7.8704,126.538,6.6193,34.3084,29.0011,37.4311,9.0745
5/28/2015,228,0,0,0,12.5,0,0,0,0,0,0,0,12.7752,67.1024,7.8704,126.538,6.6193,33.2855,28.2496,37.4311,8.7244
5/29/2015,220.52,2.8,7.2,3.6,0,2.7,3.3,5.9,1.4,4.2,3.2,1.2,14.4416,66.118,7.8704,125.054,6.6193,33.2855,26.7654,36.5542,8.7244
5/30/2015,227.93,0,0,0,0,0,6.1,5.7,6.2,1.2,2.1,0,14.2551,65.4636,7.8704,125.054,7.7372,34.8246,29.7587,34.824,8.7244
5/31/2015,232.71,0,0,0,0,0,0,0,0,0,0,0,14.069,64.8107,7.6773,123.575,9.3129,34.3084,30.5224,33.9708,8.7244
6/1/2015,231.55,0,0,0,0,0,0,0,0,1.5,0,0,13.5125,64.8107,7.6773,123.575,8.5132,34.8246,31.2921,33.9708,8.7244
6/2/2015,224.67,0,0,11.3,23.7,7.4,3.8,0,0,0,0.7,0,13.6977,66.7738,9.066,122.102,8.1222,35.8665,29.7587,33.1255,10.1383
6/3/2015,224.67,43.4,5.8,0,0,7.6,0.3,10.2,2,8.9,1.4,6.5,14.8154,69.4124,10.647,122.102,8.1222,35.344,29.0011,32.7059,9.7815
6/4/2015,219.61,0,1,0,0,0,0,0,0,0,0,0,13.6977,71.4068,8.8624,123.575,7.7372,35.8665,29.7587,32.7059,9.7815
6/5/2015,209.45,0,0,0,0,0,0,0,0,0,0,0,13.5125,70.0757,7.7736,126.538,7.7372,37.9879,34.4305,32.2883,9.4269
6/6/2015,219.2,0,0,0,0,0,0,0,0,0,0,0,13.5125,67.7605,7.6773,132.531,7.7372,39.0672,33.6371,32.2883,9.4269
6/7/2015,204.3,0,0,0,0,0,0,0,0,0,0,0,13.3277,65.1369,7.6773,137.083,7.7372,39.6116,30.5224,32.2883,9.4269
6/8/2015,199.7,0,0,0,0,0,0,0,0,0,0,0,13.3277,63.1852,7.6773,129.524,7.3583,37.9879,28.2496,31.8726,9.0745
6/9/2015,191,0,0,0,0,0,0,0,0,0,0,0,13.1432,61.8918,7.5814,125.054,6.9856,34.3084,28.2496,31.4591,9.7815
6/10/2015,188.5,0,0,0,0,0,0,0,0,0,0,0,12.9591,61.2474,7.5814,120.635,6.9856,33.7954,27.5044,31.8726,8.7244
6/11/2015,188.45,0,0,0,0,0,0,0,0,0,0,0,12.9591,59.9634,7.4859,116.267,6.9856,34.8246,26.7654,31.8726,8.3766
6/12/2015,167.7,0,0,0,0,0,0,0,0,0,0,0,12.7752,58.3673,7.4859,111.951,6.6193,33.7954,25.3066,32.2883,8.0312
6/13/2015,162.37,0,0,0,0,0,0,0,0,0,0,0,12.5918,57.0977,7.4859,109.102,6.2595,33.7954,25.3066,32.7059,8.0312
6/14/2015,163.26,0,0,0,0,0,0,0,0,0,0,0,12.5918,56.1498,7.4859,106.277,6.2595,34.3084,25.3066,33.1255,8.0312
6/15/2015,165.85,0,0,0,0,0,0,0,0,0,0,0,12.4086,55.8346,7.2964,106.277,6.2595,32.7788,24.5869,33.1255,7.6882
6/16/2015,158.98,0,0,0,0,0,1.8,3.3,1.5,9.5,0,0,12.4086,55.5199,7.1087,103.476,6.2595,33.2855,24.5869,33.1255,7.3478
6/17/2015,152.32,0,0,0,0,0,0.8,0.6,0.4,0,0,0.8,12.2259,55.5199,7.1087,102.085,5.9063,33.2855,25.3066,32.2883,7.3478
6/18/2015,155.91,0,0,0,0,0,0,0,0,0.2,0,0,12.2259,55.2055,7.1087,100.699,5.9063,32.7788,25.3066,32.2883,7.3478
6/19/2015,163.26,0,0,0,0,0,0,0,0,0,0.5,2.3,13.5125,54.8916,7.4859,97.9464,5.9063,33.2855,26.7654,31.4591,7.01
6/20/2015,167.77,0,0,0,0,0,0,0,0,0,0,0,12.4086,54.5781,7.7736,95.2181,5.9063,33.7954,26.7654,31.0475,7.01
6/21/2015,166.62,0,0,0,0,0,0,0,0,0,0,0,12.7752,53.9524,7.7736,93.8632,5.9063,32.7788,26.0328,31.0475,6.6749
6/22/2015,152.22,0,0,0,0,0,0.3,0,0.6,0,0,0,12.2259,53.6402,7.7736,96.5792,5.9063,33.7954,25.3066,30.638,6.6749
6/23/2015,155.85,0,0,0,0,0,0,0,0,0,0,0,12.2259,53.3284,7.6773,103.476,5.9063,32.2753,25.3066,25.885,6.6749
6/24/2015,143.85,0,0,0,0,0,0,0,0,0,0,0,12.2259,52.706,7.6773,106.277,5.5598,33.2855,25.3066,25.885,6.6749
6/25/2015,142.42,0,0,0,0,0,0,0,0,0,0,0,12.0435,52.0854,7.6773,99.3198,5.5598,33.2855,25.3066,25.885,6.6749
6/26/2015,144.34,0,0,0,0,0,0,0,0,0,0,0,12.0435,51.4664,7.5814,95.2181,5.5598,32.7788,23.8737,25.885,6.6749
6/27/2015,145.22,0,0,0,0,0,0,0,0,0,0,0,12.0435,50.8492,7.5814,92.5145,5.2202,32.7788,23.1671,25.1223,6.3425
6/28/2015,137.04,0,0,0,0,0,0,0,0,0,0,0,11.8614,50.2338,7.5814,89.8358,5.2202,31.775,23.8737,25.1223,6.3425
6/29/2015,129.63,0,0,0,0,0,0,0,0,0,0,0,11.8614,50.2338,7.5814,89.8358,5.2202,31.278,23.8737,25.1223,6.3425
6/30/2015,133.99,0,0,0,0,0,0,0,0,0,0,0,11.8614,49.9267,7.5814,87.1825,5.2202,33.2855,23.8737,25.1223,6.3425
7/1/2015,147.34,0,0,0,0,0,0,0,0,0,0,0,11.8614,49.9267,7.2964,85.8653,4.8876,33.2855,23.8737,25.1223,6.0131
7/2/2015,148.76,0,0,0,0,0,0,0,0,0,0,0,11.6797,49.62,7.0155,84.5546,4.8876,33.2855,23.1671,24.7442,6.0131
7/3/2015,142.53,0,0,0,0,0,0,0,0,0,0,0,11.6797,49.3138,6.6473,84.5546,4.8876,32.2753,22.4673,24.3682,6.0131
7/4/2015,137.04,0,0,0,0,0,0,0.4,0,0,0,0,11.6797,49.0081,6.6473,84.5546,4.8876,32.7788,22.4673,24.3682,6.0131
7/5/2015,157.75,0,0,0,0,0,0,0,0,0,0,0,11.6797,48.7028,6.6473,84.5546,4.8876,33.2855,21.7742,23.9944,6.0131
7/6/2015,148.34,0,0,0,0,0,0,0,0,0,0,0,11.6797,48.3979,6.5565,84.5546,4.8876,33.7954,21.0879,23.9944,6.0131
7/7/2015,145.53,0,0,0,0,0,0,0,0,0,0,0,11.4984,48.0935,6.5565,81.9526,4.8876,32.2753,21.0879,23.9944,6.0131
7/8/2015,152.22,0,0,0,0,0,0,0,0,0,0,0,11.4984,47.486,6.5565,81.9526,4.8876,30.2935,21.0879,23.9944,6.0131
7/9/2015,142.38,0,0,0,0,0,0,0,0,0.1,0.5,0,11.4984,47.1829,6.5565,81.9526,4.5622,28.3634,21.0879,23.6227,6.0131
7/10/2015,135.12,0,0,0,0,0,0,0,0,0,0,0,11.4984,46.8802,6.5565,81.9526,4.5622,30.7841,21.7742,23.6227,5.6866
7/11/2015,122.25,0,0,0,0,0,0,0,0,0,0,0,11.4984,45.9751,6.5565,79.3767,4.5622,26.4857,21.0879,23.6227,5.6866
7/12/2015,127.39,0,0,0,0,0,0,0,0,0,0,0,11.3174,45.3739,6.5565,79.3767,4.5622,26.9501,21.7742,23.2533,5.6866
7/13/2015,123.44,0,0,0,0,0,0,0,0,0,0,0,11.3174,45.3739,6.466,79.3767,4.5622,26.4857,21.0879,23.2533,5.6866
7/14/2015,115.5,0,0,0,0,0,0,0,0,0,0,0,11.3174,45.0741,6.3761,79.3767,4.2442,24.661,20.4087,22.886,5.6866
7/15/2015,130.59,0,0,0,0,0,0,0,0,0,0,0,11.3174,45.0741,6.2866,78.0987,4.2442,23.7688,20.4087,22.886,5.6866
7/16/2015,112.13,0,0,0,0,0,0,0,0,0,0,0,11.1369,44.1772,6.1976,76.8273,4.2442,25.1122,19.7364,22.886,5.6866
7/17/2015,117.3,0,0,0,0,0,0,0,0,0,0,0,11.1369,43.8792,6.1976,76.8273,4.2442,26.0245,19.0712,22.886,5.6866
7/18/2015,130.39,0,0,0,0,0,0,0,0,0,0,0,11.1369,43.5816,6.1976,75.5625,3.9337,26.4857,20.4087,22.1581,5.6866
7/19/2015,109.56,0,0,0,0,0,0,0,0,0,0,0,11.1369,42.988,6.1976,74.3045,3.9337,25.5667,18.4132,22.1581,5.6866
7/20/2015,109.56,0,0,0,0,0,0,0,0,0,0,0,10.9567,42.6918,6.1091,74.3045,3.9337,26.0245,18.4132,22.5209,5.6866
7/21/2015,100.61,0,0,0,0,0,0,0,0,0,0,0,10.9567,42.3962,6.021,73.0533,3.9337,25.1122,18.4132,22.5209,5.6866
7/22/2015,102.49,0,0,0,0,0,0,0,0,0,0,0,10.9567,42.101,6.021,71.8088,3.9337,25.1122,18.4132,23.2533,5.6866
7/23/2015,103.59,0,0,0,0,0,0,0,0,0,0,0,10.7769,41.8063,5.9334,71.8088,3.631,25.1122,17.2046,23.9944,5.6866
7/24/2015,103.44,0,0,0,0,0,0,0,0,0,0,0,10.7769,41.5121,5.8463,70.5712,3.631,25.1122,17.7625,24.7442,5.6866
7/25/2015,94.67,0,0,0,0,0,0,0,0,0,0,0,10.5974,41.2184,5.8463,69.3405,3.631,24.661,17.2046,25.1223,5.6866
7/26/2015,87.72,0,0,0,0,0,0,0,0,0,0,0,10.5974,40.9251,5.8463,69.3405,3.631,25.1122,16.7995,25.885,5.6866
7/27/2015,89.04,5,0,0,0,0.5,0.9,4,2.3,0,1.5,5,10.5974,40.6324,5.8463,69.3405,3.631,25.1122,20.4087,25.885,5.3632
7/28/2015,100.63,0,0,0,0,0,0,0,0,0,0,0,10.4184,40.6324,5.8463,68.1168,3.3363,25.1122,21.0879,25.885,5.3632
7/29/2015,95.95,0,0,0,0,0,0,0,0,0,0,0,10.4184,40.3401,5.8463,68.1168,3.3363,24.2133,23.8737,26.6562,4.7263
7/30/2015,95.67,0,0,0,0,0,0,0,0,0,0,0,10.2398,40.0483,5.8463,66.9,3.3363,24.2133,23.1671,27.4359,4.7263
7/31/2015,96.67,0,0,0,0,0,0,0,0,0,0,0,10.2398,39.7571,5.7596,66.9,3.3363,23.3278,19.7364,28.2239,4.4129
8/1/2015,94.99,0,0,0,0,0,0,0,0,0,0,0,10.2398,39.7571,5.6735,66.9,3.3363,23.7688,18.4132,27.8289,4.4129
8/2/2015,93.93,0,0,0,0,0,0,0,0,0,0,0,10.0616,38.8862,5.6735,65.6902,3.3363,24.661,17.2046,27.4359,4.4129
8/3/2015,89.77,0,0,0,0,0,0,0,0,0,0,0,10.0616,38.3081,5.6735,64.4875,3.631,26.0245,16.7995,27.045,4.1033
8/4/2015,87.72,0,0,0,0,0,0,0,0,0,0,0,10.0616,37.7321,5.5026,64.4875,3.3363,26.0245,16.7995,25.885,4.1033
8/5/2015,90.61,0,0,0,0,0,0,0,0,0,0,0,9.8838,36.8719,5.5026,62.1035,3.0498,25.1122,16.3963,23.6227,4.1033
8/6/2015,81.78,0,0,0,0,0,0,0,0,0,0,0,9.8838,36.5861,5.5026,62.1035,3.0498,25.1122,15.9948,22.886,3.7975
8/7/2015,81.78,0,0,0,0,0,0,0,0,0,0,0,9.8838,36.5861,5.5026,62.1035,3.0498,20.7533,15.9948,22.886,3.4958
8/8/2015,80.5,0,0,0,0,0,0,0,0,0,0,0,9.7064,36.3009,5.4179,60.9224,3.0498,19.5126,15.5952,22.886,3.7975
8/9/2015,73.79,0,0,0,0,0,0,0,0,0,0,0,9.7064,36.0163,5.4179,59.7484,3.0498,16.3593,15.5952,22.5209,3.7975
8/10/2015,75.78,0,0,0,0,0,0,0,0,0,0,0,9.7064,35.4485,5.3337,59.7484,3.0498,15.9813,15.5952,22.5209,3.7975
8/11/2015,65.85,0,0,0,0,0,0,0,0,0,0,0,9.5294,35.1654,5.3337,59.7484,3.0498,15.9813,15.5952,22.1581,3.7975
8/12/2015,64.56,0,0,0,0,0,0,0,0,0,0,0,9.5294,35.1654,5.3337,58.5818,3.0498,17.5151,15.5952,22.1581,3.7975
8/13/2015,73.83,0,0,0,0,0,0,0,0,0,0,0,9.3529,34.6007,5.3337,57.4226,3.0498,16.741,15.5952,22.1581,3.7975
8/14/2015,67.31,0,0,0,0,0,0,0,0,0,0,0,9.3529,34.6007,5.3337,57.4226,2.7718,16.741,15.1975,22.1581,3.4958
8/15/2015,61.33,0,0,0,0,0,0,0,0,0,0,0,9.3529,34.3192,5.25,55.1264,2.7718,14.1459,14.8017,21.7974,3.4958
8/16/2015,62.45,0,0,0,0,0,0,0,0,0,0,0,9.1768,34.0382,5.25,55.1264,2.7718,13.089,14.8017,21.7974,3.4958
8/17/2015,62.29,0,0,0,0,0,0,0,0,0,0,0,9.1768,33.4779,5.1668,53.9896,2.7718,12.4033,14.4079,21.439,3.4958
8/18/2015,57.29,0,0,0,0,0,0,0,0,0,0,0,9.1768,33.1986,5.1668,53.9896,2.5025,12.0661,14.8017,21.439,3.4958
8/19/2015,54.76,0,0,0,0,0,0,0,0,0,0,0,9.0011,33.1986,5.1668,53.9896,2.5025,11.4032,14.8017,20.7288,3.4958
8/20/2015,47,0,0,0,0,0,0,0,0,0,0,0,9.0011,32.9198,5.1668,53.9896,2.5025,10.4379,14.016,20.7288,3.1983
8/21/2015,53.54,0,0,0,0,0,0,0,0,0,0,0,9.0011,32.6415,5.1668,52.8604,2.5025,9.8139,14.4079,20.7288,3.1983
8/22/2015,51.46,0,0,0,0,0,0,0,0,0,0,0,9.0011,32.3638,5.084,52.8604,2.5025,10.1239,14.016,20.3771,3.1983
8/23/2015,52.19,0,0,0,0,0,0,0,0,0,0,0,8.8259,32.3638,5.084,52.8604,2.2424,10.4379,14.016,20.3771,3.1983
8/24/2015,48.92,0,0,0,0,0,0,0,0,0,0,0,8.8259,31.81,5.0018,52.8604,2.2424,9.8139,16.7995,20.0277,3.1983
8/25/2015,46.49,0,0,0,0,0,0,0,0,0,0,0,8.6511,31.81,4.9201,52.8604,2.2424,9.8139,14.016,20.0277,3.1983
8/26/2015,47.54,0,0,0,0,0,0,0.7,0.6,25.1,0,0,8.6511,31.2585,4.8388,51.7389,2.2424,9.8139,14.016,19.6805,2.9054
8/27/2015,45.25,0,0,0,0,0,0,0,0,0,0,0,8.4768,31.2585,4.8388,51.7389,2.2424,9.8139,14.016,19.3356,2.9054
8/28/2015,43.45,0,0,0,0,0,0,0,0,0,0,0,8.4768,30.9836,4.8388,51.7389,2.2424,9.8139,15.9948,19.3356,2.9054
8/29/2015,49.42,0,0,0,0,0,0,0,0,0,0,0,8.303,30.9836,4.8388,50.625,2.5025,9.5078,18.4132,18.993,2.9054
8/30/2015,47.09,0,0,0,0,0,0,0,0,0,0,0,8.303,30.9836,4.8388,50.625,2.7718,9.2057,16.3963,18.6527,2.6173
8/31/2015,47.21,0,0,0,0,0,0,0,0,0,0,0,8.303,30.9836,4.7581,49.519,2.7718,9.2057,15.1975,18.6527,2.6173
9/1/2015,50.57,0,0,0,0,0,0,0,0,0,0,0,8.303,30.7092,4.6779,49.519,2.5025,9.2057,14.8017,18.6527,2.6173
9/2/2015,45.71,0,0,0,0,0,0,0,0,0,0,0,8.1296,30.4354,4.6779,48.4207,1.9917,9.2057,14.016,17.9791,2.6173
9/3/2015,49.96,0,0,0,0,0,0,0,0,0,0,0,8.1296,30.1622,4.6779,48.4207,1.9917,8.6136,14.016,18.3147,2.6173
9/4/2015,53.16,0,0,0,0,0,0,0,0,0,0,0,8.8259,30.1622,4.6779,47.3304,1.9917,8.3237,13.2384,18.3147,2.6173
9/5/2015,53.23,0,0,0,0,0,0,0,0,0,0,0,7.9567,30.1622,4.5981,46.248,1.7509,8.0378,12.8527,17.3148,2.6173
9/6/2015,52.77,0,0,0,0,1.4,8.1,0.8,0,0.2,3.9,0,7.9567,29.8896,4.5981,46.248,1.7509,8.0378,14.4079,16.6599,2.3345
9/7/2015,49.14,0,0,0,20,10,14.2,18.5,6.2,2.4,0,7,7.9567,29.8896,5.084,46.248,1.7509,8.0378,19.0712,18.6527,2.3345
9/8/2015,54.15,2.6,20,19.8,22,21.5,29.7,13.4,21,30.4,18.5,16.3,8.8259,29.8896,5.5026,46.248,2.7718,9.2057,33.6371,24.3682,4.4129
9/9/2015,57.76,25,32.7,39.2,0,34.2,35.9,44.9,39.6,43.6,28.4,73,26.1651,163.249,9.2714,50.625,5.9063,12.7443,46.9987,42.3914,15.3348
9/10/2015,72.67,1,3.3,0,15.4,2.8,0,4.7,10,3.9,1.6,1.6,10.5974,107.16,7.0155,55.1264,11.8472,29.8061,55.104,60.0906,8.3766
9/11/2015,93.06,0,0,0,15,0.5,1.2,0,0.2,3.6,2.5,25.4,10.9567,75.7724,5.7596,65.6902,13.6433,30.2935,94.6091,71.0315,7.3478
9/12/2015,135.49,0,0,4.9,0,4.7,0,1.5,0.4,18.7,15.1,19.4,9.8838,67.7605,6.021,100.699,11.8472,32.2753,61.5838,118.86,6.6749
9/13/2015,181.79,0,0,0,0,5.4,4.3,4,0,3.5,8.2,3.2,9.7064,73.0787,5.4179,135.561,11.4112,25.5667,61.5838,82.7504,6.0131
9/14/2015,206.56,0,3,0,0,0,0,3.2,12.8,0,0,0,9.3529,59.6434,5.1668,120.635,10.9806,23.3278,36.8451,79.7486,5.3632
9/15/2015,182.79,0,0,0,0,0,0,0,0,0,0,0,9.0011,51.7757,5.084,111.951,10.9806,23.7688,41.8251,49.9462,4.1033
9/16/2015,168.9,0,0,0,0,0,0,0,0,0,0,0,8.8259,45.9751,4.9201,103.476,10.9806,22.4559,39.3104,53.6558,3.4958
9/17/2015,164.19,0,0,0,0,0,0,0,0,0,0,0,8.8259,39.176,4.9201,89.8358,10.5553,19.9227,35.2296,51.17,3.1983
9/18/2015,158.78,0,0,0,0,0,0,0,0,0,0,0,8.6511,36.5861,4.8388,80.6614,10.5553,16.3593,27.5044,45.7637,2.9054
9/19/2015,142.57,0,0,0,0,0,0,0,0,0,0,0,8.4768,35.7321,4.7581,79.3767,10.5553,14.1459,24.5869,36.1187,2.9054
9/20/2015,123.82,0,0,0,0,0,0,0,0,0,0,0,8.303,35.7321,4.6779,71.8088,10.1356,13.4376,21.0879,32.2883,2.9054
9/21/2015,110.71,0,0,0,0,0,0,0,0,0,0,0,8.303,35.4485,4.6779,65.6902,10.1356,12.7443,20.4087,26.6562,2.6173
9/22/2015,105.69,0,0,0,0,0,0,0,0,0,0,0,8.303,34.6007,4.5189,62.1035,9.3129,12.4033,17.7625,25.5026,2.6173
9/23/2015,94.44,0,0,0,0,0,0,0,0,0,0,0,8.303,33.7578,4.5189,57.4226,8.5132,11.4032,15.9948,22.1581,2.6173
9/24/2015,79.69,0,0,0,0,0,0,0,0,0,0,0,8.1296,33.1986,4.4402,56.2708,6.2595,10.7558,16.3963,20.0277,2.6173
9/25/2015,69.28,0,0,0,0,0,0,0,0,0,0,0,8.1296,32.9198,4.362,55.1264,4.2442,10.1239,16.3963,20.3771,2.3345
9/26/2015,68.35,0,0,0,0,0,0,0,0,0,0,0,7.9567,32.6415,4.2844,52.8604,3.3363,9.8139,15.9948,20.3771,2.3345
9/27/2015,62.56,0,0,0,0,0,0,0,0,0,0,0,7.9567,32.0866,4.2072,50.625,3.0498,9.8139,15.1975,20.0277,2.3345
9/28/2015,57.78,0,0,0,0,0,0,0,0,0,0,0,8.1296,32.0866,4.2072,50.625,3.0498,9.8139,14.4079,18.993,2.3345
9/29/2015,58.12,0,0,0,0,0,0,0,0,0,0,0,8.1296,31.81,4.1306,49.519,3.0498,9.5078,14.4079,17.9791,2.3345
9/30/2015,56.06,0,0,0,0,0,0,0,0,0.2,0,5.5,8.4768,31.81,4.1306,48.4207,3.0498,9.5078,14.016,17.9791,2.3345
10/1/2015,51.61,0,0,0,0,0,0,0,0,0.4,0,0,8.303,32.0866,4.5189,48.4207,3.0498,9.5078,15.1975,17.6458,2.0572
10/2/2015,46.95,0,0,0,0,0,0,0,0.6,0,0,0,8.1296,32.6415,4.2072,48.4207,2.7718,10.1239,15.5952,18.993,2.0572
10/3/2015,39.04,5.8,0,0,0,0,12.5,0,0,0,0,0,7.9567,31.534,4.2072,48.4207,2.7718,9.8139,17.7625,19.3356,2.0572
10/4/2015,34.25,0,0,0,0,0,0,0,0,0,0,0,7.9567,30.4354,4.2072,48.4207,2.5025,9.8139,17.2046,21.7974,2.0572
10/5/2015,35.46,0,0,0,0,21.6,0,0,0,0,1.6,0,7.7843,30.1622,4.362,47.3304,2.5025,9.8139,26.0328,21.439,1.7861
10/6/2015,31.68,0,0,0,0,0,0,0,0,0,0,0,7.7843,29.8896,4.2072,46.248,2.2424,9.8139,20.4087,31.8726,1.7861
10/7/2015,26.89,0,0,0,0,0,0,0,0,0,0,0,7.6124,29.6175,4.1306,46.248,2.2424,10.1239,16.7995,25.885,1.7861
10/8/2015,28.89,0,0,0,0,0,0,0,0,0,0,0,7.441,29.346,4.0545,45.1736,1.9917,9.8139,15.1975,21.439,1.7861
10/9/2015,25.89,0,0,0,0,0,0,0,0,0,0,0,7.441,29.0751,3.9789,44.1073,1.9917,8.6136,14.8017,18.993,1.5216
10/10/2015,21.98,0,0,0,0,0,0,0,0,0,0,0,7.2701,28.8048,3.9039,44.1073,1.9917,8.3237,14.016,18.6527,1.5216
10/11/2015,24.09,0,0,0,0,0,0,0,0,0,0,0,7.2701,27.7295,3.8293,44.1073,1.7509,8.6136,13.6262,17.6458,1.5216
10/12/2015,23.14,0,0,0,0,0,0,0,0,0,0,0,7.0997,26.9293,3.7554,43.0493,1.7509,8.6136,13.2384,16.9861,1.5216
10/13/2015,22.38,0,0,0,0,0,0,0,0,0,0,0,7.0997,26.6638,3.7554,41.9994,1.5204,8.3237,12.8527,16.6599,1.2647
10/14/2015,27.44,0,0,0,0,0,0,0,0,0,0,0,6.9299,26.3989,3.6819,40.9579,1.5204,7.756,12.4691,16.0145,1.2647
10/15/2015,29.23,0,0,0,0,0,0,0,0,0,0,0,6.9299,26.1346,3.6819,39.9247,1.5204,7.4784,11.7085,15.6954,1.2647
10/16/2015,27.89,0,0,0,0,0,0,0,0,0,0,0,6.7606,25.3454,3.609,38.9,1.5204,7.4784,12.0877,14.7527,1.0161
10/17/2015,29.38,0,0,0,0,0,0,0,0,0,0,0,6.7606,24.8225,3.5366,37.8839,1.5204,6.9356,11.3316,15.0645,1.0161
10/18/2015,30.31,0,0,0,0,0,0,0,0,0,0,0,6.7606,24.5627,3.4648,36.8764,1.5204,6.9356,10.957,14.1365,1.0161
10/19/2015,30.76,0,0,0,0,0,0,0,0,0,0,0,6.5919,24.3368,3.4648,35.8775,1.3008,6.9356,10.957,13.832,1.0161
10/20/2015,30.61,0,0,0,0,0,0,0,0,0,0,0,8.303,24.3368,3.4648,35.8775,1.3008,6.9356,10.5847,13.832,0.7774
10/21/2015,29.93,0,0,0,0,0.2,0,0,0,0,0,5.8,7.9567,24.1114,3.9039,34.8875,1.3008,6.9356,10.2149,13.2307,0.7774
10/22/2015,32.78,0,0,0,25.8,0.4,4,0,0,0,0,0,7.9567,24.1114,4.362,34.8875,1.3008,6.6706,11.3316,12.9338,0.7774
10/23/2015,30.78,53.2,12.5,0,0,9,23.6,24,40.7,12.1,14,3.9,7.9567,24.5627,4.362,35.8775,1.3008,7.756,21.0879,14.1365,0.7774
10/24/2015,35.87,0,0,16.8,0,0,0,0,0,0,0,0,7.7843,25.0837,5.084,35.8775,1.3008,8.3237,12.8527,25.5026,0.7774
10/25/2015,31.78,0,0,4.2,0,0,0,0,0,0,0,0,6.9299,25.6079,4.6779,35.8775,1.5204,8.6136,13.6262,16.6599,2.3345
10/26/2015,30.22,0,0,0,0,0,0,0,0,0,0,0,6.7606,25.6079,4.5189,36.8764,1.5204,7.756,15.5952,16.9861,1.7861
10/27/2015,29.78,0,0,35.4,7.5,0,0,2.8,0.2,2.7,0,0,7.2701,24.8225,4.362,37.8839,1.5204,6.9356,15.1975,19.3356,1.5216
10/28/2015,37.78,57,36,0,21,70.5,14.7,23,13.3,6.7,6.8,16.7,9.7064,24.5627,5.25,40.9579,3.0498,7.4784,16.3963,18.993,4.1033
10/29/2015,46.98,0,0.9,0,25.6,0,2.9,0.5,6.4,0.2,0,0,7.6124,26.6638,5.1668,39.9247,4.2442,16.741,20.4087,20.3771,4.1033
10/30/2015,43.67,0,4.8,0,0,0,0,0,0,0,0,0,7.0997,30.7092,5.0018,39.9247,4.2442,12.0661,41.8251,25.1223,2.9054
10/31/2015,46.89,0,0,0,0,0,0,0,0,0,0,0,6.9299,29.346,5.0018,39.9247,3.0498,9.8139,30.5224,50.5565,2.6173
11/1/2015,43.89,0,0,0,5.2,0,0,0,0,0,0,0,6.7606,28.8048,5.0018,43.0493,2.2424,9.5078,21.0879,39.208,4.4129
11/2/2015,39.33,0,0,23.7,0,39.9,0,1.7,0,5.6,17.5,32.7,10.0616,31.2585,6.6473,49.519,2.5025,7.4784,17.7625,27.045,3.7975
11/3/2015,40.89,0,0,0,0,1.9,0,0,0,0.5,7.9,5.2,9.3529,34.0382,5.6735,45.1736,2.7718,6.9356,16.3963,22.1581,3.4958
11/4/2015,40.75,0,0,0,0,0,0,0,0,0,0,0,7.7843,34.3192,4.6779,44.1073,2.7718,6.9356,14.4079,20.7288,3.4958
11/5/2015,49.05,0,0,0,0,0,0,0,0,0,0,34.8,7.441,33.7578,4.2072,43.0493,2.5025,7.2049,14.8017,18.3147,3.1983
11/6/2015,57.56,0,0,0,0,3,0,0,0,0,0,0,7.2701,30.1622,3.6819,48.4207,2.5025,8.0378,15.9948,18.3147,2.9054
11/7/2015,58.56,0,0,0,0,0,0,0,2,0,0,0,7.2701,28.8048,3.609,55.1264,2.2424,6.9356,21.7742,20.0277,2.9054
11/8/2015,64.11,0,0,0,0,3.6,17.1,15.2,0,19.7,1.9,7.7,7.0997,30.4354,8.262,50.625,1.9917,6.9356,15.1975,26.6562,2.9054
11/9/2015,62.56,0,0,0,0,0,0,0,0,0,0,25.1,7.0997,30.1622,5.5878,47.3304,1.9917,6.9356,40.1432,19.6805,2.9054
11/10/2015,59.16,0,0,0,0,0,0,0,0,4.2,11.4,0,11.4984,38.8862,4.7581,43.0493,1.7509,6.9356,53.2681,48.1344,2.9054
11/11/2015,52.42,0,0,12.8,5.3,0,0,0,0,0,0,0,9.3529,42.6918,4.2072,45.1736,1.5204,6.9356,34.4305,65.4627,5.0431
11/12/2015,57.56,0,0.7,0,0,0,0,0.4,0,0.4,4.4,0,9.3529,36.5861,3.9789,47.3304,2.2424,9.2057,29.7587,44.5976,4.4129
11/13/2015,65.11,30.6,0,26.2,0,0,0,4,11,0,0,6.5,9.0011,31.81,3.609,57.4226,3.0498,9.8139,23.8737,37.4311,4.1033
11/14/2015,74.89,6,3.1,0,6.1,0,19.4,22.9,31,22.1,0,2.2,8.8259,32.0866,3.4648,55.1264,3.3363,9.8139,52.3575,30.2305,4.1033
11/15/2015,87.93,0,0,0,0,0,0,0,0,0,15,0,10.4184,33.4779,8.361,55.1264,6.2595,9.8139,32.0679,63.425,3.7975
11/16/2015,105.4,0,5.2,0,38.8,51.5,2.1,1,0,33.3,0,6.3,14.4416,41.8063,9.8975,46.248,8.5132,9.2057,32.0679,41.4724,3.4958
11/17/2015,133.51,6.8,4.1,0,0,28.3,3.1,5.3,9,9.8,36.2,0,7.9567,59.3237,8.361,46.248,10.9806,14.5056,40.1432,40.108,3.4958
11/18/2015,159.91,14.2,0,0,45.8,12.3,30.8,22.2,21,13,61.2,17.4,11.6797,81.6298,5.9334,57.4226,12.735,29.3219,46.1233,49.3391,3.1983
11/19/2015,160.99,0,0,0,0,0,0,0,0,0,0,24.9,32.7013,85.2485,5.5026,79.3767,13.6433,30.2935,59.7782,56.834,2.9054
11/20/2015,202.18,0,0,0,0,3.3,47.7,20.7,24.6,17.8,0,2.5,10.5974,72.7436,6.7387,113.384,12.2885,30.7841,91.6524,73.8889,2.9054
11/21/2015,464.39,37.2,6.5,0,8.9,32.5,10.7,9.7,26.8,6.7,9.6,6.5,16.893,65.1369,6.5565,102.085,13.6433,28.3634,85.8061,111.88,2.6173
11/22/2015,467.39,0,0,0,0,0,0,0,0,0,0,0,12.2259,60.9258,6.7387,109.102,13.6433,28.841,103.609,107.61,2.3345
11/23/2015,317.24,26.8,0,0,43.9,0,0,1.5,18,0.1,0,0,11.8614,54.8916,6.6473,116.267,10.9806,31.775,79.1021,127.84,2.3345
11/24/2015,369.41,44,20.6,0,0,19.3,19.4,29.2,16.4,8.4,4.6,12.7,11.8614,61.2474,9.066,117.717,9.3129,54.8256,98.5853,100.927,2.0572
11/25/2015,402.28,0,0,0,0,0,0,0,0,0.1,2.3,6.5,11.6797,66.7738,6.021,97.9464,8.5132,48.7352,89.6936,121.525,2.0572
11/26/2015,375.61,0,0,32.6,0,0,0,0,0,0,0,0,11.4984,68.0901,5.1668,84.5546,11.8472,36.3922,81.9595,112.743,5.6866
11/27/2015,266.17,0,0,0,0,0,0,0,0,0,0,0,11.4984,55.2055,5.0018,80.6614,10.9806,31.278,62.4796,103.411,21.6574
11/28/2015,237.87,0,0,0,0,0,0,0,0,0,0,0,11.3174,63.1852,4.6779,99.3198,6.9856,28.841,40.9814,79.7486,16.1047
11/29/2015,244.89,0,0,0,0,0,0,0,0,2,14.6,23.5,10.9567,71.0735,5.1668,106.277,6.2595,27.889,36.0345,53.0296,11.221
11/30/2015,213.95,5.4,2.9,0,12.3,4.3,33.3,63.3,6,0.1,12,6.2,10.5974,81.6298,4.9201,93.8632,6.6193,23.3278,23.1671,45.179,9.4269
12/1/2015,162.06,7.8,0,0,0,2.7,14.7,17.3,16,10.3,15.4,2.2,10.4184,84.4398,5.084,87.1825,7.3583,19.9227,43.5286,29.825,9.4269
12/2/2015,143.67,0,0,0,1.3,25.2,0,0,1.4,3.5,12,5.7,12.0435,73.0787,5.9334,80.6614,9.3129,25.1122,69.7536,53.0296,9.0745
12/3/2015,159.79,15.6,37.7,0,4.2,62.5,10.4,17,6,20,13.7,8.1,38.1595,91.3956,9.7921,110.523,11.4112,26.9501,78.1549,85.0329,8.7244
12/4/2015,219.28,0,0,0,10,2.1,7.5,2.7,0,0.8,0.6,6.2,18.6166,112.896,17.7311,120.635,28.2927,39.0672,77.2104,96.8436,8.7244
12/5/2015,230,16,10,0,4.7,5.4,10.3,3.7,9.7,0,4.5,22.6,15.0028,108.036,10.9744,140.145,24.872,37.4529,134.919,96.8436,8.0312
12/6/2015,273.75,1.8,0,0,5.3,3.2,6.5,0.1,1,9.8,6.1,37.2,13.6977,115.129,8.361,168.651,20.0178,36.921,121.114,163.479,7.6882
12/7/2015,375.83,1,18.8,8.6,19.8,11.5,9.4,1.6,0,7.9,3.7,8.7,15.1905,119.638,6.3761,185.199,12.735,35.8665,107.67,152.491,16.1047
12/8/2015,502.22,22,0.2,11.9,0,8.9,9,8.2,29.6,1.1,29,36.2,22.2994,131.163,7.1087,195.362,9.7214,33.2855,109.714,135.226,21.6574
12/9/2015,581.86,2.4,0,26.5,0,1.1,0,0,0,1.3,0,0,16.893,270.253,6.6473,205.697,8.9101,31.278,121.114,137.1,24.858
12/10/2015,563.42,98.2,0,25.3,0,6.6,3.8,0,24.6,0,0,4,17.6672,180.156,6.1976,214.438,8.9101,32.2753,96.5924,150.529,20.4449
12/11/2015,571.7,16.8,7.3,0,9.7,9.2,18.8,16.6,13.1,15.2,39,8.5,22.8045,107.16,6.9228,234.073,9.7214,37.4529,81.0044,146.637,17.2711
12/12/2015,574.87,13.6,1.3,0,0,11.4,8.6,15.6,0,13.4,12.7,0,26.6937,123.287,6.6473,226.869,11.4112,39.6116,93.621,102.58,13.8144
12/13/2015,539.78,0,0,0,0,29.5,0,30.5,0,81,10.6,54.1,50.3961,196.54,12.6658,202.233,15.5197,52.3542,82.9172,98.4681,11.221
12/14/2015,432.17,53.2,1.8,0,56.7,1.4,0,71,10.4,16.5,7.1,14.1,24.0814,306.845,18.2585,200.508,46.022,61.207,76.2687,95.2308,10.8581
12/15/2015,373.83,0,0,0,0,0,0,0,0,0,0,0,19.58,246.161,9.2714,225.08,39.373,101.261,109.714,90.4623,10.1383
12/16/2015,403,0,0,0,49.6,0,0.7,6.1,0,26,0,0,20.3116,166.789,9.6871,288.386,33.0706,98.0794,81.0044,98.4681,9.4269
12/17/2015,500.22,0,0,0,0,47,6,0,0,6.3,8.3,7.3,18.6166,121.458,8.6605,284.525,25.9963,76.958,69.7536,88.8963,9.0745
12/18/2015,522,0,0,0,14.7,0,29.2,0,0,4,0,0,17.9032,108.914,15.5545,228.663,24.872,88.7729,63.3785,81.2435,8.7244
12/19/2015,459.02,12.8,2.7,0,0,4.8,0,13.1,30,12.4,1.7,1.9,21.5477,99.3857,11.3055,210.928,25.9963,93.3794,75.3296,71.0315,8.0312
12/20/2015,417.28,7.4,2.7,8.6,0,0,0,3.8,8,0.2,0,0,18.1401,95.1523,8.1634,188.568,25.9963,92.6046,80.0519,62.7519,7.3478
12/21/2015,383.63,0,0,0,0,5.7,0,30,3.4,1.5,39,5,17.0836,93.8944,6.7387,165.402,21.0667,82.0419,69.7536,72.4542,7.3478
12/22/2015,345.89,0,4,0,0,0,0,0,0,0,0,0,15.1905,92.6422,6.5565,168.651,17.473,65.1731,60.691,73.8889,9.4269
12/23/2015,317.35,0,0,0,0,0,0,1,0,0,0,0,14.069,83.6336,6.021,165.402,14.5717,61.207,55.104,72.4542,12.3215
12/24/2015,266.89,0,0,5.4,0,0,0,0,0,0,0,0,14.2551,73.75,5.8463,134.043,12.735,58.6199,51.4518,71.0315,16.1047
12/25/2015,228.93,0,0,4.8,4.7,0,0,0,0,0,0,0,13.8832,70.4079,5.3337,132.531,11.8472,46.9658,43.5286,69.621,33.3701
12/26/2015,197.06,0,2.3,67.3,0,0.6,0,0,0,0.1,0,0,15.0028,64.8107,5.1668,120.635,11.4112,41.8196,36.0345,63.425,32.168
12/27/2015,176.53,4.6,0,16.5,27.6,0,0,1.1,0,24.2,1.1,0,14.2551,59.6434,6.8305,96.5792,10.9806,40.159,36.8451,61.4151,37.1612
12/28/2015,186.25,6,7,32.8,0,2.8,0,2.3,0,8.1,8.7,11.8,14.6283,73.0787,6.3761,92.5145,19.4999,41.8196,41.8251,33.9708,46.305
12/29/2015,181.39,0,0,10.1,0,15,0,1.8,0,0.1,3.9,8,15.5667,104.981,9.8975,102.085,18.4774,53.5841,36.8451,33.1255,57.8705
12/30/2015,203.72,4,0.3,8.4,0,0,0,0,0,9.9,2.8,5.7,15.0028,128.83,8.262,119.173,17.473,55.4508,33.6371,29.825,36.4326
12/31/2015,239.33,0,1.3,17.1,0,4,14.3,1.9,0,7,3.2,14.3,14.6283,125.587,8.8624,135.561,14.5717,51.1361,32.0679,30.638,17.6629
1/1/2016,259.78,15.2,0,0,0,0,0,0,0,0,0,0,14.4416,122.829,5.8463,135.561,12.735,41.263,36.0345,31.8726,16.1047
1/2/2016,280.22,0,0,6.3,0,6.7,0,1.8,0,0.9,0,24,16.893,120.092,6.5565,149.46,11.8472,38.526,39.3104,37.4311,18.4508
1/3/2016,293.81,0,0,13.5,0,13.6,7.4,24.3,1,12.1,31.1,7,39.6352,125.126,6.9228,140.145,10.9806,39.6116,33.6371,45.7637,22.7859
1/4/2016,322.97,3.8,14.9,12.4,0,5.3,11.1,29.6,26,31.7,2,8.3,16.5126,134.926,7.2964,129.524,10.1356,48.1424,49.6554,65.4627,21.6574
1/5/2016,323.97,8,1,40.2,7.3,8.1,5,3.2,0.2,10.7,15.7,22.5,16.7026,125.126,9.3747,125.054,10.1356,65.1731,90.6717,72.4542,59.5984
1/6/2016,293.69,0,0,6.2,0,0,0,0,0,0,0,0,15.5667,106.723,7.2964,137.083,12.735,67.8736,86.7741,87.3421,51.9703
1/7/2016,319.44,0,0,9.4,0,0,0,0,0,0,0,0,15.1905,122.829,6.1091,167.024,15.5197,53.5841,60.691,98.4681,40.504
1/8/2016,338.89,0,0,4.1,0,0,0,0,0,16.7,0,0,15.0028,104.547,9.3747,186.881,18.4774,49.331,44.3882,107.61,29.8256
1/9/2016,348.61,0,0,6.3,0,33.3,0,20.3,7.6,39.8,11.5,8,17.0836,134.926,8.5602,168.651,33.0706,59.2624,36.8451,92.0401,22.281
1/10/2016,320.44,0,7.2,5.8,0,8.1,0,4,1,5.3,6,12.3,15.7553,130.695,9.2714,146.333,52.0588,60.5559,32.0679,33.9708,20.0434
1/11/2016,280,0,0,9.3,2.9,0,0,0,0,0,1.8,26.9,40.5282,150.329,7.4859,151.03,44.6654,85.7545,29.7587,38.3157,32.168
1/12/2016,329.78,0,7,12.4,21.3,13.7,10.4,4.2,2,16.6,10,15,29.654,164.763,7.4859,168.651,40.6757,88.7729,29.7587,52.4065,39.3781
1/13/2016,446.44,25,17,18.7,9.8,6.8,6.1,24.2,21,8.5,7,20.8,25.902,145.94,8.7613,205.697,28.2927,85.0066,32.0679,67.5281,41.261
1/14/2016,591.28,11.6,36,7.6,23.9,18.5,14,11.3,6.8,25.5,22.3,20,28.5673,178.596,9.8975,207.436,30.6514,74.1131,41.8251,81.2435,42.7904
1/15/2016,638.89,7.2,20,8.4,32.3,28.7,6.2,20.5,13,11.7,4.3,38.9,40.2299,260.172,18.2585,210.928,35.5486,126.315,56.0293,82.7504,51.9703
1/16/2016,742.91,33.4,31.5,10.2,42.9,33.9,80.1,48,56,74.2,40.6,23.1,36.9905,333.374,27.9114,292.263,52.5471,218.615,81.9595,97.6544,84.1849
1/17/2016,922.44,52,4.8,6.3,8.9,19.7,90,87.1,86,77.1,33.9,9.2,73.5679,413.813,35.6093,500.003,147.497,329.349,376.414,453.273,87.6587
1/18/2016,1416.11,37.2,38.7,9.5,85.9,0.3,7.3,5.5,16,0.8,0,0,66.6527,470.836,21.2602,628.675,317.054,441.356,496.798,598.807,62.2248
1/19/2016,1922.19,83.4,30,17.6,19,91.2,9.8,63,18.8,5.2,33,3.1,33.8303,440.96,85.0735,739.967,251.561,494.864,453.175,546.661,67.6005
1/20/2016,2473.39,45,22,77.9,5.3,19.5,40.3,50.8,62.8,23.2,16.9,23.6,49.4452,398.757,60.5444,769.189,219.556,698.308,311.422,370.387,258.756
1/21/2016,2945.98,8.6,22.8,0.4,0,6.3,0,4.1,0,34.1,9.5,9.2,98.2787,450.137,32.7086,716.474,222.692,700.466,234.832,410.178,99.9524
1/22/2016,3134.21,0,0,5.8,0,3,0,1.1,0,0.7,2.8,0.8,63.9044,465.811,19.6019,711.304,164.978,543.576,176.015,210.672,59.5984
1/23/2016,2966.34,0,0,0,0,0,0,0,0,0,0,0,46.0035,401.48,15.8051,766.509,91.9617,368.14,137.073,164.494,48.3009
1/24/2016,2377.36,0,0,0,0,0,0,0,0,3.5,0,0,36.1207,351.466,13.7232,734.714,58.5215,248.594,112.797,135.226,43.9507
1/25/2016,1820.88,4.6,3.4,18.2,0,5.4,0,3,2.4,5.6,0,0,29.654,272.045,23.84,633.539,47.3917,178.442,96.5924,115.347,41.6415
1/26/2016,1479.64,0,0,10.1,0,18.3,26.3,8,2.8,2.5,0,1.9,30.2017,241.549,25.4699,530.807,43.3221,139.61,143.584,171.676,49.9196
1/27/2016,1316.2,0,0,8.4,19.3,7.8,6.1,0,0,0.4,4,0,29.3812,231.846,19.6019,435.636,44.6654,115.203,203.974,244.552,37.8949
1/28/2016,1280.45,2,0,18.6,15.7,50.6,30.6,14.2,12,51.6,9.8,18.7,52.9567,235.825,45.9806,400.79,46.022,124.581,140.32,168.581,40.504
1/29/2016,1369.55,10,17,20.3,0,25.7,21.9,53.1,49,22.5,26,24.1,83.0236,240.975,34.8267,394.361,52.5471,154.337,268.894,324.146,59.5984
1/30/2016,1371.63,0,2,27.4,0,11.6,9,2,18.6,2.7,6.1,7.1,34.3988,238.681,32.8733,400.79,72.1686,223.984,171.451,206.171,106.854
1/31/2016,1341.96,0,0,0,0,0,0,0,0,0,0,0,34.9701,238.109,21.4006,405.095,72.1686,237.071,151.269,181.102,75.9641
2/1/2016,1262.51,0,0,0,0,0,0,0,0,0,0,0,30.4766,237.538,17.2095,402.941,52.5471,213.294,105.635,126.022,39.3781
2/2/2016,1176.51,0,0,0,0,0,0,0,0,0,0,0,28.8379,209.55,13.6042,398.643,37.445,165.743,83.8776,99.8277,35.7094
2/3/2016,1052.78,0,0,0,0,0,0,0,0,0,0,0,27.7599,180.156,12.4351,377.378,31.8535,122.855,76.2687,90.6568,29.2529
2/4/2016,982.68,0,0,0,0,0,0,0,0,0,0,0,25.6396,164.763,11.7525,329.907,27.1366,98.8711,66.0931,78.5768,23.8114
2/5/2016,851.53,0,0,0,0,0,0,0.4,0,0,0,7.9,24.3392,160.236,12.092,292.263,24.872,90.2981,61.5838,72.8107,22.281
2/6/2016,721.44,0,0,0,0,0,0,0,0,0,0,0,23.3129,146.426,11.3055,273.044,24.872,85.0066,57.8942,68.4541,20.0434
2/7/2016,656.5,0,0,0,0,0,0,0,0,5.4,0,0,24.0814,136.82,10.2162,259.841,23.7639,81.3075,56.0293,66.0154,17.6629
2/8/2016,624.3,0,0,0,0,4,0,0,0,0.4,0,9.2,23.0583,130.228,10.8649,271.145,23.7639,79.1205,52.3575,61.8375,16.8808
2/9/2016,578.25,0,0,0,0,0,0,0,0,0,0,0,22.8045,124.205,10.1096,234.073,23.2161,77.6761,50.5511,59.5017,16.492
2/10/2016,512.78,0,0,0,0,0,0,0,0,0,0,0,22.2994,116.026,9.4784,239.522,20.5401,76.2427,48.7647,57.2038,15.719
2/11/2016,496.76,0,0,0,0,0,0,0,0,0,0,0,22.048,113.341,9.1685,226.869,19.4999,72.0083,46.9987,55.5054,15.3348
2/12/2016,483.88,18.2,6.4,42.6,11.3,0,13.4,4.5,2,3.4,8.6,7.9,22.048,109.354,8.8624,205.697,21.0667,72.0083,46.9987,55.5054,45.9095
2/13/2016,458.47,10,0,0,0,0,9.4,21.5,21.5,0,0,0,23.5683,104.981,8.7613,198.788,21.5977,73.4087,60.691,71.5545,36.4326
2/14/2016,402.77,2,0,0,0,0,0,8.8,0,0,0,0,21.7975,103.248,8.5602,173.564,22.6724,57.9803,55.104,64.81,24.858
2/15/2016,388.99,0,13.4,16.9,0,1,5.1,28.1,2.3,2.3,0,0,21.0508,100.668,8.7613,170.284,21.5977,61.8609,54.1836,64.2108,17.6629
2/16/2016,395.98,0,0,0,0,0,0,0,0,3.9,0,0,20.0669,95.994,8.4604,170.284,19.4999,60.5559,53.2681,63.0195,16.8808
2/17/2016,401.32,0,21,0,0,6.3,0,0,0,0.9,16.9,8.9,19.3378,91.3956,11.3055,171.921,18.4774,58.6199,86.7741,103.453,16.1047
2/18/2016,382.1,3.6,0.8,0,4.7,24,0,38,10.2,14.5,1.1,13.9,18.8561,88.9195,11.5282,171.921,41.3322,60.5559,80.0519,95.5489,15.3348
2/19/2016,382.33,0,0,0,17.8,1.2,0,0.5,1.8,32.2,1.3,0,18.6166,98.5341,9.5825,175.211,54.515,85.0066,126.382,151.509,14.9523
2/20/2016,381.67,0,0,0,0,0,0,0,0,0,0,0,18.3779,104.981,9.4784,181.85,59.0289,125.447,103.609,123.315,14.5713
2/21/2016,442.32,0,0,0,0,1.7,16.5,0,0,0,2,0,17.9032,101.525,11.9785,185.199,44.6654,113.528,72.529,85.873,14.192
2/22/2016,466.38,0,0,0,0,14.1,20,0,0,9.4,0,0,17.9032,97.2613,10.7557,188.568,34.3023,89.5342,73.4598,87.2287,13.8144
2/23/2016,481.92,0,2.8,8.6,0,7.9,0,3.3,0,0.5,21,26,19.3378,119.638,10.0033,180.183,30.6514,72.7071,63.3785,75.3507,15.3348
2/24/2016,448.45,0,0,0,0,0,0,0,0,0,0,0,20.8035,115.577,8.964,200.508,28.2927,65.1731,56.9593,67.2301,11.9527
2/25/2016,438.95,0,0,0,0,0,2.1,0,0,0,0,0,20.8035,108.914,8.8624,200.508,30.6514,55.4508,53.2681,63.0195,11.5859
2/26/2016,420.84,13.4,24.7,7.8,27.3,29.7,43.9,66,27.8,3.2,0,1.5,19.0965,103.68,16.6937,202.233,34.3023,59.2624,70.6759,83.8562,16.1047
2/27/2016,417.17,0,0,26.8,0,9.8,0.5,0,0,0,1.5,19.3,19.58,95.994,14.6893,200.508,30.6514,57.3436,74.3933,88.5933,22.281
2/28/2016,409.07,0,0,0,0,1.7,3.1,0,0,14.8,0,0,21.2988,92.6422,13.1319,200.508,28.2927,58.6199,82.9172,98.3927,17.2711
2/29/2016,433.87,2.4,0.5,44.9,4.3,0.3,7.5,29.4,8.5,14.1,0,33.5,22.5515,91.8105,10.8649,202.233,28.2927,65.1731,108.69,129.67,57.8705
3/1/2016,460.57,15.8,12,0,7.3,2.9,0.9,0,0,0.8,26.9,0,34.3988,123.746,10.8649,205.697,48.7744,98.8711,124.269,148.577,85.1722
3/2/2016,464.92,0,0,0,9.8,0,0,0,0,10.8,0,2.5,29.1092,119.638,9.1685,205.697,56.0065,145.068,124.269,148.577,72.2031
3/3/2016,478.22,0,0,12.8,0,0,0,0,0,0,0,4,24.0814,111.563,8.6605,200.508,48.0814,122.855,81.9595,97.6785,62.2248
3/4/2016,605.85,0,0,0,9.8,0,0,10,0,0.5,13.6,4.7,23.8245,103.248,9.8975,183.522,30.6514,97.29,66.0931,78.5768,53.6324
3/5/2016,745.12,41.2,40,0,0,29.7,2.3,22.8,19.2,39,47.7,8.3,23.5683,108.914,20.7019,188.568,38.0842,93.3794,109.714,131.511,47.4988
3/6/2016,823.98,0,0,18.9,0,4,20.9,0,0,1.5,0,14.3,23.3129,122.829,11.1233,186.881,41.3322,134.232,232.799,280.582,42.4061
3/7/2016,742.19,0,0,0,0,33.3,9.1,0.5,0,1,9.6,0,22.8045,134.926,13.0921,197.073,31.2506,119.431,128.504,153.476,34.2788
3/8/2016,614.66,0,30,0,0,0,7.2,0.6,0,0.9,7.6,0.7,22.5515,115.129,17.4536,210.928,25.4321,100.462,102.6,122.419,22.281
3/9/2016,618.56,0,0,0,0,0,0,0,0,0,0,0,22.048,107.598,10.3429,223.295,30.056,98.0794,109.714,131.511,17.0769
3/10/2016,571.16,0,0,0,2.3,0,0,0,0,0,0,0,21.2988,104.113,9.9052,202.233,23.7639,91.0647,76.2687,90.6568,16.6358
3/11/2016,547.94,0,0,28.6,0,3.2,1.1,0.5,0,0,6.6,72.6,20.5571,186.441,10.0141,188.568,21.5977,79.1205,66.0931,78.5768,32.7665
3/12/2016,502.53,3,0,14.9,0,0,3.4,2.8,16.2,19.6,0,29.8,20.0669,314.977,12.037,180.183,17.9729,76.958,66.0931,78.5768,28.123
3/13/2016,461.2,6,0,4.6,0,0.6,6.1,27.5,22.2,1.9,0,21.6,48.1855,298.168,12.7372,181.85,19.4999,74.1131,81.0044,96.2566,21.287
3/14/2016,474.95,5.8,0,0,0,0,10.2,68.5,7.4,18.8,15.6,0,24.0814,214.5,10.0141,317.863,21.0667,80.5758,87.7448,104.245,16.6358
3/15/2016,514.37,0,10,0,2.4,0,20.4,9.3,1.4,0,12.1,0,22.2994,183.814,9.581,354.421,25.4321,95.7185,93.621,111.88,13.6994
3/16/2016,553.37,1,0,0,0,0,1.3,1.7,0,0,0,0,21.0508,142.557,10.1233,321.862,24.3159,78.3969,83.8776,99.8277,11.7653
3/17/2016,545,3.2,0,0,1.5,0,7.8,0,0,8.9,0,0,20.8035,127.437,9.6887,274.947,20.5401,67.8736,77.2104,92.0435,10.6708
3/18/2016,435.84,0,0,0,0,0,0,0,0,0,0,0,20.3116,117.827,8.6292,217.967,17.9729,61.8609,60.691,71.5545,10.3171
3/19/2016,377.92,0,0,0,0,0,1.7,12.7,0.4,0,7.3,0,20.0669,111.563,8.6292,195.362,16.9776,59.9077,55.104,64.81,9.9689
3/20/2016,320.44,0,0,0,0,0,0,0,0,0,0,0,19.58,101.955,8.2165,171.921,16.001,53.5841,54.1836,64.2108,9.6263
3/21/2016,277.14,0,0,0,0,0,0,0,0,0,0,0,18.8561,95.1523,8.1144,162.172,14.5717,48.1424,52.3575,61.8375,9.6263
3/22/2016,263.83,0,0,0,0,0,0,0,0,0,0,0,18.3779,92.226,7.9113,157.366,14.5717,48.7352,50.5511,59.5017,9.6263
3/23/2016,256.32,0,0,8.5,0,2.7,0,0,0,0,0,2.5,17.9032,89.3306,7.7099,149.46,13.1866,45.2232,46.9987,55.5054,24.858
3/24/2016,260.95,0,0,18.6,7.3,0,20,14.6,1,3.5,21.4,7.8,17.6672,87.2815,7.312,143.229,14.5717,52.3542,59.7782,70.9298,51.1464
3/25/2016,276.69,15.6,0,24.9,0,0,0,5.5,9.1,0,0,16.9,21.7975,84.4398,7.1157,138.612,18.9864,52.9677,105.635,126.022,37.1612
3/26/2016,294.3,7,25,5.4,9.7,12.5,0,0,0.3,0,3.6,27.6,20.8035,98.5341,14.4194,146.333,18.4774,54.8256,99.5853,118.86,38.6339
3/27/2016,331.45,16.4,0,0,7.4,30.6,12.3,0.5,0,1.4,27.8,0,20.3116,153.279,12.7372,152.607,16.4869,50.5314,81.0044,96.2566,33.9245
3/28/2016,345.14,0,0,0,0,2,0,0,0,0,0,19,19.58,133.04,10.4533,202.233,15.0433,48.7352,106.651,126.929,26.4671
3/29/2016,369.39,0,0,0,0,0,0,0,0,0,0,0,19.3378,115.577,8.9429,223.295,16.001,49.9297,69.7536,82.5229,22.281
3/30/2016,401.13,0,0,0,0,0,0,0,0,0,0,0,18.6166,108.914,8.5254,274.947,14.105,46.3819,59.7782,70.9298,18.4323
3/31/2016,432.89,0,0,0,0,0,0,0,0,0,0,0,18.1401,104.981,8.1144,267.36,14.105,60.5559,55.104,64.81,16.2001
4/1/2016,405.7,0,0,0,0,0,0,0,0,0,0,0,17.4656,89.3306,8.0126,250.54,13.1866,44.6484,51.4518,60.6649,14.5113
4/2/2016,367.62,0,0,0,12.3,0,0,0,0,0,0,0,17.0836,87.2815,7.8104,219.739,12.735,42.942,50.5511,59.5017,14.1026
4/3/2016,330.33,0,0,0,0,0,0,3.2,0,0,0,0,16.893,84.0364,7.6098,178.521,12.2885,42.942,47.8791,56.0691,12.5225
4/4/2016,290.68,0,0,0,0,0,0,0,0,0,0,0,16.5126,81.6298,7.5101,151.03,11.4112,41.8196,46.9987,55.5054,11.7653
4/5/2016,263.59,0,0,0,0,0.6,0,0,0,0,0,0,16.5126,79.2468,7.4108,147.894,11.4112,42.3793,42.6742,50,11.7653
4/6/2016,241.93,0,0,0,0,0,0,0,0,0,0,0,16.3228,77.4674,7.4108,138.612,10.9806,40.7095,40.1432,46.8133,11.7653
4/7/2016,225.93,0,0,0,0,0,0,0,0,0,0,0,16.1334,76.1107,7.2136,134.043,10.9806,35.8665,39.3104,45.7707,11.395
4/8/2016,216.36,0,0,0,0,0,0,0,0,0,0,0,15.9442,74.0862,7.2136,123.575,10.5553,34.3084,36.8451,43.2075,11.0301
4/9/2016,201.61,0,0,0,0,0,0,0,0,0,0,0,15.9442,72.7436,7.1157,117.717,10.1356,33.7954,36.8451,43.2075,10.6708
4/10/2016,192.82,0,0,0,0,0,0,0,0,0,0,0,15.7553,71.0735,7.0181,117.717,9.7214,32.7788,36.0345,42.1996,10.3171
4/11/2016,187.84,0,0,0,0,0,0,0,0,0,0,0,15.5667,70.0757,7.0181,116.267,9.3129,31.278,35.2296,41.2017,10.3171
4/12/2016,179.26,0,0,0,0,0,0,0,0,0,0,0,15.5667,67.1024,7.0181,113.384,9.3129,33.2855,34.4305,40.2139,9.9689
4/13/2016,172.93,0,0,0,0,0,0,0,0,0,0,0,15.3784,64.8107,6.921,110.523,8.5132,31.278,32.8495,38.2685,9.6263
4/14/2016,172.92,0,0,0,0,0,0,0,0,0,0,0,15.1905,63.8342,6.8243,109.102,8.5132,33.7954,32.0679,37.311,9.6263
4/15/2016,172.91,0,0,0,0,0,0,0,0,0,0,0,15.0028,61.8918,6.7281,106.277,9.7214,33.2855,31.2921,36.3637,9.2893
4/16/2016,168.58,0,0,0,0,0,0,0,0,0,0,0,14.8154,61.8918,6.6323,104.874,9.7214,31.278,31.2921,36.3637,8.9578
4/17/2016,168.63,0,0,0,0,0,0,0,0,0,0,0,14.8154,61.2474,6.6323,103.476,9.3129,31.775,33.6371,39.2361,8.9578
4/18/2016,165.22,0,0,0,0,0,0,0,0,0,0,0,14.6283,61.2474,6.5369,102.085,9.3129,30.7841,31.2921,36.3637,8.632
4/19/2016,172.9,0,0,0,0,0,0,0,0,0,0,0,14.6283,61.2474,6.442,100.699,9.3129,29.3219,29.7587,34.4999,7.9973
4/20/2016,172.93,0,0,0,0,0,0,0,0,0,0,0,14.4416,61.2474,6.442,99.3198,9.3129,29.8061,29.0011,33.5834,7.6884
4/21/2016,164.17,0,0,0,0,0,0,0,0,0,0,0,14.2551,60.6046,6.3475,95.2181,10.9806,28.3634,28.2496,32.6774,7.0876
4/22/2016,164.06,0,0,0,0,0,0,0,0,0,0,0,14.069,60.6046,6.2535,95.2181,10.1356,28.841,28.2496,32.6774,7.0876
4/23/2016,164.04,0,0,0,0,0,0,0.5,0,0,0,0,13.8832,60.6046,6.2535,93.8632,9.3129,29.3219,27.5044,31.7818,6.7958
4/24/2016,164.02,0,0,0,0,0,0,0,0,0,0,0,13.8832,59.6434,6.2535,91.172,8.9101,28.3634,26.7654,30.8966,6.7958
4/25/2016,156.63,0,0,0,0,0,0,0,0,0,0,0,13.6977,59.6434,6.0668,89.8358,8.9101,27.889,26.7654,30.8966,6.5097
4/26/2016,156.62,0,0,0,8.3,0,0,0,0,0,0,0,13.6977,59.6434,6.0668,88.506,8.9101,28.3634,25.3066,29.1579,6.5097
4/27/2016,156.59,0,0,0,0,0.9,0,0,0,4,2.2,12,13.5125,59.0045,6.0668,89.8358,8.9101,27.889,26.0328,30.0219,6.5097
4/28/2016,156.56,0,0,0,0,0,0,2,0,0,0,0,13.5125,59.0045,6.2535,87.1825,8.9101,28.841,26.7654,30.8966,6.2293
4/29/2016,156.4,4.8,0,12.6,42,1.2,0,1.3,11,1.5,13.7,4.9,13.8832,61.8918,6.3475,89.8358,8.5132,29.3219,32.8495,38.2685,9.9689
4/30/2016,155.67,17,12.8,0,0,23.2,24.3,16.7,16,26.7,15.7,3.2,13.5125,60.9258,10.8984,91.172,8.5132,32.7788,37.6612,44.2254,7.6884
5/1/2016,160.69,0,0,0,0,0,0,0,0,1.8,5.1,0,13.5125,61.8918,7.1157,95.2181,8.5132,32.2753,64.2804,75.9914,7.9973
5/2/2016,170.41,0,0,0,0,0,0,0,0,0,0,0,13.5125,61.8918,6.2535,96.5792,10.1356,31.278,53.2681,63.0195,6.7958
5/3/2016,170.39,0,0,0,0,0,0,0,0,0,0,0,13.3277,59.3237,6.2535,102.085,9.3129,36.921,44.3882,52.1732,6.5097
5/4/2016,177.79,0,0,0,0,0,0,0,0,0,0,0,13.3277,56.7813,6.1599,107.687,8.5132,37.4529,37.6612,44.2254,6.5097
5/5/2016,191.24,0,0,0,0,0,0,0,0,0,0,0,13.3277,54.8916,6.0668,102.085,8.5132,35.344,32.0679,37.311,6.2293
5/6/2016,182.59,0,0,0,0,0,0,0,0,0,0,0,13.1432,53.6402,5.9741,93.8632,8.5132,33.7954,31.2921,36.3637,5.8837
5/7/2016,167.78,0,0,0,0,0,0,0,0,0,0,0,13.1432,52.706,5.9741,91.172,8.5132,33.2855,30.5224,35.4266,5.8837
5/8/2016,160.36,0,0,0,0,0,0,0,0,0,0,0,13.1432,51.1576,5.8819,88.506,8.5132,32.2753,30.5224,35.4266,5.5301
5/9/2016,160.42,0,0,0,0,0,0,0,0,0,0,0,12.9591,50.8492,5.8819,87.1825,8.5132,29.8061,30.5224,35.4266,5.1836
5/10/2016,153.07,0,0,0,0,0,0,0,0,0,0,0,12.9591,50.5413,5.8819,84.5546,8.5132,28.841,29.0011,33.5834,5.1836
5/11/2016,153.06,0,0,0,0,0,0,0,0,0,0,0,12.7752,50.2338,5.8819,88.506,8.5132,29.8061,27.5044,31.7818,4.8441
5/12/2016,152.89,0,0,0,0,0,0,0,0,0,0,0,12.7752,49.62,5.7902,81.9526,8.5132,29.8061,25.3066,29.1579,4.8441
5/13/2016,152.68,0,0,12,0,0,1.1,0.6,0,3.9,0,0,12.7752,49.3138,5.6989,80.6614,8.1222,27.889,25.3066,29.1579,6.2293
5/14/2016,152.59,3,12.2,19,0,12.4,0,0,0,0.2,0,0,12.5918,49.3138,7.5101,81.9526,8.1222,28.841,26.7654,30.8966,7.0876
5/15/2016,145.92,0,0,0,0,0,0,0,0,0,0,0,12.5918,49.0081,6.442,79.3767,8.1222,27.4179,26.0328,30.0219,6.2293
5/16/2016,144.34,0,0,0,0,0,0,0,0,0,0,0,12.5918,49.0081,5.8819,78.0987,8.1222,27.4179,26.0328,30.0219,6.2293
5/17/2016,147.86,0,0.6,0,0,0,0,0,0,0,0,1.8,12.4086,49.0081,6.0668,78.0987,8.1222,26.4857,27.5044,31.7818,5.8837
5/18/2016,144.3,0,0,0,0,0,0,0,0,0,0,0,12.4086,49.0081,5.9741,78.0987,8.1222,26.9501,26.7654,30.8966,5.8837
5/19/2016,137.01,0,0,0,0,5.7,0,0,0,0,0,0,12.4086,48.7028,5.8819,76.8273,8.1222,29.3219,28.2496,32.6774,5.8837
5/20/2016,121.66,0,0,0,0,0,0,12.3,7.7,0,0,0.5,12.2259,48.7028,6.2535,76.8273,7.7372,28.3634,26.7654,30.8966,5.5301
5/21/2016,122.87,0,0,0,0,0,0,0,0,0,0,0,12.2259,48.0935,5.8819,76.8273,7.7372,30.2935,25.3066,29.1579,5.5301
5/22/2016,120.08,0,0,0,0,0,0,0,0,0,0,0,12.2259,47.7895,5.7902,76.8273,7.7372,28.841,31.2921,36.3637,5.5301
5/23/2016,121.81,0,0,0,0,0,0,0,0,0,0,0,12.0435,47.1829,5.6989,76.8273,7.7372,26.9501,27.5044,31.7818,5.1836
5/24/2016,117.09,0,0,0,0,0,0,0,0,0,0,0,12.0435,46.5781,5.6989,75.5625,7.7372,28.841,26.7654,30.8966,5.1836
5/25/2016,113.81,0,0,0,0,0,0,0,0,0,0,0,12.0435,46.5781,5.6989,75.5625,7.7372,30.7841,26.7654,30.8966,4.8441
5/26/2016,111.16,0,0,0,0,0,0,0,0,0,0,0,11.8614,46.2764,5.6989,74.3045,7.3583,36.921,25.3066,29.1579,4.8441
5/27/2016,115.11,0,0,0,0,0,0,0,0,0,0,0,11.8614,45.9751,5.608,73.0533,7.3583,29.3219,26.7654,30.8966,4.5119
5/28/2016,127.56,0,0,0,0,0,0,0,0,0,0,0,11.8614,45.0741,5.608,71.8088,7.3583,29.3219,24.5869,28.3044,4.5119
5/29/2016,114.92,0,0,0,0,0,0,0,0,0,0,0,11.6797,43.8792,5.608,71.8088,7.3583,27.889,23.8737,27.4616,4.5119
5/30/2016,105.47,0,0,0,0,0,0,0,0,0,0,0,11.6797,42.988,5.5177,71.8088,7.3583,26.9501,23.8737,27.4616,4.1872
5/31/2016,104.96,0,0,0,0,0,0,0,0,0,0,0,11.6797,42.988,5.5177,70.5712,7.3583,28.841,23.8737,27.4616,4.1872
6/1/2016,100.1,0,0,0,0,0,0,0,0,0,0,0,11.4984,42.3962,5.5177,69.3405,7.7372,28.841,23.8737,27.4616,3.8702
6/2/2016,101.34,0,0.6,5.8,29.6,9.2,13.4,8.8,17.8,28,10.6,30,14.4416,42.3962,5.9741,68.1168,10.1356,30.2935,28.2496,32.6774,5.8837
6/3/2016,100.98,2.4,0,22.1,19.2,24.4,16.2,24,22.4,22.8,16.8,36.3,22.5515,61.5694,14.0534,64.4875,11.8472,36.3922,51.4518,60.6649,8.3118
6/4/2016,106.36,4,0,0,0,12.2,26.2,30.3,24.2,27.5,30.3,11.8,16.3228,72.0745,11.4632,71.8088,14.5717,46.3819,71.601,85.1985,6.2293
6/5/2016,114.09,0,0,0,2.3,9.8,0,0,1.6,0,7.9,1,14.2551,82.8301,7.8104,104.874,16.9776,44.0766,66.0931,78.5768,5.1836
6/6/2016,150.98,0,0,0,0,0,0,0,0,0,0,2.5,13.5125,81.6298,6.1599,109.102,18.4774,38.526,60.691,71.5545,5.1836
6/7/2016,204.46,0,0,0,0,0.7,0,0,0,0,0,5.6,12.7752,70.0757,5.8819,119.173,17.473,37.4529,46.9987,55.5054,5.1836
6/8/2016,250.85,0,0,0,0,0,0,1,10,1.5,0,0,12.5918,61.8918,5.7902,129.524,17.473,35.344,40.1432,46.8133,5.1836
6/9/2016,235.53,0,0,0,0,0,0,0,0,0,0,0,12.2259,55.2055,5.6989,123.575,16.4869,35.8665,38.483,44.738,5.1836
6/10/2016,203.63,0,0,0,0,0,0,1.2,0,0,0,0,11.8614,51.4664,5.6989,120.635,16.001,34.8246,34.4305,40.2139,4.8441
6/11/2016,176.98,0,0,0,0,0,0,0,0.8,0,0,0.5,11.8614,49.0081,5.5177,110.523,14.105,33.2855,34.4305,40.2139,4.5119
6/12/2016,175.29,0,0.7,0,0,0,0,0,0,0,0,0,11.6797,48.3979,5.5177,97.9464,12.735,30.2935,32.0679,37.311,4.5119
6/13/2016,159.59,0,0,0,0,0,0,0,0,0,0,0,11.6797,47.1829,5.5177,92.5145,11.8472,29.3219,30.5224,35.4266,4.1872
6/14/2016,136.99,0,0,0,0,0,0,0,0,0,0,0,11.4984,45.9751,5.5177,87.1825,10.9806,28.3634,28.2496,32.6774,4.1872
6/15/2016,113.9,0,0,0,0,0,0,0,0,0,0,0,11.4984,45.6743,5.5177,78.0987,10.1356,31.775,27.5044,31.7818,4.1872
6/16/2016,109.25,0,0,0,0,0,0,0,0,0,0,0,11.4984,45.3739,5.5177,75.5625,9.3129,31.775,26.7654,30.8966,4.1872
6/17/2016,109.69,0,0,0,0,0,0,0,0,0,0,0,11.3174,44.4757,5.4278,73.0533,8.5132,31.775,26.0328,30.0219,4.1872
6/18/2016,109.7,0,0,0,0,0,0,0,0,0,0,0,11.3174,43.5816,5.4278,73.0533,8.1222,30.7841,26.0328,30.0219,3.8702
6/19/2016,100.26,0,0,0,0,0,0,0,0,0,0,0,11.3174,43.2846,5.4278,71.8088,7.7372,29.8061,26.7654,30.8966,3.8702
6/20/2016,98.67,0,0,0,0,0,0,0,0,0,0,0,11.1369,43.2846,5.3384,71.8088,7.3583,28.841,26.7654,30.8966,3.8702
6/21/2016,91.48,0,0,0,0,0,0,0,0,0,0,0,11.1369,43.2846,5.3384,71.8088,7.3583,28.841,24.5869,28.3044,3.8702
6/22/2016,92.58,0,0,0,0,0,0,0,0,0,0,0,11.1369,42.988,5.3384,70.5712,7.3583,28.3634,24.5869,28.3044,3.5612
6/23/2016,95.25,0,0,0,0,0,0,0,0,0,0,0,10.9567,42.6918,5.3384,69.3405,7.3583,28.841,24.5869,28.3044,3.5612
6/24/2016,95.2,0,0,0,0,9.1,0,0,0,0,0,0,10.9567,42.6918,5.7902,68.1168,7.3583,28.841,22.4673,25.8082,3.5612
6/25/2016,94.44,0,0,0,0,0,0,0,0,0,0,0,10.9567,42.3962,5.161,68.1168,6.9856,28.841,25.3066,29.1579,3.5612
6/26/2016,91.61,0,0,0,0,0,0,0,0,0,0,0,10.9567,42.101,5.161,68.1168,6.9856,28.841,23.8737,27.4616,3.5612
6/27/2016,99.48,0,0,0,0,0,0,0,0,0,0,0,10.7769,41.2184,5.161,68.1168,6.9856,28.3634,23.8737,27.4616,3.5612
6/28/2016,99.5,0,0,0,0,0,0,0,0,0,0,0,10.7769,40.9251,5.161,69.3405,6.9856,28.3634,23.1671,26.6295,3.5612
6/29/2016,95.28,0,0,0,0,0,0,0,0,0,0,0,10.7769,40.3401,5.161,69.3405,6.9856,28.841,23.1671,26.6295,3.2603
6/30/2016,95.82,0,0,0,0,0,0,0,0,0,0,0,10.7769,39.7571,5.161,66.9,6.9856,25.1122,22.4673,25.8082,3.2603
7/1/2016,87.27,0,0,0,0,0,0,0,0,0,0,0,10.5974,39.4663,5.073,66.9,6.9856,23.7688,23.1671,26.6295,3.2603
7/2/2016,80.19,0,0,0,0,0,0,0,0,0,0,0,10.5974,39.176,4.9855,66.9,6.9856,22.4559,23.1671,26.6295,3.2603
7/3/2016,81.03,0,0,0,0,0,0,0,0,0,0,0,10.5974,38.8862,4.9855,66.9,6.6193,22.8902,23.1671,26.6295,3.2603
7/4/2016,78.12,0,0,0,0,0,0,0,0,0,0,0,10.5974,38.5969,4.9855,66.9,6.6193,20.7533,22.4673,25.8082,2.9679
7/5/2016,78.45,0,0,0,0,0,0,0,0,0,0,0,10.4184,38.5969,4.9855,66.9,6.6193,21.5977,22.4673,25.8082,2.9679
7/6/2016,73.63,0,0,0,0,0,0,0,0,0,0,0,10.4184,38.3081,4.9855,65.6902,6.6193,19.9227,21.7742,24.5965,2.9679
7/7/2016,78.73,0,0,0,0,0,0,0,0,0,0,0,10.4184,38.0199,4.9855,64.4875,6.6193,20.3362,21.7742,24.5965,2.6843
7/8/2016,78.07,0,0,0,0,0,0,0,0,0,0,0,10.2398,37.7321,4.9855,63.292,6.2595,19.5126,21.7742,24.5965,2.6843
7/9/2016,81.07,0,0,0,0,0,0,0,0,0,0,0,10.2398,37.4448,4.812,62.1035,6.2595,19.9227,21.0879,23.8024,2.4097
7/10/2016,77.57,0,0,0,0,0,0,0,0,0,0,0,10.2398,37.1581,4.812,60.9224,6.2595,19.106,20.4087,23.0192,2.4097
7/11/2016,73.28,0,0,0,0,0,0,0,0,0,0,0,10.0616,37.1581,4.6405,59.7484,6.2595,19.106,20.4087,23.0192,2.4097
7/12/2016,71.72,0,0,0,0,0,0,0,0,0,0,0,10.0616,36.8719,4.6405,57.4226,6.2595,20.3362,19.7364,22.247,2.4097
7/13/2016,67.94,0,0,0,0,0,0,0,0,0,0,0,9.8838,36.8719,4.6405,56.2708,5.9063,20.7533,19.7364,22.247,2.1446
7/14/2016,67.21,0,0,0,0,0,0,0,0,0,0,0,9.8838,36.5861,4.6405,56.2708,5.9063,20.3362,19.0712,21.4859,2.1446
7/15/2016,72.43,0,0,0,0,0,0,0,0,0,0,0,9.7064,36.0163,4.5555,55.1264,5.9063,20.3362,18.4132,20.736,2.1446
7/16/2016,74.84,0,0,0,0,0,0,0,0,0,0,0,9.7064,36.0163,4.4709,55.1264,5.9063,18.703,17.7625,19.6321,2.1446
7/17/2016,79.35,0,0,0,0,0,0,0,0,0,0,0,9.7064,35.1654,4.4709,55.1264,5.5598,22.4559,17.7625,19.6321,2.1446
7/18/2016,79.67,0,0,0,0,0,0,0,0,0,0,0,9.5294,34.3192,4.4709,53.9896,5.5598,22.4559,17.2046,19.2698,2.1446
7/19/2016,80.04,0,0,0,0,0,0,0,0,0,0,0,9.5294,33.4779,4.4709,53.9896,5.5598,23.3278,17.2046,19.2698,2.1446
7/20/2016,80.16,0,0,0,0,0,0,0,0,0,0,0,9.5294,33.1986,4.4709,52.8604,5.5598,22.8902,16.7995,18.9104,2.1446
7/21/2016,75.62,0,0,0,0,0,0,0,0,0,0,0,9.5294,33.4779,4.4709,52.8604,5.2202,22.4559,16.7995,18.9104,2.1446
7/22/2016,73.44,0,0,0,0,0,0,0,0,0,0,0,9.5294,33.4779,4.4709,52.8604,5.2202,22.8902,17.2046,19.2698,2.1446
7/23/2016,75.94,0,0,0,0,0,0,0,0,0,0,0,9.3529,33.4779,4.4709,52.8604,5.2202,23.7688,17.2046,19.2698,2.1446
7/24/2016,73.66,0,0,0,0,0,0,0,0,0,0,0,9.3529,33.4779,4.4709,52.8604,5.2202,25.5667,17.7625,19.6321,2.1446
7/25/2016,73.75,0,0,0,0,0,0,0,0,0,0,0,9.3529,33.1986,4.4709,52.8604,4.8876,24.2133,17.2046,19.2698,1.8894
7/26/2016,75.36,0,0,0,0,0,0,0,0,0,0,0,9.3529,33.1986,4.3869,51.7389,4.8876,25.1122,17.2046,19.2698,1.8894
7/27/2016,74.18,0,0,0,0,0,0,0,0,0,0,0,9.3529,33.1986,4.3869,50.625,4.8876,25.5667,16.7995,18.9104,1.8894
7/28/2016,75.36,0,0,0,0,0,0,0,0,0,0,0,9.1768,33.1986,4.3869,50.625,4.8876,25.5667,16.7995,18.9104,1.8894
7/29/2016,72.18,0,0,0,0,0,0,0,0,0,0,0,9.1768,32.0866,4.3034,50.625,4.8876,25.5667,16.3963,18.2,1.8894
7/30/2016,78.57,0,0,0,0,0,0,0,0,0,0,0,9.1768,32.0866,4.3034,50.625,4.8876,23.3278,16.3963,18.2,1.8894
7/31/2016,78.5,0,0,0,0,0,0,0,0,0,0,0,9.1768,31.81,4.3034,50.625,4.8876,25.5667,15.9948,17.8491,1.8894
8/1/2016,69.18,0,0,0,0,0,0,0,0,0,0,0,9.1768,31.81,4.3034,50.625,4.8876,24.2133,15.9948,17.8491,1.6446
8/2/2016,64.63,0,0,0,0,0,0,0,0,0,0,0,9.0011,31.81,4.2205,50.625,4.8876,25.1122,15.9948,17.8491,1.6446
8/3/2016,61.07,0,0,0,0,0,0,0,0,0,0,0,9.0011,31.534,4.2205,49.519,4.8876,25.1122,15.9948,17.8491,1.6446
8/4/2016,68.22,0,0,0,0,0,0,0,0,0,0,0,9.0011,31.534,4.2205,48.4207,4.8876,24.2133,15.9948,17.8491,1.6446
8/5/2016,68.91,0,0,0,0,0,0,0,0,0,0,0,9.0011,31.2585,4.2205,48.4207,6.2595,24.2133,15.9948,17.8491,1.6446
8/6/2016,62.73,0,0,0,0,0,0,0,0,0,0,0,8.8259,30.9836,4.138,48.4207,4.8876,24.2133,15.5952,17.1559,1.6446
8/7/2016,63.68,0,0,0,0,0,0,0,0,0,0,0,8.8259,30.7092,4.138,47.3304,4.5622,24.2133,15.5952,17.1559,1.6446
8/8/2016,62.53,0,0,0,0,0,0,0,0,0,0,0,8.8259,30.7092,4.138,47.3304,4.5622,24.2133,15.5952,17.1559,1.6446
8/9/2016,64.89,0,0,0,0,0,0,0,0,0,0,0,8.8259,30.7092,4.0561,46.248,4.5622,24.661,15.1975,16.8136,1.6446
8/10/2016,66.09,0,0,0,0,0,0,0,0,0,0,0,8.6511,30.7092,4.0561,46.248,4.5622,25.1122,15.1975,16.8136,1.4107
8/11/2016,63.25,0,0,0,0,0,0,0,0,0,0,0,8.6511,30.4354,4.0561,45.1736,4.5622,24.661,14.8017,16.4742,1.4107
8/12/2016,62.71,0,0,0,0,0,0,0,0,0,0,0,8.6511,30.4354,3.8134,45.1736,4.5622,24.2133,14.4079,15.8042,1.4107
8/13/2016,64.62,0,0,0,0,0,0,0,0,0,0,0,8.6511,30.1622,3.8134,45.1736,4.5622,24.2133,14.016,15.4736,1.4107
8/14/2016,57.14,0,0,0,0,0,0,0,0,0,0,0,8.4768,30.1622,3.8134,44.1073,4.5622,21.5977,14.016,15.4736,1.4107
8/15/2016,58.96,0,0,0,0,0,0,0,0,0,0,0,8.4768,29.8896,3.8134,44.1073,4.2442,23.3278,13.6262,14.8212,1.4107
8/16/2016,57,10,4.8,0,4,7,3,2.4,1.8,4.1,6,6.9,8.8259,29.8896,3.8134,45.1736,4.2442,24.661,14.016,15.4736,1.4107
8/17/2016,57.49,0,0,0.6,0,0,0,0,0,0,0,0,8.6511,29.6175,3.6543,45.1736,4.2442,25.1122,14.016,15.4736,1.4107
8/18/2016,57.12,0,0,0,0,0,0,0,0,0,0,0,8.4768,29.6175,3.6543,46.248,4.2442,24.661,16.3963,18.2,1.4107
8/19/2016,57.14,0,0,0,0,0,0,0,0,0,0,0,8.303,29.6175,3.6543,46.248,4.2442,25.5667,16.3963,18.2,1.4107
8/20/2016,58.13,0,0,0,0,0,0,0,0,0,0,0,8.303,29.8896,3.6543,46.248,4.2442,25.5667,15.9948,17.8491,1.4107
8/21/2016,62.92,0,0,0,0,5,0,0,0,0,0,2.7,8.303,30.1622,3.8134,46.248,4.2442,24.661,15.1975,16.8136,1.4107
8/22/2016,59.38,0,0,0,0,0,0,0,0,0.7,0,1,8.303,30.4354,3.8134,46.248,4.2442,22.8902,14.016,15.4736,1.4107
8/23/2016,58.43,0,0,0,0,0,0,0,0,0,0,0,8.303,30.7092,3.8134,45.1736,4.2442,22.8902,14.016,15.4736,1.4107
8/24/2016,56.77,0,0,0,0,0,0,0,0,0,0,0,8.303,30.1622,3.8134,45.1736,3.9337,21.5977,13.6262,14.8212,1.4107
8/25/2016,53.71,0,0,0,0,0,0,0,0,0,0,0,8.1296,30.1622,3.8134,44.1073,3.9337,21.1738,13.6262,14.8212,1.1884
8/26/2016,47.5,0,0,0,0,0,0,0,0,0,0,0,8.1296,29.6175,3.8134,43.0493,3.9337,16.3593,13.2384,14.4994,1.1884
8/27/2016,47.46,0,0,0,0,0,0,0,0,0,0,0,8.1296,29.346,3.6543,43.0493,3.9337,17.9075,13.2384,14.4994,1.1884
8/28/2016,38.49,0,0,0,0,0,0,0,0,0,0,0,8.1296,29.346,3.6543,43.0493,3.9337,16.3593,13.2384,14.4994,1.1884
8/29/2016,40.27,0,0,0,0,0,0,0,0,0,0,0,8.1296,29.0751,3.6543,43.0493,3.9337,14.869,13.2384,14.4994,1.1884
8/30/2016,42.83,0,0,0,0,0,0,0,0,0,0,0,7.9567,27.9974,3.6543,43.0493,3.9337,18.3035,14.4079,15.8042,1.1884
8/31/2016,37.48,0,0,0,0,0,0,0,0,0,0,0,7.9567,27.9974,3.6543,44.1073,3.9337,17.5151,14.016,15.4736,1.1884
9/1/2016,34.25,9.2,12.1,0,0,0,7.2,7.4,12,9.8,1.6,0,7.9567,27.7295,3.6543,43.0493,3.631,17.9075,19.0712,21.4859,1.1884
9/2/2016,35.54,0,0,0,0,0,0,14.7,0,9.2,0,0,8.4768,27.4622,3.6543,41.9994,3.631,17.1262,14.8017,16.4742,1.1884
9/3/2016,33.74,0,0,0,0,0,0,0,0,0,0,0,8.303,27.4622,3.6543,40.9579,3.631,14.1459,15.1975,16.8136,1.1884
9/4/2016,36.23,0,0,0,0,0,0,0,0,0,0,0,7.9567,27.1954,3.6543,39.9247,3.631,13.4376,18.4132,20.736,1.1884
9/5/2016,28.39,0,0,0,0,0,0,0,0,0,0,0,7.9567,26.6638,3.6543,39.9247,3.631,12.0661,16.3963,18.2,1.1884
9/6/2016,25.67,0,0,0,0,0,0,0,0,0,0,0,7.9567,26.3989,3.4974,39.9247,3.631,11.0775,14.8017,16.4742,1.1884
9/7/2016,26.63,0,0,0,0,0,0,0,0,0,0,0,7.9567,26.3989,3.4974,38.9,3.631,11.4032,13.6262,14.8212,1.1884
9/8/2016,31.77,0,0,0,0,0,0,0,0,0,0,0,7.7843,26.1346,3.4974,38.9,3.631,11.4032,13.2384,14.4994,0.9784
9/9/2016,32.93,0,0,0,0,0,0,0,0,0,0,0,7.7843,26.1346,3.4974,38.9,3.631,11.0775,12.8527,13.8648,0.9784
9/10/2016,27.37,0,0,0,0,0,7.3,0,0,0,0,0,7.6124,25.8709,3.4974,37.8839,3.0498,11.0775,12.0877,12.9353,0.9784
9/11/2016,26.22,0,0,0,0,0,0,0,0,0,0,0,7.6124,25.6079,3.4974,37.8839,3.3363,11.4032,12.4691,13.552,0.9784
9/12/2016,23.33,0,0,0,0,0,0,0,0,0,0,0,7.6124,25.3454,3.4974,36.8764,3.3363,11.4032,12.8527,13.8648,0.9784
9/13/2016,25.44,0,0,0,0,0,0,0,0,0,0,0,7.441,25.0837,3.4974,36.8764,3.3363,10.7558,12.4691,13.552,0.9784
9/14/2016,25.85,0,0,0,0,0,0,0,0,0,0,0,7.441,24.5627,3.4198,35.8775,3.0498,11.0775,11.7085,12.6315,0.9784
9/15/2016,25.89,0,0,0,0,0,0,0,0,0,0,0,7.441,24.5627,3.4198,35.8775,3.0498,11.0775,11.7085,12.6315,0.9784
9/16/2016,30.75,0,0,0,0,0,0,15.1,5.4,0,3.9,0,7.2701,24.5627,3.4198,35.8775,3.0498,10.4379,12.8527,13.8648,0.9784
9/17/2016,38.37,0,0,0,0,0,0,0,0,0,0,0,7.2701,24.5627,3.4198,35.8775,3.0498,10.7558,11.3316,12.033,0.7817
9/18/2016,41.52,0,8.6,0,0,0,0,0,0,0,0,2.8,7.2701,24.3368,3.4198,35.8775,3.0498,10.7558,10.2149,10.8729,0.7817
9/19/2016,46.2,0,0,0,4.1,0,0,0,0,0,0,0,7.2701,24.1114,3.4198,35.8775,3.0498,9.5078,10.5847,11.1583,0.7817
9/20/2016,42.6,2.6,0,0,0,0.4,16.3,4.5,11.1,0.2,0,4,7.7843,24.1114,3.4198,33.9064,2.7718,10.7558,12.8527,13.8648,0.7817
9/21/2016,41.02,0,0,0,0,0,0,0,0.5,0,0,0,7.2701,23.8867,3.3428,31.9712,2.7718,11.0775,12.0877,12.9353,0.7817
9/22/2016,37.67,0,0,0,0,0,0,0,0,0,0,0,7.2701,23.6626,3.3428,31.9712,2.7718,11.0775,11.7085,12.6315,0.7817
9/23/2016,51.53,0,0,5.3,0,0,0,0,0,0,0,0,7.2701,23.6626,3.3428,31.9712,2.7718,10.7558,11.7085,12.6315,0.7817
9/24/2016,57.88,0,0,0,6.3,0,0,0,0,0,0,0,7.2701,23.439,3.3428,31.9712,2.7718,10.4379,11.3316,12.033,0.7817
9/25/2016,47,3,6.5,0,0,4.6,7.8,5.5,5,0.1,0,0,7.0997,23.439,3.3428,35.8775,2.7718,10.7558,12.4691,13.552,0.7817
9/26/2016,47.85,0,1.4,8.7,0,0,24.5,3,33,6.6,0,0,7.0997,23.439,3.3428,36.8764,2.7718,9.5078,36.8451,43.2075,0.7817
9/27/2016,54.7,0,0,0,0,0,0,0,0,0,0,0,7.0997,23.439,3.3428,34.8875,2.5025,9.2057,26.0328,30.0219,0.7817
9/28/2016,59.41,0,0,0,1.2,0,0,0,0,0,0,0,7.0997,23.2161,3.3428,34.8875,2.5025,8.9077,27.5044,31.7818,0.7817
9/29/2016,49.34,0,10,0,0,0,0,0,0,0,0,0,7.0997,22.9938,3.3428,34.8875,2.5025,8.6136,21.7742,24.5965,0.7817
9/30/2016,49.96,0,0,0,0,0,0,0,0,0,0,0,6.9299,22.7721,3.3428,34.8875,2.5025,8.6136,17.7625,19.6321,0.7817
10/1/2016,46.25,0,0,0,9.1,0,0,0,0,0,0.6,0,6.9299,22.7721,3.3428,33.9064,3.3363,8.3237,15.1975,16.8136,3.2603
10/2/2016,50.79,27.8,1.7,12.8,0,3.9,0.5,6.2,8.4,0.4,0,1.5,7.0997,23.439,3.3428,33.9064,3.0498,8.0378,15.1975,16.8136,5.5301
10/3/2016,92.58,0,0,18.6,23.5,0,0,0,0,0,0,0,7.6124,25.3454,3.3428,33.9064,3.631,8.0378,13.2384,14.4994,8.632
10/4/2016,179.87,21,41,28.4,7.3,31.2,20.5,20.7,23,31.7,19.7,47.2,9.8838,29.6175,6.0668,36.8764,4.8876,8.9077,21.0879,23.8024,11.0301
10/5/2016,237.91,17.8,12.9,25.8,0,0.8,1.6,3.5,3.8,1.6,1.3,0,8.8259,37.7321,5.5177,39.9247,5.2202,12.4033,16.7995,18.9104,9.9689
10/6/2016,208.47,14.6,0,0,0,3.9,12.3,6.7,6,0.3,7.6,0,7.7843,41.8063,4.5555,39.9247,5.2202,13.7899,20.4087,23.0192,7.6884
10/7/2016,137.77,1,0,0,0,0,0,0,1,0,0,0,7.2701,39.7571,3.9747,39.9247,4.8876,14.869,22.4673,25.8082,5.8837
10/8/2016,144.52,0,0,0,0,0,0,0,0,0,0,0,7.0997,37.1581,3.4198,57.4226,4.2442,14.869,19.7364,22.247,4.5119
10/9/2016,150.82,0,0,0,0,0,0,0,0,0,0,0,6.9299,34.3192,3.1903,60.9224,3.9337,13.089,17.2046,20.736,3.8702
10/10/2016,134.31,0,0,0,0,0,0,0,0,0,0,0,7.2701,31.534,3.1903,53.9896,3.631,12.0661,15.9948,21.4859,3.5612
10/11/2016,131.38,0,0,0,0,0,0,0,0,0,0,0,7.6124,29.6175,3.1903,49.519,3.3363,11.7327,13.6262,22.247,3.2603
10/12/2016,111.57,0,0,13.6,0,29.8,0,0,0,16.3,25.5,7,8.1296,26.9293,6.8243,47.3304,4.2442,12.0661,12.4691,22.247,3.2603
10/13/2016,77.16,0,0,0,0,0,0,0,0,0,0,0,15.7553,26.3989,5.3384,46.248,5.5598,11.7327,12.0877,21.4859,2.9679
10/14/2016,46.26,0,0,0,0,0,0,0,0,8.9,10.6,60,10.5974,29.8896,7.6098,41.9994,6.2595,12.0661,12.0877,21.4859,2.6843
10/15/2016,39.47,0,0,0,0,0,0,2.3,0,3.7,10.1,0,9.0011,36.5861,6.3475,43.0493,6.2595,11.4032,12.8527,20.736,2.6843
10/16/2016,43.56,2.6,0,0,20,0,0,0,0,36.7,0.1,29,8.1296,40.3401,5.9741,47.3304,6.6193,12.0661,13.6262,19.2698,2.4097
10/17/2016,55.43,0,0,0,0,0,4.2,0,1,0,0,0,7.6124,38.3081,4.138,56.2708,6.2595,13.4376,14.016,18.9104,2.1446
10/18/2016,69.46,0,0,0,0,0,0,0,0,3.7,0,0,7.441,37.1581,4.2205,64.4875,6.2595,12.4033,14.8017,18.5537,2.1446
10/19/2016,91.5,0,0,0,0,0,0,6.8,0,6.7,0,0,7.441,36.8719,4.3034,68.1168,6.2595,13.089,15.9948,17.1559,1.8894
10/20/2016,89.8,0,0,0,0,0,0,3.3,0,0.1,0,5.4,7.2701,44.1772,3.9747,58.5818,5.9063,14.5056,15.1975,17.501,1.8894
10/21/2016,73.09,0,3,8.4,0,0,1.3,0,0.5,10.7,4.3,17.3,9.1768,50.8492,3.8134,63.292,5.5598,15.2361,15.1975,17.8491,1.6446
10/22/2016,41.17,0,1.3,0,0,0,12.4,0,0,4.7,19.5,14.1,9.7064,54.8916,3.6543,74.3045,5.5598,14.5056,19.0712,17.8491,1.6446
10/23/2016,28.84,0,0,0,0,0,0,7.9,0,1.2,0,19,8.4768,51.1576,3.5756,83.2504,5.2202,13.089,19.0712,17.8491,1.4107
10/24/2016,22.62,0,0,0,0,0,0,0,1.4,0,0,6.2,8.1296,50.5413,3.5756,89.8358,4.8876,12.4033,13.6262,21.4859,1.4107
10/25/2016,22.35,0,0,0,0,0,0,0,0,0,0,0,7.9567,46.5781,3.4974,85.8653,4.2442,12.4033,17.7625,21.8651,1.4107
10/26/2016,35.65,0,0,0,0,0,0,0,2.3,1.5,0,0,7.7843,37.7321,3.4974,81.9526,4.2442,12.7443,15.9948,22.247,1.1884
10/27/2016,49.27,0,0.3,0,0,0,0,0,0,0,5.7,8.6,7.7843,35.7321,3.4974,71.8088,3.631,12.4033,13.6262,21.4859,1.1884
10/28/2016,64.46,0,0,0,0,0,0,0,0,6.2,6,0,7.6124,31.81,3.4198,62.1035,3.631,11.7327,14.016,21.1096,1.1884
10/29/2016,48.94,0,0,0,0,0,0,0,0,0,0,0,7.6124,42.6918,3.3428,58.5818,3.3363,11.0775,14.4079,20.736,0.9784
10/30/2016,41.53,0,14.7,0,0,0,0,0,0,0,0,0,7.441,55.5199,3.2663,63.292,3.0498,10.4379,14.8017,17.1559,0.7817
10/31/2016,36.84,0,0,0,0,0,0,0,0,0,0,0,7.441,25.0837,3.1903,79.3767,3.0498,9.8139,12.8527,16.4742,0.7817
11/1/2016,32.07,0,0,0,0,0,0,0,0,0,0,0,7.441,24.8225,3.1903,70.5712,3.0498,9.8139,10.2149,15.8042,0.7817
11/2/2016,43.6,0,0,0,0,0,0,0,0,0.3,0,0,7.2701,24.8225,3.0402,41.9994,3.0498,9.8139,10.2149,14.4994,0.5995
11/3/2016,42.54,0,0,0,0,0,0,0,0,0,0,0,7.2701,24.8225,3.0402,41.9994,3.631,8.9077,9.4826,14.1806,0.4332
11/4/2016,37.39,0,0,8.2,0,0,0,0.2,0,29.3,44,5.8,7.2701,26.3989,3.0402,41.9994,4.2442,8.6136,9.1203,14.1806,0.4332
11/5/2016,32.16,7,14.6,0,0,7.5,31.3,15.7,12,2.4,10,26.3,7.9567,32.0866,3.5756,38.9,5.2202,9.2057,19.0712,15.1459,7.6884
11/6/2016,32.87,0,3.5,0,0,0,0,6,14.4,0.8,0.3,0,7.441,35.4485,4.8985,41.9994,6.2595,8.6136,15.9948,20.3652,5.8837
11/7/2016,27.8,1,1.2,0,23.1,0,0,0,0.6,0,0,4.5,7.0997,37.7321,3.8134,44.1073,6.9856,8.6136,22.4673,21.4859,4.5119
11/8/2016,32.6,10.6,12.2,0,0,12.1,9.9,7.7,9.2,46.4,0,0,7.0997,36.5861,9.2602,55.1264,6.2595,13.7899,23.8737,28.7298,3.8702
11/9/2016,65.21,0,8.6,0,6.7,0,0,0.3,5.5,0,10.7,0,8.303,37.7321,4.9855,57.4226,7.7372,16.741,34.4305,30.8966,9.2893
11/10/2016,118.46,8.2,0,2.5,26.3,0,12.3,42.3,5.6,20,0,14.4,7.441,38.0199,4.6405,55.1264,7.7372,13.4376,38.483,43.7152,5.1836
11/11/2016,131.51,0,0,0,0,0,0,0.3,3.8,0,24,0,7.0997,37.4448,4.4709,59.7484,8.5132,13.4376,33.6371,49.4628,5.1836
11/12/2016,126.08,7.4,3.5,12.2,25,7.4,0,8.2,1,11.3,0,0,7.441,37.4448,10.564,65.6902,11.8472,13.7899,29.7587,43.7152,4.1872
11/13/2016,125.76,23.6,20.7,34.1,29.1,12.3,8.7,10,8.6,10.9,32,12.8,8.303,38.3081,11.6916,74.3045,19.4999,17.5151,29.0011,38.751,25.9255
11/14/2016,236.72,19.8,32,42.6,46.3,25.4,17.9,18.7,21,33.3,48.8,63,14.069,51.4664,14.0534,73.0533,30.056,29.8061,54.1836,37.7884,36.7962
11/15/2016,292.02,44,26.7,18.4,29.3,31.6,18,44.7,29.6,82.9,18,17.5,17.2744,144.971,22.9178,87.1825,53.5281,40.7095,65.1853,67.841,23.296
11/16/2016,403.07,27.4,6.8,16.5,24.1,0,11.3,8,15.6,5.4,27.5,0,14.069,186.969,11.3495,141.684,55.5079,51.1361,177.16,83.1884,9.6263
11/17/2016,467.54,21.2,21,0,23,0,2.7,4,1.2,6.2,0,0,11.4984,156.248,5.3384,234.073,51.572,52.9677,143.584,219.801,6.2293
11/18/2016,696.71,11.6,13.8,0,0,4.1,2.1,2.1,16.5,10,25.9,0,9.7064,141.596,5.161,202.233,46.022,40.7095,84.8405,188.584,5.1836
11/19/2016,874.96,22.8,6.8,0,0,0,9.3,0,4.4,1.6,2.5,0,9.5294,72.7436,8.2165,165.402,36.8093,37.9879,60.691,114.476,4.5119
11/20/2016,786.88,0,0,12.4,0,0,0,0,0,0,0,0,9.5294,63.5095,5.3384,147.894,34.3023,34.8246,47.8791,80.5397,4.5119
11/21/2016,671.85,0,0,0,9.1,0,0,0,0,0,0,0,9.3529,57.0977,5.3384,147.894,18.9864,34.8246,42.6742,63.0195,4.1872
11/22/2016,597.09,0,0.6,0,0,0,0,0,0,0,0,1.6,10.2398,52.706,5.161,138.612,13.6433,31.775,34.4305,55.5054,3.8702
11/23/2016,513.02,5.2,30,18.6,12.3,18.8,27.7,32.5,14,19.6,25.5,21.9,9.7064,51.7757,7.2136,132.531,12.2885,28.841,44.3882,45.2531,3.8702
11/24/2016,456.93,9.4,34.3,0,24.2,5.5,20.5,0,17.4,3.2,3.5,2.2,9.1768,57.7317,8.7334,120.635,13.1866,28.841,55.104,56.6353,13.6994
11/25/2016,408.31,1,0,0,0,0,0,0,5.6,0,0,0,9.0011,66.118,6.0668,119.173,14.5717,30.2935,91.6524,70.3074,12.1412
11/26/2016,350.2,0,27.8,0,0,0,0,0,0,0,0,0,9.1768,50.2338,5.073,117.717,13.6433,32.2753,61.5838,75.9914,10.3171
11/27/2016,318.04,0,0,36.2,0,0,8.5,0,0,0,0,0,9.7064,45.9751,4.6405,126.538,10.1356,28.3634,46.9987,66.0154,8.9578
11/28/2016,306.75,0,0,16.5,0,0,0,0,3.4,11.6,0,0,11.4984,43.5816,4.6405,123.575,9.7214,24.2133,38.483,53.2743,7.6884
11/29/2016,323.45,20,0,0,0,0,7.8,0,0,0,0,13.5,9.8838,41.8063,4.5555,113.384,9.7214,24.2133,36.0345,43.7152,5.8837
11/30/2016,322.17,8.6,0,0,6.3,16.6,40,33,28.4,27.2,0,0,9.5294,48.0935,7.312,100.699,9.3129,36.921,102.6,43.7152,4.5119
12/1/2016,310.6,24.2,0,0,7.3,3.4,5.3,0,0,0,4.4,10,8.6511,53.6402,6.5369,99.3198,8.9101,35.344,117.979,78.5768,8.9578
12/2/2016,283.04,9.6,5.2,0,0,0,0,22.4,9,0.2,0,0,8.1296,46.5781,5.4278,107.687,8.5132,37.4529,83.8776,112.743,31.5747
12/3/2016,279.05,0,0,0,15.2,0,0,0,0,0,0,0,7.9567,43.5816,4.4709,110.523,8.1222,50.5314,58.8338,94.1402,16.6358
12/4/2016,306.84,11,10.5,39.1,60,19.6,8.1,10.5,17,0,2.1,34.5,50.3961,44.7746,12.9734,116.267,8.1222,52.9677,67.9175,69.0696,79.7944
12/5/2016,362.17,21.8,11.2,12.3,17.9,16.4,57.5,23.7,92.8,26,16.9,19.6,29.3812,67.4313,18.9049,122.102,8.5132,74.8202,220.718,66.6216,48.7038
12/6/2016,482.2,7.6,35,7.6,0,2.4,14.5,22.3,33.6,5.1,7.4,2.5,19.823,104.547,19.1727,144.779,8.9101,85.0066,123.215,226.757,33.3701
12/7/2016,532.83,0,0,0,0,7.2,0,0,0,0,0,0,16.5126,136.346,13.211,163.784,9.7214,87.2584,87.7448,155.455,21.287
12/8/2016,648.19,0,3.6,0,0,3.2,0,0,0,0,5.9,20,21.7975,89.7423,12.037,185.199,10.1356,52.3542,66.0931,101.996,20.3142
12/9/2016,821.32,2.8,22.6,46.4,0,17.6,0,0,0,0.3,2.8,0,34.6841,85.2485,12.8551,212.681,10.9806,67.8736,54.1836,77.2796,24.3321
12/10/2016,791.87,4,5.4,16.2,0,59.4,4.8,0,0,1,2.1,46,63.9044,108.475,11.2362,186.881,10.1356,80.5758,49.6554,60.6649,77.8707
12/11/2016,675.86,8,2.8,18.9,0,5.8,3.3,12.8,3,2.8,0,1.6,33.2644,124.205,11.6916,167.024,8.9101,74.8202,200.426,61.25,36.0703
12/12/2016,617.7,0,2.6,14.1,0,0,0,5.7,0.9,0,0,2.1,32.4208,114.234,14.5421,180.183,11.8472,79.1205,291.058,166.532,27.0138
12/13/2016,674.99,10.2,2.6,0,23.3,24.4,5.5,2,2.4,12.8,14.3,10,23.8245,111.12,12.5024,190.259,13.6433,68.5558,166.915,275.486,23.296
12/14/2016,815.36,48.6,17.4,0,7.8,64.2,94.4,4.7,86,0.7,1.5,44,21.5477,116.026,17.0643,200.508,15.5197,70.6189,419.585,212.939,22.281
12/15/2016,1138.75,10.8,0,86.3,40,0,9.1,2,21,3.4,2.1,7.3,20.3116,176.523,29.9262,228.663,18.4774,80.5758,351.88,428.421,64.8924
12/16/2016,1653.75,14,48.4,38.7,0,0,17.4,28,17,30,35.3,25.2,20.8035,186.969,32.3781,256.108,21.5977,95.7185,374.169,429.956,93.2203
12/17/2016,1410.03,0,0,3.2,0,0,0,0,0,0,0,0,19.0965,177.559,18.6383,309.913,22.6724,88.0143,320.081,428.421,118.354
12/18/2016,1120.01,0,0,0,0,0,0,0,0,0,0,0,17.4656,153.279,13.6903,344.138,23.7639,89.5342,193.376,351.855,146.208
12/19/2016,974.74,0,0,0,0,0,0,0,0,0,0,0,16.7026,124.205,12.269,356.488,24.3159,90.2981,131.702,212.939,113.922
12/20/2016,800.72,0,0,0,0,0,0,0,0,0,0,0,15.5667,103.68,10.564,348.24,21.5977,69.9284,105.635,144.708,89.1631
12/21/2016,731.99,0,0,0,0,0,0,0,0,0,0,0,14.4416,92.6422,9.9052,333.954,20.5401,67.8736,91.6524,117.098,71.7379
12/22/2016,659.9,0,0,0,0,0,0,0,0,0,0,0,13.8832,83.6336,7.7099,292.263,18.4774,63.8397,80.0519,99.1091,68.5122
12/23/2016,599.38,0,0,0,0,0,7.2,0,0,0,14,0,13.3277,73.4142,7.312,263.592,16.4869,61.207,75.3296,89.2789,64.445
12/24/2016,529.69,0,0,0,0,0,0,0,0,0,0,0,12.5918,71.0735,5.9741,248.693,15.0433,46.3819,71.601,82.5229,60.0333
12/25/2016,429.83,0,0,0,0,0,0,0,0,0,0,0,12.5918,67.7605,5.073,202.233,13.6433,42.942,63.3785,78.5768,49.5131
12/26/2016,389.6,12.8,0,0,3.4,65.1,39.8,17.6,41.5,12.3,12.7,0,12.5918,61.2474,12.5024,170.284,11.8472,49.331,75.3296,70.3074,41.261
12/27/2016,361.78,1,22.8,21.8,0,0,0,0,0,0,0,0,12.2259,56.4653,8.7334,152.607,10.9806,47.5526,82.9172,83.8562,35.7094
12/28/2016,340.9,0,0.5,10.4,18.3,0,0,23,0,2.3,0,0,12.0435,55.5199,6.6323,135.561,10.1356,44.6484,78.1549,81.1985,28.6853
12/29/2016,343.03,0,0,0,0,8,0,25,0,0,9.3,3.1,11.8614,54.2651,6.921,126.538,10.1356,48.7352,73.4598,87.2287,21.287
12/30/2016,329.39,0,0.2,0,0,0,0,0.5,0,0,0,0,11.4984,53.017,6.5369,123.575,9.7214,49.9297,86.7741,85.1985,17.5233
12/31/2016,305.66,0,0,0,0,4,0,0,0,0,0,0,11.3174,51.7757,6.1599,119.173,9.3129,48.7352,59.7782,76.6343,14.5113
1/1/2017,283.67,0,0,0,0,0,0,0,0,0,0,0,11.1369,48.7028,5.608,117.717,9.3129,45.2232,53.2681,81.8596,11.0301
1/2/2017,290.77,0,0,0,0,0,0,0,0,0,0,0,11.1369,44.7746,5.4278,110.523,8.5132,42.3793,48.7647,56.6353,9.6263
1/3/2017,273.41,0,0,0,0,0,0,0,0,0,0,0,10.9567,43.8792,5.2495,102.085,7.7372,37.9879,44.3882,51.6263,8.9578
1/4/2017,233.13,0,0,0,11.2,0,0,2.5,0,0.7,0.9,22.3,12.4086,42.6918,5.161,95.2181,7.7372,36.921,44.3882,46.8133,8.632
1/5/2017,233.13,28.6,25.4,0,0,0,0,0,2.4,3.3,0,1.3,16.1334,43.8792,5.161,92.5145,8.1222,37.9879,44.3882,45.7707,8.632
1/6/2017,232.44,0,0,0,22.5,0,0,0,0,0,0,0,13.3277,54.5781,5.073,95.2181,8.5132,39.0672,56.0293,50.5397,8.3118
1/7/2017,230.81,0,0,0,0,0,0,1.5,0,0,0,0,11.6797,51.7757,4.9855,92.5145,8.9101,36.3922,56.0293,55.5054,8.3118
1/8/2017,230.81,0,0,0,0,0,0,0,0,17.3,0,0,11.1369,46.8802,7.2136,92.5145,9.3129,34.8246,49.6554,51.0818,7.9973
1/9/2017,224.33,0,0,0,0,10.8,0,0,0,4.1,0,18.3,10.9567,49.3138,7.0181,92.5145,10.1356,34.3084,46.9987,48.928,7.6884
1/10/2017,217.85,0,0,0,0,0,0,0,0,0,0,0,12.0435,53.6402,6.0668,89.8358,10.1356,33.7954,54.1836,46.8133,7.6884
1/11/2017,230.81,0,1.8,0,0,0,0,7,22,6.1,0,0,11.3174,60.9258,7.8104,92.5145,11.8472,35.344,46.1233,50.5397,7.3851
1/12/2017,286.83,2,0,42,11,2.2,0,0,0,12.2,3.5,0,11.3174,67.1024,7.1157,93.8632,12.735,38.526,55.104,50,7.0876
1/13/2017,353.96,25,19.2,0,12,30.6,13.1,45.7,16.4,3.4,3.6,19.5,12.0435,68.7505,6.3475,97.9464,13.1866,40.7095,72.529,48.928,6.5097
1/14/2017,452.11,3.6,40.6,0,0,0,64.3,53.3,26.4,1.1,5.1,5.3,12.2259,70.0757,6.0668,109.102,13.6433,57.9803,123.215,72.1814,5.8837
1/15/2017,630.28,5.4,22.2,25.3,10.8,40.6,23.3,7.7,69.6,0.5,11.1,12.1,16.1334,73.0787,15.7871,120.635,14.5717,61.8609,171.451,112.743,17.5233
1/16/2017,824.72,14.8,17,44.4,0,30.5,3,0.3,0,1.8,6.5,34.5,19.58,81.231,21.776,126.538,13.6433,61.8609,121.114,187.507,40.1274
1/17/2017,691.78,1,2.4,4.7,0,13.6,0,0,0,0,1.3,11.1,23.0583,103.68,13.0921,129.524,9.3129,48.1424,98.5853,144.708,25.3891
1/18/2017,550.2,0,0,0,0,1.2,0,0,0,0,0,36,30.7522,101.955,21.776,135.561,8.1222,44.6484,82.9172,108.458,22.281
1/19/2017,499.65,0,0,0,0,13.3,0,0,0,0,0,10,20.3116,173.943,25.1939,170.284,7.7372,41.8196,65.1853,93.4391,21.287
1/20/2017,479.5,0,0,0,0,0,0,1.3,0,0,0.8,0,18.8561,161.74,17.1938,191.955,7.7372,41.8196,56.0293,73.4423,20.3142
1/21/2017,460.41,0,0,0,0,0,0.7,0,0,0,0,9.3,17.4656,131.163,13.45,219.739,7.7372,35.344,52.3575,60.0821,20.3142
1/22/2017,439.23,0,0,0,0,0,0,0,0,0,0,0,16.3228,115.129,9.2602,237.701,7.7372,33.2855,44.3882,53.2743,18.4323
1/23/2017,408.49,0,0,0,0,0,0,0,0,0,0,3.5,15.9442,106.287,8.6292,228.663,7.3583,35.8665,40.9814,48.928,16.6358
1/24/2017,378.68,0,0,7.8,0,0,0,0,0,0,0,4.3,15.7553,96.8382,8.8379,207.436,7.3583,35.344,38.483,45.2531,15.7698
1/25/2017,348.46,0,2.6,0,8.3,0,3.9,4,9.8,7.9,0,7,33.2644,95.1523,8.6292,188.568,6.9856,34.8246,48.7647,44.738,14.9254
1/26/2017,314.9,0,6.1,0,20.1,12.5,0,0,0,24.5,4.4,37.4,17.4656,101.525,8.422,157.366,6.9856,31.278,40.1432,42.7023,13.3016
1/27/2017,268.08,0,0,0,0,22.5,0,7.8,0,0,0,0,17.0836,98.9596,8.3191,152.607,10.1356,35.344,40.1432,42.7023,11.395
1/28/2017,227.57,0,0,0,0,0,0,0,0,0,0,7,16.5126,89.7423,8.2165,149.46,8.5132,33.2855,40.1432,40.7065,10.3171
1/29/2017,214.38,0,0,0,0,0,0,0,0,0,0,0,16.1334,78.1478,7.8104,146.333,7.7372,30.2935,36.8451,40.2139,9.2893
1/30/2017,229.89,0,0,0,0,0,0,0,0,0.2,0,0,15.5667,71.7404,6.442,143.229,6.9856,26.9501,35.2296,37.7884,8.9578
1/31/2017,272.61,0,0,0,0,0,0,0,0,0,0,0,15.0028,66.4457,6.442,146.333,6.2595,28.3634,31.2921,35.8939,10.3171
2/1/2017,335,0,0,24.6,12.5,0,0,0,0,2,13.9,2.7,14.8154,64.8107,5.8819,137.083,6.2595,28.3634,29.7587,34.4999,11.7653
2/2/2017,368.52,1.8,11.6,0,26.9,17.5,0,0.4,0,2.3,3,6.1,14.6283,66.7738,14.2971,131.025,5.9063,27.4179,28.2496,33.1291,14.5113
2/3/2017,383.95,2.6,15.7,12.8,3.5,49.9,8.9,16.5,10.4,3.786840139,54,53.1,15.1905,119.638,18.9049,131.025,5.5598,29.3219,38.483,34.4999,79.7944
2/4/2017,430.34,21.2,18,14.2,0,3.2,0,3.4,2.4,3.786840139,0,0,56.5362,208.455,18.7714,138.612,5.5598,34.8246,46.9987,36.836,45.5152
2/5/2017,554.23,9,0,0,8.9,30.2,8.3,11.8,18.4,3.786840139,12.3,6.5,33.547,199.683,17.7147,210.928,4.8876,51.1361,75.3296,41.6994,22.281
2/6/2017,733.86,14.6,1.2,35.9,0,0,24.7,98.3,64.6,3.786840139,8.4,27.8,29.654,146.692,15.6612,300.067,9.3129,70.6189,124.269,62.4273,33.9245
2/7/2017,789.3,19.8,0,0,0,0,34,0,1.8,0,0,0,26.1651,174.542,10.1233,325.876,14.5717,91.0647,159.047,134.293,24.3321
2/8/2017,802.87,0,18.3,0,10,0,0,0.8,0,0,6.2,9.8,23.5683,159.661,10.1233,331.928,18.9864,79.1205,89.6936,164.494,19.3626
2/9/2017,738.74,0,1.8,0,0,3.9,7,0,0,3.2,6,32.2,22.2994,157.781,9.154,315.869,15.5197,62.5177,67.0039,104.245,15.7698
2/10/2017,698.7,0,0,6.3,0,0,0,0,0,0,0,0,22.048,146.692,8.1144,298.109,13.6433,50.5314,53.2681,75.9914,12.1412
2/11/2017,640.83,0,5.5,13.5,0,0,0,0,0,0,0,0,21.5477,134.618,7.9113,276.854,10.1356,44.0766,45.2532,61.8375,12.9093
2/12/2017,531.92,0,0,0,0,0,0,0,0,0,0,0,20.8035,108.533,7.8104,265.474,11.4112,41.8196,43.5286,57.2038,11.7653
2/13/2017,421.67,0,0,0,0,0,0,0,0,0,0,0,19.58,96.8846,7.4108,257.972,10.9806,37.9879,40.1432,48.3957,11.7653
2/14/2017,359.06,0,0,0,0,0,0,0,0,0,0,0,18.1401,92.5565,6.8243,225.08,10.1356,36.3922,36.8451,43.2075,11.0301
2/15/2017,296.56,0,0,0,0,0,0,0,0,0,0,0,16.3228,85.3867,6.8243,168.651,10.1356,33.7954,34.4305,40.7065,10.6708
2/16/2017,261.83,0,0,0,0,0,0,0,0,0,0,0,15.9442,82.9133,6.6323,149.46,8.5132,31.775,32.0679,37.7884,9.9689
2/17/2017,244.17,0,0,0,0,0,0,0,0,0,0,0,15.5667,80.4698,6.6323,125.054,7.7372,30.2935,31.2921,35.8939,9.6263
2/18/2017,223.36,0,0,0,0,0,0,0,0,0,0,0,15.5667,74.1019,6.5369,120.635,6.9856,29.3219,29.7587,34.0404,8.9578
2/19/2017,210.05,0,0,0,0,0,0,0,0,0,0,0,15.1905,70.9995,6.442,119.173,6.9856,28.3634,29.0011,32.2283,8.632
2/20/2017,193.68,0,0,0,0,0,0,0,0,0,0,0,15.0028,69.8501,6.1599,116.267,6.6193,26.4857,28.2496,32.2283,8.3118
2/21/2017,180.78,0,0,0,0,0,2.2,5.9,3.2,0,0,0,14.6283,69.0882,5.8819,111.951,6.6193,27.4179,28.2496,30.458,7.9973
2/22/2017,166.89,0,0,0,0,0,0,0,0,0,0,0,14.6283,67.1985,5.7902,100.699,6.2595,26.0245,26.7654,29.5886,7.6884
2/23/2017,177.78,0,0,0,0,0,0,0,0,0,0,0,14.069,64.5893,5.6989,96.5792,6.2595,26.9501,24.5869,29.5886,7.6884
2/24/2017,192.67,0,0,0,0,0,0,0,0,0,0,0,13.8832,62.0228,5.6989,95.2181,6.2595,26.9501,23.1671,28.7298,7.0876
2/25/2017,220.44,0,0,0,1.6,0,0,0.7,0,14,25,25,13.6977,66.4487,7.312,93.8632,6.2595,27.889,23.1671,27.8817,6.7958
2/26/2017,216.44,0,6.3,0,5.2,0,0,0,12.4,1.2,0.9,1,13.6977,70.6155,6.8243,93.8632,6.2595,24.2133,29.0011,27.0442,6.5097
2/27/2017,248.44,3.8,0,0,3.9,5.7,18.1,7,18.6,7.1,0,9.7,13.5125,73.7112,6.6323,92.5145,5.9063,22.4559,42.6742,30.8966,6.2293
2/28/2017,262.44,10.4,2.8,66.5,0,0,1.9,0.5,3,0,17.6,0,13.5125,76.0687,6.3475,92.5145,5.9063,25.1122,39.3104,40.2139,37.8949
3/1/2017,262.44,10,20.3,0,17,0,0,2,0,0,0,16.8,14.069,78.4567,5.8819,111.951,5.9063,25.5667,45.2532,40.7065,11.0301
3/2/2017,262.44,3.8,0.4,4.9,0,9.5,0,5,1.6,0.4,53,8.5,13.5125,80.0655,7.2136,113.384,5.9063,26.4857,39.3104,44.738,8.632
3/3/2017,261.44,0,0,0,0,0,1.6,0,41.4,0.1,0,0,13.3277,83.3234,9.6887,126.538,5.5598,29.3219,36.0345,44.738,8.3118
3/4/2017,226.72,0,0,28.8,0,0,0,0,0,0,1.4,0,13.3277,82.9133,7.0181,138.612,5.5598,27.889,29.7587,44.2254,8.3118
3/5/2017,293.85,0,0,0,0,40.3,0,0,0,1.7,1.7,14,13.3277,81.2809,13.6903,152.607,5.5598,25.5667,31.2921,37.311,7.9973
3/6/2017,259.01,0,0,0,0,0,0,0.2,23,0,0,0,13.1432,78.8576,8.7334,155.774,5.2202,24.661,30.5224,34.962,7.9973
3/7/2017,259.13,0,0,0,0,0,0,0,0,0,0,0,13.1432,75.6736,7.1157,143.229,4.8876,25.1122,30.5224,31.3379,7.9973
3/8/2017,272.58,0,0,0,57.7,0.7,0,0.7,0,0,0,0,14.2551,72.1565,8.0126,134.043,5.2202,26.0245,32.0679,32.2283,7.6884
3/9/2017,242.8,2.4,0,0,0,4.5,54.5,15,2.6,2.8,0,20,14.6283,69.0882,11.1233,123.575,22.6724,30.7841,46.1233,44.738,7.6884
3/10/2017,261.44,0,0,0,0,0,0,0,0,0,0,0,14.4416,67.1985,6.7281,117.717,18.4774,29.3219,39.3104,45.7707,7.6884
3/11/2017,226.72,0,0,0,0,0,0,0,0,9.2,0,0,14.2551,65.3304,6.442,113.384,16.001,25.1122,40.1432,40.7065,7.6884
3/12/2017,232.72,0,0,0,0,0,0,0,0,0,0,0,14.2551,61.6596,5.8819,111.951,10.1356,26.4857,31.2921,37.7884,7.6884
3/13/2017,206.83,0,0,0,0,0,0,0,0,0,0,0,14.069,59.4993,5.6989,110.523,6.2595,24.661,29.0011,35.4266,7.3851
3/14/2017,202.89,0,0,0,0,0,0,0,0,0,0,0,13.8832,58.431,5.3384,104.874,4.8876,25.1122,26.7654,30.458,7.0876
3/15/2017,209.83,0,0,0,0,0,0,0,0,0.2,0,46.5,13.8832,57.7232,5.5177,100.699,4.8876,22.0251,23.1671,28.7298,7.0876
3/16/2017,202.89,0,0,0,0,0,0,0,0,0,0,0,13.6977,60.5755,5.5177,92.5145,5.5598,22.0251,22.4673,27.0442,7.0876
3/17/2017,192,0,0,0,0,0,0,0,0,0,0,0,13.5125,65.3304,5.5177,85.8653,6.9856,21.1738,22.4673,25.4016,6.7958
3/18/2017,192,0,0,0,45.9,0,0,0,0,0,0,0,13.5125,64.5893,5.5177,89.8358,7.7372,20.7533,23.1671,26.2175,6.7958
3/19/2017,212.83,108,13.4,0,0,10.4,32.3,47.6,53.6,96.6,57.6,32.7,13.3277,73.3212,5.5177,95.2181,9.3129,31.278,83.8776,39.7237,8.3118
3/20/2017,239.61,0,10.6,8.6,0,15.6,0,0.7,0.5,2.6,3.9,0,13.1432,91.7007,5.5177,96.5792,16.4869,37.9879,59.7782,64.81,8.9578
3/21/2017,261.44,0,0,0,0,0,1.7,0.5,0.6,0.5,0,0,12.9591,79.2594,7.0181,103.476,24.3159,49.9297,62.4796,69.6873,8.632
3/22/2017,260.44,0,2.3,0,0,0,0,0,0,0,0,0,13.5125,72.9321,6.5369,113.384,22.6724,47.5526,47.8791,68.4541,8.3118
3/23/2017,292.17,0,0,0,0,0,0,0,0,0,0,0,12.7752,66.4487,5.6989,119.173,20.5401,40.159,39.3104,51.6263,8.3118
3/24/2017,292.17,0,0,0,0,0,0,0,0,0,0,0,12.5918,61.2974,5.3384,111.951,16.9776,35.344,32.0679,42.7023,8.3118
3/25/2017,292.17,0,0,0,0,0,0,0,0,0,0,0,12.2259,56.6683,5.161,100.699,15.0433,32.2753,29.7587,36.836,7.9973
3/26/2017,257.44,0,0,0,0,0,0,0,0,0,1.2,0,12.0435,53.5517,5.161,95.2181,8.5132,32.7788,27.5044,32.6774,7.9973
3/27/2017,247.56,0,0,0,0,0,0,3.2,0,0,0,0,11.8614,51.8518,5.6989,87.1825,7.7372,27.889,26.7654,32.2283,7.9973
3/28/2017,222.72,21,0,0,0,2.3,9.6,14.7,29.2,24.6,3.9,0,11.8614,51.1781,6.3475,83.2504,7.7372,32.2753,41.8251,34.4999,7.6884
3/29/2017,187.17,0,0,0,0,0,0,0,1.4,6.1,0,0,13.3277,53.2099,5.8819,81.9526,7.3583,32.7788,49.6554,40.7065,7.6884
3/30/2017,168.39,0,0,0,0,0,0,0.04,0,0,0,0,12.0435,53.2099,5.608,88.506,7.3583,31.278,46.1233,39.7237,7.3851
3/31/2017,161.44,0,0,0,0,0,0,0.04,0,0,0,0,11.8614,49.8417,5.4278,88.506,6.9856,33.2855,39.3104,37.7884,7.3851
4/1/2017,168.39,0,0,0,0,0,0,0.2,0,0,0,0,11.8614,47.5382,5.3384,83.2504,6.9856,31.278,34.4305,36.836,7.0876
4/2/2017,161.44,0,0,0,0,0,0,0,0,0,0,0,11.4984,47.2128,4.9855,80.6614,6.9856,31.278,29.7587,35.8939,7.0876
4/3/2017,168.39,0,0,0,0,0,0,0,0,0,0,0,11.3174,46.8883,4.9855,78.0987,6.6193,27.4179,27.5044,34.0404,7.0876
4/4/2017,160.44,0,0,0,0,0,0,0,0,0,0,0,11.3174,46.2421,4.9855,75.5625,6.6193,26.4857,25.3066,32.2283,6.7958
4/5/2017,144.56,0,0,0,0,0,0,0,0,0,0,0,11.1369,45.5996,4.812,75.5625,6.2595,24.661,24.5869,29.5886,6.5097
4/6/2017,145.56,0,0,0,0,0,0,0,0,0,0,0,11.1369,44.9608,4.812,79.3767,6.2595,24.2133,23.8737,27.8817,6.5097
4/7/2017,145.56,0,0,0,6,3.5,0,0.4,0,1.2,0,0,10.9567,44.9608,5.161,80.6614,6.2595,24.2133,23.8737,26.6295,6.2293
4/8/2017,148.56,0,0,0,0,16.7,0.9,0,0,2.1,0,2.6,10.9567,46.2421,4.9855,81.9526,5.9063,24.2133,22.4673,25.4016,5.8837
4/9/2017,147.56,0,0,0,0,0,0,16.3,0,0,7.2,0,10.9567,48.5199,4.8985,80.6614,5.9063,23.7688,23.1671,24.5965,5.8837
4/10/2017,148.56,0,0,0,0,0,0,0,0,0.6,0,0,10.7769,48.849,4.812,76.8273,5.5598,23.7688,24.5869,23.8024,5.5301
4/11/2017,147.56,0,0,0,0,0,0,0,0,0.8,0,0,11.1369,46.2421,4.812,71.8088,5.5598,24.661,23.1671,23.8024,5.1836
4/12/2017,148.56,0,0,0,0,0,0,0,0,14.2,0,3.6,10.7769,45.2797,4.6405,73.0533,5.5598,25.1122,23.1671,25.4016,5.1836
4/13/2017,150.75,0,3.8,0,0,0,0,0.9,1.2,0,2.1,0,10.7769,44.3257,4.6405,69.3405,5.5598,25.1122,23.1671,24.5965,5.1836
4/14/2017,137.44,0,0,0,0,0,0,0,0,0,0,0,10.5974,43.6943,4.6405,68.1168,5.2202,25.1122,22.4673,24.1981,4.8441
4/15/2017,130.79,0,0,0,0,0,0,0.1,0,0,0,0,10.5974,41.8227,4.6405,66.9,5.2202,24.661,22.4673,23.4094,4.8441
4/16/2017,137.5,0,0,0,0,0,16.1,0,0,0,0,0,10.5974,41.2063,4.6405,65.6902,4.8876,24.2133,21.7742,23.4094,4.8441
4/17/2017,128.42,0,0,0,0,0,0,0,0,0,0,0,10.4184,40.8996,4.5555,63.292,4.8876,24.2133,21.7742,22.6317,4.5119
4/18/2017,127.72,4,0,0,6.9,0,0,0,0,0,0,0,10.4184,40.5937,4.4709,62.1035,4.8876,24.661,21.0879,22.247,4.5119
4/19/2017,134.67,0,0,0,0,1.2,0,0,0,0,0,0,10.4184,40.5937,4.4709,60.9224,4.8876,25.1122,21.0879,21.8651,4.5119
4/20/2017,132.83,0,0,0,0,0,0,0,0,0,0,0,10.5974,39.9849,4.4709,57.4226,4.8876,24.661,20.4087,21.4859,4.1872
4/21/2017,135.89,0,0,0,0,0,0,0,0,0,0,0,10.4184,39.6819,4.4709,56.2708,4.8876,22.8902,19.7364,21.4859,4.1872
4/22/2017,135.89,0,0,0,0,2,0,0,0,0,0,2.2,10.2398,39.6819,4.4709,62.1035,4.8876,16.741,19.7364,21.4859,4.1872
4/23/2017,122,2,2.1,0,0,0,0,1.3,0.5,0.3,0,0,10.2398,39.3799,4.4709,64.4875,4.8876,15.2361,21.7742,20.736,3.8702
4/24/2017,119.34,0,0,0,0,0,0,0,0,0,0,0,10.2398,39.0788,4.4709,63.292,4.5622,15.2361,21.0879,20.736,3.8702
4/25/2017,107.14,0,0,0,0,0,0,0,0,0,1,0,10.2398,38.7787,4.3869,60.9224,4.5622,15.2361,21.7742,20.736,3.8702
4/26/2017,109.43,0,0,0,0,0,0,0,0,0,0,0,10.0616,38.4795,4.3034,58.5818,4.5622,17.9075,21.0879,20.736,3.5612
4/27/2017,102.17,18.4,34.3,0,0,16,4.3,3.1,3.3,23.8,3.2,0,11.1369,38.7787,4.4709,58.5818,4.5622,17.5151,22.4673,22.247,3.2603
4/28/2017,127.94,0,18.3,8.2,0,2.5,0,3.6,0,12.6,2,0,10.9567,39.6819,6.0668,59.7484,4.5622,19.106,25.3066,23.4094,2.9679
4/29/2017,126.94,15.2,7.1,12.1,10.6,0,10.6,0.6,2.3,2.1,1.8,12.4,10.5974,38.7787,6.0668,57.4226,4.5622,25.1122,26.0328,23.8024,17.0769
4/30/2017,141.83,0,13.6,0,0,1.1,0,0,0,0,0,0,10.2398,38.1813,6.0668,56.2708,4.5622,21.1738,23.1671,24.5965,10.3171
5/1/2017,162.67,0,0,0,0,0,0,0,0,0,0,0,10.2398,39.6819,4.6405,63.292,4.5622,19.9227,23.8737,24.1981,5.1836
5/2/2017,169.27,0,0,0,0,0,0,0,0,0,0,0,10.2398,39.6819,4.6405,68.1168,4.5622,19.106,23.1671,23.8024,4.5119
5/3/2017,172.08,0,0,0,0,0,0,0,0,0,0,0,10.0616,39.3799,4.5555,66.9,4.5622,17.1262,21.0879,23.8024,4.5119
5/4/2017,164.44,0,0,0,0,0,0,0,0,0,0,0,10.0616,38.7787,4.4709,64.4875,5.5598,15.6069,20.4087,22.6317,4.5119
5/5/2017,151.13,0,0,0,0,0,0,0,0,0,0,0,9.8838,37.884,4.4709,62.1035,5.5598,14.869,20.4087,21.8651,4.5119
5/6/2017,144.15,0,0,0,2.1,30.3,0,0.8,0,9.5,21,30,10.9567,37.884,5.9741,60.9224,5.2202,14.869,20.4087,21.4859,4.1872
5/7/2017,141.83,0,0,0,0,17.2,0,3.7,5.8,0,0,0,13.8832,37.2924,5.7902,59.7484,4.8876,14.869,19.7364,21.1096,4.1872
5/8/2017,140.83,0,0,0,0,0,0,0,0,0.1,0,0,10.9567,36.7046,5.3384,60.9224,4.5622,13.4376,19.7364,20.736,3.8702
5/9/2017,140.83,0,0,0,0,0,0,0,0,0,0,0,10.2398,38.1813,4.9855,64.4875,4.5622,12.7443,20.4087,20.736,3.8702
5/10/2017,153.78,0,0,0,0,0,0,0,0,0,0,0,10.0616,39.3799,4.812,68.1168,4.5622,12.4033,21.0879,20.3652,3.8702
5/11/2017,171.72,0,0,0,0,0,0,0,0,0,0,0,10.0616,39.6819,4.726,71.8088,4.5622,13.089,15.9948,20.736,3.8702
5/12/2017,170.72,0,0,0,0,0,0,0,0,0,0,0,9.8838,38.7787,4.6405,68.1168,4.5622,12.4033,15.5952,19.9973,3.5612
5/13/2017,150.89,0,0,0,0,0,0,0,0,0,0,0,9.8838,37.884,4.4709,63.292,4.2442,12.4033,15.5952,18.5537,3.5612
5/14/2017,143.94,0,0,0,0,0,0,0,0,0,0,0,9.8838,37.5877,4.4709,60.9224,4.2442,12.0661,14.8017,17.1559,3.5612
5/15/2017,130.06,0,0,0,0,0,0,0,0,0,0,0,9.8838,36.998,4.4709,59.7484,4.2442,11.4032,14.4079,16.8136,3.5612
5/16/2017,120.06,0,13.1,0,13.9,0,0,0.4,0,0,0,4.2,9.7064,36.998,4.4709,58.5818,4.2442,11.0775,14.4079,16.4742,3.5612
5/17/2017,115.37,18.6,1.5,8.9,0,0,0,0,1,0.2,3.1,0,9.8838,37.2924,4.726,59.7484,4.2442,10.7558,14.8017,16.4742,3.2603
5/18/2017,113.75,0,0,0,0,0,0,0,0,0,0,0,9.7064,37.884,4.6405,66.9,4.2442,10.4379,16.3963,19.9973,3.2603
5/19/2017,111.22,0,2.6,4.6,34.9,0,0,0,0,0,0,2.3,9.7064,38.4795,4.6405,71.8088,4.2442,9.5078,15.5952,18.9104,5.8837
5/20/2017,118.17,29.4,41.6,12.8,3,40.3,20.1,14.4,8.6,23.1,36,67.8,10.4184,40.5937,11.4632,70.5712,4.2442,11.4032,23.8737,30.0219,28.6853
5/21/2017,176.62,2,0,0,0,0,0.9,1.4,0,0.3,0,0,9.8838,44.0095,7.6098,70.5712,4.2442,13.4376,21.7742,27.0442,18.4323
5/22/2017,176.73,0,4.2,0,0,0,0,0,4.3,0.1,0.6,0,9.7064,51.1781,6.0668,81.9526,4.2442,11.7327,35.2296,44.738,10.6708
5/23/2017,170.13,0,8.8,0,0,20.7,1,7,0,8,1.3,6.2,9.5294,65.3304,9.3667,92.5145,4.2442,12.0661,32.8495,41.6994,9.2893
5/24/2017,189.93,0,0,0,0,0,0,0,0,0,0,0,9.5294,58.0767,6.0668,99.3198,4.2442,12.4033,26.0328,32.6774,8.9578
5/25/2017,236.22,0,0,0,0,0,0,0,0,0,0,0,9.5294,48.849,5.7902,113.384,3.9337,12.0661,21.7742,27.0442,8.632
5/26/2017,243.17,0,0,0,0,0,0,0,0,0,0,0,9.5294,44.9608,5.5177,116.267,3.9337,12.0661,21.0879,26.2175,8.3118
5/27/2017,264,0,0,0,0,0,0,0,0,0,0,0,9.3529,43.38,5.5177,92.5145,3.9337,11.0775,18.4132,22.6317,7.6884
5/28/2017,250.11,0,0,0,0,0,0,0,0,0,0,0,9.3529,41.2063,5.3384,85.8653,3.9337,11.4032,18.4132,22.6317,7.6884
5/29/2017,229.28,0,0,0,0,0,0,0,0,0,0,0,9.3529,40.2889,4.9855,80.6614,3.9337,10.4379,17.2046,21.1096,7.0876
5/30/2017,183.67,0,0,0,0,0,0,0,0,0,0,0,9.3529,36.998,4.812,76.8273,3.9337,10.4379,16.7995,20.736,6.5097
5/31/2017,177.72,0,0,0,0,0,0,0,0,0,0,0,9.1768,36.7046,4.812,69.3405,3.9337,10.1239,16.3963,19.9973,6.2293
6/1/2017,162.93,0,0,0,0,0,0,0,0,0,0,0,9.1768,38.4795,4.812,66.9,3.9337,9.5078,16.3963,19.9973,5.8837
6/2/2017,129.68,0,0,0,0,0,0,0,0,1.3,0.1,0,9.1768,37.2924,4.812,63.292,3.9337,9.2057,15.5952,18.9104,5.1836
6/3/2017,108,0,0,0,0,0,0,0,0,0,0,0,9.1768,36.4121,4.6405,60.9224,3.9337,8.9077,15.5952,18.9104,4.5119
6/4/2017,96.35,0,0,0,0,0,0,0,0,0,0,0,9.1768,36.1206,4.6405,60.9224,3.9337,9.2057,15.9948,19.6321,4.5119
6/5/2017,84.12,0,0,0,0,0,0,0,0,0,0,0,9.0011,35.83,4.6405,59.7484,3.9337,8.6136,15.5952,18.9104,3.8702
6/6/2017,83.97,0,0,0,0,0,0,0,0,0,0,0,9.0011,35.5405,4.6405,59.7484,3.9337,8.9077,15.5952,18.9104,3.8702
6/7/2017,75.11,0,0,0,0,0,0,0,0,0,0,0,9.0011,35.5405,4.5555,58.5818,3.9337,9.2057,15.5952,18.9104,3.5612
6/8/2017,77.56,0,0,0,0,0,0,0,0,0,0,0,9.0011,35.2519,4.4709,58.5818,3.9337,9.2057,15.1975,18.5537,3.5612
6/9/2017,75.43,0,0,0,0,0,0,0,0,0,0,0,9.0011,34.6776,4.4709,58.5818,3.9337,9.2057,14.8017,17.8491,3.2603
6/10/2017,77.44,0,0,0,0,0,0,0,0,0,0,0,8.8259,34.3919,4.4709,57.4226,3.9337,9.2057,14.4079,17.501,3.2603
6/11/2017,77.21,0,0,0,0,0,0,0,0,0,0,0,8.8259,33.8234,4.4709,56.2708,3.631,9.2057,14.4079,17.501,2.9679
6/12/2017,64.63,0,0,0,10.2,0,0,0,0,0,0,0,8.8259,34.1072,4.4709,55.1264,3.631,8.9077,15.1975,18.5537,2.9679
6/13/2017,52.78,33,20.8,25.6,0,8.1,17.5,21.8,46.6,12.3,2.9,6.9,8.8259,36.1206,4.9855,56.2708,3.631,8.6136,26.0328,32.6774,8.3118
6/14/2017,57.29,0,0,0,0,0,3.9,3.5,1.2,19.8,39.6,41.3,9.3529,38.4795,4.9855,55.1264,3.631,9.2057,19.7364,24.5965,5.5301
6/15/2017,59.28,0,0,0,0,0,0,0,0,0.1,0,0,8.8259,38.7787,4.812,57.4226,3.631,9.2057,31.2921,39.7237,5.1836
6/16/2017,53.44,0,0,0,0,0,0,0,0,0,0,0,8.8259,37.2924,4.726,59.7484,3.631,10.7558,29.7587,37.7884,5.1836
6/17/2017,54.42,0,0,0,0,0,0,0,0,0,0,0,8.8259,47.2128,4.6405,68.1168,3.631,11.0775,29.7587,37.7884,4.5119
6/18/2017,52.1,0,0,0,0,0,0,0,0,0,0,0,8.8259,40.5937,4.6405,95.2181,3.631,10.7558,23.8737,30.0219,3.8702
6/19/2017,59.39,0,0,0,0,0,0,0,0,0,0,0,8.8259,37.5877,4.6405,91.172,3.631,10.4379,19.0712,23.8024,3.8702
6/20/2017,65.93,0,0,0,0,0,0,0,0,0,0,0,8.6511,36.4121,4.5555,71.8088,3.631,10.4379,17.7625,21.8651,3.5612
6/21/2017,65.93,0,0,0,0,0,0,0,0,0,0,0,8.6511,35.83,4.4709,66.9,3.631,10.4379,18.4132,22.6317,3.5612
6/22/2017,62.36,0,0,0,0,0,0,0,0,0,0,0,8.6511,35.2519,4.3034,62.1035,3.631,10.1239,15.5952,19.6321,3.2603
6/23/2017,67.84,0,0,0,0,0,0,0,0,0,0,0,8.6511,34.9642,4.2205,59.7484,3.631,10.4379,15.5952,19.2698,3.2603
6/24/2017,64.56,0,0,0,0,0,0,0,0,0,0,0,8.6511,34.1072,4.2205,63.292,3.3363,10.7558,15.5952,17.8491,3.2603
6/25/2017,69.07,0,0,0,0,0,0,0,0,0,0,0,8.4768,33.8234,4.2205,57.4226,3.3363,11.4032,15.1975,17.1559,2.9679
6/26/2017,65.44,0,0,0,0,0,0,0,0,0,0,0,8.4768,33.8234,4.138,56.2708,3.3363,11.0775,14.8017,17.1559,2.6843
6/27/2017,51.78,0,0,0,0,0,0,0,0,0,0,0,8.4768,33.5407,4.0561,56.2708,3.3363,10.4379,14.8017,16.8136,2.6843
6/28/2017,43.52,0,0,0,0,0,0,0,0,0,0,0,8.4768,33.5407,3.9747,55.1264,3.3363,9.5078,15.1975,16.4742,2.6843
6/29/2017,31.83,0,0,0,0,0,0,0,0,0,0,0,8.4768,33.5407,3.9747,53.9896,3.3363,8.3237,15.1975,16.4742,2.4097
6/30/2017,31.49,0,0,0,0,0,0,0,0,0,0,0,8.303,33.2589,3.9747,52.8604,3.3363,8.0378,14.8017,16.1378,2.4097
7/1/2017,29.4,0,0,0,0,0,0,0,0,0,0,0,8.303,32.6983,3.9747,51.7389,3.3363,8.9077,14.8017,16.1378,2.1446
7/2/2017,28.67,0,0,0,0,0,0,0,0,0,0,0,8.303,32.6983,3.9747,51.7389,3.3363,8.6136,14.4079,15.8042,2.1446
7/3/2017,32.05,0,0,0,0,0,0,0,0,0,0,0,8.303,32.4194,3.9747,51.7389,3.3363,7.4784,14.016,15.8042,2.1446
7/4/2017,31.19,0,0,0,0,0,0,0,0,0,0,0,8.303,32.1416,3.9747,50.625,3.3363,8.6136,13.6262,15.8042,2.1446
7/5/2017,27.33,0,0,0,0,0,0,0,0,0,0,0,8.303,31.8647,3.9747,49.519,3.0498,8.6136,13.6262,15.8042,2.1446
7/6/2017,27.33,0,0,0,0,0,0,0,0,0,0,0,8.1296,31.5888,3.9747,48.4207,3.0498,9.5078,13.2384,15.1459,2.1446
7/7/2017,27.8,0,0,0,0,0,0,0,0,0,0,0,8.1296,31.3139,3.9747,47.3304,3.0498,10.4379,13.2384,14.4994,2.1446
7/8/2017,28.16,0,0,0,0,0,0,0,0,0,0,0,8.1296,31.3139,3.9747,47.3304,3.0498,11.0775,13.6262,15.1459,2.1446
7/9/2017,28.56,0,0,0,0,0,0,0,0,0,0,0,8.1296,31.3139,3.9747,46.248,3.0498,11.0775,15.5952,14.8212,2.1446
7/10/2017,35.67,0,0,0,0,0,0,0,0,0,0,0,8.1296,31.04,3.9747,46.248,3.0498,8.6136,14.4079,14.8212,2.1446
7/11/2017,23.63,0,0,0,0,0,0,0,0,0,0,0,8.1296,30.7671,3.9747,46.248,3.0498,7.2049,13.2384,15.1459,2.1446
7/12/2017,22.17,0,0,0,0,0,0,0,0,0,0,0,8.1296,30.4952,3.8938,46.248,2.7718,7.4784,13.2384,15.8042,2.1446
7/13/2017,26.19,0,0,0,0,0,0,0,0,0,0,0,8.4768,30.4952,3.8938,46.248,2.7718,7.4784,13.2384,15.1459,2.1446
7/14/2017,23.51,0,0,0,0,0,0,0,0,0,0,0,9.0011,30.4952,3.8938,46.248,2.7718,7.4784,13.2384,14.4994,2.1446
7/15/2017,24.25,0,0,0,0,0,0,0,0,0,0,0,8.303,29.6854,3.8134,46.248,2.7718,8.9077,13.2384,14.4994,1.8894
7/16/2017,19.85,0,0,0,0,0,0,0,0,0,0,0,8.1296,29.4175,3.8134,46.248,2.5025,7.756,12.8527,14.4994,1.8894
7/17/2017,27.33,0,0,0,0,0,0,0,0,0,0,0,7.9567,29.1505,3.8134,45.1736,2.5025,8.0378,12.8527,14.1806,1.8894
7/18/2017,21.31,0,0,0,0,0,0,0,0,0,0,0,7.9567,29.1505,3.8134,45.1736,2.5025,7.756,12.4691,13.8648,1.8894
7/19/2017,18.07,0,0,0,0,0,0,0,0,0,0,0,7.9567,29.1505,3.8134,45.1736,2.5025,7.756,12.0877,13.8648,1.8894
7/20/2017,16.76,0,0,0,0,0,0,0,0,0,0,0,7.9567,28.8846,3.8134,44.1073,2.5025,7.756,11.7085,13.8648,1.8894
7/21/2017,17.22,0,0,0,0,0,0,0,0,0,0,0,7.9567,28.6197,3.8134,44.1073,2.5025,7.756,11.3316,13.552,1.8894
7/22/2017,15.6,0,0,0,0,0,0,0,0,0,0,0,7.9567,28.3558,3.6543,44.1073,2.5025,7.756,11.3316,13.552,1.8894
7/23/2017,20.23,0,0,0,0,0,0,0,0,0,0,0,7.7843,28.0929,3.6543,44.1073,2.5025,7.756,11.3316,13.552,1.6446
7/24/2017,33.58,0,0,0,0,0,0,0,0,0,0,0,7.7843,28.0929,3.6543,43.0493,2.5025,6.9356,11.3316,13.2421,1.6446
7/25/2017,46.47,0,0,0,0,0,0,0,0,0,0,0,7.7843,27.831,3.6543,43.0493,2.5025,8.6136,11.3316,13.2421,1.6446
7/26/2017,53.26,0,0,0,0,0,1.62,0,0,0,0,0,7.6124,27.5701,3.6543,43.0493,2.5025,7.4784,10.957,13.2421,1.6446
7/27/2017,53.26,0,0,0,0,0,1.62,0,0,0,0,0,7.6124,27.3102,3.6543,41.9994,2.2424,6.9356,10.957,12.6315,1.6446
7/28/2017,47.47,0,0,0,0,0,0,0,0,0,0,0,7.6124,27.3102,3.6543,41.9994,2.2424,6.4097,10.5847,12.3308,1.6446
7/29/2017,34.97,0,0,0,0,0,0,0,0,0,0,0,7.6124,27.3102,3.5756,41.9994,2.2424,5.901,10.5847,12.033,1.6446
7/30/2017,25.94,0,0,0,0,0,0,0,0,0,0,0,7.441,27.0513,3.5756,41.9994,2.2424,5.6531,10.5847,12.033,1.6446
7/31/2017,21.16,0,0,0,0,0,0,0,0,0,0,0,7.441,27.0513,3.5756,40.9579,2.2424,5.901,10.5847,12.033,1.6446
8/1/2017,15.37,0,0,0,0,0,0,0,0,0,0,0,7.441,27.0513,3.5756,40.9579,2.2424,5.901,10.2149,12.033,1.6446
8/2/2017,22.16,0,0,0,0,0,0,0,0,0,0,0,7.441,26.7935,3.5756,39.9247,2.2424,5.901,10.2149,11.7384,1.6446
8/3/2017,17.37,0,0,0,0,0,0,0,0,0,0,0,7.441,26.7935,3.5756,39.9247,1.9917,5.901,10.2149,11.7384,1.6446
8/4/2017,17.37,0,0,0,0,0,0,0,0,0,0,0,7.441,26.5367,3.5756,39.9247,1.9917,5.901,9.8475,11.7384,1.6446
8/5/2017,23.16,0,0,0,0,0,0,0,0,0,0,0,7.441,26.2808,3.5756,39.9247,1.9917,5.901,9.8475,11.7384,1.6446
8/6/2017,23.16,0,0,0,0,0,0,0,0,0,0,0,7.441,26.0261,3.5756,39.9247,1.9917,5.4096,9.8475,11.7384,1.6446
8/7/2017,23.16,0,0,0,0,0,0,0,0,0,0,0,7.441,26.0261,3.5756,38.9,1.9917,5.901,9.8475,11.7384,1.6446
8/8/2017,24.16,0,0,0,0,0,0,0,0,0,0,0,7.2701,25.7723,3.4198,38.9,1.9917,5.901,9.4826,11.4468,1.6446
8/9/2017,24.16,0,0,0,0,0,0,0,0,0,0,0,7.2701,25.7723,3.3428,37.8839,1.9917,5.4096,9.1203,11.4468,1.6446
8/10/2017,25.16,0,0,0,0,0,0,0,0,0,0,0,7.2701,25.7723,3.3428,37.8839,1.9917,5.6531,9.1203,11.4468,1.6446
8/11/2017,19.37,0,0,0,0,0,0,0,0,0,0,0,7.2701,25.7723,3.1903,37.8839,1.9917,5.4096,9.4826,11.1583,1.4107
8/12/2017,25.16,0,0,0,0,0,0,0,0,0,0,0,7.2701,25.5195,3.1903,37.8839,1.7509,4.7057,8.7606,11.1583,1.4107
8/13/2017,25.16,0,0,0,0,0,0,0,0,0,0,0,7.2701,25.2678,3.1903,36.8764,1.7509,4.4801,8.7606,11.1583,1.4107
8/14/2017,25.16,0,0,0,0,0,0,0,0,0,0,0,7.0997,25.0171,3.1903,36.8764,1.7509,5.6531,8.7606,11.1583,1.4107
8/15/2017,26.16,0,0,0,0,0,0,0,0,0,0,0,7.0997,25.0171,3.1903,36.8764,1.7509,6.1532,9.4826,11.1583,1.4107
8/16/2017,27.16,0,0,0,0,0,0,0,0,0,0,0,7.0997,24.7675,3.1903,35.8775,1.7509,6.9356,9.8475,11.1583,1.4107
8/17/2017,27.16,0,0,0,0,0,0,0,0,0,0,0,7.0997,24.7675,3.1903,35.8775,1.7509,6.9356,9.4826,11.1583,1.4107
8/18/2017,32.94,0,0,0,0,0,0,0,0,0,0,0,7.0997,24.7675,3.115,34.8875,1.5204,6.9356,9.4826,11.1583,1.4107
8/19/2017,51.31,0,0,0,0,0,0,0,0,0,0,0,7.0997,24.5189,3.0402,34.8875,1.5204,6.9356,9.4826,10.8729,1.4107
8/20/2017,51.31,0,0,0,0,0,0,0,0,0,0,0,7.0997,24.5189,3.0402,33.9064,1.5204,6.9356,9.4826,10.8729,1.1884
8/21/2017,42.28,0,0,0,0,0,0,0,0,0,0,0,7.0997,24.5189,3.0402,33.9064,1.5204,6.4097,9.4826,10.8729,1.1884
8/22/2017,25.61,0,0,0,0,0,0,0,0,0,0,0,7.0997,24.2713,3.0402,32.9343,1.5204,5.6531,9.4826,10.8729,1.1884
8/23/2017,17.81,0,0,0,0,0,0,0,0,0,0,0,7.0997,24.2713,3.0402,32.9343,1.5204,6.4097,9.4826,10.8729,1.1884
8/24/2017,16.89,0,0,0,0,0,0,0,0,0,0,0,7.0997,24.2713,3.0402,32.9343,1.5204,6.4097,9.1203,10.8729,1.1884
8/25/2017,19.83,0,0,0,0,0,0,0,0,0,0,0,7.0997,24.0247,3.0402,31.9712,1.5204,6.6706,9.1203,10.8729,1.1884
8/26/2017,13.48,0,0,0,0,0,0,0,0,0,0,0,7.0997,24.0247,3.0402,31.9712,1.3008,6.4097,9.1203,10.8729,1.1884
8/27/2017,18.11,0,0,0,0,0,0,0,0,0,0,0,7.0997,23.7792,3.0402,31.9712,1.3008,6.6706,9.4826,10.8729,1.1884
8/28/2017,12.09,0,0,0,0,0,0,0,0,0,0,0,7.0997,23.7792,2.966,31.9712,1.3008,6.9356,9.4826,10.8729,1.1884
8/29/2017,14.5,0,0,0,0,0,0,0,0,0,0,0,7.0997,23.5347,2.8924,31.9712,1.3008,6.6706,9.8475,10.3114,1.1884
8/30/2017,9.7,0,0,0,0,0,0,0,0,0,0,0,7.0997,23.5347,2.8924,31.9712,1.3008,6.4097,9.4826,10.0354,1.1884
8/31/2017,13.1,0,0,0,0,0,0,0,0,0,0,0,6.9299,23.2913,2.8924,31.0174,1.3008,6.4097,9.4826,10.0354,1.1884
9/1/2017,10.55,0,0,0,0,0,0,0,0,0,0,0,6.7606,23.2913,2.8194,31.0174,1.0926,6.1532,9.8475,10.3114,1.1884
9/2/2017,12.47,0,0,0,0,0,0,0,0,0,0,0,6.7606,23.2913,2.8194,31.0174,1.0926,5.6531,9.1203,9.4928,0.9784
9/3/2017,11.62,0,0,0,0,0,0,0,0,0,0,0,6.7606,23.2913,2.8194,31.0174,1.0926,4.9359,9.1203,9.4928,0.9784
9/4/2017,9.61,0,0,0,0,0,0,0,0,0,0,0,6.7606,23.2913,2.8194,31.0174,1.0926,4.2591,8.4037,8.7028,0.9784
9/5/2017,11.93,0,0,0,0,0,0,0,0,0,0,0,6.5919,23.0489,2.8194,31.0174,1.0926,4.2591,9.1203,9.4928,0.9784
9/6/2017,16.09,0,0,0,0,0,0,0,0,0,0,0,6.5919,22.8075,2.747,30.0728,1.0926,4.0426,8.7606,8.9629,0.9784
9/7/2017,17.56,0,0,0,0,0,0,0,0,0,0,0,6.5919,22.5672,2.747,30.0728,1.0926,4.0426,8.7606,8.9629,0.9784
9/8/2017,7.68,0,0,0,0,0,0,0,0,0,0,0,6.4237,22.328,2.747,30.0728,1.0926,4.0426,8.7606,8.9629,0.9784
9/9/2017,6.75,0,0,0,0,0,0,0,0,0,0,0,6.4237,21.8526,2.747,30.0728,1.0926,4.4801,8.7606,8.9629,0.7817
9/10/2017,9.91,0,0,0,0,0,0,0,0,0,0,0,6.4237,21.3815,2.747,30.0728,1.0926,4.4801,8.7606,8.9629,0.7817
9/11/2017,7.52,0,0,0,0,0,0,0,0,0,0,0,6.4237,21.3815,2.747,30.0728,1.0926,4.9359,8.4037,8.7028,0.7817
9/12/2017,0.11,0,0,0,0,0,0,0,0,0,0,0,6.4237,21.3815,2.747,30.0728,1.0926,4.7057,8.4037,8.7028,0.7817
9/13/2017,0.67,0,0,0,0,0,0,0,0,0,0,0,6.4237,21.1475,2.747,30.0728,0.8965,4.7057,8.4037,8.7028,0.7817
9/14/2017,7.67,0,0,0,0,0,0,0,0,0,0,0,6.4237,20.9146,2.747,30.0728,0.8965,4.9359,8.0495,8.1922,0.7817
9/15/2017,5.56,0,0,0,0,0,0,0,0,0,0,0,6.4237,20.9146,2.747,30.0728,0.8965,4.2591,7.6982,7.6946,0.7817
9/16/2017,7.94,0,0,0,0,0,0,0,0,0,0,0,6.4237,20.6828,2.747,30.0728,0.8965,3.6237,9.4826,10.0354,0.7817
9/17/2017,10.26,0,0,0,0,0,0,0,0,0,0,0,6.4237,20.452,2.6752,30.0728,0.8965,3.6237,7.3499,7.4507,0.7817
9/18/2017,4.56,0,0,0,0,0,0,0,0,0,0,0,6.4237,20.452,2.6752,30.0728,0.8965,4.0426,8.7606,8.9629,0.7817
9/19/2017,4.56,0,0,0,0,0,0,0,0,0,0,0,6.2561,20.452,2.604,30.0728,0.8965,3.8308,8.4037,8.7028,0.7817
9/20/2017,0.11,0,0,0,0,0,0,0,0,0,0,0,6.2561,20.2223,2.604,30.0728,0.8965,3.8308,7.0046,6.9729,0.7817
9/21/2017,4.56,0,0,0,0,0,0,0,0,0,0,0,6.0891,20.2223,2.604,30.0728,0.8965,3.8308,7.0046,6.9729,0.5995
9/22/2017,5.56,0,0,0,0,0,0,0,0,0,0,0,6.0891,19.9936,2.604,30.0728,0.8965,3.4214,7.3499,7.4507,0.5995
9/23/2017,1,0,0,0,0,0,0,0,0,0,0,0,6.0891,19.766,2.604,30.0728,0.8965,3.6237,7.3499,7.4507,0.5995
9/24/2017,8.56,0,0,0,0,0,0,0,0,0,0,0,6.0891,19.5395,2.5334,30.0728,0.7135,3.0311,7.3499,7.4507,0.5995
9/25/2017,6.39,0,0,0,0,0,0,0,0,0,0,0,6.2561,19.5395,2.5334,30.0728,0.7135,2.8432,6.6624,7.2102,0.5995
9/26/2017,4.15,0,0,0,0,0,0,0,0,0,0,0,6.2561,19.5395,2.5334,30.0728,0.7135,3.6237,5.3269,6.9729,0.5995
9/27/2017,7,0,0,0,0,0,0,0,0,0,0,0,6.4237,19.5395,2.5334,30.0728,0.7135,3.8308,5.6555,7.6946,0.4332
9/28/2017,4.44,0,0,0,0,0,0,0,0,0,20.4,0,6.7606,19.5395,2.5334,30.0728,0.7135,4.0426,5.9877,8.7028,0.4332
9/29/2017,12.56,0,0,0,0,4.2,0,3.5,17.6,0,0,8.8,7.0997,19.3141,2.5334,30.0728,0.7135,4.2591,10.2149,9.7625,0.4332
9/30/2017,1.44,0,8.2,0,24.8,19.2,0,0.7,3,7.9,13.3,26.2,7.441,19.9936,3.8938,31.0174,0.7135,5.4096,9.1203,9.4928,0.4332
10/1/2017,8,2,4.2,26.4,0,4.4,16.2,12.2,15,15.7,17,6.2,7.9567,23.5347,4.6405,31.0174,0.7135,6.1532,12.4691,13.552,1.6446
10/2/2017,9,0,0,0,31,0,0,0,0,0,0,7,9.8838,28.3558,4.138,31.9712,0.8965,7.2049,8.7606,8.9629,1.1884
10/3/2017,8,5.3,5.6,0,0,16.2,42.3,58.9,30,51.5,27,20,11.6797,34.1072,4.4709,35.8775,1.5204,8.3237,39.3104,45.7707,1.1884
10/4/2017,4.06,19.4,0,24.1,0,4.2,0,1.2,0,9.6,10,0,10.4184,45.5996,4.4709,38.9,3.3363,11.0775,19.0712,21.4859,1.1884
10/5/2017,8.4,15.6,32.2,0,0,0,0,0,0,0,0,0,8.6511,44.3257,4.138,48.4207,8.1222,16.3593,48.7647,57.2038,0.9784
10/6/2017,4,0,0,0,0,0,0,0,0,0,0,0,7.6124,33.2589,3.6543,58.5818,8.9101,10.7558,34.4305,40.2139,0.9784
10/7/2017,4,0,0,0,0,0,0,0,0,0,0,0,6.7606,27.0513,3.115,65.6902,8.1222,10.7558,19.0712,35.8939,0.9784
10/8/2017,5,0,0,0,0,0,0,0,0,0.1,0,0,6.0891,24.5189,2.966,55.1264,8.1222,10.4379,14.8017,27.0442,0.7817
10/9/2017,0.44,0,0,0,0,0,0,0,0,0,0,0,4.7755,24.2713,2.8924,47.3304,5.9063,8.9077,13.6262,20.736,0.7817
10/10/2017,0.44,0,0,0,0,0,0,0,0,0,0,0,4.7755,23.7792,2.8194,41.9994,5.9063,7.756,10.957,17.501,0.5995
10/11/2017,3.33,0,0,0,0,0,0,0,0,0,0,0,4.7755,23.2913,2.747,38.9,5.5598,6.6706,9.8475,14.4994,0.5995
10/12/2017,3.33,0,0,0,0,0,0,0,0,0,0,0,4.7755,21.6166,2.6752,34.8875,5.2202,6.4097,8.7606,13.2421,0.5995
10/13/2017,2.14,0,0,0,0,0,0,0,0,0,0,0,4.1353,21.3815,2.604,31.9712,4.5622,5.901,6.6624,12.033,0.4332
10/14/2017,2.21,0,0,0,0,0,0,0,0,0,0,0,4.1353,21.1475,2.604,31.0174,4.5622,5.6531,7.6982,11.4468,0.4332
10/15/2017,2.44,0,0,0,0,0,0,0,0,0,0,0,4.1353,20.6828,2.5334,30.0728,3.9337,5.1705,8.0495,10.8729,0.4332
10/16/2017,2.44,0,0,0,0,0,0,0,0,0,0,0,4.1353,20.2223,2.4635,29.1375,3.9337,5.1705,8.4037,10.3114,0.2849
10/17/2017,4.44,0,0,0,0,0,0,0,0,0,0,0,4.1353,19.9936,2.3254,28.2118,3.9337,4.9359,7.0046,10.0354,0.2849
10/18/2017,2.67,0,0,0,0,0,0,0,0,0,0,0,4.1353,19.5395,2.3254,27.2957,3.631,4.7057,6.6624,9.7625,0.2849
10/19/2017,5.91,0,0,0,0,0,0,0,0,0,0,0,4.1353,19.3141,2.3254,25.4926,3.631,4.4801,6.6624,9.7625,0.2849
10/20/2017,6.6,0,0,0,0,0,0,0,0,0,0,0,4.1353,19.3141,2.3254,25.4926,3.631,4.2591,6.6624,9.2263,0.2849
10/21/2017,15.86,0,0,0,0,0,0,0,0,0,0,0,4.1353,19.0897,2.3254,25.4926,2.5025,4.2591,7.3499,8.7028,0.2849
10/22/2017,16.09,0,0,0,0,0,0,0,0,1.3,6.1,0,4.1353,19.0897,2.3254,24.606,2.2424,4.4801,7.3499,8.7028,0.1579
10/23/2017,17.48,0,0,0,0,6.2,8.3,0,2.2,1.9,10.6,0,4.1353,19.0897,2.3254,24.606,2.5025,4.4801,7.3499,8.7028,0.1579
10/24/2017,16.09,0,0,0,0,0,4.7,0,4,0,0,3.4,4.7755,19.0897,2.3254,24.606,1.7509,4.2591,7.0046,8.7028,0.1579
10/25/2017,15.44,0,0,0,0,0,0,0,0,0,0,0,4.4539,19.3141,2.3254,25.4926,1.5204,4.2591,7.3499,8.7028,0.0576
10/26/2017,15.57,0,0,0,0,0,0,0,0,0,0,0,4.4539,19.5395,2.3254,26.3892,1.3008,4.0426,7.0046,8.7028,0.0576
10/27/2017,19.1,0,0,0,0,2.2,2.8,2.2,0,0,0,9.4,5.0999,19.766,2.3254,26.3892,1.3008,3.6237,8.0495,8.1922,0.0576
10/28/2017,16.64,26.4,30.3,0,0,13.1,37.2,22.4,43.8,12.7,10.5,39.6,17.6672,23.5347,2.747,27.2957,1.7509,4.9359,30.5224,35.4266,0.0576
10/29/2017,19.11,0,0,18.6,10,26.1,2.4,4.2,4.2,0.7,7.2,10,12.2259,30.2243,3.5756,28.2118,1.7509,5.4096,23.1671,26.6295,0.0576
10/30/2017,17.27,13.2,1.9,36.8,25,0,0,0,1.4,7.6,2.1,0,10.0616,40.5937,4.726,31.0174,1.9917,9.5078,16.7995,18.9104,2.1446
10/31/2017,18.56,8,18.5,0,0,8.1,23.2,45.5,19.2,14.6,22.3,35,22.5515,47.2128,2.747,31.9712,2.7718,8.6136,26.0328,30.0219,0.9784
11/1/2017,24.97,0,0,0,0,0,0,0,0,0,0,0,10.5974,50.5081,3.1903,33.9064,3.0498,8.9077,16.3963,18.2,0.7817
11/2/2017,30.14,0,0,0,0,0,0,0,0,0,0,0,7.2701,74.8861,2.966,49.519,3.631,8.3237,15.1975,20.736,0.5995
11/3/2017,33.84,0,0,6.8,0,0,0,0,0,0,0,0,6.2561,74.4936,2.747,62.1035,3.9337,7.2049,12.0877,17.501,1.6446
11/4/2017,44.64,0,0,0,0,0,0,0,0,0,0,0,6.2561,55.6214,2.6752,69.3405,4.2442,6.1532,10.957,15.1459,1.1884
11/5/2017,60.23,0,6.6,0,0,5.2,0,3.6,0,10.9,1,31.6,6.2561,37.2924,2.604,63.292,3.9337,7.756,9.8475,13.2421,1.1884
11/6/2017,68.94,2,0,0,0,0,0,0,0.2,0,0,0,5.4271,27.5701,2.604,47.3304,3.631,10.1239,9.4826,12.6315,1.1884
11/7/2017,60.22,5.8,2,0,0,0,0,0,6.2,0,1.9,12,15.3784,26.7935,2.604,40.9579,3.631,9.8139,10.5847,12.033,0.9784
11/8/2017,50.5,0,0,0,0,0,0,0,0,0,0,0,9.3529,28.0929,2.604,37.8839,3.631,9.8139,8.4037,11.7384,0.9784
11/9/2017,46.64,0,0,4.5,0,0,4.2,0,0.8,0.1,0,0,7.2701,28.8846,2.604,34.8875,3.631,7.4784,9.1203,11.7384,0.7817
11/10/2017,42.78,9.2,25,0,10,0,0,3.8,0.4,0.9,0,0,6.5919,29.4175,2.604,35.8775,3.3363,8.3237,8.7606,11.4468,0.7817
11/11/2017,42.78,17.4,28.7,0,25.3,0,1.4,3,1,7,2,26.2,7.7843,30.4952,2.604,45.1736,3.3363,12.7443,8.7606,8.9629,0.7817
11/12/2017,47.64,20,1.8,14.9,0,7.1,9.2,18.8,30.4,49.9,18,3,7.2701,32.1416,3.0402,47.3304,5.2202,22.0251,29.0011,33.5834,1.8894
11/13/2017,47.5,0,0,0,0,0,0,0,0.4,0,0,0,6.2561,31.8647,2.8194,44.1073,9.7214,16.741,15.1975,16.8136,1.1884
11/14/2017,47.56,0,0,0,0,0,0,0,0,0,0,0,6.2561,29.4175,2.6752,43.0493,16.9776,19.106,25.3066,29.1579,1.1884
11/15/2017,52.5,0,0,0,0,0,0,0,0,0,0,0,5.7568,27.5701,2.604,40.9579,15.5197,13.4376,28.2496,32.6774,1.1884
11/16/2017,58.83,0,0,0,0,0,0,0,0,0,0,0,5.4271,25.5195,2.604,45.1736,11.4112,16.741,17.2046,19.2698,1.1884
11/17/2017,75.14,0,0,0,14.2,0,0,0,0,0,0,0,5.4271,23.5347,2.604,41.9994,8.9101,16.741,13.2384,14.4994,0.9784
11/18/2017,80,0,2,0,25.9,21.2,0,3,0,0.8,8.4,11.2,6.2561,22.328,2.8194,37.8839,7.3583,13.089,10.5847,11.1583,0.7817
11/19/2017,128.61,21.2,15.8,0,18.3,42.1,6.7,11.8,3,6.9,6.8,11.4,12.0435,25.2678,4.3869,35.8775,7.3583,13.4376,10.2149,10.8729,0.7817
11/20/2017,152.92,1,0.9,0,7.8,42.7,46.1,38,26.4,29.2,11.4,48,20.3116,37.884,5.608,36.8764,10.1356,23.3278,23.8737,27.4616,0.7817
11/21/2017,201.53,29.4,1.5,0,20,23.2,34.1,7,9,32.5,17.2,11,11.1369,101.397,4.812,44.1073,10.1356,22.8902,26.0328,30.0219,0.5995
11/22/2017,254.14,2.6,7.8,0,25.3,56.3,9.6,29.3,6.4,38.4,29.2,68.2,53.2794,185.934,20.1195,50.625,14.5717,27.4179,88.7179,105.922,0.5995
11/23/2017,300.75,34,8.8,0,5,4.1,4.2,3,1.3,39.7,1.6,21.2,27.2253,224.029,9.9052,85.8653,21.0667,38.526,88.7179,105.922,0.5995
11/24/2017,372.67,9.8,8.9,0,0,27.3,0,14.3,7.2,1,0,30,25.1171,259.22,9.4737,170.284,30.6514,42.3793,65.1853,77.2796,0.5995
11/25/2017,419.28,0,0,0,0,0,6.4,0,0,0,0,0,22.5515,203.834,6.7281,257.972,25.9963,50.5314,85.8061,101.996,0.5995
11/26/2017,467.89,0,0,0,3.2,15.1,1.4,0.5,0,0,0,31.2,18.8561,85.3867,5.8819,245.011,16.9776,45.8011,60.691,62.4273,1.6446
11/27/2017,463.03,1,0.9,12.8,9.5,12,0.6,0,0.6,0,2.9,0,13.8832,86.2178,10.1233,223.295,13.6433,33.7954,38.483,66.0154,9.6263
11/28/2017,474.75,0,0.8,9.6,22.3,22,0,22,1.3,9,3.6,7,11.6797,115.868,15.0362,191.955,13.1866,29.8061,34.4305,60.0821,7.0876
11/29/2017,479.15,2.4,0,13.9,10,0,14.7,0,0.6,21.5,2.1,0,15.1905,98.6386,8.5254,175.211,13.1866,31.775,41.8251,37.7884,7.0876
11/30/2017,351.68,6,37.5,0,7.3,0,0.9,0,6,0,0,5.1,21.5477,79.2594,7.0181,168.651,12.2885,29.8061,48.7647,34.4999,14.5113
12/1/2017,418.55,22.8,8.2,28.2,37.9,0,76.1,44.7,18.4,37.2,26.9,43.8,51.3521,76.8613,12.5024,165.402,13.1866,49.331,81.9595,45.2531,30.9865
12/2/2017,772.13,21,17,35.8,34.5,34.2,61.7,33,61,68,48.6,48.1,62.7443,186.939,24.5809,173.564,28.8766,113.528,302.812,54.944,58.3007
12/3/2017,1075.37,35.6,58.4,70.6,9.7,10.4,74.1,9.3,23,9.5,36.6,20,70.6791,371.104,18.9049,185.199,66.809,164.781,387.679,270.43,99.9524
12/4/2017,1236.15,61.4,11.1,67.1,7.3,5.6,61.7,17.3,23.6,9.1,3.3,0,42.0292,423.905,17.0643,364.799,75.4489,166.707,264.714,393.756,43.9507
12/5/2017,1279.44,1,2.1,12.8,51.2,0,3.5,19.5,9.6,16.3,2.7,0,52.3132,326.272,10.564,433.431,76.553,175.48,218.307,303.571,22.281
12/6/2017,1391.5,3.2,66.5,25.6,8.3,0,24.7,0.3,0,13,22,34,81.2619,219.175,8.8379,472.215,66.809,203.841,207.535,271.411,42.0232
12/7/2017,1419.76,1,26.4,4.2,10.1,2.3,0,9.7,43,0,0,8.5,38.4533,258.645,7.7099,472.215,57.5112,139.61,176.015,253.091,35.7094
12/8/2017,1414.33,27.6,9.1,0,9.9,0,0,18.8,13.4,18.1,44,49.5,18.1401,223.488,6.921,433.431,51.572,131.573,127.442,227.731,22.281
12/9/2017,1290.65,2,2.8,0,0,0,20.6,19,46.6,5.7,21,4.1,18.1401,193.523,6.3475,415.921,39.373,136.016,154.591,170.889,18.4323
12/10/2017,1080,0,2.8,0,0,0,33.7,0,0,0,0,0,17.0836,155.91,6.1599,405.095,30.6514,92.6046,159.047,181.497,16.6358
12/11/2017,967.89,0,0,0,0,0,0,0.8,0,0.7,1.6,0,16.3228,138.151,5.7902,394.361,27.1366,106.104,144.676,190.381,15.3449
12/12/2017,868.35,31.2,4.8,5.8,2.1,0,21,0,8.4,0.5,0,12.8,15.1905,124.247,5.608,379.488,23.2161,94.1567,103.609,180.521,16.6358
12/13/2017,745.67,0,0,0,0,2.3,0,0,0,0,6.8,0,14.069,109.742,5.073,333.954,21.5977,85.7545,83.8776,142.493,19.3626
12/14/2017,633.56,1,0,12.2,25.8,0,0,0,1.2,0.1,0,0,12.4086,99.4506,5.073,256.108,18.9864,83.5188,68.8341,119.596,18.4323
12/15/2017,578,0,0,0,3.1,0,2.1,0,0,0,0,0,11.6797,85.8019,5.073,234.073,16.9776,82.0419,59.7782,96.2124,17.0769
12/16/2017,534.02,0,0,5.4,0,0,2.9,0.2,0,0.1,0,0,11.6797,81.2809,4.9855,209.18,15.5197,86.5051,58.8338,82.5512,17.5233
12/17/2017,500.22,0,4,0,0,0,0,6.8,4,6.9,0,0,10.7769,78.4567,7.312,175.211,14.5717,70.6189,103.609,79.107,19.8357
12/18/2017,433.56,0,0,7.6,0,0,0.9,0,0,0.9,0,0,11.4984,77.6573,6.8243,154.188,13.6433,87.2584,123.215,112.351,11.7653
12/19/2017,352.78,0,0,0,0,0,15.3,0,0,0,4.9,0,11.6797,75.2794,6.6323,138.612,13.6433,66.5177,73.4598,148.71,8.632
12/20/2017,275.39,0,0,0,0,0,0,0,0,0,0,0,11.6797,72.5439,6.442,134.043,12.735,51.1361,56.9593,102.997,8.632
12/21/2017,270.76,0,0,0,0,0,0,0,0,0,0,0,11.6797,70.9995,6.442,131.025,12.735,51.1361,48.7647,88.9097,8.632
12/22/2017,270.76,0,0,0,0,0,0,0.9,0,7.8,0,2,11.6797,70.6155,6.2535,123.575,12.2885,44.6484,45.2532,77.071,10.3171
12/23/2017,270.76,0,0,0,0,10.2,0,0,0,0,0,3.1,11.6797,70.6155,7.7099,113.384,11.8472,38.526,53.2681,66.6021,10.3171
12/24/2017,250.61,0,0,12.8,0,0,0,0,0,0,0,0,11.6797,69.8501,7.1157,110.523,11.8472,35.8665,65.1853,61.6168,9.6263
12/25/2017,245.98,0,0,0,0,0,0,0,0,0,0,0,11.6797,68.7086,6.8243,113.384,11.4112,39.6116,52.3575,76.3974,8.9578
12/26/2017,246.67,4.6,0,0,11.3,0,0,25.7,1.5,10.8,0,6.8,11.6797,68.3298,6.6323,113.384,10.9806,36.3922,47.8791,73.0679,8.3118
12/27/2017,253.61,0,11,5.9,13,0,0,3.7,0,29.7,0,0,11.6797,71.3843,6.2535,107.687,10.5553,48.1424,40.9814,67.2371,8.3118
12/28/2017,251.3,0,0,0,0,0,0,24.6,0,1.3,0,0,11.6797,74.4936,5.8819,104.874,10.1356,45.2232,52.3575,102.997,11.7653
12/29/2017,246.67,10,0,0,0,5.2,0,0,1,31.6,6.1,10,15.9442,76.4646,6.442,103.476,10.1356,40.159,70.6759,73.7287,9.9689
12/30/2017,251.3,0,0,0,35.8,7.4,0,7.4,0,0.4,10.6,19.2,17.2744,94.278,6.3475,111.951,14.105,44.6484,50.5511,81.1659,9.6263
12/31/2017,253.61,2,4,8.7,2.3,15.3,17.2,14.7,14,26,8.9,4.6,15.3784,121.287,7.4108,120.635,21.5977,72.0083,56.9593,74.3921,10.3171
1/1/2018,291.11,0,0,0,46,10.3,13.4,3.3,1,0.1,0,0,15.0028,129.822,8.6292,126.538,27.1366,71.3122,86.7741,67.8746,10.3171
1/2/2018,378.15,0,82.5,0,4.2,15.4,0,0.2,0,16.7,60.1,25.5,14.4416,135.939,10.7866,143.229,17.473,68.5558,67.0039,67.8746,9.6263
1/3/2018,415.65,4.8,25.2,18.4,4,0,8.7,10,10.6,0.2,14.7,4.2,13.5125,139.04,9.4737,152.607,23.7639,71.3122,60.691,69.1574,9.6263
1/4/2018,424.91,15,1.9,6.8,0,7.4,6.8,1.6,1,1.8,8.2,7.6,28.5673,166.794,7.312,167.024,57.0082,106.104,71.601,77.071,25.9255
1/5/2018,474.83,24.6,13.2,20.2,6.2,0,54.9,30.8,80.3,50.2,15.3,18.5,44.4628,262.682,7.312,221.514,88.4578,167.674,104.621,88.9097,117.24
1/6/2018,541.96,5.8,14.1,18.6,28.9,0,15,5.5,3,13.7,21.2,19.7,35.544,303.218,7.2136,282.601,94.3223,201.763,249.164,142.493,69.4283
1/7/2018,692.43,1.4,25.8,12.4,0,20.2,1,10.5,0,34.3,32,14,34.3988,303.218,7.6098,358.56,108.27,286.922,186.385,195.395,43.9507
1/8/2018,896.52,0,0.6,16.7,0,0,2.8,15.7,22,6.8,12.2,20,33.8303,309.38,7.0181,407.253,124.13,369.734,122.163,232.058,34.9914
1/9/2018,1099.76,0,0,0,0,0,0,0,0,2.7,12.5,6.8,32.7013,361.156,6.8243,442.273,70.0085,341.54,117.979,160.559,32.168
1/10/2018,1223.83,0,0,0,0,0,0,0,0,0,0,0,24.857,342.241,6.7281,463.822,50.1699,268.803,90.6717,153.221,27.0138
1/11/2018,1176.54,0,0,0,0,0,0,0,0,0,0,0,20.5571,252.924,6.7281,472.215,35.5486,145.917,69.7536,119.596,25.9255
1/12/2018,1083.94,0,0,0,1.3,1.2,0,0,0,0,0,0,18.6166,182.934,6.442,468.009,27.7127,106.87,58.8338,92.53,24.3321
1/13/2018,920.91,0,0,0,0,0,0,0.3,6.4,0,0,6.3,22.048,160.132,6.3475,420.277,24.872,96.559,52.3575,77.071,23.296
1/14/2018,771.44,0,0,0,12.6,0,0,0,0,7.5,32.2,19.1,42.0292,141.722,6.2535,366.886,22.6724,85.759,59.7782,68.5147,21.287
1/15/2018,695.44,0,1.1,0,8.9,0,2.5,13.3,4.2,29.5,0,34.7,31.5834,140.378,6.1599,315.869,27.1366,94.3623,61.5838,77.071,19.3626
1/16/2018,571.83,28.6,0,0,0,0,12.3,6.4,4.2,0,0,33.1,34.9701,156.376,6.0668,288.386,23.7639,98.8255,58.8338,79.7908,19.3626
1/17/2018,519.91,0,0,0,0,0,0,0,0,0,0,0,21.2988,152.657,5.8819,274.947,21.5977,93.6341,57.8942,76.3974,18.4323
1/18/2018,473.15,0,0,0,0,0,0,0,0,0,0,0,18.1401,142.171,5.6989,252.391,19.4999,73.4184,63.3785,75.0579,17.5233
1/19/2018,449.98,0,0,0,0,0,0,0,0,0,0,0,16.3228,129.822,5.6989,232.265,17.473,65.5807,52.3575,81.8573,16.6358
1/20/2018,397.67,0,0,0,0,0,0,0,0,0,0,0,15.5667,110.146,5.608,205.697,16.4869,57.455,45.2532,69.1574,16.2001
1/21/2018,363.64,0,0,0,0,0,0,0,0,0,0,0,14.2551,94.7104,5.608,183.522,15.5197,53.2416,40.1432,59.1871,14.9254
1/22/2018,367.34,0,0,0,0,0,0,0,0,0,0,0,13.8832,89.5754,5.608,163.784,14.5717,50.8861,37.6612,52.7182,14.1026
1/23/2018,373.82,1,0,0,23.5,0,0,0.6,0,0,0,0,13.5125,84.1462,5.5177,157.366,14.5717,47.9961,33.6371,48.8886,12.5225
1/24/2018,315.95,0,0,0,6.9,0,0.1,7.8,1.8,0.4,3,3.5,16.3228,80.4698,5.4278,147.894,14.105,44.0531,38.483,43.918,12.5225
1/25/2018,277.76,0,3.5,0,0,0,8.3,16.6,2.8,4.9,3,3.4,19.3378,87.89,5.3384,135.561,21.0667,45.7281,46.9987,49.5209,11.0301
1/26/2018,249.52,0,2,0,0,0,0,0,0,5.2,48,2.8,15.1905,92.5565,5.3384,129.524,22.6724,50.3033,39.3104,48.8886,7.6884
1/27/2018,253.61,0,0,8.6,0,0,0,0,0,17.5,0,0,13.5125,97.3219,4.9855,134.043,21.0667,54.4336,36.8451,48.2587,7.0876
1/28/2018,268.96,0,0,12.4,0,0,6.2,0,0,1,0,42.4,14.2551,92.1282,4.9855,135.561,19.4999,57.455,34.4305,46.3836,7.0876
1/29/2018,287.41,1,0,15.5,4.2,0,0,0,10,0,0,5.2,14.2551,90.423,4.8985,137.083,19.4999,53.2416,36.0345,46.3836,6.5097
1/30/2018,317.5,5.2,0,6.8,8.6,0,20.2,30.8,7.8,38.9,0,12.9,22.048,87.4707,4.8985,134.043,21.5977,74.7554,38.483,43.918,6.5097
1/31/2018,359.63,6,15.5,4.9,6.4,11.1,73.3,29.5,36,15.5,6.7,0,14.8154,84.5589,7.4108,129.524,37.445,88.5939,81.0044,50.1556,6.2293
2/1/2018,406.39,21.2,31.3,22.4,0,0,12.1,13.5,10,0.2,0.7,0,13.5125,84.1462,6.8243,132.531,28.8766,126.257,160.165,80.4771,6.2293
2/2/2018,478.15,29.6,28.6,12.6,23,0,7.3,9.7,2.6,0,0,14.2,22.048,86.6346,6.442,149.46,20.5401,119.376,134.919,173.755,5.8837
2/3/2018,541.96,38,26.4,16.8,0,16.3,0.2,0,19.8,39.1,5,8.3,24.0814,91.274,7.4108,176.863,25.4321,130.631,98.5853,184.438,14.1026
2/4/2018,671.48,1,15,8.2,0,0,20.9,0,1.3,0,0,13.4,22.048,96.0125,6.0668,171.921,28.8766,102.818,87.7448,156.871,28.123
2/5/2018,693.74,20.6,40.8,3.2,0,14,13.4,17.4,14.3,8.5,3.2,8.6,20.0669,107.73,6.8243,181.85,33.0706,95.8248,95.5995,128.715,38.6339
2/6/2018,755.04,11,14.8,7.5,0,3.5,28.2,23.3,42.5,5.3,6.5,1,20.5571,110.55,8.2165,188.568,35.5486,100.415,112.797,132.956,34.9914
2/7/2018,757.13,74.8,2.8,12.6,0,24.3,14.4,6.4,5.6,7,4.9,52.5,31.8618,102.18,10.8984,198.788,34.3023,102.818,156.815,185.423,30.4035
2/8/2018,754.04,0,0,0,0,0,0,0,0,0,0,0,20.5571,103.359,7.0181,210.928,33.0706,90.0237,145.77,217.067,27.0138
2/9/2018,756.13,0,1.3,0,1.2,0,0,0,42.4,0,0,0,18.6166,117.109,6.442,221.514,30.6514,80.8782,104.621,195.395,24.3321
2/10/2018,759.87,0,7.4,0,0,0,0,0,0,0,23.6,1.1,20.8035,108.935,6.2535,239.522,27.1366,75.4271,82.9172,157.79,21.7814
2/11/2018,754.04,0,7.3,0,5.3,0,10.3,3.6,0,0.7,0,0,19.3378,100.617,5.6989,239.522,24.872,62.4098,77.2104,127.036,19.3626
2/12/2018,689.11,0,0,0,0,0,0,0.6,0,0,0,0,16.3228,91.7007,5.608,209.18,23.2161,59.2957,77.2104,113.146,16.6358
2/13/2018,614.92,0,0,0,0,0,0,0,0,0,0,0,15.5667,85.8019,5.4278,186.881,23.7639,54.4336,74.3933,102.997,14.1026
2/14/2018,558.6,0,0,0,0,0,0,0,0,0,0,0,14.8154,81.2809,5.2495,170.284,22.6724,52.0591,67.0039,95.471,11.7653
2/15/2018,553.85,0,0,0,0,0,0,0,0,0,0,0,14.2551,77.6573,5.161,158.963,13.6433,47.9961,54.1836,88.1932,9.6263
2/16/2018,487.29,0,0,0,0,0,0,0,0,0,0,0,13.5125,73.3212,5.161,143.229,13.1866,44.6089,50.5511,81.1659,8.632
2/17/2018,494.47,0,0.6,0,0,0,9.6,6.6,6,0,0,0,12.7752,71.7699,5.161,132.531,13.1866,43.4998,49.6554,74.3921,8.3118
2/18/2018,461.94,0,0,0,0,0,0,0,0,0,0,0,12.4086,81.6878,5.161,123.575,12.735,41.855,44.3882,71.1011,8.3118
2/19/2018,425.06,2,0,0,0,16.5,0,13,0,0.6,5.5,130,33.547,96.4482,5.3384,114.822,12.735,42.4007,41.8251,67.8746,8.3118
2/20/2018,450.53,1,20.7,0,23.8,34.3,14.2,53,27.7,5.8,0,15.8,22.5515,117.524,6.1599,119.173,12.735,42.4007,55.104,64.713,7.9973
2/21/2018,496.67,9.6,4.7,22.8,18,0,21.2,3.3,11.2,0.6,0,0,16.7026,144.877,5.3384,146.333,11.8472,58.0662,89.6936,64.713,7.6884
2/22/2018,622.98,19,22.9,28.6,28.3,14.2,22.5,71,43,9.9,0,0,19.3378,139.04,6.6323,193.656,11.8472,92.908,150.165,99.9568,20.3142
2/23/2018,704,4,57.8,18.1,0,0,6.1,0.3,14.4,0,0,0,16.3228,110.55,6.2535,214.438,11.8472,72.7532,129.568,209.734,21.287
2/24/2018,796.59,1.8,6.2,58.2,36.6,0,0,0.2,0,0.5,1.6,0,14.8154,85.3867,6.0668,232.265,20.5401,64.942,120.067,191.379,17.9751
2/25/2018,847.44,20,51.8,0,29.4,8.2,33.2,8.9,9.6,34.7,10.8,0,16.3228,82.0954,9.2602,245.011,22.1329,82.9573,115.899,187.399,16.6358
2/26/2018,902.15,3.8,0,0,5.9,4,1.8,4.9,0.8,1.4,4,19.6,17.9032,104.148,6.2535,252.391,66.809,98.0341,100.588,187.399,15.7698
2/27/2018,802.54,1,19.6,0,32.3,0,1.7,6.5,1,0.6,0,0,18.6166,100.617,5.608,243.177,61.0726,128,81.9595,138.992,14.1026
2/28/2018,777.54,0,0,28.2,0,12.2,0,3.7,0,1.2,1.8,4.5,18.6166,120.447,5.3384,250.54,38.0842,107.688,95.5995,117.159,13.3016
3/1/2018,786.87,3.8,0,0,0,8.2,13.2,10.7,68,3.2,4.5,16,32.7013,127.237,7.2136,256.108,27.7127,112.642,133.844,135.528,37.8949
3/2/2018,787.87,0,0,0,12.5,3.4,0,0,0,0,1.2,0,20.0669,118.773,6.921,223.295,22.6724,106.87,138.154,197.417,29.8256
3/3/2018,758.24,0,9.6,0,0,0,0,66.5,1.3,42.1,2.6,0,18.1401,112.992,6.442,217.967,19.4999,103.624,112.797,179.548,17.5233
3/4/2018,787.38,0,1,12.6,0,0,26.3,0.2,0.6,12.6,27.6,0,15.0028,99.0631,5.8819,217.967,30.6514,104.432,114.863,157.79,11.0301
3/5/2018,801.71,9.6,1.3,18.5,0,0,29.6,4.5,7,0.1,1,0,15.0028,90.8481,5.8819,217.967,40.6757,114.311,152.375,148.71,8.9578
3/6/2018,801.71,0,0,6.66,0,0,23.1,0.6,0.2,1.2,0,0,15.0028,86.2178,5.5177,223.295,41.3322,111.81,102.6,166.159,8.9578
3/7/2018,755.93,2.8,0,2.52,9,0,2.3,0,5.2,0,23.6,7.1,70.6791,81.2809,5.5177,230.462,31.2506,110.154,102.6,149.607,8.632
3/8/2018,709.21,52,0,0,15.9,0,32.1,13.5,40.9,7.4,0,0,46.9351,152.195,5.4278,241.347,22.6724,106.055,179.456,144.257,14.9254
3/9/2018,790.48,3,10,24.5,5.8,0,38.2,3.4,11,0.8,0.8,0,29.654,180.449,5.4278,252.391,30.056,110.154,232.799,167.101,23.296
3/10/2018,981.75,29.2,4.2,15.8,3.7,0,4.3,2.2,13,5.3,1.8,0,26.4291,166.794,5.4278,259.841,36.8093,114.311,188.709,291.479,22.281
3/11/2018,1161.51,23.6,30.3,12.6,23.8,0,11.9,8,11,16.3,6,48.2,24.3392,155.443,5.161,282.601,49.4706,151.464,166.915,267.934,38.6339
3/12/2018,1282.64,5,0,12.8,0,0,13.4,0.4,11.2,0.1,0,0,22.048,141.273,5.161,303.993,42.6554,142.264,159.047,241.923,52.799
3/13/2018,1129.91,0,0,6.4,0,18.4,0,0,0,0,0,0,19.3378,119.19,7.2136,311.894,25.4321,122.799,125.324,218.123,37.5274
3/14/2018,1024.83,0,0,0,0,11,7.3,4.2,0,0,0,0,17.6672,93.4156,7.2136,303.993,21.5977,99.6193,98.5853,174.715,23.296
3/15/2018,920.72,0,0,0,0,0,0,0,0,19.5,0,0,16.7026,82.9133,7.0181,292.263,26.5645,85.759,92.6355,147.815,20.3142
3/16/2018,804.06,0,0,2.56,0,0,0,0,0,0,0,0,15.0028,78.0565,6.7281,282.601,18.4774,80.1893,100.588,102.997,19.3626
3/17/2018,722.78,3.6,19.6,28.6,2.1,0,3.4,5,20.5,0.1,0,0,14.8154,74.1019,6.442,256.108,15.0433,90.0237,122.163,127.036,17.0769
3/18/2018,676.74,25,2.8,0,0,0,37.8,6.3,14.4,13.5,0,3,14.2551,81.2809,6.3475,205.697,16.4869,92.1838,165.785,171.842,15.7698
3/19/2018,614.81,0,0,0,11.3,0,0,0,0.6,0,0,0,14.2551,84.1462,6.3475,162.172,18.4774,107.688,165.785,202.51,14.5113
3/20/2018,605.27,2.8,0,0,0,0,0,0,0,0,0,0,14.2551,80.0655,6.1599,170.284,16.4869,91.4617,106.651,205.592,12.5225
3/21/2018,589.87,0,0,8.4,0,0,0,0,0,0,0,2.3,13.3277,82.5039,6.0668,178.521,14.5717,70.1141,92.6355,151.409,16.2001
3/22/2018,541.38,3,0,12.6,0,0,12.1,22.5,9.4,0,38,29,13.1432,94.278,5.9741,193.656,18.9864,66.8649,106.651,117.969,15.7698
3/23/2018,496.81,0,2.7,14.7,0,0,2.3,0,7,0,1.8,0,12.4086,123.822,5.7902,200.508,19.4999,70.1141,113.828,125.366,11.7653
3/24/2018,471.2,0,0,10.1,0,0,0,0,0,0,0,0,11.8614,118.773,5.6989,197.073,15.5197,66.2217,103.609,155.041,15.7698
3/25/2018,462.94,0,0,0,0,0,0,0,0,0,0,0,11.6797,84.5589,5.5177,188.568,15.0433,63.0395,90.6717,132.103,14.1026
3/26/2018,447.67,0,0,0,0,0,0,0.6,0,0,0,0,11.6797,82.5039,5.4278,183.522,12.2885,60.5345,75.3296,113.146,12.9093
3/27/2018,425.44,0,0,6.8,0,0,0,0,0,1.1,0,0,12.0435,76.0687,5.161,186.881,12.2885,58.6798,73.4598,91.0744,11.7653
3/28/2018,379.97,0,0,0,0,0,0,0,0,0,0,0,11.8614,70.6155,5.161,178.521,11.4112,57.455,65.1853,83.9466,11.0301
3/29/2018,327.6,0,0,0,0,0,0,6,0,0,0,0,11.6797,66.4487,5.161,170.284,11.4112,56.846,62.4796,80.4771,10.3171
3/30/2018,287.28,0,0,0,0,0,0,0,0,0,0,0,11.6797,64.5893,5.161,160.565,10.9806,56.2394,57.8942,77.071,8.9578
3/31/2018,294.8,0,0,0,0,0,0,0,0,0.7,0,0,11.6797,62.3868,4.9855,125.054,10.9806,50.3033,56.0293,76.3974,8.632
4/1/2018,291.98,0,0,0,0,0,0,0,0,0,0,0,11.6797,63.1175,4.8985,119.173,9.7214,48.5692,55.104,71.7541,8.9578
4/2/2018,294.77,0,0,0,0,0,0,0,0,0,0,24,11.8614,69.8501,4.8985,113.384,9.7214,50.3033,53.2681,70.4506,8.9578
4/3/2018,313.48,0,0,0,3.2,0,0,0,0,0,0,5.6,12.2259,73.3212,4.726,107.687,9.7214,53.8364,51.4518,69.1574,8.3118
4/4/2018,317.09,1.4,3.5,18.1,0,0,6.4,7.3,4.9,0.5,0,6.3,12.0435,74.1019,4.6405,109.102,9.7214,51.4714,55.104,74.3921,7.9973
4/5/2018,357.34,0,2.4,0,0,0,10.7,1.5,0,0,0,0,11.6797,71.3843,4.6405,116.267,9.7214,52.6491,52.3575,82.5512,7.9973
4/6/2018,386.67,16.8,3.5,0,7.8,0,4.6,33,13,0,0,0,11.6797,68.3298,4.4709,123.575,9.7214,55.0332,71.601,82.5512,7.6884
4/7/2018,391.56,0,0,0,0,0,0,0,0,0.5,0,0,11.3174,65.3304,4.4709,132.531,9.7214,55.0332,66.0931,83.9466,7.6884
4/8/2018,362.95,45,0.8,0,0,0,0,0,0,0.9,0,0,11.3174,62.7517,4.4709,135.561,14.105,68.1579,60.691,79.7908,7.3851
4/9/2018,323.12,0,0,0,0,0,0,0,0,0,0,0,11.3174,61.2974,4.3869,125.054,12.2885,67.5103,56.9593,79.107,7.3851
4/10/2018,277,0,0,0,0,0,0,0.3,5.6,0,0,0,11.1369,59.4993,4.3034,117.717,11.4112,59.914,52.3575,74.3921,7.0876
4/11/2018,256.03,0,0,0,0,0,0,0,0,0,0,0,10.7769,57.7232,4.2205,109.102,9.7214,59.2957,49.6554,67.8746,7.0876
4/12/2018,225.41,0,0,0,0,0,0,0,0,0,0,0,10.4184,56.3184,4.2205,104.874,9.7214,46.8571,46.1233,64.713,7.0876
4/13/2018,201.7,0,0,0,0,0,0,0,0,0,0,0,10.7769,54.5825,4.138,102.085,9.7214,37.5815,45.2532,59.7906,6.7958
4/14/2018,211.84,0,0,0,0,0,0,0,0,0,0,0,11.1369,51.5145,4.0561,99.3198,9.3129,36.5392,47.8791,58.5863,6.7958
4/15/2018,224.41,0,0,0,0,0,0,0,0,0,0,0,11.3174,48.5199,3.9747,96.5792,9.3129,49.7228,44.3882,61.6168,6.5097
4/16/2018,233.02,10.6,0,12.2,0,0,0,0,0,4.8,0,0,12.5918,52.1899,3.9747,93.8632,9.3129,58.6798,43.5286,57.9547,6.5097
4/17/2018,237.6,1,10,0,0,0,0,0,0,0.2,0,3,12.5918,57.3707,3.9747,93.8632,11.4112,61.7824,41.8251,56.6319,6.5097
4/18/2018,234.51,0,0,0,0,0,0,0,0,0,0,0,12.2259,52.869,3.8134,92.5145,11.8472,49.1448,40.9814,54.0135,6.2293
4/19/2018,227.13,0,0,0,0,0,0,0,0,0,0,0,12.2259,46.5647,3.8134,95.2181,10.5553,40.7711,40.1432,53.3647,5.8837
4/20/2018,217.04,0,0,0,0,0,0,0,0,0,0,0,11.8614,44.0095,3.8134,96.5792,9.7214,36.5392,39.3104,52.074,5.8837
4/21/2018,207.37,0,0,0,0,0,0,0,0,0,0,0,11.6797,44.6428,3.7336,93.8632,9.3129,34.4864,39.3104,50.7927,5.8837
4/22/2018,199.32,0,0,0,0,0,0,0,0,0,0,0,11.3174,47.8645,3.7336,91.172,8.5132,33.476,39.3104,50.7927,5.5301
4/23/2018,196.67,0,0,0,0,0,0,0,0,0,0,0,11.3174,49.179,3.7336,88.506,8.5132,33.476,38.483,50.7927,5.1836
4/24/2018,188.33,0,0,0,0,0,0,0,0,0,0,0,11.3174,49.5099,3.4974,87.1825,8.5132,34.9956,38.483,50.1556,5.1836
4/25/2018,163.33,0,0,0,0,0,0,0,0,0,0,0,11.3174,47.2128,3.4974,84.5546,8.5132,33.9799,37.6612,50.1556,5.1836
4/26/2018,138.33,0,0,0,0,0,0,0,0,2.5,0,0,10.9567,45.9204,3.4974,83.2504,8.5132,32.4766,37.6612,48.8886,4.8441
4/27/2018,147.82,0,0,0,0,0,0,0,2.2,0,0,0,10.7769,44.6428,3.4974,81.9526,8.5132,31.9809,38.483,48.8886,4.5119
4/28/2018,148.52,0,0,0,0,1.2,0,0,0,0,0,0,10.0616,44.0095,3.4974,80.6614,8.1222,30.5105,36.8451,49.5209,4.5119
4/29/2018,139.95,0,0,0,0,0,0,0,0,0,0,0,9.8838,43.6943,4.5555,79.3767,7.7372,28.5889,36.0345,47.6312,4.5119
4/30/2018,139.95,0,0,0,0,0,0,0,0,0,0,0,9.8838,43.6943,4.4709,78.0987,7.7372,28.1156,35.2296,47.0062,4.5119
5/1/2018,122.8,0,0,0,0,0,0,0,0,0,0,0,9.8838,43.6943,4.3034,76.8273,7.7372,27.6451,34.4305,45.7634,4.1872
5/2/2018,131.32,0,0,0,0,0,0,0,0,0,0,0,9.8838,43.38,4.3034,76.8273,7.3583,27.6451,33.6371,44.5306,4.1872
5/3/2018,131.41,0,0,8.4,0,0,0,0,0,0,0,0,10.0616,43.38,4.3034,74.3045,7.3583,28.1156,32.0679,43.918,3.8702
5/4/2018,130.46,0,0,0,0,0,0,0,0,0,0,0,10.2398,43.0667,4.2205,74.3045,6.9856,29.0651,31.2921,41.4926,3.8702
5/5/2018,139.95,0,0,0,0,0,0,0,0,0,0,0,9.8838,42.4428,4.2205,74.3045,6.9856,28.5889,30.5224,40.2954,3.8702
5/6/2018,131.39,0,0,0,0,0,0,0,0,0,0,0,9.8838,42.1323,4.0561,76.8273,6.9856,27.6451,30.5224,39.7006,3.5612
5/7/2018,130.82,0,0,0,0,0,0,0,0,0,0,0,9.7064,41.8227,4.0561,80.6614,6.6193,27.6451,29.7587,39.7006,3.5612
5/8/2018,117.13,0,0,0,0,0,0,0,0,0,0,0,10.0616,41.514,3.9747,78.0987,6.6193,27.1774,30.5224,38.5191,3.5612
5/9/2018,113,0,0,0,0,0,0,0,0,0,0,0,9.8838,41.514,3.9747,74.3045,6.6193,27.6451,29.7587,39.7006,3.2603
5/10/2018,122,0,0,0,0,0,0,0,0,0,0,0,9.8838,41.2063,3.8134,71.8088,6.6193,27.1774,29.0011,38.5191,3.2603
5/11/2018,122,0,0,0,0,0,0,0,0,0,0,1,10.5974,40.8996,3.8134,69.3405,6.6193,28.1156,29.0011,37.3481,3.2603
5/12/2018,122,0,0,0,0,0,0,0,0,0,0,0,10.9567,40.8996,3.8134,66.9,6.2595,28.1156,29.0011,37.3481,3.2603
5/13/2018,122,0,0,0,0,0,0,0,0,0,0,0,11.4984,39.9849,3.8134,69.3405,6.2595,29.0651,29.7587,37.3481,2.9679
5/14/2018,122,0,0,0,0,0,0,0,0,0,0,0,11.6797,39.6819,3.8938,66.9,6.2595,28.1156,28.2496,39.1085,2.9679
5/15/2018,122,0,0,0,0,0,0,0,0,0,0,0,11.6797,39.6819,3.9747,69.3405,6.2595,28.1156,28.2496,39.1085,2.6843
5/16/2018,127.44,0,0,0,0,0,0,0,0,0,0,0,12.5918,39.3799,3.9747,69.3405,5.9063,27.6451,29.0011,39.1085,2.6843
5/17/2018,126.87,0,0,0,0,0,0,0,0,0,0,0,14.6283,39.0788,3.9747,69.3405,5.9063,28.5889,29.0011,37.9323,2.6843
5/18/2018,126.87,35.4,0,0,0,0,0,0,0,0,0,0.6,14.8154,39.0788,3.9747,70.5712,6.9856,29.5441,29.7587,38.5191,2.6843
5/19/2018,126.87,0,1,12.6,0,0,0,0,0,0,10.5,0,15.3784,39.9849,3.9747,69.3405,6.6193,31.9809,30.5224,40.2954,2.6843
5/20/2018,127.44,22,8.8,0,0,0,0,1,11.8,3.1,0,29.4,15.5667,44.9608,3.9747,68.1168,6.2595,34.4864,35.2296,40.2954,2.6843
5/21/2018,124.87,0,0,0,0,0,5.6,6.5,0,0,0,0,14.4416,50.5081,3.9747,56.9282,6.2595,34.9956,32.0679,41.4926,2.6843
5/22/2018,116.31,0,0,0,0,0,0,0,0,0,0,0,13.3277,53.2099,3.9747,70.5712,6.2595,34.4864,32.0679,42.7002,2.4097
5/23/2018,106.61,0,0,0,0,0,0,0,0,0,0,0,11.6797,44.6428,3.9747,84.5546,5.9063,27.1774,29.0011,43.918,2.4097
5/24/2018,103.98,0,0,0,0,0,0,0,0,0,0,0,9.8838,42.1323,3.8938,88.506,5.9063,29.5441,28.2496,40.2954,2.4097
5/25/2018,114.59,0,0,0,0,0,0,0,0,0,0,0,9.8838,40.2889,3.8938,91.172,5.9063,31.488,27.5044,40.2954,2.4097
5/26/2018,106.68,0,0,0,0,0,0,0,0,0,0,0,9.8838,39.9849,3.8134,89.8358,5.9063,35.5075,28.2496,39.1085,2.1446
5/27/2018,104.07,0,0,0,0,0,0,0,0,0,0,0,9.8838,39.6819,3.8134,88.506,5.9063,25.3358,27.5044,37.9323,2.1446
5/28/2018,120.05,0,0,0,0,0,0,0,0,0,0,0,9.7064,39.0788,3.8134,84.5546,5.5598,23.9853,30.5224,37.3481,2.1446
5/29/2018,118.48,0,0,0,0,0,0,0,0,0,0,0,9.5294,38.7787,3.8134,76.8273,5.5598,26.2508,29.7587,36.7667,2.1446
5/30/2018,101.35,0,0,0,0,0,0,0,0,0,0,0,9.5294,38.4795,3.8134,69.3405,5.5598,26.2508,29.7587,36.7667,2.1446
5/31/2018,103.67,0,0,0,0,0,0,0,0,0,0,0,9.5294,38.4795,3.8134,68.1168,5.5598,25.3358,29.0011,36.1879,2.1446
6/1/2018,103.67,0,0,0,0,0,0,0,0,0,0,0,9.5294,38.1813,3.8134,66.9,5.5598,27.1774,28.2496,36.1879,2.1446
6/2/2018,107.33,0,0,0,0,0,0,0,0,0,0,0,9.5294,37.884,3.8134,68.1168,5.5598,28.1156,28.2496,35.6119,2.1446
6/3/2018,115.33,0,0,0,0,0,0,0,0,0,0,0,9.5294,37.2924,3.8134,66.9,5.5598,27.6451,27.5044,35.0386,2.9679
6/4/2018,106.03,0,0,0,0,0,0,0,0,0,0,0,9.5294,37.2924,3.8134,64.4022,5.5598,29.0651,27.5044,34.4681,2.9679
6/5/2018,104.22,0,0,18.6,0,0,0,0,0,0,0,0,9.5294,37.5877,3.8134,64.4022,5.5598,27.1774,27.5044,33.9004,2.6843
6/6/2018,104.27,0,0,0,0,0,0,0,0,8.8,3.1,10.7,9.3529,38.7787,3.7336,63.1353,5.5598,23.9853,27.5044,33.3355,2.6843
6/7/2018,112.79,0,0,0,0,0,0,0.6,0,0,2.5,0,9.1768,39.0788,3.6543,61.8768,5.5598,18.0444,27.5044,32.7733,2.6843
6/8/2018,112.79,9.2,12,0,0,0,0,0,0,3.7,0,0,9.1768,39.0788,3.6543,60.6268,5.5598,16.4609,27.5044,32.7733,2.6843
6/9/2018,112.68,0,0,0,0,0,0,0,0,0,0,0,9.1768,39.0788,3.5756,60.6268,5.5598,17.2461,30.5224,32.2141,2.6843
6/10/2018,112.89,0,0,0,0,0,0,0,0,0,0,0,9.1768,39.0788,3.5756,60.6268,5.5598,17.2461,30.5224,31.6576,2.6843
6/11/2018,112.79,0,0,0,0,0,0,0,0,0,0,0,9.1768,38.7787,3.4974,59.3854,5.5598,17.2461,30.5224,30.5535,2.4097
6/12/2018,112.79,0,0,8.4,0,0,0,0,0,0,0,0,9.0011,38.4795,3.4974,60.6268,5.5598,17.2461,29.7587,30.5535,2.4097
6/13/2018,110.71,0,0,0,0,0,0,0,0,0,0,0,9.0011,38.4795,3.4974,59.3854,5.5598,17.6437,27.5044,30.0057,2.4097
6/14/2018,108.65,0,0,0,0,0,0,0.6,0,0,0,0,8.8259,38.1813,3.4974,56.9282,5.2202,16.4609,28.2496,30.0057,2.4097
6/15/2018,108.81,0,0,0,0,0,0,0,0,0,0,0,8.8259,37.2924,3.4974,58.1525,5.2202,14.9303,27.5044,32.2141,2.4097
6/16/2018,101.06,0,0,0,0,0,0,0,0,0,0,0,8.8259,35.83,3.4974,56.9282,5.2202,13.0938,24.5869,33.3355,2.4097
6/17/2018,100.94,0,0,0,0,0,0,0,0,0,0,0,8.8259,34.6776,3.4974,56.9282,5.2202,14.1853,24.5869,31.1041,2.4097
6/18/2018,101.1,0,0,0,0,0,0,6.6,0,0,0,0,8.8259,33.8234,3.4974,55.7127,5.2202,12.737,23.8737,31.1041,2.4097
6/19/2018,101.13,0,0,0,0,0,0,0.6,0,0,0,0,8.4768,33.5407,3.4974,56.9282,5.2202,14.1853,23.8737,30.0057,2.4097
6/20/2018,92.69,0,0,0,0,0,0,0,0,0,0,0,8.303,33.2589,3.4974,56.9282,5.2202,12.3837,23.8737,30.0057,2.4097
6/21/2018,81.99,0,0,0,0,0,0,0,0,0,0,0,8.1296,33.2589,3.4974,55.7127,5.2202,14.9303,23.8737,29.4609,2.4097
6/22/2018,79.41,0,0,0,0,0,0,0,0,0,0,0,8.1296,32.9781,3.4974,55.7127,5.2202,12.737,23.8737,29.4609,2.1446
6/23/2018,78.82,0,0,3.5,0,0,0,0,0,0,0,0,8.1296,32.9781,3.4198,54.5059,4.8876,14.1853,23.8737,28.9191,2.1446
6/24/2018,73.25,0,0,0,0,0,0,6,0,0,0,0,8.1296,32.9781,3.8134,54.5059,4.8876,13.4541,23.8737,28.9191,2.1446
6/25/2018,73.27,0,0,0,0,0,0,0.6,0,0,0,0,8.1296,32.9781,3.8134,54.5059,4.8876,13.818,24.5869,28.9191,2.1446
6/26/2018,65.47,0,0,0,0,0,0,0,0,0,0,0,8.1296,32.6983,3.8134,54.5059,4.8876,13.818,23.1671,27.8445,2.1446
6/27/2018,65.7,0,0,0,0,0,0,0,0,0,0,0,8.1296,31.5888,3.8134,53.308,4.8876,13.0938,21.7742,27.8445,2.1446
6/28/2018,65.48,0,0,0,0,0,0,0,0,0,0,0,8.1296,31.04,3.8134,53.308,4.8876,12.737,22.4673,27.8445,2.1446
6/29/2018,66.69,0,0,0,0,0,0,0,0,0,0,0,8.1296,30.7671,3.8134,52.119,4.8876,12.737,21.7742,27.3117,1.8894
6/30/2018,66.34,0,0,0,0,0,0,0,0,0,0,0,8.1296,30.4952,3.8134,52.119,4.8876,12.3837,21.0879,26.7819,1.8894
7/1/2018,61.62,0,0,0,0,0,0,0,0,0,0,0,8.1296,30.4952,3.8134,52.119,4.8876,12.3837,20.4087,26.7819,1.8894
7/2/2018,69.71,0,0,0,0,0,0,0,0,0,0,0,8.1296,30.4952,3.4974,52.119,4.5622,12.034,21.0879,26.7819,1.8894
7/3/2018,64.62,0,0,0,0,0,0,0,0,0,0,0,8.1296,30.2243,3.1903,52.119,4.5622,12.034,20.4087,25.7317,1.8894
7/4/2018,66.7,0,0,0,0,0,0,0,0,0,0,0,8.1296,30.2243,3.1903,50.939,4.5622,12.034,20.4087,25.7317,1.6446
7/5/2018,64.53,0,0,0,0,0,0,0,0,0,0,0,8.1296,29.9543,3.115,50.939,4.5622,12.034,19.7364,25.2113,1.6446
7/6/2018,64.59,0,0,0,0,0,0,0,0,0,0,0,8.1296,29.6854,3.0402,50.939,4.5622,12.034,19.0712,24.6941,1.6446
7/7/2018,59.99,0,0,0,0,0,0,0,0,0,0,0,8.1296,28.8846,3.0402,49.768,4.5622,11.688,18.4132,24.6941,1.6446
7/8/2018,59.83,0,0,0,0,0,0,0,0,0,0,0,8.1296,28.8846,3.0402,48.6062,4.5622,11.688,18.4132,24.18,1.6446
7/9/2018,60.06,0,0,0,0,0,0,0,0,0,0,0,8.1296,28.8846,3.0402,48.6062,4.5622,11.688,17.7625,23.6691,1.6446
7/10/2018,51.85,0,0,0,0,0,0,0,0,0,0,0,7.9567,28.6197,3.0402,48.6062,4.5622,11.688,17.7625,23.6691,1.6446
7/11/2018,49.36,0,0,0,0,0,0,0,0,0,0,0,7.9567,28.6197,3.0402,48.6062,4.2442,11.688,17.2046,22.6572,1.6446
7/12/2018,52.83,0,0,0,0,0,0,0,0,0.2,0,0,7.7843,28.3558,3.0402,47.4535,4.2442,11.3456,17.2046,22.6572,1.6446
7/13/2018,53.14,0,0,0,0,0,0,0,0,0,0,0,7.7843,28.3558,3.0402,47.4535,4.2442,15.3079,17.2046,22.1561,1.6446
7/14/2018,54.91,0,0,0,0,0,0,0,0,0,0,0,7.7843,28.3558,3.0402,46.3101,4.2442,15.3079,17.2046,21.6584,1.4107
7/15/2018,62.78,0,0,0,0,0,0,0,0,0,0,0,7.7843,28.0929,3.0402,46.3101,4.2442,14.5561,17.7625,21.6584,1.4107
7/16/2018,48.27,0,0,0,0,0,0,0,0,0,0,0,7.7843,28.0929,3.0402,46.3101,4.2442,10.6718,17.2046,20.6731,1.4107
7/17/2018,48.5,0,0,0,0,0,0,0,0,0,0,0,7.6124,27.831,3.0402,45.176,4.2442,11.0068,17.2046,20.1855,1.4107
7/18/2018,44.11,0,0,0,0,0,0,0,0,0,0,0,7.6124,27.5701,3.0402,45.176,4.2442,14.9303,17.2046,19.7014,1.4107
7/19/2018,50.36,0,0,0,0,0,0,0,0,0,0,0,7.6124,27.5701,3.0402,45.176,4.2442,14.1853,16.7995,19.7014,1.4107
7/20/2018,46.65,0,0,0,0,0,0,0,0,0,0,0,7.6124,27.3102,3.0402,45.176,4.2442,12.737,16.3963,18.7438,1.4107
7/21/2018,48.5,0,0,0,0,0,0,0,0,0,0,0,7.6124,27.0513,3.0402,45.176,4.2442,10.6718,15.9948,18.7438,1.4107
7/22/2018,48.28,0,0,0,0,0,0,0,0,0,0,0,7.441,27.0513,3.0402,44.0513,3.9337,13.0938,16.3963,17.8004,1.4107
7/23/2018,49.49,0,0,0,0,0,0,0,0,0,0,0,7.441,26.7935,3.0402,44.0513,3.9337,11.0068,15.1975,17.8004,1.4107
7/24/2018,56.94,0,0,0,0,0,0,0,0,0,0,0,7.441,26.5367,2.8924,44.0513,3.9337,10.6718,15.5952,17.3341,1.4107
7/25/2018,57.12,0,0,0,0,0,0,0,0,0,0,0,7.441,26.5367,2.8924,42.9361,3.631,14.1853,15.5952,16.8715,1.4107
7/26/2018,54.95,0,0,0,0,0,0,0,0,0,0,0,7.441,26.2808,2.8924,42.9361,3.631,11.3456,15.1975,16.4127,1.1884
7/27/2018,45.97,0,0,0,0,0,0,0,0,0,0,0,7.441,26.2808,2.8924,41.8305,3.631,8.4331,15.1975,15.0589,1.1884
7/28/2018,36.84,0,0,0,0,0,0,0,0,0,0,0,7.441,26.0261,2.8924,41.8305,3.631,9.0534,17.7625,15.0589,1.1884
7/29/2018,37.72,0,0,0,0,0,0,0,0,0,0,0,7.441,25.7723,2.8924,42.9361,3.631,10.6718,15.5952,15.0589,1.1884
7/30/2018,37.95,0,0,0,0,0,0,0,0,0,0,0,7.2701,25.7723,2.8924,44.0513,3.631,7.8289,15.5952,14.6153,1.1884
7/31/2018,37.73,0,0,0,0,0,0,0,0,0,0,0,7.441,25.7723,2.8924,44.0513,3.3363,7.5329,15.1975,14.1757,1.1884
8/1/2018,37.93,0,0,0,0,0,0,0,0,0,0,0,7.441,25.7723,2.8194,45.176,3.3363,7.5329,15.5952,14.1757,1.1884
8/2/2018,37.84,0,0,0,0,0,0.4,1.4,0,0.8,3,4.6,7.7843,25.7723,2.747,47.4535,3.3363,7.5329,15.1975,15.0589,1.1884
8/3/2018,38.72,8,8,0,0,0,7.1,3.5,2.2,9.9,0,1.6,8.1296,27.5701,3.9747,47.4535,3.3363,10.013,15.1975,18.2703,1.1884
8/4/2018,38.95,23.4,8.6,0,27,2,19.8,14.8,5.6,15.8,27,36.8,8.1296,30.2243,4.6405,50.939,3.3363,16.4609,28.2496,19.7014,1.1884
8/5/2018,46.36,1.8,0,0,0,14,0.5,4.2,15.2,2.6,0.7,1.7,8.1296,34.6776,4.6405,50.939,3.631,14.5561,36.0345,25.2113,1.1884
8/6/2018,46.59,0,0,0,15,0,0,0,0,0,0,0,8.1296,36.7046,4.138,52.119,6.2595,13.818,51.4518,32.2141,1.1884
8/7/2018,47.45,0,6,0,0,0,0,0.4,2,0.8,0,4.7,8.1296,34.1072,3.1903,52.119,7.3583,16.8519,43.5286,41.4926,0.9784
8/8/2018,39.76,0,0,0,0,0,0,0.5,0,0,0,0,8.1296,31.5888,3.0402,54.5059,6.9856,17.6437,32.8495,50.1556,0.9784
8/9/2018,47.56,0,0,0,0,1,0,0.7,0,0.3,8.6,1.1,8.1296,31.3139,3.1903,54.5059,6.2595,18.4484,39.3104,47.6312,0.9784
8/10/2018,47.36,0,0,0,0,0,0,0,0,0,0,0,8.1296,31.04,3.2663,55.7127,5.9063,37.5815,31.2921,45.1458,0.9784
8/11/2018,55.23,0,0,0,0,0,0,0,0,0,0,0,8.1296,30.4952,3.1903,54.5059,5.5598,74.7554,26.0328,42.7002,0.9784
8/12/2018,51.02,0,0,0,0,0,0,0,0,0,0,0,7.9567,30.4952,3.0402,53.308,5.2202,14.5561,24.5869,41.4926,0.9784
8/13/2018,55.2,0,0,0,0,0,0,0,0,0,0,0,7.7843,29.9543,2.966,52.119,4.8876,13.4541,22.4673,38.5191,0.9784
8/14/2018,56.09,0,0,4.6,0,0,0,0,0,0,0,0,7.7843,28.8846,2.8194,50.939,4.5622,12.3837,20.4087,34.4681,1.1884
8/15/2018,56.06,0,0,2.8,0,0,0,0,0,0,0,0,7.6124,27.831,2.8194,48.6062,4.5622,13.818,20.4087,30.0057,2.9679
8/16/2018,56.18,0,0,6.5,0,0,0,0,0,0,0,0,7.6124,27.0513,2.8194,47.4535,4.5622,15.3079,17.7625,25.7317,3.2603
8/17/2018,53,4,6.1,14.2,0,0,0,0,0,0,0,0,7.441,26.2808,2.8194,46.3101,4.5622,17.2461,17.7625,24.6941,6.5097
8/18/2018,51.23,9.2,0,0,0,3.2,6.9,0.7,0,0,1.1,8.3,7.441,25.7723,3.0402,45.176,4.2442,12.034,19.7364,23.6691,6.0141
8/19/2018,51,0,0,0,0,0,4.5,0,0,0.1,0,0,7.441,25.5195,3.2663,44.0513,4.2442,12.3837,23.1671,23.6691,4.727
8/20/2018,51.23,0,0,0,0,0,0,0,0,0,0,0,7.441,27.0513,2.8924,41.8305,4.2442,11.3456,22.4673,26.7819,3.7981
8/21/2018,52.04,0,0,0,0,0,0,0,0,0,0,0,7.2701,27.831,2.8194,41.8305,4.2442,11.3456,22.4673,26.7819,2.9059
8/22/2018,52.16,0,0,0,0,0,0,0,0,0,0,0,7.0997,27.5701,2.8194,41.8305,4.2442,13.4541,20.4087,24.6941,2.9059
8/23/2018,52.13,0,0,0,0,0,0,0,0,0,0,0,7.2701,27.5701,2.8194,40.7345,4.2442,14.9303,19.0712,23.6691,2.3349
8/24/2018,52.02,0,0,0,0,0,0,0,0,0,0,0,7.2701,27.3102,2.747,40.7345,3.9337,15.6889,17.7625,22.1561,2.3349
8/25/2018,59.84,0,0,0,0,0,0,0,0,0,0,0,7.2701,27.3102,2.747,40.7345,3.9337,18.4484,17.2046,23.1615,2.0576
8/26/2018,60.63,0,0,0,0,0,0,0,0,0,0,3,7.2701,27.3102,2.747,40.7345,3.9337,12.3837,15.9948,22.1561,1.7864
8/27/2018,53.23,0,0,0,0,0,0,0,0,0,0,0,7.2701,27.0513,2.6752,39.6483,3.9337,8.7413,16.7995,20.6731,1.7864
8/28/2018,53,0,0,0,0,0,0,0,0,0,0,0,7.2701,27.0513,2.6752,39.6483,3.631,8.129,15.5952,21.6584,1.7864
8/29/2018,45.59,0,0,0,0,0,0,0,0,0,0,0,7.2701,26.7935,2.6752,39.6483,3.631,9.3694,15.5952,20.1855,1.7864
8/30/2018,45.43,0,0,0,0,0,0,0,0,0,0,0,7.441,26.2808,2.6752,39.6483,3.631,10.3405,15.5952,20.1855,1.7864
8/31/2018,37.81,0,0,0,0,0,0,0,0,0,0,0,7.441,26.2808,2.604,39.6483,3.631,10.013,15.1975,20.1855,1.7864
9/1/2018,46.54,0,0,0,0,0,0,0,0,0,0,0,7.441,25.0171,2.604,39.6483,3.3363,10.013,15.5952,19.7014,1.7864
9/2/2018,34.85,0,0,0,0,0,0,0,0,0,0,0,7.441,24.0247,2.5334,38.5719,3.3363,10.013,15.5952,20.1855,1.5219
9/3/2018,31.01,0,0,0,0,0,0,0,0,0,0,0,7.441,23.2913,2.5334,38.5719,3.0498,6.1155,15.5952,20.1855,1.5219
9/4/2018,24.02,1,0,0,0,0,0,2.1,1.2,0.8,0,0,7.441,23.0489,2.5334,37.5054,3.0498,7.241,14.8017,20.1855,1.5219
9/5/2018,26.24,0,0,0,0,0,0,0,0,0,0,0,7.441,22.8075,2.5334,36.449,3.0498,6.9532,14.4079,19.2208,1.5219
9/6/2018,17.24,0,0,0,0,0,1.5,0,0,0,0,0,7.441,22.5672,2.5334,36.449,3.0498,8.4331,14.4079,18.7438,1.2649
9/7/2018,25.46,0,0,0,0,0,0,0,0,0,0,0,7.2701,22.5672,2.6752,35.4027,2.7718,11.3456,14.016,18.7438,1.2649
9/8/2018,26.78,0,0,0,0,0,0,0,0,0,0,0,7.441,22.328,2.604,34.3665,2.7718,11.688,13.2384,18.2703,1.2649
9/9/2018,17.26,0,0,0,0,0,0,0,0,0,0,0,7.441,21.8526,2.5334,33.3407,2.7718,11.3456,14.016,17.3341,1.2649
9/10/2018,23.9,0,0,0,0,0,0,0,0,0,0,0,7.441,21.6166,2.5334,33.3407,2.5025,8.4331,14.016,18.2703,1.2649
9/11/2018,14.52,0,0,0,0,0,0,0,0,0,0,0,7.441,21.3815,2.5334,32.3253,2.5025,8.7413,13.2384,18.2703,1.2649
9/12/2018,15.86,0,0,0,0,0,0,0,0,0,0,0,7.7843,21.3815,2.5334,33.3407,2.5025,8.7413,12.8527,17.3341,1.2649
9/13/2018,25.05,0,0,0,0,0,0.14,3.5,0.8,0,0,0,8.303,21.3815,2.5334,32.3253,2.5025,12.737,12.8527,16.8715,1.2649
9/14/2018,18.99,1,0,4.6,11.3,0,0,0,0,0,0,0,8.8259,23.0489,2.6752,33.3407,2.2424,12.034,13.2384,16.8715,2.9059
9/15/2018,16.83,19.4,4,8.4,10.2,22.1,38,15.1,30,25.9,15.1,20,8.8259,25.7723,3.0402,33.3407,2.5025,12.034,34.4305,17.3341,4.104
9/16/2018,24.61,11.8,0,3.6,0,5.1,0,10.2,5.6,0.6,12.5,0,9.5294,28.0929,3.2663,33.3407,3.0498,17.6437,23.8737,42.7002,4.104
9/17/2018,34.24,0,1.5,0,0,3.2,4.9,3,2,8,2.9,6,9.5294,29.1505,3.4198,33.3407,3.3363,15.6889,31.2921,31.6576,4.727
9/18/2018,32.65,0,0,18.7,9.1,2,10.5,3.4,10,0.4,8.8,2.8,9.8838,29.4175,3.4198,35.4027,3.3363,14.9303,40.1432,39.7006,4.727
9/19/2018,44.93,1,0.6,0,0,1.3,3.1,2,0.8,0.6,0,0,9.8838,29.6854,3.4974,40.7345,3.631,14.1853,36.0345,51.4322,4.4137
9/20/2018,56.41,22.6,14.3,0,0,0,0.5,1.1,6,15.6,1.6,18.5,9.8838,31.3139,3.6543,45.176,3.631,15.3079,37.6612,47.0062,3.7981
9/21/2018,63.23,0,4.3,0,0,0,32.1,6,64.7,1.3,6.5,0,9.1768,29.6854,3.4974,50.939,3.631,15.6889,59.7782,48.8886,3.4964
9/22/2018,67.93,0,0,0,0,0,0,0,0.6,0,0,0,8.303,27.3102,3.1903,54.5059,3.9337,14.1853,38.483,75.7264,3.1988
9/23/2018,71.87,0,0,0,0,0,0,0,0,0,0,0,7.0997,25.5195,3.3428,52.119,3.9337,14.1853,38.483,51.4322,2.9059
9/24/2018,82.56,0,0,0,0,0,0,0,0,0,0,0,7.0997,25.0171,3.3428,53.308,3.9337,12.034,28.2496,50.1556,2.6178
9/25/2018,100.29,0,0,0,0,0,0,0,0,0,0,0,7.0997,24.7675,3.0402,50.939,3.9337,11.3456,21.7742,37.3481,2.3349
9/26/2018,104.97,0,0,0,0,0,0,0,0,0,0,0,6.9299,24.5189,3.0402,45.176,3.631,10.6718,18.4132,28.9191,2.3349
9/27/2018,94.78,0,0,0,0,0,0,0,0,0,0,0,6.9299,24.2713,2.747,40.7345,3.631,12.3837,16.7995,24.18,2.0576
9/28/2018,89.23,0,0,0,0,0,0,0,0,0,18.5,6.6,6.7606,24.2713,2.747,38.5719,3.3363,12.034,15.9948,21.6584,1.7864
9/29/2018,76.12,0,0,0,0,0,0,1,0,3.8,0,0,6.7606,24.0247,2.604,36.449,4.2442,10.013,15.9948,20.6731,1.7864
9/30/2018,65,15.6,0,0,3.4,5.1,1.7,13.8,8.2,15,0,2.8,6.7606,24.0247,2.604,35.4027,4.8876,10.6718,16.7995,20.6731,1.5219
10/1/2018,50.31,3.8,7.4,0,0,0,5,0.8,0,16,32.9,24.9,6.7606,25.2678,2.604,39.6483,5.5598,13.4541,22.4673,21.6584,1.5219
10/2/2018,35.22,2,3.2,0,0,0,0,0,0,0,0,0,6.9299,32.9781,2.604,35.4027,5.9063,12.3837,21.0879,28.3803,1.5219
10/3/2018,32.79,0,0,0,0,0,0,7.2,17.6,0,0,0,7.0997,39.3799,2.604,35.4027,6.2595,13.0938,22.4673,27.3117,1.5219
10/4/2018,36.03,0,0,0,3.4,0,0,0,0,0,0,5.4,7.441,35.83,2.604,38.5719,6.2595,13.4541,38.483,28.9191,1.2649
10/5/2018,43.86,0,0,0,3,0,0,0,0,0,0,0,8.4768,31.8647,2.604,50.939,6.2595,15.3079,29.7587,48.2587,1.2649
10/6/2018,67.62,11.6,2.2,0,0,12.1,0,0,0,0.2,19.2,0,10.0616,32.6983,4.4709,58.1525,6.6193,15.6889,26.0328,39.1085,2.0576
10/7/2018,74.3,0,0,44.3,0,5.2,5.5,7.7,3.6,17,0,15.2,12.2259,39.6819,4.2205,63.1353,6.6193,15.6889,23.8737,33.9004,16.1074
10/8/2018,81.82,5,23.5,0,11,0,0,5.5,4.4,0.4,26.2,0,13.5125,43.0667,3.8134,58.1525,7.3583,14.9303,23.1671,31.1041,22.4758
10/9/2018,81.67,0,0,0,0,0,0,0,0,0,0,2,14.6283,40.5937,3.4198,63.1353,6.9856,13.818,21.7742,30.0057,16.8836
10/10/2018,88.61,0,0,0,0,0,0,0,0,0,0,2.2,15.9442,35.2519,3.1903,66.9,6.9856,14.1853,21.0879,28.3803,14.5737
10/11/2018,111.64,0,0,0,0,0,0,0,0,0.7,0,5.4,17.2744,29.9543,3.0402,71.8088,6.2595,15.6889,20.4087,27.3117,12.6941
10/12/2018,122.23,0,0,0,0,0,10.2,56.9,5.3,21.1,16.9,0,21.0508,24.2713,3.3428,68.1168,5.9063,17.6437,21.7742,26.2553,11.2229
10/13/2018,133.81,0,0,0,23.3,0,0,1,0,0,0,0,23.0583,24.5189,3.2663,64.4022,5.5598,17.2461,20.4087,27.8445,9.7831
10/14/2018,122.33,4,1.9,0,0,0,0,5,0,6.4,9.9,0,24.5977,32.1416,3.1903,60.6268,5.5598,15.6889,21.0879,26.7819,8.7258
10/15/2018,121.33,0,0,0,0,0,0,0.6,0.4,0.8,1.1,1.2,24.3392,34.3919,3.1903,60.6268,5.5598,15.6889,21.7742,27.3117,7.349
10/16/2018,135.22,18.2,26.2,13.8,33.2,0,21.1,5,11.8,8,0,2.6,23.0583,33.8234,3.1903,59.3854,10.5553,16.8519,32.8495,28.3803,6.0141
10/17/2018,136.22,0,1.2,23.7,0,0,0,0,0.4,0.2,7,0,20.5571,39.6819,3.1903,64.4022,9.3129,25.7919,29.0011,41.4926,4.727
10/18/2018,143.17,1,0,0,0,0,0,16.7,0,0,9.1,26.3,18.3779,46.5647,3.1903,60.6268,7.3583,25.3358,39.3104,37.9323,5.3641
10/19/2018,162.06,28.6,0.4,0,0,0,16,9.6,10.8,11,0,16.2,15.3784,45.9204,3.1903,61.8768,6.6193,24.4325,32.8495,50.1556,5.0439
10/20/2018,187.21,2,4.5,0,0,5.4,0.3,30.7,11,33.3,0,0,14.8154,43.38,3.3428,66.9,6.2595,20.5161,56.0293,43.3078,4.727
10/21/2018,202.97,0,0,0,0,0,0,0,0,0,0,0,14.069,41.8227,3.3428,70.5712,6.2595,23.0998,52.3575,70.4506,32.1439
10/22/2018,218.87,0,0,24.5,0,0,0,0,0,0,0,0,13.3277,41.2063,3.1903,71.8088,5.5598,23.0998,43.5286,67.8746,31.5568
10/23/2018,230.99,0,0,24.1,0,0,0,0,0,0,0,0,12.5918,36.7046,3.1903,69.3405,5.5598,25.3358,32.8495,57.2922,25.9641
10/24/2018,230.87,0,0,0,34,0,0,0,0,0,0,0,11.8614,32.1416,3.1903,66.9,5.5598,26.2508,26.7654,43.3078,21.6609
10/25/2018,230.56,27.2,10,0,5.8,20.5,33,25.3,45,28.4,22.7,25.3,11.6797,31.04,7.8104,69.3405,6.2595,28.5889,52.3575,35.0386,18.4539
10/26/2018,225.56,1,11.7,0,3.9,0,9.1,88.1,51,11,0,16.6,18.6166,37.5877,6.2535,74.3045,9.3129,29.5441,54.1836,65.9698,13.8167
10/27/2018,232.5,7.4,55.8,0,14.8,0,1.7,0.6,0.9,0.2,0,0,16.893,54.9279,5.2495,79.3767,10.1356,30.0259,40.9814,66.6021,8.378
10/28/2018,231.5,9,18.3,8.6,0,0,0,2.1,8.8,9.9,0,0,14.4416,60.936,3.7336,85.8653,9.3129,33.476,51.4518,51.4322,7.349
10/29/2018,225.56,0,12.3,0,0,0,0,0,0,0,0,0,9.0011,46.8883,3.2663,95.2181,9.3129,32.9749,54.1836,51.4322,7.349
10/30/2018,212.22,0,30.9,0,0,0,0,0,0,0,0,0,8.303,37.884,3.1903,102.085,8.1222,30.5105,45.2532,59.1871,7.349
10/31/2018,233.72,0,0,0,0,0,0,0,0,0,0,0,7.7843,34.9642,3.1903,96.5792,6.6193,29.5441,35.2296,51.4322,7.0112
11/1/2018,233.72,0,0,0,0,0,0,0,0,0,0,0,7.6124,33.5407,3.1903,68.1168,5.5598,28.1156,31.2921,46.3836,8.378
11/2/2018,219.83,13.8,1,0,15.3,0,4.3,14.3,17,0,10.2,11.6,7.441,32.1416,3.1903,68.1168,5.5598,27.6451,32.0679,41.4926,9.076
11/3/2018,189.06,0,2.5,0,96.4,0,0,0,0,0.6,0,0,7.441,32.9781,3.1903,70.5712,6.9856,29.5441,32.0679,37.9323,10.4989
11/4/2018,161.28,0,2.3,6.8,72.1,0,0,4.2,0,3.8,0.2,10.9,14.8154,33.5407,3.1903,71.8088,8.5132,31.488,49.6554,35.6119,9.4285
11/5/2018,164.28,8,9,0,6.3,0,0,6.5,1.6,10.6,0,2,11.6797,32.9781,5.5177,80.6614,9.3129,48.5692,39.3104,41.4926,8.7258
11/6/2018,199,1,0,8.2,7.9,12.2,0,0,2,0.2,11,15.5,15.7553,47.5382,5.8819,95.2181,10.1356,42.949,32.0679,48.8886,8.0325
11/7/2018,289.11,0,0.7,5.3,4.2,2.1,5,0,0,0,16.4,1.3,17.6672,79.2594,6.442,97.9464,10.9806,32.9749,38.483,42.7002,8.0325
11/8/2018,292.94,2,45,38.9,32.2,52,26,15.9,7.2,0.4,53.2,90,28.2974,136.822,11.2362,123.575,12.2885,31.488,50.5511,47.6312,15.3374
11/9/2018,400.31,43.6,43.4,42.6,21,90,28.4,40.4,45,51.2,105.2,36.2,49.1294,187.946,37.2111,152.607,15.5197,40.2331,67.9175,52.7182,114.473
11/10/2018,569.84,25,37,48.2,3.4,32.2,0,22.1,28,19.1,15.2,36.8,23.0583,326.905,29.9262,162.172,31.8535,59.2957,99.5853,71.7541,96.824
11/11/2018,646.11,0,1.3,19.8,0,12,0,0,9.6,0,0.7,2.5,21.5477,342.886,18.9049,205.697,28.8766,65.5807,91.6524,106.076,63.1095
11/12/2018,848.87,0,0,0,0,0,0,0,0,0,0,3.5,26.4291,278.49,14.1751,305.962,24.872,58.0662,65.1853,102.997,37.5274
11/13/2018,994.59,0,0,0,0,0,0,0,0,0,0,0,23.8245,194.033,9.2602,442.273,20.5401,40.7711,50.5511,85.3521,28.1403
11/14/2018,1001.42,0,0,0,0,0,0,0,0,0,0,0,21.5477,135.498,8.8379,424.647,10.1356,41.855,42.6742,79.107,22.885
11/15/2018,963.64,0,0,0,0,0,0,0,0,0,0,0,25.6396,108.533,10.0141,424.647,7.7372,41.855,37.6612,73.7287,19.6464
11/16/2018,888.35,17.4,11.9,6.9,0,0,1.4,11.1,19,12.3,6.5,2.1,28.8379,102.573,8.6292,418.097,12.2885,51.4714,60.691,77.071,18.0591
11/17/2018,814.28,1,2.2,0,0,0,0,1.1,2.4,10.5,25.2,0,20.0669,101.007,8.0126,366.886,10.5553,49.7228,53.2681,82.5512,13.8167
11/18/2018,685.46,0,0,0,19.3,0,0,0,0,0.1,0,0,14.6283,91.274,7.6098,294.208,10.5553,47.4254,77.2104,64.0885,11.2229
11/19/2018,568.79,3.8,0,22.3,20,0,7.4,16.8,5.4,12.5,41.2,62,22.8045,94.278,6.921,290.322,14.105,63.0395,56.9593,79.7908,43.5626
11/20/2018,510.34,14.6,8.5,51.6,33.4,31.1,19.4,14.6,19,68.2,36.1,49,64.2935,232.216,31.0635,325.876,33.0706,82.9573,58.8338,72.4097,195.878
11/21/2018,663.38,26,24.9,18.1,46.3,20.2,22.4,45.5,58,45.6,49.6,65.4,111.717,369.105,18.9049,362.715,82.1515,93.6341,126.382,71.7541,68.9697
11/22/2018,777.04,25,6.2,0,0,15,23.6,25.2,16,35.9,11.7,16.1,90.7217,440.95,16.1669,373.17,124.779,185.34,201.607,129.559,44.7304
11/23/2018,928.59,1,0,18.1,10.9,56.2,0,6.7,5.6,9.2,3,12.5,57.5239,448.855,22.9178,457.577,108.27,203.747,219.512,214.96,35.3497
11/24/2018,1227.43,0,0,8.6,14.2,14.2,4.1,0,0,0,4.3,28.4,80.3881,430.974,51.8816,484.943,74.3502,166.63,130.634,228.809,38.6339
11/25/2018,1317.48,9.2,11.3,12.4,0,46.2,26.7,10.7,13.4,17.4,32.6,30,123.302,451.021,50.8634,519.701,58.5215,161.832,129.568,174.715,57.8705
11/26/2018,1397.73,16.8,5,30.2,0,5,4,4.7,5.4,7.9,0.3,7,63.5165,562.099,35.6093,526.351,46.7052,142.264,126.382,157.79,68.9697
11/27/2018,1397.5,0,0,0,0,0,0,0,0,0,0,1.5,37.5737,525.902,19.5767,517.494,41.3322,128.875,104.621,130.404,57.0135
11/28/2018,1305.94,0,0,0,0,0,0,0,0,0,0,0,34.9701,444.536,17.9771,535.282,33.0706,115.99,77.2104,112.351,48.7038
11/29/2018,1221.92,0,0,0,0,0,0,0,0,0,0,0,30.7522,339.022,16.2942,519.701,25.9963,101.214,63.3785,102.997,45.9095
11/30/2018,1132.37,0,0,0,0,0,0,0,0,0,0,0,27.7599,263.84,12.5024,533.042,22.1329,90.0237,55.104,89.6288,45.5152
12/1/2018,1070.1,8.6,16,18.6,37.9,18.2,28,7.7,14,8,9.2,16.9,27.7599,236.632,12.269,551.09,20.5401,90.0237,79.1021,79.7908,45.5152
12/2/2018,1035.91,27.4,34.4,8.2,0,0,20.4,32.5,30,35.6,42.6,7.8,35.544,246.128,14.9122,555.649,26.5645,106.87,87.7448,77.071,45.5152
12/3/2018,1025.35,8,140.4,13.7,0,0,18.4,24.4,36,21.5,9.5,38.4,32.1409,283.844,13.932,537.526,38.0842,118.526,171.451,113.944,42.4061
12/4/2018,1010.92,3.8,11,0,0,0,0.5,1,4.7,0,0,0,30.4766,316.217,13.211,533.042,45.3421,143.174,143.584,191.379,39.3781
12/5/2018,1019.53,0,0,0,0,0,0,0,0,0,0,0,28.8379,248.951,12.6196,519.701,31.2506,128,105.635,185.423,37.8949
12/6/2018,986.09,0,0,8.6,0,0,0.2,0,0,0.2,0,0,29.1092,213.302,12.037,504.348,24.3159,107.688,62.4796,164.283,37.1612
12/7/2018,930.02,1,14.9,9.1,0,35,0,1.2,10.2,14.5,17.2,11.8,29.654,208.02,27.8468,468.009,23.7639,97.2953,77.2104,106.076,50.7363
12/8/2018,896.15,61.6,0.5,3.2,0,0,2.5,1.7,22.9,10.6,14.2,32.8,26.4291,208.02,26.7452,478.558,25.9963,110.154,92.6355,109.194,45.5152
12/9/2018,868.13,0,0,12.2,0,0,0,0,0,0,0,0,24.0814,210.127,23.8208,407.253,27.1366,103.624,78.1549,141.614,28.1403
12/10/2018,809.14,0,0,0,0,0,0,0,0,0,10.1,0,21.7975,205.4,20.8046,340.053,23.2161,98.8255,75.3296,137.255,18.4539
12/11/2018,780.67,0,0,0,0,0,0,6,0,0,0,0,21.5477,164.402,18.2406,323.867,21.5977,97.2953,61.5838,115.547,14.5737
12/12/2018,731.36,0,0,0,0,0,0,0,0,0,0,0,22.048,149.433,15.1605,278.766,20.5401,94.3623,54.1836,86.7676,13.0665
12/13/2018,656.77,0,0,0,22.4,0,0,0,0,8.3,2.6,0,22.048,135.498,12.7372,243.177,22.6724,67.5103,59.7782,75.7264,13.0665
12/14/2018,584.26,0,0,0,0,0,0,0,1.4,10.6,8.1,17.4,20.5571,130.689,11.4632,230.462,24.872,55.0332,55.104,69.1574,12.6941
12/15/2018,511.04,0,0,0,0,0,0,0,0,0,0,0,19.3378,126.808,10.4533,216.201,23.7639,54.4336,49.6554,73.0679,11.5878
12/16/2018,492.98,0,0,0,0,0,0,0,0,0,0,0,18.6166,122.552,9.2602,221.514,22.6724,52.6491,45.2532,66.6021,11.5878
12/17/2018,467.29,0,0,0,0,0,0,0,0,0,0,0,18.3779,116.695,8.6292,195.362,21.5977,47.9961,40.9814,60.3967,10.8599
12/18/2018,412.65,0,0,0,0,0,0,0,0,0,0,0,17.4656,109.338,8.3191,209.18,20.5401,44.6089,38.483,55.3181,10.8599
12/19/2018,371.43,0,0,0,0,0,3.2,0,0,19.9,4.1,0,18.3779,106.132,8.2165,191.955,17.473,45.7281,37.6612,50.7927,10.4989
12/20/2018,352.33,0,0,0,0,10.5,0,39,3.5,0,10.1,0,18.6166,111.768,8.0126,188.568,15.5197,47.4254,37.6612,49.5209,10.14
12/21/2018,308.96,5,0,0,12,0,0,25.4,0.8,0.1,0,0,18.6166,107.33,7.6098,188.568,14.5717,46.2913,41.8251,47.0062,9.7831
12/22/2018,300.76,0,0,0,0,0,0.3,2.6,0,0,0,6.2,18.6166,101.788,7.312,188.568,14.105,43.4998,39.3104,47.6312,8.7258
12/23/2018,283.84,0,0.3,0,0,0,0,1.5,0,8.4,30,14.2,18.6166,97.3219,7.0181,188.568,13.6433,45.1672,44.3882,55.3181,8.7258
12/24/2018,292.3,26,1.3,0,10.1,0,8.6,0,0,4.8,1.8,2,17.0836,92.5565,6.8243,186.881,13.6433,47.4254,71.601,61.0054,8.0325
12/25/2018,309.43,0,20,12.6,7.2,0,38.9,0,23,6.7,1.5,0,16.5126,100.617,6.8243,191.955,12.735,53.8364,78.1549,67.8746,20.0467
12/26/2018,360.81,11.8,79,8.9,0,0,5.3,0,0,5.6,0.5,29.4,17.9032,112.583,6.6323,188.568,16.4869,53.8364,60.691,98.4517,57.0135
12/27/2018,458.96,1.2,31.9,28.6,0,13.2,29.4,7.7,48,5.6,19,15.6,19.0965,113.401,7.6098,186.881,21.5977,56.846,100.588,83.9466,65.7906
12/28/2018,585.12,36,14.9,36.4,0,15,17.3,28.5,25,8.2,19.3,20,22.5515,129.39,12.1528,183.522,26.5645,91.4617,115.899,123.705,101.003
12/29/2018,676.6,2,4.4,34.9,10.3,23,14.4,16,24,14.9,0.4,0,25.902,160.605,16.6778,186.881,25.9963,80.8782,125.324,135.528,58.3007
12/30/2018,717.34,28.6,5.2,39.1,0,18.2,6.4,25.5,14,28,0,11.2,27.2253,190.472,28.1639,195.362,35.5486,112.642,112.797,138.992,86.661
12/31/2018,701.71,42.6,6.1,9.1,0,10,0,7.3,0.8,32.6,0,0,28.0283,214.365,25.8112,190.259,39.373,126.257,153.482,146.922,32.736
1/1/2019,808.92,0,0.5,11.1,32.7,8,0,0,2.2,3.2,11.6,1,26.9591,208.546,23.8208,335.983,50.1699,135.061,157.93,151.409,85.6674
1/2/2019,935.11,5.2,0.9,0,0,16.2,0,4.6,4,9.7,0.3,2.7,26.1651,173.079,26.4328,368.977,47.3917,127.127,114.863,138.992,65.3409
1/3/2019,842.74,0,0,0,0,0,0,0,0,0,0,35.9,31.3056,177.978,24.7337,371.071,34.9237,124.523,92.6355,130.404,61.7842
1/4/2019,856.7,0,12.5,0,0,0,0,0,0,8.9,4.2,6.6,38.4533,165.835,22.619,350.296,32.4602,108.507,88.7179,121.232,38.2638
1/5/2019,794.2,11.4,0,25.8,0,0,20,0,2,5.3,13.1,4,35.2567,143.521,20.5297,335.983,25.9963,110.981,70.6759,110.768,57.4414
1/6/2019,730.55,0,0,0,0,26.2,4,0,0,0,5.4,2.4,33.2644,147.604,17.4536,313.88,21.5977,63.6714,61.5838,95.471,52.799
1/7/2019,697.14,0,0,0,0,13.8,0,0,0,0,0,0,30.4766,144.877,14.9122,292.263,18.9864,58.0662,55.104,85.3521,36.4326
1/8/2019,622.29,0,0,19.4,0,0,0,0,0,0,0,0,28.8379,136.38,12.3855,280.681,17.473,56.846,52.3575,81.1659,27.042
1/9/2019,592.44,0,0,0,0,0,6,3.3,0,7.4,0.4,0,25.1171,121.708,8.8379,267.36,18.9864,54.4336,47.8791,74.3921,22.885
1/10/2019,560.65,0,0,0,0,0,0,0,0,0,0,0,19.823,113.81,7.8104,243.177,22.1329,57.455,43.5286,64.713,59.5984
1/11/2019,509.19,0,0,0,0,0,0,0,0,0,0,0,19.0965,106.531,8.5254,217.967,20.5401,57.455,39.3104,59.1871,58.7321
1/12/2019,426.78,0,0,0,0,0,0,0,0,0,0,0,19.0965,100.227,8.5254,197.073,16.4869,50.3033,39.3104,55.3181,57.8705
1/13/2019,382.1,0,0,0,0,0,0,0,0,0,0,0,19.0965,97.3219,8.3191,183.522,14.5717,45.7281,38.483,55.9738,57.0135
1/14/2019,367.29,0,0,0,0,0,0,0,0,0,0,0,18.1401,95.5776,8.0126,170.284,12.735,42.949,35.2296,54.6647,57.0135
1/15/2019,339.81,0,0,0,0,0,0,0,0,0,0,0,17.4656,93.8464,7.9113,162.172,11.4112,40.2331,32.8495,50.7927,56.1611
1/16/2019,336.19,0,0,0,0,0,0,0,0,0,0,0,17.0836,91.274,7.7099,155.774,10.1356,38.1066,31.2921,47.0062,56.1611
1/17/2019,317.67,0,11.7,0,0,0,12.4,0,0,0,0,2.6,16.893,87.4707,7.6098,151.03,9.3129,53.2416,30.5224,44.5306,51.9703
1/18/2019,302.56,1.6,0,0,0,0,2.2,0,0,0,0,0,16.5126,85.8019,7.5101,147.894,11.8472,39.6976,30.5224,43.3078,35.7094
1/19/2019,293.36,0,0,0,0,0,3,0,0,0,0,0,16.5126,84.5589,7.4108,143.229,12.735,37.5815,36.8451,43.3078,21.2554
1/20/2019,293.36,0,0,0,0,0,0,0,0,0,0,0,16.5126,82.9133,7.4108,140.145,11.8472,36.5392,33.6371,52.074,11.9547
1/21/2019,271.38,0,0,19.1,0,0,0,1.3,0,0,0,0,16.5126,79.662,7.4108,137.083,12.735,35.5075,36.8451,48.2587,11.2229
1/22/2019,245.91,3.8,0,0,0,0,0,3.7,10,19.4,0,0,16.5126,78.4567,7.2136,132.531,11.8472,35.5075,36.8451,52.074,10.8599
1/23/2019,236.42,0,0,0,0,5.2,0,0,4,0,1.1,0,16.3228,78.0565,7.2136,131.025,10.1356,37.059,41.8251,52.7182,10.14
1/24/2019,236.42,0,0,0,0,0,0,0,0,0,0,0,15.3784,77.2589,7.0181,134.043,9.3129,34.9956,37.6612,59.1871,10.14
1/25/2019,236.42,0,0,0,0,0,0,0,0,0,0,0,15.1905,75.2794,7.1157,132.531,9.3129,34.9956,36.0345,54.0135,9.7831
1/26/2019,236.42,0,0,0,10,6,0,0,0,0,37.3,12.5,14.6283,76.4646,7.4108,128.028,10.5553,34.4864,36.8451,51.4322,9.7831
1/27/2019,244.98,52.8,60.1,0,18.2,14.2,0,10,2.8,9.5,13.6,0,14.6283,81.2809,7.2136,125.054,10.9806,42.4007,33.6371,52.7182,9.4285
1/28/2019,262.11,0,0,0,0,0,0,0,0,0,0,0,14.6283,79.662,7.2136,128.028,10.1356,38.6343,30.5224,48.2587,9.4285
1/29/2019,252.85,0,0,0,0,0,0,0,0,0,0,0,14.6283,80.4698,6.921,143.229,10.1356,37.5815,33.6371,43.918,9.076
1/30/2019,234.33,0,0,6.8,0,0,0,0,0,0.8,0,0,14.6283,74.1019,6.5369,157.366,9.3129,33.9799,32.8495,47.6312,9.076
1/31/2019,252.85,0,0,0,0,0,0,0,0,0,0,0,14.6283,70.9995,6.3475,151.03,8.5132,32.4766,32.8495,47.0062,8.7258
2/1/2019,271.37,0,0,0,0,0,0,0,0,1.2,0,0,14.6283,70.2324,6.2535,154.188,7.7372,34.4864,27.5044,47.0062,8.378
2/2/2019,271.37,0,0,0,0,0,0,0,0,0,0,0,14.6283,69.0882,6.2535,140.145,7.3583,32.9749,26.0328,34.4681,8.0325
2/3/2019,252.85,0,0,0,0,0,0,0,2,0,0,0,15.0028,69.8501,6.0668,134.043,6.9856,34.4864,24.5869,34.4681,8.0325
2/4/2019,234.33,6,0,0,10.5,0,26.4,62.7,26,29.9,14.2,3,15.0028,70.2324,6.0668,120.635,6.9856,45.7281,54.3997,34.4681,7.6895
2/5/2019,215.81,3,0,0,0,6.2,8.5,7.8,9.6,1,0,0,15.1905,73.7112,6.0668,114.822,8.5132,45.7281,39.9747,43.918,7.349
2/6/2019,226.93,19.2,13.9,24.3,40,0,12.5,32.5,61,13.5,8.3,0,16.7026,72.5439,6.0668,111.951,8.9101,47.4254,67.6398,61.0054,17.6658
2/7/2019,264.89,60,23.7,1.3,10.9,50.8,6.2,9.5,2.4,47.6,54.2,14.6,41.1267,84.9724,15.2852,138.612,27.1366,47.4254,65.7163,65.3401,21.2554
2/8/2019,312.34,9.8,1.1,0,5.4,3.2,5.3,1.2,9.4,0.1,0,16.7,34.1142,137.264,14.5421,143.229,41.9921,47.4254,51.634,80.4771,14.5737
2/9/2019,350.23,0,0,0,0,0,0,0.7,1.4,0,0,0,31.0286,147.148,14.0534,155.774,39.373,52.6491,68.6053,73.7287,12.6941
2/10/2019,371.83,0,0,7.9,0,0,0,1.1,0,0,0,0,26.1651,119.19,13.45,235.885,38.0842,60.5345,60.0088,70.4506,10.8599
2/11/2019,396.88,1,1.8,0,0,0,0,77.7,5.8,20.6,0,0,18.8561,91.274,12.8551,276.854,34.3023,61.7824,47.0851,77.071,9.4285
2/12/2019,409.26,0,0,0,0,5.2,0,0,0,0,3,0,19.0965,86.2178,11.4632,245.011,28.2927,107.688,39.1013,64.0885,9.7831
2/13/2019,410.76,0,0,18.6,0,5,0,0,1.4,0,0,33.6,19.823,87.89,10.2329,190.259,24.872,82.9573,35.6441,56.6319,10.8599
2/14/2019,412.41,24.2,33.1,4.5,0,14,20.7,27.7,0,5.8,6.6,2,21.5477,98.1989,13.932,168.651,33.6846,77.4552,50.7181,59.1871,12.3235
2/15/2019,391.14,0,40.4,0,28.9,0,0,0,0,0,0,3.3,24.3392,100.617,9.9052,168.651,57.5112,76.101,57.1916,62.8474,14.5737
2/16/2019,406.25,10.4,20.8,18.4,18.8,5.2,7,8.4,8.2,2.2,1.9,33,26.1651,101.007,8.8379,183.522,81.0214,87.1723,59.067,63.4666,17.274
2/17/2019,434.72,37.2,29.4,8.3,2.352380952,80,37.3,31.7,41,91.7,65.9,60,44.1565,172.105,38.0305,191.955,85.5723,90.7417,85.3866,91.0744,27.042
2/18/2019,483.33,20,7.4,3.1,31.5,6.2,9.6,3.4,7.5,9.7,3.5,13.2,50.3961,352.625,33.7083,193.656,84.427,116.833,116.503,113.944,37.1612
2/19/2019,519.36,17.8,24.8,0,0,5.2,7.9,0,9.2,8.8,20.3,36.3,47.2468,398.172,18.2406,292.263,84.427,139.546,113.313,164.283,35.7094
2/20/2019,692.67,0,0.9,0,0,0,0,5.4,0,7,0,20,37.8663,367.775,16.4218,578.719,81.5858,125.389,74.4504,160.559,28.1403
2/21/2019,919.83,0,3.7,0,0,42.2,13.1,23.3,24,24.7,53.2,61.2,32.9825,370.437,33.2077,739.967,77.6623,170.507,73.4701,110.768,18.85
2/22/2019,1066.13,5,0,0,0,5,0,6.3,2.8,6.6,8.9,1.3,29.3812,438.09,45.9806,724.263,73.8028,161.832,148.132,118.781,14.5737
2/23/2019,1138.81,0,0,0,0,0,0,0,0,0,0,0,24.3392,408.525,25.9662,711.304,71.6266,172.458,122.931,169.939,13.8167
2/24/2019,1092.44,0,0,0,0,0,0,0,0,0,0,11.6,24.3392,300.768,20.2559,804.445,68.9365,145.001,83.3779,155.041,35.7094
2/25/2019,1052.7,0,0,6.8,0,0,0,0,0,0,0,0,22.048,259.796,17.0643,801.706,52.5471,107.688,62.8506,107.63,29.2588
2/26/2019,996.76,0,0,0,0,6.2,0,0,0,0,0,1.2,25.902,215.964,16.1669,635.978,33.0706,85.0554,53.4749,86.0586,24.9494
2/27/2019,918.4,31.8,96,0,28,1.2,27.8,19.5,22.4,1.3,5,71,32.4208,217.567,21.6364,521.913,26.5645,74.0858,68.6053,82.5512,29.2588
2/28/2019,866.71,0,2.9,39.8,31.9,18.2,25.3,16.4,16,21.9,38,50,40.8272,254.635,19.1727,440.057,24.872,75.4271,69.5346,98.4517,39.3781
3/1/2019,913.36,0,12.3,42.5,21,15.4,27.3,16.4,5.6,20.2,17.8,22.4,172.796,306.909,30.2499,418.097,30.6514,111.81,100.003,99.203,71.7379
3/2/2019,927.32,19.6,0,36.2,28.9,40.2,2.2,14.1,7.5,5.8,27.3,48,152.959,396.8,46.9298,470.11,36.8093,132.396,85.0649,139.863,145.005
3/3/2019,948.31,0,1.2,17.6,30,18,0,0.1,5.4,4,0,12.5,98.761,435.238,50.8634,560.226,40.0226,137.745,72.5984,122.879,92.7095
3/4/2019,1013.5,0,0,0,0,0,0,0,0,12,35.6,13.9,83.0236,485.51,57.1864,713.887,39.373,159.928,66.4931,104.531,74.0749
3/5/2019,1050.25,0,0,0,0,6.2,0,0,0.6,11.2,9,8.8,68.6511,496.736,38.8625,815.45,36.8093,145.001,67.5044,95.471,77.8707
3/6/2019,1079.45,0,13.1,4.8,0,0,3.4,0,0,0,0,0,66.2565,496.736,33.7083,906.151,32.4602,135.954,58.4971,96.2124,70.8107
3/7/2019,1088.23,0,8,0,0,0,0,0,0.4,0.4,6.5,0,63.9044,461.914,28.8012,947.318,27.7127,121.083,58.4971,83.9466,63.9987
3/8/2019,1068.81,0,0,0,0,0,0,0,0,0.7,0,0,59.3277,405.753,22.1967,953.272,24.872,106.055,53.5073,83.2476,60.4693
3/9/2019,1010.47,0,0,12.6,0,0,0,0,0,0,0,0,55.8804,346.768,19.8475,906.151,22.6724,100.415,48.7077,76.3974,53.6324
3/10/2019,942.37,0,0,0,0,6.2,11.3,0,0,0,0,0,55.5533,309.999,18.2406,809.938,21.5977,80.1893,45.9382,69.8027,42.4061
3/11/2019,948.12,44.6,6.5,11.5,0,0,37.8,2.2,15.6,1.9,18.2,0,54.9009,287.436,16.4218,698.46,21.5977,77.4552,52.529,65.9698,33.3332
3/12/2019,940.6,0,0,33.5,0,6.2,0,0.6,0,3,3.2,0,53.9263,279.083,15.7871,616.595,21.5977,76.777,51.5599,74.3921,54.4706
3/13/2019,911.31,0,7.7,12.8,9.3,1.2,0,0,0,9.6,0,27.7,53.9263,265.58,16.6778,564.821,24.872,78.818,89.2914,73.7287,49.5131
3/14/2019,881.19,0,6,9.1,10.2,0,0.5,0,3,0.2,0,0,53.9263,258.645,14.7885,539.776,23.7639,66.8649,65.4844,123.705,42.4061
3/15/2019,845.21,0,0,13.2,0,0,0,0,1.4,0.7,10.7,3,53.2794,254.635,15.5355,517.494,23.7639,66.2217,55.4915,95.471,37.8949
3/16/2019,822.9,0,0,8.9,13.5,0,0,0,0,0.3,0,33.2,53.2794,262.682,15.0362,500.003,28.2927,70.7706,53.5073,79.7908,33.9353
3/17/2019,803.39,10,0,6.4,0,0,0,0,17.4,5.2,4.1,5.6,52.6347,255.778,14.5421,476.439,36.1772,109.33,67.5044,76.3974,28.1403
3/18/2019,744.95,0,0,0,0,18.2,0,15,0,0,6.5,17,52.6347,252.355,25.8112,453.404,36.1772,103.624,87.1739,94.732,24.9494
3/19/2019,773.33,0,0,35.8,0,0,0,0,0,0,0,4.9,51.9922,250.083,27.0586,429.032,36.1772,87.882,76.7171,122.054,105.246
3/20/2019,734.33,0,0,0,51.8,0,0,7.2,0,24.9,0,1.2,50.7142,237.741,19.4417,418.097,28.2927,79.5026,73.6245,109.979,58.7321
3/21/2019,709.17,50,29.2,3.9,24.7,0,11,10.5,28.4,7.6,70.2,30,50.0785,245.003,24.5809,420.277,28.2927,78.1355,108.713,105.302,68.0558
3/22/2019,716.89,70,34,8.6,2.4,25.2,27.3,14.4,24.5,12,66.1,44.6,49.4452,286.237,26.277,650.71,25.4321,216.38,166.787,151.409,57.8705
3/23/2019,1085.33,0,0,0,0,0,0,2.5,2.4,0.7,2.7,3,46.9351,314.347,18.6383,548.818,43.3221,188.362,105.432,232.058,49.5131
3/24/2019,1120.23,0,0,0,0,0,0,0,0,0,0,0,71.9101,282.651,16.2942,528.577,41.9921,140.45,82.9645,155.955,39.7521
3/25/2019,1056.22,5.2,0,0,0,0,0,0,0,0,0,0,59.3277,244.441,15.7871,515.291,24.872,113.475,67.5044,120.413,33.3332
3/26/2019,966.58,0,0,0,0,0,0,0,0,0,0,0,55.2268,218.639,14.6652,493.521,24.872,97.2953,58.4971,97.7028,27.042
3/27/2019,857.7,0,0,0,0,0,0,0,0,0,0,0,53.2794,200.718,14.0534,455.504,22.6724,88.5939,52.529,83.9466,24.9494
3/28/2019,769.18,0,0,0,0,0,0,0,0,0,0,0,51.3521,187.442,13.811,411.58,20.5401,71.4293,48.7077,75.0579,24.1201
3/29/2019,654.87,0,0,4.8,5.3,0,0,0,0,0,0,0,51.0328,175.032,12.8551,368.977,19.4999,58.6798,45.9382,69.8027,23.2955
3/30/2019,572.64,0,0,6.3,0,0,0,0,0,0,0,0,51.0328,162.499,12.5024,333.954,18.4774,56.846,45.0334,65.9698,22.4758
3/31/2019,514.19,0,0,0,0,0,0,0,0.8,0,0,0,50.3961,157.312,12.269,307.935,17.473,55.0332,41.5058,64.0885,21.6609
4/1/2019,489.41,0,0,0,0,0,0,0,0,0,0,0,49.1294,155.91,11.9215,398.643,16.9776,53.8364,40.6468,59.7906,20.8512
4/2/2019,459.46,0,0,0,0,0,0,2.6,0,0,0,0,48.4995,154.977,12.8551,385.839,16.4869,52.6491,39.797,56.6319,19.2475
4/3/2019,438.69,0,0.3,0,0,0,0,0,3.6,0,0,0,47.872,151.733,13.57,409.415,16.001,52.6491,39.797,55.9738,17.6658
4/4/2019,453.27,0,0,0,0,0,0,0,0,0,0,0,47.2468,146.692,11.9215,352.356,15.5197,52.0591,41.5058,55.9738,16.8836
4/5/2019,427.5,0,6.4,8.6,0,0,0.2,0,0,4.5,0,9,50.3961,143.07,12.8551,321.862,15.0433,52.6491,41.5058,55.3181,16.1074
4/6/2019,409.73,0,0,9.9,0,0,35.5,0,3.8,0.1,0,16,47.872,137.708,11.9215,286.453,14.5717,50.3033,47.7754,55.3181,29.2588
4/7/2019,405.24,0,0,21.3,0,5.2,0.5,38,5,0,1.8,0,47.2468,152.657,12.8551,263.592,13.6433,48.5692,50.6,60.3967,102.058
4/8/2019,413.47,0,0,18.2,6.1,15.4,0,5.5,4.6,1.2,4.1,0,49.1294,186.939,12.5024,257.972,12.735,47.9961,48.7077,65.3401,31.5568
4/9/2019,409.1,27.4,0,0,0,0,3,6.7,5.5,44.5,5.6,12.5,65.0751,172.592,12.269,250.54,11.8472,52.0591,48.7077,71.7541,27.5886
4/10/2019,418.78,0,0,0,0,22.5,2.8,7.2,0,3.3,0,0,51.9922,186.436,15.5355,246.85,11.4112,53.8364,46.8522,75.7264,26.5005
4/11/2019,438.55,0,0,0,0,0,0,0,0,0,0,0,49.1294,184.932,12.8551,256.108,14.5717,53.2416,53.5073,70.4506,25.9641
4/12/2019,436.91,0,0,4.6,0,7.5,0,0,0,0,0,0,48.4995,160.132,13.45,250.54,16.4869,54.4336,56.4974,69.8027,24.1201
4/13/2019,431.86,0,0,0,0,0,0,0,0,0,0,0,48.4995,156.376,13.211,246.85,15.5197,50.8861,47.7754,67.8746,22.4758
4/14/2019,415.82,1,0,5.8,0,0,0,0,0,0,0,35.6,53.9263,155.443,13.0921,243.177,14.5717,48.5692,41.5058,64.0885,20.8512
4/15/2019,397.73,0,0,2.1,47.6,17.2,0,1,0,2.8,9.2,6.4,57.8542,162.499,15.7871,246.85,16.4869,48.5692,42.374,58.5863,23.7072
4/16/2019,386,3.8,0,3.3,0,0,13.3,24.4,42,29.7,3.9,5.9,73.5679,202.273,20.2559,252.391,25.9963,59.914,60.48,59.1871,21.6609
4/17/2019,392.96,4.6,13,0,0,17.3,22.7,18.7,29.3,15.7,3.9,24.6,68.2491,237.741,29.9262,261.715,35.5486,77.4552,114.217,74.3921,21.2554
4/18/2019,425.02,6,0,0,0,0,4.1,6.3,5.6,0.1,0,0,55.8804,236.632,12.8551,259.841,32.4602,94.3623,102.169,132.103,20.0467
4/19/2019,487.43,0,0,0,0,0,0,0,0,0,0,0,51.0328,191.995,11.9215,276.854,28.2927,85.0554,76.7171,141.614,19.2475
4/20/2019,557,0,0,4.6,0,0,0,0,0,0,0,0,49.1294,162.024,11.8064,276.854,22.6724,70.1141,60.48,107.63,18.0591
4/21/2019,577,0,0,0,0,0,0,0,0,0,0,0,48.4995,143.521,11.6916,282.601,18.4774,61.7824,50.6,89.6288,16.4948
4/22/2019,527.33,0,0,3.8,0,0,0,0,0,0,0,0,47.2468,142.62,11.6916,284.525,16.001,57.455,45.0334,73.0679,16.1074
4/23/2019,457.59,0,0,0,0,0,0,0,0,0,0,12.7,47.872,142.171,13.932,274.947,15.0433,54.4336,42.374,68.5147,15.3374
4/24/2019,417.63,0,4.7,0,0,0,0,0,0,0,0,6.3,26.1651,140.378,13.6903,252.391,14.5717,53.2416,40.6468,61.6168,14.9547
4/25/2019,378.05,0,0,0,0,0,0,0.3,0,0.5,0,0,25.1171,134.179,12.037,232.265,14.105,51.4714,39.797,57.9547,16.8836
4/26/2019,357.98,0,0,8.9,0,0,0,0,0,0,0,0,23.5683,128.958,11.2362,223.295,13.6433,47.9961,39.797,55.3181,17.274
4/27/2019,348.05,0,0,0,0,0,0,0,0,0,0,0,22.5515,125.525,10.4533,223.295,13.6433,45.1672,38.9563,54.0135,16.1074
4/28/2019,338.19,0,0,0,0,0,0,0,0,0,0,0,22.2994,122.552,10.1233,217.967,13.1866,44.0531,36.489,52.7182,16.1074
4/29/2019,327.05,0,0,0,0,5.2,0,0.7,2.4,14.8,0.5,5,21.7975,122.13,10.3429,212.681,13.6433,42.4007,35.6849,50.7927,16.4948
4/30/2019,318.31,0,0,4.5,0,0,0,0,0,0,0,0,18.8561,121.708,10.0141,214.438,12.735,45.1672,34.104,48.8886,16.1074
5/1/2019,308.28,0,0,0,0,0,0,0,0,0,0,0,17.9032,120.447,9.4737,209.18,12.735,44.0531,38.9563,47.6312,16.1074
5/2/2019,317.1,0,0,22.3,0,0,0,0,0,0,3.7,0,17.4321,117.109,9.2602,261.715,12.735,41.3118,43.2513,47.6312,21.2554
5/3/2019,317.31,7,4,0,0,7,0.9,1.6,16.4,0,0,0,17.4321,114.631,9.0483,259.841,12.735,41.3118,43.2513,57.9547,21.6609
5/4/2019,317.24,0,0,0,0,0,0,0,0,0,0,40,23.0583,115.868,10.4533,252.391,12.735,40.7711,37.3023,67.2371,20.8512
5/5/2019,329.05,0,14.3,0,0,0,0,0,0,0,0,2,20.8035,116.281,9.7968,235.885,12.735,40.7711,37.3023,59.1871,20.4483
5/6/2019,329.28,0,0,0,0,0,0,0,0,0,0,0,18.8561,115.868,9.2602,212.681,12.735,41.3118,36.489,54.0135,20.0467
5/7/2019,329.17,0,0,0,0,2.2,0,0,0,0,0,0,17.9032,114.221,9.6887,188.568,12.735,40.7711,35.6849,49.5209,18.4539
5/8/2019,332.19,0,0,0,0,0,0,0,0,0,0,0,16.9646,112.583,9.6887,186.881,12.735,41.855,34.104,46.3836,17.6658
5/9/2019,329.48,9.8,0,0,0,0,0,0,1.2,0,0,0,16.5007,106.93,9.2602,181.85,12.2885,42.949,34.104,46.3836,16.8836
5/10/2019,319.48,0,0,0,0,0,0,0,0,0,0,0,16.5007,103.359,9.9052,183.522,11.4112,40.7711,33.3272,45.7634,15.3374
5/11/2019,299.54,0,0,0,0,0,0,0,0,0,0,0,16.5007,104.94,9.4737,176.863,11.4112,38.6343,32.5596,44.5306,13.4408
5/12/2019,302.49,0,0,0,0,0,0,0,0,0,0,0,16.5007,102.18,9.4737,175.211,11.4112,37.5815,31.8011,43.918,11.9547
5/13/2019,299.51,0,0,0,0,0,0,0,0,0,0,0,16.5007,100.617,9.4737,173.564,10.9806,39.1647,31.8011,42.7002,10.8599
5/14/2019,299.63,0,0,0,0,0,0,0,0,0,0,0,16.5007,98.6386,9.4737,170.284,10.9806,38.1066,31.8011,41.4926,10.14
5/15/2019,294.56,0,0,55.5,19.3,0,23.9,56.2,17.4,0,0,0,21.7975,96.0125,9.4737,168.651,10.9806,38.1066,35.6849,45.7634,83.6929
5/16/2019,289.58,24.8,22.6,0,5.4,5.4,22.9,54,17,24.7,52.9,13.3,17.9032,105.337,11.0107,165.402,10.9806,39.6976,53.5073,56.6319,34.5425
5/17/2019,309.4,1,0,51.2,59.8,0,0,0.6,0,0,0.3,1.3,17.4321,120.027,11.6916,167.024,10.5553,43.4998,47.7754,68.5147,58.7321
5/18/2019,378.21,4,16.4,0,0,48,0,3,2,4.6,35,10,21.7975,115.868,10.564,173.564,10.5553,45.7281,44.1378,66.6021,45.5152
5/19/2019,437.94,0,0,0,0,0,0,9,0,0.1,0,0,20.8035,103.754,10.4533,180.183,10.5553,44.6089,40.6468,61.0054,44.7304
5/20/2019,412.05,0,0,0,0,0,0,0,0,0,0,0,18.8561,106.531,10.564,200.508,10.5553,43.4998,38.1247,57.2922,45.9095
5/21/2019,408.37,0,0,0,0,0,0,0,0,0,0,0,17.4321,112.176,10.3429,245.011,10.1356,42.4007,38.1247,54.0135,48.3009
5/22/2019,418.2,0,0,0,0,0,0,0,0,0,0,0,16.0405,113.81,9.581,239.522,10.1356,41.855,35.6849,50.7927,52.799
5/23/2019,408.16,0,0,0,0,0,0,0,0,0,0,0,15.5841,102.573,9.3667,217.967,10.1356,42.4007,33.3272,48.8886,53.6324
5/24/2019,378.51,0,0,6.8,0,0,0,0,0,0,0,0,15.5841,98.6386,9.2602,207.436,10.1356,40.7711,31.8011,47.6312,55.3135
5/25/2019,338.58,0,0,0,0,0,0,0,0,0,0,0,15.5841,95.1436,9.154,214.438,10.1356,40.2331,31.0516,45.7634,54.0509
5/26/2019,318.68,0,0,0,0,0,0,0,0,0,0,0,15.1315,92.1282,9.0483,202.233,9.7214,38.1066,30.3113,42.7002,34.9914
5/27/2019,312.86,0,0,0,0,0,0,0,0,0,0,0,14.6827,89.9988,8.9429,181.85,9.7214,37.5815,29.5801,40.2954,27.042
5/28/2019,281.09,0,0,0,0,0,0,0,0,0,0,0,14.6827,87.0523,8.8379,165.402,9.7214,36.5392,28.1449,39.1085,22.885
5/29/2019,271.14,0,0,0,0,0,0,0,0,0,0,0,14.2378,84.9724,8.7334,155.774,9.7214,34.9956,30.3113,39.1085,19.2475
5/30/2019,261.19,0,0,0,0,0,0,0,0,0,0,0,13.7968,82.5039,8.5254,151.03,9.7214,34.9956,28.1449,37.9323,13.0665
5/31/2019,251.23,0,0,0,0,0,0,0,0,0,0,0,13.7968,80.4698,8.5254,147.894,9.7214,34.4864,27.441,36.1879,11.9547
6/1/2019,244.37,0,0,0,0,0,0,0,0,0,0,0,13.7968,80.0655,8.422,132.531,9.3129,33.9799,27.441,36.7667,11.2229
6/2/2019,231.49,0,0,0,0,0,0,0,0,0,0,0,13.7968,80.0655,8.2165,135.561,9.3129,34.4864,27.441,37.9323,10.8599
6/3/2019,231.65,0,0,0,0,0,0,0,0,0,0,0,13.7968,79.662,8.2165,132.531,9.3129,34.4864,26.7461,37.9323,10.4989
6/4/2019,231.58,10,4.9,0,15.9,5.2,11,10.7,12,2,4.6,0,13.7968,79.2594,8.0126,132.531,9.3129,32.4766,31.8011,37.3481,10.14
6/5/2019,231.53,0,0,4.8,0,0,0,0,0,0,0,0,13.5778,81.6878,8.0126,131.025,9.3129,32.4766,28.858,36.7667,9.7831
6/6/2019,231.46,0,0,0,0,0,0,0,0,0,0,0,13.1428,77.2589,7.9113,129.524,9.3129,29.0651,28.858,36.7667,9.7831
6/7/2019,221.68,0,0,0,0,0,0,0,0,0,0,0,13.1428,76.8613,7.9113,129.524,9.3129,30.5105,28.858,35.6119,9.7831
6/8/2019,211.68,0,0,0,0,0,0,0,0,0,0,0,13.1428,76.4646,7.8104,126.538,8.9101,36.022,27.441,35.6119,9.4285
6/9/2019,217.56,0,0,0,0,0,0,0,0,0,0,0,13.1428,74.8861,7.8104,123.575,8.9101,32.4766,26.7461,34.4681,9.4285
6/10/2019,212.73,0,0,0,0,0,0,0,0,0,0,0,13.1428,74.1019,7.8104,122.102,8.9101,31.9809,26.7461,34.4681,9.076
6/11/2019,201.03,0,0,0,0,0,0,0,0,0,0,0,13.1428,73.3212,7.6098,120.635,8.9101,34.4864,26.7461,34.4681,8.7258
6/12/2019,188.86,0,0,0,0,0,0,0,0,0,0,0,13.1428,72.9321,7.6098,120.635,8.9101,34.4864,26.7461,33.9004,8.7258
6/13/2019,191.09,0,0,0,0,0,0,0,0,0,0,0,13.1428,72.5439,7.6098,122.102,8.5132,32.9749,26.7461,33.9004,8.378
6/14/2019,191.93,0,0,0,0,0,0,0,0,0,0,0,13.1428,72.5439,7.6098,120.635,8.5132,33.9799,26.7461,33.3355,8.378
6/15/2019,184.02,0,0,0,0,0,0,0,0,0,0,0,12.7119,72.1565,7.6098,119.173,8.5132,32.9749,25.3836,32.7733,8.0325
6/16/2019,184.06,0,0,0,0,0,0.4,0,0,0,0,0,12.7119,70.9995,7.6098,117.717,8.5132,31.488,25.3836,32.2141,8.0325
6/17/2019,173.96,0,0,0,0,0,0,0,0,0,0,0,12.7119,70.9995,7.6098,117.717,8.5132,30.9979,24.716,31.6576,8.0325
6/18/2019,174.17,0,0,0,0,0,0,0,0,0,0,0,12.7119,70.9995,7.5101,116.267,8.5132,31.488,24.716,31.1041,7.6895
6/19/2019,164.15,0,0,0,0,0,0,0,0,0,0,0,12.2852,70.6155,7.4108,114.822,8.5132,33.476,24.0574,31.1041,7.6895
6/20/2019,159.4,0,0,0,0,0,0,0,0,0,0,0,12.2852,69.4688,7.312,113.384,8.1222,32.4766,24.0574,31.1041,7.349
6/21/2019,171.26,0,0,0,0,0,0,0,0,0,0,0,12.2852,67.9518,7.2136,111.951,8.1222,30.0259,23.4079,30.5535,7.349
6/22/2019,169.27,0,0,0,0,0,0,0,0,0,0,0,12.2852,67.5747,7.1157,110.523,8.1222,30.0259,23.4079,30.0057,7.0112
6/23/2019,161.4,0,0,0,0,0,0,0,0,0,0,0,12.2852,67.1985,7.1157,109.102,8.1222,30.0259,23.4079,30.0057,7.0112
6/24/2019,149.23,0,0,0,0,0,0,0,0,0,0,0,12.2852,66.8232,7.0181,107.687,8.1222,30.0259,23.4079,29.4609,7.0112
6/25/2019,142.55,0,0,0,0,0,0,0,0,0,0,0,12.2852,66.0751,7.0181,106.277,8.1222,30.9979,22.7675,28.9191,6.676
6/26/2019,133.44,0,0,0,0,0,0,0,0,0,0,0,12.2852,65.3304,7.0181,104.874,7.7372,33.9799,23.4079,28.9191,6.676
6/27/2019,142.4,0,0,0,0,0,0,0,0,0,0,0,12.2852,62.0228,6.8243,104.874,7.7372,31.9809,22.7675,28.9191,6.676
6/28/2019,141.52,0,0,0,0,0,0,0,0,0,0,0,11.8626,60.5755,6.8243,103.476,7.7372,29.0651,22.136,28.9191,6.676
6/29/2019,141.32,0,0,0,0,0,0,0,0,0,0,0,11.8626,60.2159,6.8243,103.476,7.7372,30.9979,22.136,27.3117,6.676
6/30/2019,141.55,0,0,0,0,0,0,0,0,0,0,0,11.4443,60.2159,6.8243,102.085,7.7372,29.0651,22.136,27.3117,6.3436
7/1/2019,131.48,0,0.249462366,0,0,0,0,0,0,0,0,0,11.4443,59.8571,6.8243,100.699,7.7372,28.5889,21.5137,27.3117,6.3436
7/2/2019,134.65,0,0.249462366,0,0,0,0,0.6,0,0,0,0,11.4443,59.4993,6.8243,99.3198,7.3583,30.0259,21.5137,26.2553,6.3436
7/3/2019,130.24,0,0.249462366,0,0,0,5.1,0,0,0,0,0,11.4443,58.7862,6.7281,97.9464,7.3583,32.9749,20.9004,26.2553,6.0141
7/4/2019,133.16,0,0.249462366,0,0,0,2.2,0,0,0,0,0,11.4443,58.0767,6.7281,97.9464,7.3583,33.476,20.2961,25.7317,6.0141
7/5/2019,134.94,0,0.249462366,0,0,0,0,0,0,0,0,0,11.4443,57.7232,6.7281,96.5792,7.3583,29.0651,20.2961,25.7317,6.0141
7/6/2019,131.27,0,0.249462366,0,0,0,0,0,0,0,0,0,11.4443,57.3707,6.7281,95.2181,7.3583,29.5441,20.2961,25.7317,6.0141
7/7/2019,134.82,0,0.249462366,0,0,0,0,0,0,0,0,0,11.4443,57.0191,6.6323,93.8632,6.9856,28.1156,20.2961,25.7317,6.0141
7/8/2019,133.44,0,0.249462366,0,0,0,0,0,0,0,0,0,11.0303,56.3184,6.6323,92.5145,6.9856,28.1156,20.2961,25.7317,5.6875
7/9/2019,137.57,0,0.249462366,0,0,0,0,0,0,0,0,0,11.0303,55.6214,6.6323,92.5145,6.9856,27.6451,20.2961,25.2113,5.6875
7/10/2019,142.57,0,0.249462366,0,0,0,0,0,0,0,0,0,11.0303,55.2742,6.442,91.172,6.9856,29.5441,19.7008,24.6941,5.6875
7/11/2019,143.92,0,0.249462366,0,0,0,0,0,0,0,0,0,11.0303,54.9279,6.442,89.8358,6.9856,31.488,19.7008,24.6941,5.6875
7/12/2019,147.48,0,0.249462366,0,0,0,0,0,0,0,0,0,10.6207,54.9279,6.442,89.8358,6.9856,26.2508,19.7008,24.18,5.6875
7/13/2019,151.09,0,0.249462366,0,0,0,0,0,0,0,0,0,10.6207,54.238,6.442,89.8358,6.6193,24.8827,19.7008,23.6691,5.6875
7/14/2019,147.94,0,0.249462366,0,0,0,0,0,0,0,0,0,10.6207,53.8944,6.442,88.506,6.6193,27.1774,20.2961,23.6691,5.3641
7/15/2019,148.89,0,0.249462366,0,0,0,0,0,0,0,0,0,10.6207,53.5517,6.442,88.506,6.6193,27.1774,20.2961,23.6691,5.3641
7/16/2019,146.33,0,0.249462366,0,0,0,0,0,0,0,0,0,10.6207,53.5517,6.442,88.506,6.6193,26.2508,19.7008,23.1615,5.3641
7/17/2019,153.5,0,0.249462366,0,0,0,0,0,0,0,0,0,10.6207,52.869,6.442,87.1825,6.6193,30.9979,19.1146,23.1615,5.3641
7/18/2019,146.57,0,0.249462366,0,0,0,0,0,0,0,0,0,10.6207,52.1899,6.2535,87.1825,6.6193,30.9979,19.1146,23.1615,5.3641
7/19/2019,140.92,0,0.249462366,0,0,0,0,0,0,0,0,0,10.6207,51.8518,6.2535,87.1825,6.6193,27.1774,18.5374,22.6572,5.3641
7/20/2019,134.53,0,0.249462366,0,0,0,0,0,0,0,0,0,10.6207,51.1781,6.2535,85.8653,6.2595,28.1156,19.1146,22.6572,5.3641
7/21/2019,130.62,0,0.249462366,0,0,0,0,0,0,0,0,0,10.6207,51.1781,6.0668,84.5546,6.2595,26.2508,18.5374,22.6572,5.3641
7/22/2019,131.98,0,0.249462366,0,0,0,0,0,0,0,0,0,10.6207,50.8426,6.0668,84.5546,6.2595,26.2508,18.5374,22.1561,5.3641
7/23/2019,139.5,0,0.249462366,0,0,0,0,0,0,0,0,0,10.6207,50.5081,5.9741,83.2504,6.2595,25.3358,18.5374,22.1561,5.3641
7/24/2019,133.37,0,0.249462366,0,0,0,0,0,0,0,0,0,10.6207,50.5081,5.9741,83.2504,6.2595,27.1774,18.5374,22.1561,5.3641
7/25/2019,132.64,0,0.249462366,0,0,0,0,0,0,0,0,0,10.6207,50.1744,5.7902,81.9526,6.2595,37.059,18.5374,22.1561,5.0439
7/26/2019,138.94,0,0.249462366,0,0,0,0,0,0,0,0,0,10.2156,49.8417,5.7902,81.9526,6.2595,36.5392,17.9692,22.1561,5.0439
7/27/2019,135.58,0,0.249462366,0,0,0,0,0,0,0,0,0,10.2156,49.179,5.6989,81.9526,6.2595,37.059,17.9692,22.1561,5.0439
7/28/2019,121.69,0,0.249462366,0,0,0,0,6,0,0,0,0,10.2156,48.849,5.6989,80.6614,5.9063,33.476,17.4101,22.1561,5.0439
7/29/2019,124.66,0,0.249462366,0,0,0,0,0,0,0,0,0,10.2156,47.5382,5.6989,80.6614,5.9063,32.4766,17.4101,22.1561,5.0439
7/30/2019,126.86,0,0.249462366,0,0,0,0,0,0,0,0,0,10.2156,47.2128,5.6989,79.3767,5.9063,31.9809,17.4101,22.1561,5.0439
7/31/2019,122.69,0,0.249462366,0,0,0,0,0.9,0,1.3,0,3.3,10.6207,46.8883,5.6989,78.0987,5.9063,27.1774,17.4101,22.1561,5.0439
8/1/2019,119.49,0,0,0,0,0,0,0,0,0,0,0,10.2156,46.5647,5.608,81.9526,5.9063,27.6451,17.4101,21.6584,5.0439
8/2/2019,117.42,0,0,0,0,0,0,0,0,0,0,0,9.815,46.2421,5.608,81.9526,5.5598,22.6616,17.4101,21.6584,5.0439
8/3/2019,116.71,0,0,0,0,0,0,0,0,0,0,0,9.815,46.2421,5.5177,84.5546,5.5598,25.7919,16.8599,21.6584,5.0439
8/4/2019,113.03,0,0,0,0,0,0,0,2,0.9,0,0,9.815,45.9204,5.5177,81.9526,5.5598,23.9853,17.4101,22.6572,5.0439
8/5/2019,113,0,0,0,0,2,0,0,0,0,0,2,10.6207,45.9204,5.8819,79.3767,5.5598,23.9853,17.4101,21.6584,5.0439
8/6/2019,111.9,0,0,3.2,0,0,0,0,0,0,0,0,10.6207,45.9204,5.8819,79.3767,5.5598,24.4325,16.8599,21.6584,5.0439
8/7/2019,110.1,0,0,0,0,0,0,0,0,0,0,0,10.6207,46.2421,5.6989,76.8273,5.5598,24.8827,17.9692,21.164,4.727
8/8/2019,104.28,0,0,0,0,0,0,0,0,0,0,0,10.2156,46.2421,5.6989,79.3767,5.5598,27.6451,17.9692,20.6731,4.727
8/9/2019,114,0,0,0,0,0,0,0,0,0,0,0,10.2156,45.9204,5.6989,79.3767,5.2202,18.8556,17.9692,20.6731,4.727
8/10/2019,111.66,0,0,0,0,0,0,0,0,0,0,0,9.815,45.5996,5.5177,76.8273,5.2202,23.5411,17.9692,20.6731,4.727
8/11/2019,104.06,0,0,0,0,0,0,0,0,0,0,0,9.815,44.9608,5.5177,76.8273,5.2202,25.7919,17.9692,20.1855,4.727
8/12/2019,104,0,0,0,0,0,0,0,0,0,0,0,9.815,44.3257,5.8819,74.3045,5.2202,26.2508,17.4101,21.6584,4.727
8/13/2019,104.92,0,0,0,0,0,0,0,0,0,0,0,9.815,43.6943,5.9741,71.8088,5.2202,25.7919,16.8599,22.6572,4.727
8/14/2019,104.08,0,0,0,0,0,0,0,0,0,0,0,9.815,43.0667,6.0668,74.3045,5.2202,24.8827,16.3187,22.1561,4.4137
8/15/2019,104,0,0,0,0,0,0,0,0,0,0,0,9.815,42.4428,6.0668,74.3045,5.2202,23.0998,15.7865,21.6584,4.4137
8/16/2019,104,0,0,0,0,0,0,0,0,0,0,0,9.815,41.8227,6.0668,71.8088,4.8876,23.0998,15.2633,21.164,4.4137
8/17/2019,94.19,0,0,0,0,0,0,0,0,0,0,0,9.815,41.514,6.0668,71.8088,4.8876,23.9853,15.2633,21.164,4.4137
8/18/2019,94.37,0,0,0,0,0,0,0,0,0,0,0,9.0278,41.514,6.0668,71.8088,4.8876,23.0998,14.7491,21.164,4.4137
8/19/2019,95.28,0,0,0,0,0,0,0,0,0,0,0,9.0278,41.2063,6.0668,71.8088,4.8876,24.8827,15.2633,21.164,4.4137
8/20/2019,95.27,0,0,0,0,0,0,0,0,0,0,0,8.6413,40.8996,6.0668,71.8088,4.8876,24.4325,15.2633,20.6731,4.4137
8/21/2019,95.22,0,0,0,0,0,0,0,0,0,0,0,8.6413,40.8996,6.0668,70.5712,4.8876,25.3358,15.2633,20.6731,4.104
8/22/2019,100.79,0,0,0,0,0,0,0,0,0,0,0,8.6413,40.5937,6.0668,66.9,4.8876,26.2508,14.7491,20.6731,4.104
8/23/2019,93.28,0,0,0,0,0,0,0,0,0,0,0,8.6413,40.2889,6.0668,66.9,4.8876,26.2508,15.7865,20.1855,4.104
8/24/2019,86.51,0,1.5,0,0,0,0,0,0,0.1,0,0,8.6413,39.9849,6.0668,71.8088,4.5622,23.5411,16.8599,20.1855,4.104
8/25/2019,76.82,0,0.6,0,0,0,0,0,0,0,0,0,8.6413,39.3799,5.9741,71.8088,4.5622,21.7942,17.4101,19.7014,4.104
8/26/2019,75.89,0,0,0,0,0,0,0,0,0,0,0,8.6413,39.0788,5.9741,69.3405,4.5622,21.3651,16.8599,19.7014,4.104
8/27/2019,72.83,0,0,0,0,0,0,0,0,0,0,0,8.6413,38.7787,5.9741,71.8088,4.5622,21.3651,15.7865,19.2208,4.104
8/28/2019,69.44,0,0,0,0,0,0,0,0,0,0,0,8.2597,38.4795,5.8819,66.9,4.5622,22.6616,14.7491,19.2208,3.7981
8/29/2019,70.28,0,0,0,0,0,0,0,0,0,0,0,8.2597,38.1813,5.8819,66.9,4.5622,20.5161,15.2633,19.2208,3.7981
8/30/2019,65.89,0,0,0,0,0,0,0,0,0,0,0,8.2597,37.884,5.8819,68.1168,4.5622,21.7942,14.7491,18.7438,3.7981
8/31/2019,64.88,0,0,0,0,0,0,0,0,0,0,0,8.2597,37.5877,5.8819,69.3405,4.5622,25.7919,14.7491,18.7438,3.4964
9/1/2019,67.5,0,0,0,0,0,0,0,0,0,0,0,8.2597,37.2924,5.6989,66.9,4.2442,26.7127,14.7491,22.1561,3.4964
9/2/2019,71.67,0,0,0,0,0,0,0,0,0,0,0,8.2597,37.2924,5.6989,71.8088,4.2442,27.1774,14.7491,22.1561,3.1988
9/3/2019,62.35,0,0,0,0,0,0,0,0,0,0,0,8.2597,36.998,5.6989,69.3405,4.2442,28.5889,14.2439,21.6584,2.9059
9/4/2019,68.33,0,0,0,0,0,0,0,0,0,0,0,7.8831,36.7046,5.608,69.3405,4.2442,24.4325,13.7476,21.6584,2.6178
9/5/2019,66.88,0,0,0,0,0,0,0,0,0,0,0,7.8831,36.4121,5.5177,69.3405,3.9337,27.1774,13.7476,21.6584,2.6178
9/6/2019,58.31,0,0,0,0,0,0,0,0,0,0,0,7.8831,35.83,5.5177,66.9,3.9337,34.9956,13.7476,21.164,2.6178
9/7/2019,63.87,0,0,0,0,0,0,0,0,0,0.5,0,7.8831,35.5405,5.3384,65.6775,3.9337,26.2508,13.7476,20.6731,2.6178
9/8/2019,53.76,0,0,0,0,0,0,0,0,0,0,0,7.5115,35.2519,5.3384,68.1168,3.9337,23.5411,13.2603,20.6731,2.3349
9/9/2019,51.44,0,0,0,0,0,0,0,0,0,0,0,7.5115,34.6776,5.2495,71.8088,3.9337,22.2264,12.3126,20.6731,2.3349
9/10/2019,48.68,0,0,0,0,0,0,0,0,0,0,0,7.5115,34.1072,5.2495,69.3405,3.9337,19.6796,12.782,20.1855,2.3349
9/11/2019,49.72,0,0,0,0,0,0,0,0,0,0,0,7.5115,33.5407,5.2495,59.3854,3.631,12.3837,12.782,19.7014,2.3349
9/12/2019,50.2,0,0,0,0,0,0,0,0,0,0,0,7.5115,33.2589,5.161,61.8768,3.631,13.818,12.3126,19.7014,2.3349
9/13/2019,52.98,0,0,0,0,0,0,0,0,0,0,0,7.5115,33.2589,5.161,66.9,3.631,11.3456,12.782,19.7014,2.3349
9/14/2019,47.73,0,0,0,0,0,0,0,0,0,0,0,7.5115,32.6983,5.073,71.8088,3.631,9.6892,12.3126,19.7014,2.0576
9/15/2019,48.71,0,0,0,0,0,0,0,0,0,0,0,7.8831,32.4194,5.073,71.8088,3.631,9.6892,12.3126,18.7438,2.0576
9/16/2019,45.51,0,0,0,0,0,0,0,0,0,0,0,7.8831,31.8647,4.9855,69.3405,3.3363,9.0534,12.782,19.2208,1.7864
9/17/2019,49.66,0,0,0,0,0,0,0,0,0,0,0,7.8831,31.8647,4.9855,68.1168,3.3363,11.688,12.3126,19.2208,1.7864
9/18/2019,45.7,0,0,0,0,0,0,0,0,0,0,0,7.8831,31.5888,4.9855,70.5712,3.3363,11.3456,11.8522,18.7438,1.7864
9/19/2019,54.23,0,0,0,0,0,0,0,0,0,0,0,7.8831,31.5888,4.812,73.0533,3.0498,10.6718,11.8522,18.7438,1.7864
9/20/2019,44.68,0,0,0,0,0,0,0,0,0,0,0,7.8831,31.3139,4.812,74.3045,3.0498,7.241,10.9581,17.8004,2.9059
9/21/2019,47.53,0,0,0,0,0,0,0,0,0,0,0,7.8831,31.04,4.812,73.0533,3.0498,6.6697,11.4007,17.8004,1.5219
9/22/2019,49.3,0,0,0,0,0,0,0,0,0,0,0,7.8831,30.7671,4.812,71.8088,3.0498,6.1155,11.4007,16.8715,1.5219
9/23/2019,43.4,0,0,0,0,8.2,0,0,0,0,2.3,0,7.8831,30.7671,7.2136,74.3045,2.7718,5.3172,11.8522,16.8715,1.2649
9/24/2019,43.9,0,0,0,0,0,0,0,0,0,0,0,7.8831,32.1416,4.9855,71.8088,2.7718,5.845,11.4007,15.9576,1.2649
9/25/2019,45.36,0,0,0,25.7,0,0,0,0,0,0,11.4,7.8831,33.2589,4.4709,74.3045,2.7718,6.1155,10.9581,15.9576,1.2649
9/26/2019,42.35,1,2.6,0,15,16.4,12.6,18.2,9.7,24.7,48.2,42.2,11.6529,37.2924,9.4737,84.5546,3.631,9.3694,15.2633,15.0589,1.2649
9/27/2019,45.9,16.2,2.6,0,0,0,35.8,33.2,32,28.5,18.8,20,15.8119,48.1917,7.2136,92.5145,5.9063,10.3405,22.7675,15.9576,1.2649
9/28/2019,51.42,0,0,0,0,0,0,0,0,0,0,0,15.3573,54.9279,6.7281,97.9464,7.7372,13.818,28.1449,16.8715,1.2649
9/29/2019,57.28,0,3.1,0,0,0,0,0,0,0,0,0,10.6207,53.5517,6.442,95.2181,8.9101,13.818,54.4948,22.6572,1.0163
9/30/2019,65.88,0,0,0,0,0,0,0,0,0,0,0,8.6413,41.8227,6.442,92.5145,6.6193,14.1853,34.8899,34.4681,1.0163
10/1/2019,77.06,0,0,0,0,0,0,0,0,0,0,0,8.6413,37.884,6.2535,89.8358,6.2595,14.5561,26.0603,45.1458,1.0163
10/2/2019,70.59,0,0,0,0,0,0,0,0,0,0,0,8.6413,36.4121,5.8819,84.5546,6.6193,14.9303,22.136,34.4681,1.0163
10/3/2019,59.88,0,0,0,0,0,0,0,0,0,0,0,8.2597,34.3919,5.7902,74.3045,6.9856,14.5561,19.1146,31.6576,1.0163
10/4/2019,58.45,0,0,0,0,0,0,0,0,0,0,0,8.2597,33.5407,5.608,74.3045,6.9856,14.1853,17.4101,28.9191,0.7776
10/5/2019,52.74,0,0,0,0,0,0,0,0,0,0,0,7.8831,32.9781,5.2495,70.5712,6.9856,14.9303,15.7865,24.6941,0.7776
10/6/2019,44.9,0,0,0,0,0,0,0,0,0,0,0,7.8831,32.4194,4.8985,61.8768,6.9856,12.034,14.2439,20.6731,0.7776
10/7/2019,47.06,0,0,0,0,0,0,0,0,0,0,0,7.5115,32.1416,4.5555,56.9282,6.9856,12.737,14.2439,18.7438,0.7776
10/8/2019,42.66,0,0,0,0,4.3,0,0,0,0,0,3.2,7.5115,32.1416,4.4709,47.4535,7.7372,12.034,14.2439,17.8004,0.7776
10/9/2019,55.39,0,0,34.8,0,0,0,0,3.6,1.7,1.2,2.6,7.5115,36.998,4.4709,49.768,5.5598,11.688,13.7476,16.8715,7.349
10/10/2019,53.3,0,0,0,0,0,0,0,0,33.2,20.2,1.3,7.5115,47.8645,4.3869,55.7127,4.2442,12.034,13.7476,15.9576,5.6875
10/11/2019,56.89,0,0,0,25.8,0,0,12.6,8.2,42.4,24,13.1,7.5115,46.2421,4.3869,59.3854,4.5622,14.9303,24.716,15.9576,4.727
10/12/2019,62.18,0,0,0,0,0,0,0,0,0,0,0,7.5115,46.8883,4.3034,65.6775,6.2595,14.5561,20.2961,15.0589,6.0141
10/13/2019,62.09,0,0,18.9,0,0,0,0,0,0,0,0,7.5115,48.5199,4.3034,76.8273,6.9856,16.4609,20.9004,15.9576,8.7258
10/14/2019,55.81,0,0,26.8,0,0,0,0,0,0,0,0,7.5115,39.6819,4.2205,83.2504,7.3583,18.4484,19.7008,17.8004,8.378
10/15/2019,52.76,0,0,33.3,0,0,0,0,0,0,0,0,7.5115,35.5405,4.2205,93.8632,6.6193,11.688,16.8599,18.7438,4.4137
10/16/2019,44.59,0,0,0,0,0,0,0,0,0,0,0,7.5115,34.1072,4.2205,81.9526,5.5598,11.3456,15.2633,20.6731,2.9059
10/17/2019,51,0,0,0,0,0,0,0,0,0,0,0,7.8831,32.4194,4.138,71.8088,5.9063,10.013,14.2439,19.7014,2.9059
10/18/2019,52.39,0,0,0,0,0,0,0,0,0,0,0,7.8831,31.5888,4.138,64.4022,4.2442,9.6892,12.782,18.2703,2.6178
10/19/2019,52.39,0,0,0,7.6,0,0,0,0,0,0,0,8.2597,31.04,4.138,60.6268,4.2442,10.013,12.3126,17.8004,2.6178
10/20/2019,51,0,0,0,0,0,7.3,0,0,8.8,0,3.4,8.6413,30.4952,4.138,58.1525,3.9337,8.7413,12.3126,15.9576,2.6178
10/21/2019,56.86,0,0,0,0,0,0,0,0,0,0,0,8.6413,30.4952,4.138,55.7127,3.9337,8.7413,12.3126,15.0589,2.6178
10/22/2019,57.79,4,1.9,6.8,0,8.2,0,2.1,1.6,0.9,9,27.4,9.0278,31.5888,4.4709,54.5059,3.9337,9.0534,23.4079,15.0589,4.104
10/23/2019,61.56,0,0,9.3,0,0,0.4,0,0,0,0,0,9.0278,34.1072,4.4709,55.7127,3.9337,8.7413,19.7008,17.3341,3.4964
10/24/2019,64.34,19.8,0,0,0,0,0,0.1,0,0,0,0,8.6413,36.998,4.3869,56.9282,3.9337,8.7413,18.5374,21.6584,4.104
10/25/2019,59.37,0,0,0,0,0,0,0,0,0,0,0,8.2597,35.2519,4.3034,58.1525,3.631,11.688,28.1449,21.6584,3.1988
10/26/2019,58.48,0,0,0,0,0,3.4,0,0,0,0,0,7.8831,34.3919,4.3034,64.4022,3.631,12.034,23.4079,23.6691,2.9059
10/27/2019,71.2,1,0,0,0,36.4,2.2,0,0,5.9,0,0,7.5115,33.8234,6.442,61.8768,3.631,12.3837,19.1146,25.7317,2.9059
10/28/2019,72.13,1.4,0,0,0,0,0,0,0,0,0,0,7.5115,33.2589,4.812,60.6268,3.631,15.3079,22.136,23.6691,4.4137
10/29/2019,77.3,0,0,6.8,0,3,15.3,5.2,2.8,14.1,0,4.2,10.6207,34.3919,5.5177,59.3854,4.2442,22.6616,28.858,22.6572,5.3641
10/30/2019,85.63,21.8,15.5,0,0,0,17.8,3.7,55,1.5,0,15.3,10.6207,35.2519,11.6916,58.1525,5.2202,19.266,45.0334,28.9191,6.676
10/31/2019,103.72,11.04,10,12.1,0,0,31.9,19.2,39,5.2,0,0,10.6207,39.3799,11.2362,59.3854,6.2595,23.0998,50.6,43.918,6.0141
11/1/2019,108.78,14,0,0,0,0,0,0,8.8,0,0,0,15.3573,44.6428,9.2602,60.6268,6.9856,30.5105,38.1247,46.3836,6.0141
11/2/2019,113.48,0,15,0,15.3,0,2.8,9.9,10.6,0.3,3.1,7,14.9066,42.1323,7.9113,60.6268,6.2595,17.2461,42.374,46.3836,6.0141
11/3/2019,116.33,0,0,8.6,0,0,0,0,0,0,0,0,10.6207,47.8645,6.921,63.1353,6.2595,15.6889,36.489,43.918,8.7258
11/4/2019,113.35,0,0,0,0,0,0,0,0,0,0,0,7.8831,42.7543,6.8243,70.5712,5.9063,14.9303,26.7461,39.1085,8.0325
11/5/2019,108.4,0,0,0,0,0,0,0,0,0,0,3.3,7.8831,35.5405,5.5177,74.3045,5.9063,14.1853,22.136,32.7733,8.0325
11/6/2019,121.82,0,3.4,0,42.9,0,5.5,3.1,1,4,0,0,7.8831,35.83,5.5177,76.8273,5.5598,12.3837,22.7675,27.8445,7.349
11/7/2019,121.2,0,0,0,0,0,2,0,5,6.9,7.2,28.5,7.8831,44.3257,5.3384,68.1168,6.2595,12.034,19.1146,25.7317,7.0112
11/8/2019,136.02,0,0,9.9,0,0,0,0,0,0,0,0,10.6207,48.5199,5.2495,65.6775,6.2595,11.688,18.5374,24.6941,6.676
11/9/2019,160.79,0,0,0,15.1,32.6,5.2,0.9,2.6,0,20.3,31.7,11.4443,52.1899,9.7968,59.3854,5.5598,12.737,34.104,21.6584,6.3436
11/10/2019,181,0,3,0,0,0,20.3,27.3,8.4,1.8,0,52,10.2156,57.0191,8.6292,58.1525,4.8876,18.8556,45.9382,23.6691,6.0141
11/11/2019,165.27,0,0,0,0,0,0,0,0,0,0,0,9.815,50.1744,7.312,56.9282,4.8876,16.0732,44.1378,34.4681,7.349
11/12/2019,156.76,0,0,0,0,0,0,0,0,7.2,8.5,0,9.815,44.6428,6.2535,55.7127,4.8876,14.9303,37.3023,41.4926,8.7258
11/13/2019,163.37,0,0,0,0,0,0,0,0,0,0,0,9.0278,39.3799,5.2495,53.308,4.8876,14.5561,32.5596,36.7667,9.4285
11/14/2019,182.99,5.8,0,7.6,11,0,1.9,30.2,8.5,8.4,0,0,8.6413,38.1813,5.161,48.6062,4.5622,14.9303,46.8522,37.3481,9.4285
11/15/2019,201.13,2.4,2.5,0,9.1,0,22.2,20.5,34,21.9,9.7,2.1,8.6413,37.884,5.161,47.4535,4.2442,15.6889,40.6468,40.8927,8.7258
11/16/2019,226.75,20.4,14.2,0,0,28.4,2.9,4,18.2,6.6,2.9,0,9.0278,37.884,5.7902,47.4535,4.8876,16.8519,75.6839,50.1556,8.0325
11/17/2019,261.01,0,0,5.9,0,6.2,7.1,1.3,17.8,2.1,0,0,9.0278,38.1813,6.0668,47.4535,7.7372,18.8556,70.5534,56.6319,7.6895
11/18/2019,240.94,5.2,7.6,0,0,26.1,17.5,20.3,0.2,13.4,2.1,14.2,9.0278,39.3799,8.0126,48.6062,8.5132,20.0963,61.4755,73.0679,7.349
11/19/2019,234,7,0,0,8.2,0,6.2,22.3,12.4,19.8,2.3,15,9.0278,45.5996,6.921,48.6062,10.9806,21.7942,69.5346,67.8746,7.0112
11/20/2019,246.57,6.2,13,10.1,0,2.6,5.2,57.7,10,21.7,25.5,2.7,9.0278,65.3304,5.4278,50.939,16.9776,50.3033,97.8444,76.3974,6.676
11/21/2019,271.57,68,0,0,0,0,7.4,0.7,0,0,0,2.6,9.4191,59.1423,5.3384,55.7127,19.4999,53.2416,67.5044,91.0744,6.676
11/22/2019,319.85,0,6.2,0,0,0,25.7,3.7,0,0.2,0,2.8,9.4191,54.9279,5.3384,63.1353,18.4774,56.2394,55.4915,77.071,6.3436
11/23/2019,332.64,36.2,11.6,0,33.8,0,12.5,39.2,31.2,9.9,3.9,0,14.9066,53.2099,7.5101,70.5712,16.4869,56.2394,86.1183,65.9698,6.0141
11/24/2019,332.53,4,0,0,0,0,0,6.4,15.2,3.9,18.9,41.2,15.3573,60.2159,7.4108,81.9526,15.5197,58.0662,79.8306,71.7541,6.0141
11/25/2019,323.89,0,2.5,23.8,0,0,0,1.1,4.9,0.4,0,0,14.9066,105.337,7.2136,93.8632,11.8472,44.0531,60.48,89.6288,8.7258
11/26/2019,338.16,0,0,0,15.2,0,0,0,0,0,0,0,14.9066,98.1989,6.921,110.523,10.9806,44.6089,48.7077,76.3974,7.6895
11/27/2019,334.09,0,0,0,0,0,0,0,0,0,0,0,15.8119,77.6573,6.8243,128.028,9.7214,40.7711,40.6468,59.1871,6.676
11/28/2019,316.96,0,0,0,0,0,0,0,0,0,0,36,101.68,98.1989,6.7281,122.102,9.3129,40.7711,34.8899,49.5209,6.676
11/29/2019,287.33,96.4,3,60.2,7.1,62,24.9,30.8,23.2,12.7,26.7,20,104.641,115.868,9.4737,111.951,8.5132,38.6343,69.5346,46.3836,70.0333
11/30/2019,370.67,23.2,35.4,0,7,0,31,9.5,18,10.7,37,12,41.4269,150.351,10.0141,96.5792,12.735,39.6976,56.4974,71.7541,51.2873
12/1/2019,418.67,26.2,21.4,28.5,0,0,0.7,0,9.6,1,1.7,19,20.5571,141.273,9.9052,116.267,14.5717,41.3118,67.5044,73.7287,36.271
12/2/2019,450,21.8,94,0,90,0,35.1,26,7.4,6.7,15.7,18.3,20.5571,212.242,9.2602,173.564,15.5197,41.855,110.909,85.3521,27.1018
12/3/2019,556.02,52.4,1.7,0,2.4,0,0,6.5,33.6,1.4,7.7,8.2,20.5571,136.822,9.154,210.928,16.001,62.4098,77.7526,153.221,23.1116
12/4/2019,547.38,5,43.3,38.4,34.9,0,0,0,0.5,0,52,11.3,19.58,122.552,9.0483,265.474,14.105,56.846,78.7905,156.871,61.4058
12/5/2019,536.78,4.6,33,9.5,24.7,0,0,4.5,6.3,11.8,5.2,0,19.58,154.977,8.9429,257.972,16.001,63.0395,86.1183,95.471,72.2627
12/6/2019,561.54,30.8,33.7,12.6,23.2,0,27,42.2,43.8,31,20,0,74.4039,154.512,8.7334,252.391,14.5717,64.3056,93.5516,109.194,58.8061
12/7/2019,611.67,16,4.8,13.6,33,0,11,9.7,7.4,6.2,6.6,0,122.226,124.247,8.7334,261.715,15.5197,66.2217,101.085,143.374,49.3542
12/8/2019,585.67,35.2,25.2,25.8,0,10.6,0,0,0,0,0,0,150.564,99.4506,11.4632,261.715,16.4869,80.1893,94.6218,137.255,27.8552
12/9/2019,616.22,0,0.9,38.5,13.1,8.6,0,0,0.2,0,0,0,150.564,85.8019,15.0362,243.177,17.9729,63.0395,72.5984,133.811,23.1116
12/10/2019,652.72,17.8,37.3,35.9,12,4.2,35.3,86.3,37,17.4,1.8,11.8,160.256,101.788,19.9833,226.869,16.4869,89.3077,94.6218,103.763,24.5323
12/11/2019,701.11,18,33.8,45.2,33.8,23.6,9.2,13.3,2.4,104.5,9.3,24,25.6396,144.877,19.4417,203.963,29.4644,78.818,80.873,112.351,20.3759
12/12/2019,867,71.4,0.8,0,0,22.7,17.2,23.3,6.5,31.2,29.2,39.6,25.6396,253.494,37.2111,203.963,105.185,127.127,160.918,114.744,17.7836
12/13/2019,818.78,0,1.1,0,0,2.4,9.6,4.3,1.6,0.6,0,0,25.6396,324.377,23.6696,261.715,100.309,177.371,299.075,146.031,13.6033
12/14/2019,1115.29,4.6,3,0,0,4.2,23.3,23.5,12.8,13.7,5.5,30,24.5977,223.488,20.8046,360.636,90.2042,174.417,202.064,285.512,11.1637
12/15/2019,1179.94,0,0,0,0,0,0,0,0,12.9,0,0,24.5977,184.432,14.2971,385.839,66.809,146.837,175.062,241.923,9.8952
12/16/2019,1123.39,0,0,0,0,0,0,0,0,0,0,0,14.9066,150.351,11.1233,360.636,36.1772,110.154,116.431,191.379,9.4055
12/17/2019,1009.96,0,0,8.6,0,0,0,0,0,0,0,0,14.0168,106.531,8.8379,327.89,34.3023,96.559,80.873,144.257,14.7505
12/18/2019,930.8,0,0,0,0,0,0,0,0,0,0,0,13.5778,84.9724,8.2165,276.854,33.0706,71.4293,66.4931,102.997,15.0433
12/19/2019,843.76,0,0,0,60,0,0,0,0,0,0,37.1,13.5778,79.662,8.2165,219.739,33.0706,58.0662,59.4871,92.53,13.044
12/20/2019,743.69,6.2,24.4,4.9,20,0,7.1,46.6,33.8,40.7,2.5,3,13.5778,78.0565,8.422,180.183,67.3388,61.1573,64.4782,86.7676,11.4249
12/21/2019,674.7,27.8,13.1,0,0,68.2,11.2,11.5,39,19.9,0,4.9,14.0168,78.8576,12.3855,165.402,58.5215,80.8782,98.9226,89.6288,10.1438
12/22/2019,629.33,0,0,0,0,0,14.3,0,0,4.1,0,0,14.0168,84.9724,8.422,155.774,65.7535,83.6546,123.116,160.559,9.4055
12/23/2019,578.41,13.2,15.5,0,0,4,47.1,6.7,14.8,3.8,1,2.2,14.0168,92.9856,11.4632,147.894,19.4999,73.4184,114.217,150.507,8.9262
12/24/2019,560.74,3,13.5,0,52.5,15,3.7,6.3,14.5,18.8,24.4,28.2,42.0292,130.255,11.1233,163.784,18.4774,63.6714,105.432,142.493,8.4572
12/25/2019,574.24,63.4,0,12.1,0,9,46.1,26.6,5.8,4.5,9.7,0,41.4269,159.19,10.564,170.284,18.4774,82.2622,110.909,160.559,8.4572
12/26/2019,589.12,0,0,0,0,0,0,0.7,0,0,0,0,41.4269,161.077,9.4737,186.881,16.4869,78.818,76.7171,163.348,15.0433
12/27/2019,670.14,0,0,0,0,0,0,0,0,2.8,0,0,40.8272,138.151,8.422,245.011,14.5717,80.1893,62.4738,112.351,13.3224
12/28/2019,689.35,0,0,0,0,0,0,0,0,0,4.5,0,15.8119,108.533,7.4108,250.54,13.6433,63.6714,54.4948,101.472,11.9548
12/29/2019,667.82,0,0,0,0,0,0,0,0,0,0,11.7,15.3573,92.9856,6.8243,221.514,9.3129,52.6491,49.6492,88.1932,10.395
12/30/2019,641.67,0,0,0,0,0,0,0,0,0,0,0,14.9066,77.2589,6.8243,186.881,7.7372,47.9961,45.9382,70.4506,9.4055
12/31/2019,572.74,0,0,0,0,0,0,0,0,0,0,0,14.9066,72.1565,6.8243,162.172,7.7372,47.4254,40.6468,67.8746,8.6904
1/1/2020,512.58,0,0,0,0,0,0,0,0,0.2,0,0,16.7322,70.6155,6.8243,141.684,7.3583,41.855,38.1247,57.9547,8.4572
1/2/2020,447.15,1.5,4.1,0,0,0,62.1,40.5,6.6,3.5,4,0,14.9066,70.9995,6.8243,128.028,7.7372,49.7228,159.749,60.3967,8.2266
1/3/2020,410.11,2.5,15.8,0,0,0,9,5.5,28.6,0,40.4,29.4,14.4597,75.6736,7.4108,125.054,10.5553,59.2957,69.5346,96.9564,7.9986
1/4/2020,419.37,21.4,27,0,19.8,0,1.8,2,3.8,1.5,67.9,33.5,14.4597,102.966,7.4108,131.025,14.5717,92.908,98.9226,106.076,7.5507
1/5/2020,456.41,4,1.1,0,25.3,3.3,24.9,40.1,11,3.5,9.7,30,14.4597,183.932,8.2165,141.684,15.5197,73.4184,127.606,112.351,7.5507
1/6/2020,596.69,1.2,4.4,28.8,0,4.2,8.6,0.7,1,6.3,21.5,0,14.0168,233.868,8.2165,181.85,21.5977,63.0395,108.713,130.404,7.3307
1/7/2020,697.61,1,10.7,8.9,0,0,0,0,1,0.1,0,0,14.0168,189.966,9.0483,265.474,21.0667,64.942,87.1739,117.159,11.9548
1/8/2020,760.83,0,0.7,0,0,0,0,0,0,0,20.7,3,14.0168,175.032,9.0483,298.109,21.0667,70.1141,110.909,101.472,14.1721
1/9/2020,800.56,0,0,0,0,0,17.7,31,0,8.7,16.5,77.5,14.0168,160.605,10.3429,263.592,20.5401,72.7532,105.432,113.944,16.5424
1/10/2020,806.35,0,0,0,0,46.4,0,0,0,0,0,14.2,13.5778,146.692,10.564,237.701,20.0178,69.4598,103.255,107.63,15.9357
1/11/2020,789.52,0,0,0,0,0,0,0,0,0.2,0,0,13.5778,124.672,9.4737,241.347,19.4999,71.4293,75.6839,98.4517,13.6033
1/12/2020,736.57,0,0,0,0,0,0,0,0,0,3.1,12.8,13.5778,115.455,9.2602,234.073,18.9864,64.942,66.4931,89.6288,11.4249
1/13/2020,707.75,0,0,0,0,0,0,6,0,0,0,1.2,13.5778,113.81,8.9429,214.438,18.4774,57.455,60.48,74.3921,9.4055
1/14/2020,663.08,0,0,0,0,0,20,0,0,0.5,0,0,16.7322,117.109,8.422,193.656,21.5977,52.0591,82.9645,72.4097,8.9262
1/15/2020,606.02,0,0,19.6,0,0,11.2,54,0.6,0,0,0,18.1401,112.176,8.422,183.522,27.1366,49.1448,109.81,78.4258,8.4572
1/16/2020,572.13,46.4,10.5,0,12.9,0,10.7,6.4,2.4,0,0,36.2,18.1401,110.55,8.1144,175.211,28.2927,49.7228,124.236,128.715,7.5507
1/17/2020,549.63,100,5.7,0,45,0,145.6,59.5,0,10.6,45.5,1.5,18.1401,108.533,8.1144,167.024,30.056,70.7706,290.785,169.939,7.5507
1/18/2020,546.76,0,0,0,48.3,0,1.2,0,8.4,55.9,0,1.1,32.7013,104.148,7.9113,165.402,28.2927,96.559,199.322,301.136,7.3307
1/19/2020,565.74,0,0,12.8,0,30.2,0,0,34.6,0,0.1,5.4,33.8303,101.397,17.8458,178.521,27.7127,84.354,150.444,241.923,7.1134
1/20/2020,603.7,29,3.2,0,10.1,0,1,18.5,3.4,3.5,0,23.9,41.4269,110.55,33.5412,181.85,27.1366,89.3077,104.343,179.548,9.8952
1/21/2020,629.51,22.2,8.3,0,20,4,17.4,16,6.2,22.1,2.2,37.7,41.4269,144.424,27.3731,181.85,25.9963,91.4617,133.256,158.71,15.0433
1/22/2020,682.38,17.6,17.6,0,3.4,37.4,5.3,14.7,11,0,0,51,57.1941,164.879,27.6886,202.233,54.515,82.9573,153.922,160.559,16.5424
1/23/2020,719.76,8,23.2,0,77.9,18.4,0,6.7,4.5,10.9,3,7.9,62.5348,256.923,28.3228,239.522,91.3746,136.848,177.439,201.486,14.1721
1/24/2020,797.93,147.6,86,22.1,92.8,70.6,77.3,94,106.5,114,84.5,71.4,74.4039,339.664,38.8625,276.854,160.724,390.754,476.469,448.873,55.7478
1/25/2020,1326.48,77.2,109,54.9,0,20.1,43.5,42.6,90.6,75,20.3,23.3,101.68,421.091,67.6687,364.799,248.296,1020.5,779.224,774.257,246.257
1/26/2020,2155.96,1,2.2,0,0,15.5,0,0.7,3.6,0.5,0.6,0,83.9115,495.233,30.9003,484.943,314.41,932.08,602.525,846.435,119.91
1/27/2020,2388.18,0,1.8,45.8,0,0,0,0,0,0,0,0,83.9115,440.235,19.4417,546.55,195.756,878.446,409.272,850.526,85.6339
1/28/2020,2636.32,0,8,0,0,8.2,0,0,0,0,11.2,3.3,41.4269,357.865,22.7683,569.435,166.404,685.427,232.799,778.194,61.9313
1/29/2020,2792.86,0,0,11.3,0,55.4,26.2,56,30,41.3,27.2,16.1,25.1171,317.467,29.2818,581.051,138.664,511.481,286.808,433.108,54.2439
1/30/2020,2589.38,0,0,0,0,0,1.9,1.5,4,6.3,0,0,25.1171,271.417,18.6383,576.391,113.268,347.714,318.996,406.452,50.8011
1/31/2020,2149.96,0,3.3,0,0,0,0,3,0,0.7,0,0,25.1171,249.517,18.3729,567.125,89.0387,327.84,216.465,383.224,23.8176
2/1/2020,1888.33,0,0,0,0,0,0,0,4.8,5.3,0,0,25.1171,210.654,18.1087,553.367,66.809,294.039,181.82,312.162,20.3759
2/2/2020,1791.27,0,1.6,0,42.3,0,0,0.4,5.3,39,0,21.3,25.1171,204.356,17.9771,530.807,58.5215,256.588,157.121,272.574,18.4181
2/3/2020,1712.4,12,0,0,0,0,26.2,0.2,5.3,0,0.6,4.6,25.1171,243.319,17.7147,502.173,56.5066,197.539,184.096,241.923,17.1584
2/4/2020,1576.45,0,0,0,0,40.2,0,0,0,1.7,19,46.3,32.7013,240.523,29.4425,478.558,54.515,156.145,159.34,295.084,15.3384
2/5/2020,1428.69,48.6,21.8,19.9,5.3,0,75.4,3.5,2.2,0.8,3.6,25.6,32.7013,262.103,27.0586,470.11,53.5281,150.534,239.93,273.74,41.4836
2/6/2020,1448.7,2.8,13.4,8.6,75.2,28,15,19,4,0.4,48,19.2,133.207,299.545,27.6886,463.822,53.5281,192.42,270.989,283.141,35.4304
2/7/2020,1541.48,26,17.6,13.9,16.4,0,25.4,21.4,38,52.1,22.7,60,104.641,369.105,16.1669,463.822,52.5471,234.762,327.698,359.276,25.9877
2/8/2020,1600.43,0,17.8,0,12,16,0,0.4,0,0.9,8.4,5.9,101.68,450.298,34.0433,482.81,51.572,244.721,287.869,445.989,129.122
2/9/2020,1698.46,14.6,4,44.6,0,0,1.7,1.4,1.4,2.6,2.5,4.1,41.4269,421.794,21.358,508.711,50.8725,292.609,197.856,359.276,101.856
2/10/2020,1761.04,8.2,0.3,12.1,5.3,0,0,0,12,0.7,0.6,1.2,41.4269,329.44,19.307,533.042,50.1699,270.177,156.013,273.74,84.4342
2/11/2020,1709.55,7.4,3.8,38.2,6.9,40,14,19.7,8.5,39.7,1,12.7,41.4269,265,20.2559,546.55,54.515,253.91,151.598,228.809,56.2528
2/12/2020,1646.35,13.8,14.5,13.5,0,2.3,46,64.3,57.2,57.7,12.1,14.9,34.9701,259.796,16.6778,546.55,100.914,343.079,273.087,255.351,28.2351
2/13/2020,1677.24,1.6,5.1,101.8,0,22.3,2,1,1.8,32.1,16.7,17.2,34.9701,303.218,31.8833,533.042,214.88,343.079,185.236,360.589,221.243
2/14/2020,1723.38,0,12.5,24.6,3.1,80.4,4,25.1,16.3,3.9,2.9,1.2,34.9701,351.32,49.8593,521.913,195.756,520.825,272.037,332.185,298.368
2/15/2020,1814.96,0,0,37.8,0,0,15.74,0,0,0,0,0,34.9701,351.32,35.0538,526.351,180.885,476.706,378.662,373.832,236.852
2/16/2020,1892.48,0,0,26.4,11.3,0,10.2,28,1.6,2.4,0,9.5,33.2644,310.619,32.048,539.776,167.119,432.72,221.163,426.022,175.506
2/17/2020,1907.52,27.2,4.5,28.6,0,24.1,42.1,18.5,7.8,19.4,14.2,63.9,31.0286,309.38,29.7647,569.435,131.331,420.765,202.48,314.635,149.232
2/18/2020,1921.78,0,0,13.5,0,0,0,0.8,21.4,0.5,24.4,28.3,28.8379,365.122,33.5412,604.631,128.041,318.855,177.282,347.553,169.746
2/19/2020,1903.26,0,0,0,0,0,0,0,1.6,0,0,20,28.8379,373.775,28.3228,616.595,65.7535,289.759,230.611,274.908,124.787
2/20/2020,1842.55,0,0,0,0,0,0,0,0,0,0,0,32.7013,344.825,25.502,611.796,64.7035,243.607,176.151,276.077,108.402
2/21/2020,1760.56,0,0,0,0,0,7.3,11.5,0,0,0,6.1,32.7013,290.444,20.8046,611.796,65.7535,175.399,140.658,233.145,93.6004
2/22/2020,1674.52,0,0,6.9,0,0,5.1,0,4.6,3.5,7.3,10,39.9322,298.935,19.1727,611.796,56.5066,145.917,136.323,191.379,71.7027
2/23/2020,1612.24,15.8,27.5,12.3,1.2,50.1,3.2,18.8,2,0,2.4,10,42.6339,280.27,21.916,611.796,53.5281,152.395,172.765,207.658,57.2685
2/24/2020,1636,2,12.6,6.2,5.1,0,9.3,0.6,0,0,0,2.6,70.0957,273.178,21.6364,609.403,48.7744,146.837,134.164,228.809,45.1173
2/25/2020,1657.69,16.8,25.4,8.7,33.4,47.3,6.2,8.5,6,25.5,29.5,113.2,60.1815,288.638,33.2077,611.796,44.6654,145.001,130.938,207.658,100.568
2/26/2020,1612.22,12.4,0.5,3.9,0,26.4,1.1,0,2.6,2.2,5.5,33.4,97.3175,353.278,59.4103,616.595,43.3221,145.917,128.794,193.383,96.7418
2/27/2020,1626.96,7,8.8,5.6,0,8.2,10.5,16,2.8,25.7,15.7,13.8,69.3982,407.138,45.9806,621.413,40.6757,164.705,187.519,191.379,111.066
2/28/2020,1628.91,2.6,8.1,33.1,17.4,27,3.8,5.6,7.2,5.9,48.5,38.6,110.692,447.413,35.0538,648.243,39.373,158.032,221.163,248.598,176.15
2/29/2020,1689.94,21.4,41.3,71.3,47.2,75.4,9.2,9.1,2.8,11.7,38.3,94.2,168.984,518.195,60.5444,693.355,42.6554,183.335,236.869,273.74,277.544
3/1/2020,1863.26,2.6,4.5,23.9,76.8,7.3,9.6,23,12,0,1.2,9.8,111.717,612.435,66.4428,695.906,52.5471,181.339,272.037,301.136,272.235
3/2/2020,1964.11,47.8,82.2,51.1,3.2,30.4,35.6,60.5,40.6,25.5,25.2,15.4,149.969,678.136,70.1677,745.238,59.5377,366.549,324.429,445.989,246.257
3/3/2020,2201.52,7.2,4,27.6,0,0.4,14,7.5,24.6,1.2,1.1,2,71.848,736.426,64.0376,761.164,67.3388,338.473,343.045,542.241,197.22
3/4/2020,2406.93,25,24.3,18.5,0,0,4.9,11.1,16.6,5.9,3.9,6.2,66.2844,684.885,48.869,779.954,61.587,394.037,294.254,551.679,142.61
3/5/2020,2528.39,0,0.8,28.9,17,0,43.1,3,1.4,5.3,1.8,3.6,59.5139,648.35,34.5474,796.24,54.515,366.549,312.501,460.491,92.3558
3/6/2020,2546.76,4.8,0.6,8.5,28.9,0,0.9,3.9,7.6,0,0,0,51.6719,565.668,34.2111,809.938,50.8725,299.792,282.571,416.188,68.9294
3/7/2020,2497.44,5,27.7,14.9,0,0,5.7,3.5,4.4,9.3,7.5,0,47.5591,482.816,32.213,834.887,47.3917,244.721,219.987,360.589,58.2917
3/8/2020,2383.59,0,0,0,0,0,0,0,0,0,0,48,62.8731,387.365,30.9003,820.981,41.3322,167.596,182.957,292.678,50.8011
3/9/2020,2212.23,0,0,0,0,0,0,0,0,0,0.7,0,43.2411,330.461,29.1213,818.213,41.3322,161.832,163.794,248.598,42.3802
3/10/2020,2059.13,0,0,0,0,0,0,0,0,0,0,0,38.7478,291.36,26.5888,815.45,41.3322,147.758,156.013,226.654,39.7141
3/11/2020,1950.61,0,0,0,0,0,0,0,0,0,0,0,37.2818,256.763,24.124,818.213,39.373,137.745,143.925,216.012,37.1197
3/12/2020,1881.42,0,0,0,0,0,0,0,0,0,0,0,35.2567,229.577,25.502,818.213,31.8535,128,125.591,202.51,34.5979
3/13/2020,1813.23,0,0,0,0,0,0,0,0,0,0,0,32.9825,206.609,23.2177,820.981,29.4644,120.228,122.403,191.379,32.9575
3/14/2020,1658.7,0,0,0,0,0,0,12.2,0,1.5,0,0,32.1409,181.684,21.497,818.213,33.0706,119.376,122.403,177.608,30.5587
3/15/2020,1587.31,0,0,0,0,0,0,0,0,2.3,0,0,31.0286,168.297,20.2559,809.938,25.9963,121.939,115.019,164.283,27.4774
3/16/2020,1520.78,0,0,0,0,0,0,0,0,0,0,0,29.9275,153.758,19.9833,793.514,24.872,120.228,104.615,155.955,24.1738
3/17/2020,1380.19,0,0,0,0,0,0,0,0,0,0,4.5,28.5673,143.75,19.4417,769.189,24.872,108.507,101.528,150.507,21.726
3/18/2020,1319.81,0,0,12.6,0,1.3,0,0,0,0.5,0,0,29.9275,138.282,19.4417,726.869,24.3159,96.559,97.4372,142.493,19.7142
3/19/2020,1257.24,3.2,0,4.5,0,0,0,0,0,0,0,0,36.1207,137.51,19.307,668.108,23.7639,99.6193,93.3768,147.815,43.7399
3/20/2020,1232.22,58.6,2.5,0,13.7,0,5.5,0.8,8.4,0.8,9.1,0,35.2567,141.395,19.1727,597.508,22.6724,102.015,124.527,162.416,41.9309
3/21/2020,1227.4,100,26,0,0,0,30.9,17.8,65.2,18.1,11.8,18.2,35.544,143.356,19.1727,539.776,22.6724,102.818,196.702,209.734,40.5949
3/22/2020,1307.94,13.4,36.9,0,0,0,14.9,15.5,0,0.4,14.3,3.4,32.1409,140.224,19.0386,497.838,24.872,121.083,188.663,381.876,36.271
3/23/2020,1398.48,0,12.2,97.5,0,0,0,0,22,0,0,0,31.0286,135.586,18.9049,470.11,28.8766,118.526,238.909,364.54,103.802
3/24/2020,1395,0,0,0,0,0,0,0,0,0,0,0,27.4922,131.777,18.7714,448.941,34.3023,110.154,153.803,295.084,29.3874
3/25/2020,1288.67,0,0,0,0,0,0,0,0,0,0,0,26.1651,118.484,18.7714,422.461,40.6757,100.415,117.12,187.399,15.3384
3/26/2020,1193.29,0,0,0,0,0,0,0,0,0,0,0,25.1171,113.141,18.5054,396.5,43.3221,90.7417,103.584,173.755,14.1721
3/27/2020,1045.25,0,0,0,0,0,0,0,0,0,0,0,23.8245,109.99,18.2406,366.886,41.3322,82.9573,96.4193,163.348,13.6033
3/28/2020,928.78,0,0,0,0,0,0,0,0,0,0,3.4,25.1171,104.831,17.8458,340.053,38.0842,78.1355,91.358,154.13,13.3224
3/29/2020,849.35,0,0,0,0,0,0,0,0,0,13.4,0,24.0814,104.492,17.584,319.86,34.3023,76.101,88.3446,145.143,13.3224
3/30/2020,751.83,0,0,0,0,1.4,0,0,0,0,0,0,24.0814,106.538,17.3236,305.962,30.6514,74.7554,88.3446,138.992,13.044
3/31/2020,685.97,0,0,0,0,0,5.6,1.5,0,9.3,27.4,0,25.6396,109.99,16.8064,300.067,27.1366,74.0858,86.3456,132.103,12.4945
4/1/2020,726.07,0,0,7.9,0,0,0,0,0,0,0,11,46.624,115.265,16.8064,303.993,25.9963,88.5939,120.285,135.528,15.9357
4/2/2020,725.74,11,0,0,11,0,8.8,0,0,0.1,0.6,0,26.1651,121.381,16.8064,309.913,23.2161,99.6193,176.151,155.041,12.7681
4/3/2020,739.41,0,0,0,17.3,0,2.1,12.9,4.7,13.3,0,0,25.1171,118.484,16.5496,319.86,22.1329,92.908,167.148,209.734,11.4249
4/4/2020,813.65,2,1.8,0,0,0,9.8,15.7,3.8,2.6,0,0,20.0669,105.172,16.4218,325.876,21.5977,99.6193,125.591,211.818,11.1637
4/5/2020,837.39,0,0,0,0,0,0,0,0,0,0,0,18.1401,97.8037,16.2942,317.863,20.5401,88.5939,117.12,200.466,10.905
4/6/2020,850.7,0,0,0,0,0,0,0,0,0,0,0,17.6672,93.2452,16.1669,300.067,24.872,82.2622,107.718,175.677,10.905
4/7/2020,762.32,0,14,71.2,0,3,0,4.6,0,0,0,0,17.6672,91.6418,15.9134,290.322,28.2927,78.818,89.3471,144.257,32.1496
4/8/2020,721.83,6.2,0,0,0,0,26.6,0,9.6,13.3,2.2,7,25.6396,94.5373,15.5355,273.044,28.2927,75.4271,120.285,144.257,23.4635
4/9/2020,691.66,4.8,4.9,0,0,3.2,0,0,4.1,2.4,0,0,23.3129,99.7884,15.2852,263.592,28.2927,77.4552,148.301,159.633,21.0465
4/10/2020,655.72,0,0,0,15.3,0,0,0,0,0,0,0,22.2994,102.8,15.0362,265.474,27.1366,104.432,122.403,173.755,19.0616
4/11/2020,645.43,0,0,0,14.9,8.2,0,25.6,0.7,7.6,0,0,21.2988,97.4747,14.9122,273.044,22.6724,136.848,102.555,185.423,17.7836
4/12/2020,664.76,0,5.6,8.6,0,0,0,0,8.9,0.1,0,0,20.0669,93.8902,14.4194,276.854,21.5977,108.507,127.725,175.677,14.1721
4/13/2020,683.09,0,0,20.1,0,0,0.9,0,0,0,0,3,20.0669,85.6674,13.811,271.145,20.5401,99.6193,110.837,159.633,11.6886
4/14/2020,678.84,0,0,0,0,0,0,0,0,0,0,5.7,19.58,83.8198,13.57,261.715,19.4999,93.6341,99.4788,149.607,9.8952
4/15/2020,663.5,0,1.1,0,0,0,2.3,5.5,2.8,11.4,18.4,9.2,20.5571,87.5337,13.3303,252.391,21.0667,92.1838,90.3516,135.528,9.6491
4/16/2020,642.57,11.6,5.1,7.5,0,0,20.2,12.8,1,0,17.3,0,19.58,92.9235,13.3303,246.85,22.6724,87.882,112.924,129.559,10.395
4/17/2020,609.7,0,0.5,0,0,0,0,0,0.4,0,0.6,2.6,19.0965,89.1033,13.211,248.693,24.872,76.101,105.647,144.257,10.395
4/18/2020,586.13,0,0,0,0,0,0,0,0,0,0,0,18.1401,88.4739,13.0921,252.391,23.7639,72.0901,90.3516,137.255,10.6487
4/19/2020,559.97,0,11.8,4.8,0,0,0,0,0,0,0,0,18.1401,84.7413,12.9734,256.108,23.2161,70.7706,83.3622,117.969,11.1637
4/20/2020,545.41,0,0,0,0,0,0,0,0,0,0,0,18.1401,78.3902,12.8551,241.347,22.6724,68.1579,78.4317,108.411,11.1637
4/21/2020,523.32,0,0,0,0,0,0,0,0,0,0,0,18.1401,76.3245,12.7372,239.522,22.6724,70.1141,76.4744,102.233,10.905
4/22/2020,503.46,0,0,0,0,0,0,0,0,0,0,0,17.6672,74.8648,12.6196,230.462,22.6724,68.8078,74.5259,99.203,10.905
4/23/2020,482.25,0,0,0,0,0,0,2.4,0,0,2,3.7,17.6672,77.2066,12.269,225.08,21.5977,65.5807,69.6939,96.9564,10.905
4/24/2020,470.76,0,0,0,0,0,0,0,0,0,0,0,21.5477,78.0935,11.9215,221.514,23.7639,60.5345,71.6199,90.3503,10.395
4/25/2020,442.95,0,0,0,0,0,0,0,0,0,0,0,17.1979,75.1557,11.4632,221.514,22.1329,58.6798,68.7344,92.53,9.4055
4/26/2020,444.4,0,0,0,0,0,0,0,0,0,0,0,16.7322,73.7065,11.2362,223.295,21.5977,58.6798,67.7773,88.9097,8.4572
4/27/2020,442.76,0,0,0,0,0,0,0,0,0,0,0,16.7322,71.9849,11.0107,219.739,21.0667,56.846,64.9201,88.1932,7.9986
4/28/2020,432.83,0,0,0,0,0,0,0,0,0,0,0,16.2702,67.4869,10.7866,212.681,19.4999,55.6351,63.9725,84.6481,7.7733
4/29/2020,429.46,0,0,0,0,0,0,0,0,0,0,0,16.2702,66.3836,10.564,203.963,16.4869,55.0332,62.0848,83.2476,7.5507
4/30/2020,414.99,0,0,0,0,0,0,0,0,0,0,0,16.2702,64.4733,10.4533,198.788,14.5717,53.8364,61.1447,80.4771,7.5507
5/1/2020,410.86,0,0,0,0,0,0,0,0,0,0,0,15.8119,62.8565,10.3429,193.656,15.5197,53.2416,60.2072,79.107,7.3307
5/2/2020,407.65,0,0,0,0,0,0,0,0,0,0,0,15.8119,62.3219,10.2329,190.259,13.1866,54.4336,59.2721,77.7471,7.3307
5/3/2020,399.18,0,0,0,0,0,0,6,0,0,0,0,15.3573,62.3219,10.2329,186.881,12.735,52.0591,57.4099,77.071,7.1134
5/4/2020,400.12,0,0,0,0,0,0,0,0,0,0,0,15.3573,61.5239,10.0141,183.522,12.2885,50.8861,55.5582,74.3921,7.1134
5/5/2020,386.94,0,0,0,0,0,0,0,0,0,0,0,15.3573,59.6807,9.9052,180.183,11.8472,53.2416,56.4827,72.4097,6.8988
5/6/2020,381.24,0,0,0,0,0,0,0,0,0,0,0,14.9066,59.4195,9.9052,176.863,10.9806,53.2416,57.4099,73.0679,6.8988
5/7/2020,380.24,0,0,0,0,0,0.9,1.8,1,0.2,1.1,0,14.9066,59.1589,9.6887,175.211,10.9806,52.0591,54.6364,74.3921,6.8988
5/8/2020,381.91,0,1.2,0,0,0,5.8,3.8,0,1.8,0,0,14.9066,58.8987,9.581,173.564,10.5553,52.0591,59.2721,71.1011,6.8988
5/9/2020,375.76,0,0,0,0,0,0,0,0,0,0,0,14.4597,57.6062,9.4737,171.921,10.1356,51.4714,64.9201,76.3974,6.687
5/10/2020,369.54,0,0,0,0,0,0,0,0,0,0,0,14.4597,56.5818,9.4737,170.284,10.1356,49.1448,63.9725,83.9466,6.687
5/11/2020,373.95,0,0,0,0,0,0,0,0,0,0,0,14.4597,56.327,9.4737,167.024,9.7214,50.3033,58.3397,83.2476,6.687
5/12/2020,362.2,0,0,0,0,0,0,0,0,0,0,0,14.0168,55.8191,9.4737,165.402,9.3129,52.0591,56.4827,75.7264,6.687
5/13/2020,360.15,0,0,0,0,0,0,0,0,0,0,0,14.0168,55.566,9.4737,162.172,9.3129,50.8861,54.6364,73.0679,6.687
5/14/2020,362.25,0,0,0,0,0,0,0,0,0,0,0,14.0168,55.3134,9.4737,162.172,11.4112,48.5692,54.6364,71.1011,6.4778
5/15/2020,362.28,1,3.1,0,4.7,0,4.7,9,0,1.5,2.2,6.5,14.4597,55.0613,9.4737,162.172,12.735,54.4336,54.6364,70.4506,6.2714
5/16/2020,350.85,5.2,7,0,5.2,0,0,0.5,5.5,0.3,0,0,14.4597,54.8098,9.4737,162.172,12.2885,56.2394,59.2721,70.4506,6.2714
5/17/2020,347.87,0,20,0,0,4,0,0.6,0,0.1,0,0,14.4597,54.5588,9.4737,162.172,11.8472,55.6351,60.2072,76.3974,6.2714
5/18/2020,349.92,0,0,23.4,0,0,0,0,0,0,0,0,13.5778,54.3083,9.4737,163.784,11.4112,53.8364,58.3397,77.7471,6.0678
5/19/2020,346.95,0,0,0,0,0,0,0,0,0,0,0,13.5778,52.5702,9.4737,165.402,10.9806,53.8364,56.4827,75.7264,7.1134
5/20/2020,329.31,0,0,0,0,0,0,6,0,0,0,0,13.5778,51.3448,9.4737,163.784,10.9806,52.0591,54.6364,73.0679,6.687
5/21/2020,317.82,0,0,0,0,0,0,0,0,0,0,0,13.1428,50.8584,9.2602,160.565,10.9806,52.0591,54.6364,71.1011,7.1134
5/22/2020,320.84,0,0,0,0,0,0,0,0,0,0,0,13.1428,49.8922,9.2602,157.366,10.5553,50.8861,53.7173,70.4506,7.5507
5/23/2020,317.63,0,0,8.9,0,3,0,0.6,0,0.1,0,3.4,13.1428,49.1731,9.2602,154.188,10.9806,49.1448,51.8873,69.8027,7.9986
5/24/2020,317.63,15.8,18.2,6.5,0,5,3.1,1.5,3.2,0.3,7.6,0,14.9066,50.1329,9.4737,154.188,13.6433,50.8861,62.0848,67.2371,8.4572
5/25/2020,313.98,14.2,5.2,17.1,18.9,12,20.8,12.5,12.9,18.2,30.5,23.5,15.8119,55.3134,9.4737,158.963,16.4869,53.8364,64.9201,79.7908,8.4572
5/26/2020,329.25,0,0,0,0,0,0,0,0,0,0,0,13.5778,60.7308,9.4737,163.784,18.9864,58.0662,63.9725,83.9466,8.2266
5/27/2020,328.47,0,0,0,0,0,0,0,0,0,0,0,13.1428,61.5239,9.4737,173.564,17.473,58.0662,64.9201,83.2476,7.9986
5/28/2020,338.56,0,0,0,0,0,0,0.6,0,0,0,0,13.1428,54.3083,9.3667,186.881,17.473,55.6351,56.4827,83.9466,7.9986
5/29/2020,359.92,0,0,0,0,0,0,0,0,0,0,0,13.1428,51.8333,9.2602,185.199,16.9776,53.2416,51.8873,73.7287,7.1134
5/30/2020,351.66,0,0,0,0,0,0,0,0,0,0,0,12.7119,50.3742,9.2602,171.921,16.4869,53.2416,49.1637,67.8746,6.2714
5/31/2020,341.33,0,0,0,0,0,0,0,0,0,0,0,12.7119,48.459,9.2602,160.565,16.4869,55.0332,49.1637,64.0885,5.8669
6/1/2020,353.02,0,0,0,0,0,0,0,0,0,0,0,12.7119,47.5144,9.2602,152.607,16.001,53.2416,49.1637,63.4666,5.6688
6/2/2020,342.57,0,0,0,0,0,0,0,0,0,0,0,12.7119,47.0454,9.154,149.46,15.5197,48.5692,49.1637,64.0885,5.4736
6/3/2020,334.43,0,0,0,0,0,0,0,0,0,0,0,12.2852,46.5785,8.8379,146.333,15.0433,50.3033,49.1637,64.0885,5.4736
6/4/2020,337.55,0,0,0,0,0,0,0,0,0,0,0,12.2852,46.1138,8.422,144.779,14.5717,49.1448,49.1637,63.4666,5.4736
6/5/2020,303.63,0,0,0,0,0,0,0,0,0,0,0,12.2852,45.6513,8.422,143.229,12.735,44.6089,47.3624,62.8474,5.2811
6/6/2020,273.26,0,0,0,0,0,0,0,0,0,0,0,12.2852,45.1909,8.422,140.145,12.735,38.6343,45.5731,61.6168,5.2811
6/7/2020,261.81,0,0,0,0,0,0.2,0,0,0,0,0,12.2852,44.5045,8.422,138.612,12.2885,33.9799,46.4662,61.6168,5.2811
6/8/2020,260.14,0,0,0,0,0,0,0,0,0,0,0,11.8626,44.2768,8.422,137.083,11.8472,38.1066,46.4662,61.6168,5.0915
6/9/2020,260.26,0,0,8.6,0,0,0,0,0,0,0,0,11.8626,44.0496,8.3191,135.561,11.8472,39.6976,46.4662,61.6168,5.0915
6/10/2020,245.69,0,0,0,0,0,0,0,0,0,0,0,11.8626,44.0496,8.3191,135.561,11.4112,39.6976,44.683,60.3967,5.0915
6/11/2020,251.57,0,0,0,0,0,0,0,0,0,0,0,11.8626,43.3713,8.2165,134.043,11.4112,44.0531,44.683,60.3967,5.0915
6/12/2020,242.35,0,0,0,0,0,0.4,0,0,0,0,0,11.4443,42.9219,8.1144,132.531,11.4112,40.7711,43.796,59.7906,5.0915
6/13/2020,245.21,0,0,0,0,0,0,0,0,0,0,0,11.4443,42.0296,8.1144,131.025,10.9806,37.5815,43.796,59.7906,5.0915
6/14/2020,242.14,0,0,0,0,0,0,0,0,0,0,0,11.4443,41.146,8.0126,129.524,10.9806,38.1066,42.0316,59.7906,4.9048
6/15/2020,241.18,0,0,0,0,0,0,0,0,0,0,0,11.4443,40.7075,8.0126,126.538,10.9806,37.5815,42.0316,59.1871,4.9048
6/16/2020,239.91,0,0,0,0,0,0,0,0,0,0,0,11.4443,40.2712,7.9113,125.054,10.5553,39.6976,42.0316,59.1871,4.9048
6/17/2020,237.7,0,0,0,0,0,0,0,0,0,0,0,11.0303,40.0539,7.8104,123.575,10.5553,41.3118,40.28,58.5863,4.9048
6/18/2020,235.58,0,0,0,0,0,0,0,0,0,0,0,11.0303,39.8371,7.8104,122.102,10.5553,41.855,40.28,57.2922,4.7209
6/19/2020,234.35,0,0,0,0,0,0,0,0,0,0,0,11.0303,39.8371,7.7099,120.635,10.1356,39.6976,42.0316,56.6319,4.7209
6/20/2020,230.56,0,0,0,0,0,0,0,0,0,0,0,11.0303,39.6209,7.7099,120.635,10.1356,39.6976,41.1542,55.9738,4.7209
6/21/2020,230.37,0,0,0,0,0,0,0.3,0,0,0,0,11.0303,38.7614,7.6098,119.173,10.1356,40.7711,41.1542,55.3181,4.7209
6/22/2020,219.16,0,0,0,0,0,0,0,0,0,0,0,11.0303,38.335,7.6098,119.173,10.1356,41.855,40.28,54.6647,4.7209
6/23/2020,222.13,0,0,0,0,0,0,0,0,0,0,0,11.0303,38.1226,7.5101,117.717,9.7214,42.4007,40.28,54.0135,4.54
6/24/2020,224.07,0,0,0,0,0,0,0,0,0,0,0,11.0303,37.9108,7.5101,116.267,9.7214,39.6976,40.28,53.3647,4.54
6/25/2020,218.21,0,0,0,0,0,0,0,0,0,0,0,11.0303,37.9108,7.4108,116.267,9.7214,37.059,40.28,52.7182,4.54
6/26/2020,219.03,0,0,0,0,0,0,0,0,0,0,0,10.6207,37.6995,7.312,114.822,9.3129,40.2331,38.5417,51.4322,4.54
6/27/2020,210.89,0,0,0,0,0,0,0,0,0,0,0,10.6207,37.4888,7.312,113.384,9.3129,39.1647,38.5417,50.7927,4.362
6/28/2020,220,0,0,0,0,0,0,0,0,0,0,0,10.6207,37.2786,7.2136,111.951,9.3129,37.5815,38.5417,50.1556,4.362
6/29/2020,214.58,0,0,0,0,0,0,0,0,0,0,0,10.6207,36.0291,7.2136,111.951,9.3129,38.1066,38.5417,50.1556,4.362
6/30/2020,219,0,0,0,0,0,0,0,0,0,0,0,10.6207,35.8228,7.1157,110.523,9.3129,37.5815,38.5417,49.5209,4.362
7/1/2020,217.24,0,0,0,0,0,0,0,0,0,0,0,10.6207,35.8228,7.0181,109.102,9.3129,37.5815,38.5417,49.5209,4.362
7/2/2020,217.24,0,0,0,5.4,0,0,0,0,0,0,0,10.6207,35.8228,7.0181,109.102,9.3129,37.059,38.5417,49.5209,4.1869
7/3/2020,212.19,0,16.8,0,0,0,7,2,11.5,0,0,0,10.2156,35.6171,6.921,109.102,9.3129,38.1066,40.28,49.5209,4.1869
7/4/2020,218.32,0,0,0,0,0,0,0,0,0,0,0,10.2156,35.0031,6.921,107.687,9.3129,37.5815,39.4092,48.8886,4.1869
7/5/2020,213.21,0,0,0,0,0,0,0,0,0,0,0,10.2156,34.7996,6.8243,107.687,9.3129,38.1066,37.6777,48.2587,4.1869
7/6/2020,210.28,0,0,0,0,0,0,0,0,0,0,0,9.815,34.5966,6.8243,106.277,8.9101,37.059,36.8171,47.6312,4.1869
7/7/2020,210.38,0,0,0,0,0,0,0,0,0,0,0,9.815,34.3941,6.7281,104.874,8.9101,36.5392,36.8171,47.6312,4.1869
7/8/2020,206.1,0,0,0,0,0,0,0,0,0,0,0,9.815,34.1922,6.7281,103.476,8.9101,36.5392,35.96,47.0062,3.9737
7/9/2020,205.45,0,0,0,0,0,0,0,0,0,0,0,9.815,33.9909,6.7281,102.085,8.9101,36.022,35.1065,46.3836,3.9737
7/10/2020,208.24,0,0,0,0,0,0,0,0,0,0,0,9.815,33.7901,6.6323,102.085,8.9101,36.5392,35.1065,46.3836,3.9737
7/11/2020,202.55,0,0,0,0,0,0,0,0,0,0,0,9.815,33.5899,6.6323,100.699,8.5132,35.5075,35.1065,46.3836,3.9737
7/12/2020,205.33,0,0,0,0,0,0,0,0,0,0,0,9.815,33.3903,6.5369,99.3198,8.5132,35.5075,35.1065,45.7634,3.9737
7/13/2020,202.3,0,0,0,0,0,0,0,0,0,0,0,9.815,32.9926,6.5369,99.3198,8.5132,35.5075,35.1065,45.7634,3.9737
7/14/2020,206.33,0,0,0,0,0,0,0,0,0,0,0,9.815,32.5972,6.5369,97.9464,8.5132,34.9956,34.2567,44.5306,3.9737
7/15/2020,195.49,0,0,0,0,0,0,0,0,0,0,0,9.4191,32.204,6.5369,97.9464,8.5132,32.4766,34.2567,43.918,3.9737
7/16/2020,195.45,0,0,0,0,0,0,0,0,0,0,0,9.4191,32.204,6.442,96.5792,8.1222,39.1647,34.2567,43.3078,3.9737
7/17/2020,195.38,0,0,0,0,0,0,0,0,0,0,0,9.4191,32.0082,6.442,96.5792,8.1222,34.9956,34.2567,42.7002,3.6949
7/18/2020,198.51,0,0,0,0,0,0,0,0,0,0,0,9.0278,32.0082,6.442,95.2181,8.1222,32.9749,33.4105,42.7002,3.6949
7/19/2020,186.59,0,0,0,0,0,0,0,0,0,0,0,9.0278,31.813,6.442,93.8632,8.1222,34.4864,33.4105,42.7002,3.6949
7/20/2020,186.57,0,0,0,0,0,0,0,0,0,0,0,9.0278,31.6183,6.442,93.8632,8.1222,34.4864,33.4105,42.7002,3.6949
7/21/2020,185.52,0,0,0,0,0,0,0,0,0,0,0,9.0278,31.4242,6.3475,93.8632,7.7372,34.9956,33.4105,42.0951,3.4196
7/22/2020,185.6,0,0,0,0,0,0,0,0,0,0,0,9.0278,31.2307,6.3475,92.5145,7.7372,34.4864,33.4105,41.4926,3.4196
7/23/2020,186.61,0,0,0,0,0,0,0,0,0,0,0,9.0278,30.8453,6.2535,92.5145,7.7372,33.9799,33.4105,41.4926,3.4196
7/24/2020,176.69,0,0,0,0,0,0,0,0,0,0,0,9.0278,30.6534,6.2535,91.172,7.7372,33.9799,32.5681,41.4926,3.4196
7/25/2020,176.68,0,0,0,0,0,0,0,0,0,0,0,9.0278,30.4621,6.2535,91.172,7.7372,33.9799,31.7295,40.8927,3.4196
7/26/2020,180.61,0,0,0,0,0,0,0,0,0,0,0,9.0278,30.2714,6.1599,89.8358,7.7372,34.4864,31.7295,42.7002,3.1479
7/27/2020,180.55,0,0,0,0,0,0,0,0,0,0,0,9.0278,30.0812,6.0668,89.8358,7.3583,32.9749,31.7295,47.0062,3.1479
7/28/2020,170.81,0,0,0,0,0,0,0,0,0,0,0,9.0278,29.8916,6.0668,88.506,7.3583,32.9749,31.7295,50.7927,3.1479
7/29/2020,170.81,0,0,0,0,0,0,0,0,0,0,0,9.0278,29.7025,5.9741,88.506,7.3583,32.9749,30.0639,49.5209,3.1479
7/30/2020,176.54,0,0,0,0,0,0,0,0,0,0,0,9.0278,29.326,5.9741,87.1825,7.3583,32.9749,29.2371,47.0062,3.1479
7/31/2020,168.99,0,0,0,0,0,0,0,0,0,0,0,8.6413,29.1387,5.8819,87.1825,7.3583,32.9749,29.2371,45.7634,3.1479
8/1/2020,170.06,0,0,0,0,0,0,0,0,0,0,0,8.6413,28.9518,5.7902,85.8653,6.9856,32.9749,30.0639,45.1458,2.88
8/2/2020,163.99,0,0,0,0,0,0,0,0,0,0,0,8.6413,28.7656,5.6989,85.8653,6.9856,32.9749,29.2371,44.5306,2.88
8/3/2020,166.04,0,0,0,0,0,0,0,0,0,0,0,8.6413,28.7656,5.608,84.5546,6.9856,32.4766,30.0639,42.7002,2.88
8/4/2020,165.04,0,0,0,0,0,0,0,0,0,0,0,8.6413,28.5799,5.5177,84.5546,6.9856,32.9749,29.2371,42.7002,2.88
8/5/2020,165.91,0,0,0,0,0,0,0,0,0,0,0,8.6413,28.3947,5.5177,83.2504,6.9856,35.5075,29.2371,41.4926,2.88
8/6/2020,168.96,0,0,0,0,0,0,0,0,0,0,0,8.6413,28.2101,5.4278,83.2504,6.9856,38.1066,29.2371,40.2954,2.88
8/7/2020,172,0,0,0,0,0,0,0,0,0,0,0,8.6413,28.0261,5.4278,81.9526,6.9856,38.1066,26.7816,36.7667,2.88
8/8/2020,165.11,0,0,0,0,0,0,0,0,0,0,0,8.2597,27.6598,5.3384,81.9526,6.9856,38.1066,25.9716,34.4681,2.88
8/9/2020,166.07,0,0,0,0,0,0,0,0,0,0,0,8.2597,27.4774,5.3384,81.9526,6.6193,38.1066,26.7816,33.9004,2.88
8/10/2020,163.04,0,0,0,0,0,0,0,0,0,0,0,8.2597,27.4774,5.2495,80.6614,6.6193,37.059,26.7816,33.3355,2.88
8/11/2020,160.04,0,0,0,0,0,0,0,0,0,0,0,8.2597,27.2957,5.2495,80.6614,6.6193,38.1066,25.9716,32.7733,2.88
8/12/2020,157.03,0,0,0,0,0,0,0,0,0,0,0,8.2597,27.2957,5.161,80.6614,6.6193,38.1066,26.7816,33.3355,2.88
8/13/2020,150.03,0,0,0,0,0,0,0,0,0,0,0,8.2597,27.1145,5.161,80.6614,6.6193,37.5815,25.9716,33.3355,2.88
8/14/2020,143.08,0,0,0,0,0,0,0,0,0,0,0,7.5115,27.1145,5.161,79.3767,6.2595,38.6343,25.9716,32.7733,2.88
8/15/2020,138.13,0,0,0,0,0,0,0,0,0,0,0,7.5115,27.1145,5.073,79.3767,6.2595,38.1066,25.9716,32.2141,2.88
8/16/2020,135.13,0,0,0,0,0,0,0,0,0,0,0,7.5115,26.7537,5.073,78.0987,6.2595,38.1066,25.166,32.2141,2.6162
8/17/2020,144.15,0,0,0,0,0,0,0,0,0,0,0,7.5115,26.5946,5.073,78.0987,6.2595,38.1066,25.166,32.2141,2.6162
8/18/2020,137.18,0,0,0,0,0,0,0,0,0,0,0,7.1451,26.4528,4.9855,76.8273,6.2595,37.059,24.365,31.6576,2.6162
8/19/2020,143.21,0,0,12.9,0,0,0,0,0,0,0,0,7.1451,26.0283,4.9855,76.8273,6.2595,37.5815,23.5685,30.5535,2.6162
8/20/2020,133.19,0,0,0,0,0,0,0,0,0,0,0,7.5115,26.0283,4.9855,75.5625,6.2595,37.059,23.5685,29.4609,2.6162
8/21/2020,143.13,0,0,0,0,6.2,0,9.9,0,0,0,0,7.5115,26.0283,4.9855,75.5625,6.2595,33.476,21.9898,29.4609,2.6162
8/22/2020,148.08,10.6,0,0,19.3,0,16.8,1,8.7,10.7,8.1,6.9,7.5115,26.0283,4.9855,74.3045,6.2595,34.4864,32.5681,27.8445,2.6162
8/23/2020,144.51,0,8.5,0,0,0,2,0,4.5,0.7,0,0,7.5115,26.3112,4.8985,75.5625,6.2595,36.022,27.5959,39.7006,2.3568
8/24/2020,127.46,0,0,0,0,0,0,0,0,0,0,0,7.8831,26.5946,4.8985,75.5625,5.9063,34.9956,32.5681,35.0386,2.3568
8/25/2020,135.35,0,0,0,0,0,0,0,0,0,0,0,7.8831,26.5946,4.812,75.5625,5.9063,35.5075,35.1065,40.2954,2.3568
8/26/2020,153.44,0,0,0,0,0,0,0,0,0,0,0,7.8831,26.3112,4.812,75.5625,5.9063,35.5075,32.5681,43.918,2.3568
8/27/2020,128.2,0,0,0,0,0,0,0,0,0,0,0,7.8831,25.7459,4.726,76.8273,5.9063,35.5075,28.4144,40.8927,2.3568
8/28/2020,124.66,0,0,0,0,0,0,0,0,0,0,0,7.8831,25.464,4.726,76.8273,5.9063,36.022,26.7816,35.6119,2.3568
8/29/2020,118.48,0,0,0,0,0,0,0,0,0,0,0,7.5115,25.3232,4.726,75.5625,5.9063,36.022,26.7816,33.3355,2.3568
8/30/2020,117.72,0,0,0,0,0,0,0,0,0,0,0,7.5115,25.1826,4.6405,74.3045,5.9063,37.059,25.9716,33.3355,2.3568
8/31/2020,116.48,0,0,0,0,0,0,0,0,0,0,0,7.5115,25.1826,4.6405,73.0533,5.9063,36.022,25.166,32.7733,2.1021
9/1/2020,114.31,0,0,0,0,0,0,0,0,0,0,0,7.5115,25.1826,4.6405,71.8088,5.9063,38.6343,23.5685,31.6576,2.1021
9/2/2020,113.72,0,0,0,0,0,0,0,0,0,0,0,7.1451,24.9018,4.5555,71.8088,5.9063,39.6976,23.5685,29.4609,2.1021
9/3/2020,105.54,0,0,0,0,0,0,0,0,0,0,0,7.1451,24.6215,4.5555,70.5712,5.9063,37.5815,21.9898,29.4609,2.1021
9/4/2020,130.38,0,0,0,0,0,0,0,0,0,0,0,7.1451,24.202,4.5555,69.3405,5.9063,32.4766,21.2078,27.8445,2.1021
9/5/2020,149.5,0,0,0,0,0,0,0,0,0,0,0,7.1451,24.0624,4.4709,69.3405,5.5598,30.9979,21.2078,26.7819,2.1021
9/6/2020,133.18,0,0,0,0,0,0,0,0,0,0,0,6.784,23.923,4.3869,68.1168,5.5598,29.0651,21.2078,26.2553,2.1021
9/7/2020,133.98,0,0,0,0,0,0,0,0,0,0,0,6.784,23.7837,4.3869,68.1168,5.5598,29.5441,20.4308,26.2553,2.1021
9/8/2020,122.04,0,0,0,0,0,0,0,0,0,0,0,6.784,23.7837,4.3034,66.9,5.5598,29.0651,20.4308,25.7317,2.1021
9/9/2020,94.58,0,0,0,0,0,0,0,0,0,0,0,6.784,23.7837,4.2205,65.6775,5.5598,29.5441,20.4308,25.7317,2.1021
9/10/2020,99.99,0,0,0,0,0,0,0,0,0,0,0,6.784,23.7837,4.2205,65.6775,5.5598,29.5441,19.6589,25.7317,1.8525
9/11/2020,98.16,0,0,0,0,0,0,0,0,0,0,0,6.784,23.7837,4.138,64.4022,5.5598,29.5441,18.1312,24.6941,1.8525
9/12/2020,90.89,0,0,0,0,0,0,0,0,0,0,0,6.784,23.6445,4.138,63.1353,5.5598,26.2508,18.1312,22.6572,1.8525
9/13/2020,91.85,0,0,0,0,0,0,0,0,0,0,0,6.784,23.6445,4.138,63.1353,5.2202,23.5411,17.3756,22.6572,1.8525
9/14/2020,88.2,0,0,0,0,0,0,0,0,0,0,0,6.4284,23.5055,4.0561,63.1353,5.5598,23.9853,17.3756,21.6584,1.8525
9/15/2020,88.84,0,0,0,0,0,0,0,0,0,0,0,6.4284,23.5055,4.0561,61.8768,5.2202,23.9853,15.8818,21.6584,1.8525
9/16/2020,93.66,0,0,0,0,0,0,0,0,0,0,0,6.4284,23.5055,4.0561,60.6268,5.2202,23.9853,15.8818,20.1855,1.8525
9/17/2020,90.61,0,0,0,0,0,0,0,0,0,0,0,6.4284,23.5055,3.9747,60.6268,5.2202,23.9853,15.8818,19.7014,1.8525
9/18/2020,94.29,0,0,0,0,0,0,0,0,0,0,0,6.4284,23.5055,3.9747,59.3854,4.8876,24.4325,15.8818,19.7014,1.6083
9/19/2020,86.38,0,0,0,0,0,0,0,0,0,0,0,6.4284,23.5055,3.9747,59.3854,4.8876,23.9853,15.8818,19.7014,1.6083
9/20/2020,90.89,0,0,0,0,0,0,0,3.7,0,0,0,6.4284,23.6445,4.6405,59.3854,4.8876,23.5411,15.1439,19.7014,1.6083
9/21/2020,85.09,0,0,0,0,0,0,4.6,0.5,0,0.6,0,6.4284,23.7837,4.6405,60.6268,4.8876,24.4325,15.1439,18.7438,1.6083
9/22/2020,83.25,0,0.5,0,5.3,11.2,3,1.2,0,5.8,2.9,7.8,7.5115,23.7837,4.6405,61.8768,4.8876,26.7127,16.6258,18.7438,1.6083
9/23/2020,85.89,0,2.3,0,0,5,4.6,4.7,0,9.2,7.9,0,7.5115,23.7837,4.6405,61.8768,4.5622,27.1774,18.1312,20.6731,1.6083
9/24/2020,83.09,0,0,0,0,0,0,0.3,0,1.2,0,1.5,6.784,23.923,4.5555,63.1353,4.5622,26.7127,23.5685,22.6572,1.3702
9/25/2020,88.97,0,0,0,0,0,0,0,0,0,0,0,6.784,24.0624,4.5555,64.4022,4.5622,26.2508,28.4144,28.9191,1.3702
9/26/2020,92.74,0,0,0,0,0,0,0,0,0,0,0,6.784,24.0624,4.5555,65.6775,4.5622,26.7127,25.9716,35.0386,1.3702
9/27/2020,97.55,0,0,0,0,0,0,0,0,0,0,0,6.4284,23.7837,4.4709,68.1168,4.5622,26.7127,22.7768,32.7733,1.3702
9/28/2020,101.25,0,0,0,0,0,0,0,0,0,0,0,6.4284,23.6445,4.4709,69.3405,4.2442,26.2508,21.9898,28.9191,1.3702
9/29/2020,100.44,0,0,0,0,0,0,0,0,0,0,0,6.4284,23.3666,4.4709,66.9,4.2442,25.7919,18.8923,27.3117,1.3702
9/30/2020,106.03,0,0,0,0,0,0,0,0,0,0,0,6.4284,22.8125,4.3869,65.6775,4.2442,24.8827,18.1312,23.6691,1.3702
10/1/2020,107.79,0,0,0,0,0,0,0,0,0,0,0,6.0782,22.2606,4.3034,63.1353,4.2442,24.4325,16.6258,22.6572,1.3702
10/2/2020,104.88,0,0,0,0,0,0,0,0,0,0,0,6.0782,21.711,4.3034,61.8768,4.2442,23.9853,15.8818,20.6731,1.3702
10/3/2020,102,0,0,0,0,0,0,0,0,0,0,0,6.0782,21.3002,4.2205,60.6268,4.2442,23.9853,15.8818,19.7014,1.3702
10/4/2020,95.49,0,0,0,0,0,0,0,0,0,0,0,6.0782,21.3002,4.2205,58.1525,3.9337,24.8827,15.1439,19.7014,1.3702
10/5/2020,96.1,0,0,0,0,0,0,0,0,0,0,0,6.0782,21.1636,4.2205,56.9282,3.9337,24.8827,15.8818,18.7438,1.1388
10/6/2020,100.04,0,0,0,0,0,0,0,0,0,0,0,5.7338,21.1636,4.138,55.7127,3.9337,23.9853,13.6872,19.7014,1.1388
10/7/2020,91.12,0,0,0,0,0,0,0,0,0,0,0,5.7338,21.0272,4.138,54.5059,3.631,24.8827,11.5528,17.3341,1.1388
10/8/2020,102.07,0,0,0,0,0,6.9,0,0,0,1.4,0,5.7338,20.8908,4.138,54.5059,3.631,24.4325,15.8818,14.6153,1.1388
10/9/2020,98.04,0,0,0,0,0,0,0,0,0,0,0,5.7338,20.7547,4.0561,53.308,3.631,20.0963,15.8818,19.7014,1.1388
10/10/2020,103.15,0,0,0,0,0,0.3,0,0,2.7,0,0,5.7338,20.6187,3.9747,52.119,3.631,14.1853,15.8818,19.7014,1.1388
10/11/2020,99.5,0,0,0,0,0,0,0,1,0,0,0,5.7338,20.6187,3.9747,52.119,3.631,16.8519,15.8818,19.7014,1.3702
10/12/2020,98.02,48.2,6,0,0,0,0,0,0,0.1,0.8,13.7,6.0782,20.4828,3.8938,52.119,3.631,14.9303,15.1439,19.7014,1.3702
10/13/2020,101.35,0,0,0,0,0,0,0,0,0,0,0,6.0782,20.4828,3.8134,50.939,3.631,13.4541,18.1312,18.7438,1.3702
10/14/2020,105.84,0,0,0,14.9,0,0,15,0,0,0,2.3,6.0782,20.0761,3.8134,49.768,3.3363,13.0938,16.6258,22.6572,1.3702
10/15/2020,105.27,0,3.5,6.8,0,58.2,4.8,3,2.2,3.3,19.4,18.3,6.784,20.2115,10.1233,50.939,3.9337,14.5561,28.4144,20.6731,1.6083
10/16/2020,109.93,0,0,0,26.8,0,0,0,0,0,0,0,6.784,21.1636,8.7334,52.119,3.9337,15.3079,23.5685,34.4681,1.6083
10/17/2020,109.52,12.8,35.3,5.8,0,0,0,0,9.6,5.9,1,23.1,6.784,21.437,7.0181,54.5059,3.9337,14.5561,28.4144,30.0057,1.6083
10/18/2020,121.17,0,0,0,3.2,0,0,0,0,0,0,0,6.784,22.3984,5.6989,55.7127,3.9337,14.9303,20.4308,35.0386,2.88
10/19/2020,122.48,0,14.2,0,4.8,0,0,0,0,0,0,0,6.784,23.0893,4.8985,54.5059,3.9337,15.3079,18.8923,26.2553,2.88
10/20/2020,136.66,0,13.9,0,18.9,8.2,4.8,0.3,0,3.7,0,11,7.1451,23.0893,4.6405,54.5059,3.9337,14.9303,18.1312,23.6691,2.3568
10/21/2020,132.53,8,11.3,9.6,0,18.2,3,15,16.5,2.3,21.4,26,7.1451,23.0893,6.7281,54.5059,4.2442,16.4609,26.7816,22.6572,3.1479
10/22/2020,138.12,0,0,4.3,0,28.4,0,0,3.8,0,0,1.6,7.8831,23.0893,7.312,52.119,5.5598,20.5161,20.4308,32.7733,4.1869
10/23/2020,144.92,0,5.9,0,0,12,2.7,0,0,0,0,2,7.8831,26.0283,6.7281,52.119,5.2202,19.6796,20.4308,26.2553,3.9737
10/24/2020,145.16,0,0,0,23.8,58.2,0,0,0,0,0,0,7.8831,30.0812,5.8819,54.5059,5.2202,18.8556,20.4308,25.7317,3.4196
10/25/2020,153.02,29.2,30.5,6.9,0,0,30.2,15.7,19.3,42.2,16.6,8,8.2597,27.2957,11.4632,69.3405,6.9856,24.8827,34.2567,25.7317,5.2811
10/26/2020,172.59,12,34.6,12.8,32.7,18.3,7.6,3.5,5.6,14.4,6.7,8.4,8.2597,25.464,11.2362,89.8358,8.1222,28.1156,41.1542,41.4926,6.2714
10/27/2020,190.67,8,0,25.4,0,0,0,0,0,0,0,0,7.8831,25.7459,6.5369,87.1825,5.9063,21.3651,72.5863,50.7927,7.9986
10/28/2020,202.54,0,0,12.9,0,0,0,0,0,0,0,0,7.8831,25.887,6.0668,87.1825,7.3583,26.2508,66.8225,88.1932,10.395
10/29/2020,195.69,0,5.5,18.8,0,0,0,5.3,0,0,0,0,7.5115,26.1697,5.608,87.1825,7.3583,25.7919,44.683,83.9466,13.044
10/30/2020,202.02,0,8.4,44.2,5.8,22.3,0,0,0,4.4,18.2,0,6.784,26.9338,5.3384,89.8358,6.9856,24.8827,35.1065,57.2922,22.0691
10/31/2020,255.33,67.4,38.2,5.8,4.176190476,0,17.6,45.7,24.4,25.2,32.8,29,6.4284,28.7656,5.161,100.699,8.9101,31.488,39.4092,44.5306,15.6359
11/1/2020,271.66,8,0,9.1,0,0,0,0,0,0,0,0,6.784,29.326,5.8819,106.277,10.9806,38.1066,50.9766,48.8886,18.4181
11/2/2020,246.58,0,0,0,0,0,0,0,0,0,0,0,6.784,26.9338,5.2495,111.951,8.9101,31.488,61.1447,62.8474,14.1721
11/3/2020,241.3,1,0,0,20,0,0,0,0,0,0,0,6.784,26.1697,4.9855,120.635,8.1222,28.5889,47.3624,75.7264,10.905
11/4/2020,241.26,21.6,17.8,6.1,0,6.2,29.4,37.3,39.9,16,26,7.3,7.1451,25.6049,5.3384,128.028,10.5553,37.059,60.2072,60.3967,9.4055
11/5/2020,271.35,0,0.5,0,0,0,0,0,0,0,0,0,7.1451,24.9018,5.161,128.028,10.5553,36.022,57.4099,74.3921,9.4055
11/6/2020,266.26,0,0,0,0,0,0,0,0,0,0,0,7.8831,24.0624,4.812,126.538,9.3129,32.9749,57.4099,71.7541,8.4572
11/7/2020,242.19,0,0,0,0,0,0,0,0,0,0,0,7.8831,23.6445,4.726,122.102,8.9101,30.9979,41.1542,71.7541,7.5507
11/8/2020,227.77,0,0,4.6,19.8,0,0,0,0,0,0,0,8.6413,23.923,4.726,122.102,7.7372,27.1774,34.2567,52.7182,6.8988
11/9/2020,211.39,0,0,0,0,0,0,12.3,1.6,20.7,2.9,0,8.6413,24.6215,4.6405,122.102,7.7372,26.7127,30.8947,43.3078,7.1134
11/10/2020,203.29,0,4.2,0,0,2,6.2,1.7,0,36,1.8,0,9.4191,25.6049,5.3384,116.267,10.1356,34.4864,49.1637,39.1085,6.2714
11/11/2020,195.81,19.4,0,0,9.3,0,10.1,0,11.3,0.2,1.6,7.8,10.2156,24.6215,5.5177,114.822,10.5553,36.022,77.452,59.7906,5.4736
11/12/2020,206.93,6,1,0,0,9.2,10.5,2.1,4.4,46,0,5,10.2156,23.6445,5.8819,110.523,12.735,42.949,55.5582,94.732,4.54
11/13/2020,214.24,38.2,19.8,0,17.8,0,3.1,15,2,0.9,10.8,32,20.0669,22.5363,6.2535,110.523,15.0433,50.8861,55.5582,71.1011,3.6949
11/14/2020,244.75,1,5,12.8,0,14.2,5,9,2.9,54.8,10.9,69.6,71.1456,33.3903,13.0921,113.384,17.473,58.6798,141.745,69.1574,7.9986
11/15/2020,275.92,16,0.4,3.6,0,0,15,3.1,3.1,0.2,0,0,16.0405,70.0004,8.7334,113.384,17.473,58.0662,123.464,169.939,14.1721
11/16/2020,284.04,0,0,5.4,0,0,15.6,1,2.4,6.6,0,0,11.8626,69.1578,5.608,114.822,17.473,59.2957,142.834,155.955,10.905
11/17/2020,313.56,18.6,0,0,12.3,0,0,2,1,26,0,1.8,13.3598,63.3933,5.3384,119.173,16.4869,55.6351,96.4193,176.641,8.4572
11/18/2020,382.82,34,0,4.1,0,22,30,7.5,21.4,13.9,0,2.7,14.2378,53.5602,8.9429,119.173,15.0433,50.8861,141.745,124.534,15.9357
11/19/2020,418.09,0,0,18.9,0,16.4,12.1,3.1,17.4,14.6,0,13.9,13.7968,47.5144,6.7281,119.173,16.4869,55.6351,138.487,173.755,13.3224
11/20/2020,415.09,0,0.5,0,0,0,0,0,2.3,3.1,1.3,0,12.7119,44.5045,5.608,117.717,14.105,48.5692,94.389,173.755,11.4249
11/21/2020,393.11,0,0,0,0,0,0,0,0,0,0,0,10.2156,42.698,5.2495,114.822,15.0433,50.8861,74.5259,121.232,14.1721
11/22/2020,370.75,0,2.2,0,0,0,0,0,0,0,0,0,8.6413,40.9265,4.9855,114.822,16.4869,55.0332,61.1447,94.732,11.4249
11/23/2020,356.85,0,0,0,0,4.2,0,0,0,0.2,0,11.5,9.0278,39.4052,5.5177,111.951,15.5197,52.0591,51.8873,77.7471,8.4572
11/24/2020,325.81,0,0.4,9.8,0,0,0,13,0,2,38.2,42.9,14.2378,38.335,5.8819,110.523,14.5717,49.7228,47.3624,65.3401,5.8669
11/25/2020,296.82,0,0,0,0,6.2,0,0,0,0,0.1,0,10.6207,37.069,5.161,110.523,14.5717,49.1448,52.8009,59.7906,4.54
11/26/2020,257.24,0,3.5,0,0,0,0,0,0,0,0,0,8.2597,34.3941,4.8985,110.523,13.6433,46.8571,46.4662,65.3401,3.6949
11/27/2020,247.29,0,0,0,0,0,0,0,0,0,0,0,8.2597,30.6534,4.726,106.277,12.735,42.949,41.1542,58.5863,3.4196
11/28/2020,255.62,0,0,0,0,0,0,0,0,0,0,0,7.5115,27.2957,4.6405,104.874,12.735,44.0531,38.5417,52.074,2.88
11/29/2020,257.1,0,0,0,0,0,4.2,0,0,0,0,0,7.1451,24.0624,4.4709,103.476,12.735,44.0531,35.1065,48.2587,2.88
11/30/2020,230.35,0,0,0,0,0,0,0,0,0,0,0,6.784,23.3666,4.3034,103.476,12.2885,42.4007,32.5681,43.918,2.3568
12/1/2020,221.26,0,0,0,0,6.2,0,3.7,1.6,6.7,31.6,29.2,14.2378,44.2768,4.4709,103.476,11.8472,41.3118,30.8947,40.8927,2.3568
12/2/2020,207.03,0,0,0,10.2,24.2,0,0,0,0,3.3,25.3,65.5981,48.6965,7.4108,109.102,11.8472,40.7711,34.2567,38.5191,2.3568
12/3/2020,202.45,0,0,6.8,0,14.3,0,0.8,4.5,0,0.2,7.2,17.6672,56.0728,13.45,119.173,11.8472,41.3118,88.3446,42.7002,11.9548
12/4/2020,215.62,8,9.5,31.2,0,0,14.3,0,1,3.9,0,9.4,16.9646,59.9424,11.9215,120.635,14.5717,49.1448,93.3768,106.076,10.6487
12/5/2020,219.52,0,0,0,0,0,0,0,19.5,19.7,0,0,15.1315,70.0004,9.581,128.028,13.1866,45.1672,76.4744,116.352,10.395
12/6/2020,281.58,0,0,0,17.3,18.2,0,3.8,0.3,6.1,11.2,4.4,11.8626,86.5982,6.3475,135.561,14.5717,49.1448,65.8701,96.9564,9.8952
12/7/2020,340.55,31.6,1.9,0,7.9,0.4,6.3,2.8,10.3,8.6,0,14.7,52.3132,101.122,8.6292,138.612,18.4774,43.4998,63.0275,83.2476,11.4249
12/8/2020,358.63,6.4,2.1,8.6,0,14.3,9,15.7,8.2,30.1,7.9,34.4,63.2119,122.111,7.1157,154.188,24.872,58.6798,70.6557,79.107,11.9548
12/9/2020,355.85,1,12.3,5.8,0,5.2,77.5,8.6,2.6,17.5,24.3,51.7,23.3129,144.934,6.7281,163.784,29.4644,59.914,107.718,87.4791,11.4249
12/10/2020,441.48,8.2,8.2,6.1,6.4,4,0.3,3,0.2,23.1,29.6,28.2,39.3387,154.572,6.442,209.18,34.9237,66.8649,246.078,131.252,11.1637
12/11/2020,478.49,19.4,35.5,15.9,0,6.3,7.5,20.8,7.8,4.1,1,1.5,24.0814,136.354,9.2602,237.701,31.8535,68.1579,215.294,296.29,13.6033
12/12/2020,608.77,4,10.5,25.8,0,8,33.2,2.8,35.5,0.4,4.1,2.7,17.1979,123.575,8.6292,274.947,29.4644,70.1141,167.148,271.411,13.6033
12/13/2020,710.61,0,16.8,0,0,42.2,0,2.7,13.7,1.1,2.5,16.8,19.58,109.99,16.4218,298.109,28.2927,71.4293,145.016,212.863,21.726
12/14/2020,743.92,0,0,31.9,0,0,0,0,0,12.6,0,0,17.6672,100.121,12.5024,288.386,25.9963,74.0858,139.572,182.475,15.6359
12/15/2020,712.76,0,0,28.6,0,0,0,0,0,0,0,0,14.6827,93.5674,9.0483,274.947,21.5977,69.4598,94.389,174.715,9.4055
12/16/2020,687.07,0,0,8.34,0,0,0,0,0,0,0,0,13.3598,78.0935,7.8104,261.715,17.9729,46.2913,81.3837,121.232,5.6688
12/17/2020,661.44,0,0,35.9,3.7,0,0,0,0,0,0,0,12.7119,66.1091,7.5101,248.693,16.4869,53.8364,66.8225,102.997,10.395
12/18/2020,586.4,37.2,0,18.9,11.2,0,31.1,57.7,28.7,4.6,1.9,0,12.2852,61.7894,7.2136,246.85,13.6433,58.6798,86.3456,84.6481,31.7488
12/19/2020,538.33,24,19.6,8.5,6.4,0,14,36.6,10.9,38.3,0,12,18.6166,59.1589,6.921,263.592,17.473,59.914,154.907,106.076,23.8176
12/20/2020,485.33,0,44.7,10.3,0,12.2,22.2,12.9,3.8,0,17.6,32.4,15.1315,56.5818,13.6903,294.208,27.7127,64.3056,133.087,188.391,15.6359
12/21/2020,424.9,0,0,0,0,8,0,0,0,1.8,0,0,13.3598,51.3448,13.811,325.876,25.9963,70.1141,99.4788,168.044,35.4304
12/22/2020,391.32,11.3,3,0,0,0,0,13.8,24.3,45,1.6,0,12.7119,52.0784,11.4632,352.356,24.872,80.1893,109.795,127.036,72.8246
12/23/2020,421.68,9.5,43.6,38.9,7.2,2,9.5,2.8,15,3.6,0,0,12.2852,58.3801,9.154,338.016,25.9963,120.228,98.4571,136.391,60.8822
12/24/2020,550,11.1,0,23.6,60.1,10.4,0,2.5,5.8,25.5,19.1,0,14.2378,62.3219,8.8379,331.928,31.8535,151.464,268.894,123.705,107.74
12/25/2020,817.6,22.2,11.3,31.8,17.8,42,0,85.7,33.3,20.2,10,16.5,28.0283,79.2833,11.5772,356.488,55.0107,95.0925,264.714,322.106,191.871
12/26/2020,963.71,2.6,0.6,9.4,5.3,63.2,12.1,13.9,8.6,37.1,47,33.2,61.8598,103.475,32.7092,377.378,85.5723,102.015,180.684,330.918,115.114
12/27/2020,1009.12,0.8,0,0,0,8.2,9.2,0.7,1.7,14.8,1.3,0,24.0814,128.018,29.6035,405.095,122.19,82.2622,186.377,232.058,55.7478
12/28/2020,1009.8,0,5.7,0,0,5,3.1,0.3,1,3.3,8.7,3.5,18.6166,139.834,20.3926,429.032,97.8998,77.4552,140.658,232.058,51.2873
12/29/2020,1044.81,0,0,12.9,0,2,0,1,0,0,1.3,42.5,31.5834,131.021,9.154,440.057,59.5377,86.4646,149.398,179.548,44.6562
12/30/2020,1028.69,0,0,18.6,0,10.4,0,0,0,0,0,0,17.6672,122.111,8.8379,444.492,36.8093,85.0554,132.012,186.41,39.7141
12/31/2020,1047.89,0,0,9.8,0,0,0,0,0,0,0,0,16.0405,111.385,10.3429,437.845,21.0667,80.1893,94.389,166.159,44.1971
1/1/2021,911.87,0,0,8.1,0,8.7,0,0,0,0,0,0,21.0248,101.792,10.0141,408.823,22.967,84.354,78.7687,121.232,49.1795
1/2/2021,903.37,4.7,0,0,0,0,12.2,9.9,5,0,1.7,32.7,28.8196,94.5373,12.5024,381.397,23.5877,85.0554,101.733,101.472,44.6561
1/3/2021,838.02,12.7,0,0,23.9,6.2,23.4,3.5,20,4.1,0,0,26.0266,90.686,10.7866,322.398,32.2758,116.833,215.984,125.366,41.4673
1/4/2021,802.67,22.6,2.5,14.6,19.2,8.2,8.6,25.5,19,5,5.1,11.8,26.7767,87.8466,13.211,295.041,28.1246,102.015,266.613,267.934,37.9841
1/5/2021,768.67,0,3,0,0,0,4,4.9,6.5,6.7,1,0,25.5314,82.2946,15.6612,289.277,26.7943,98.0341,203.353,335.999,34.2463
1/6/2021,759.14,0,0,0,0,5,0,0,0,0,0,18.8,25.0402,79.8814,17.7147,285.455,24.8498,90.0237,164.234,265.627,31.3589
1/7/2021,745.39,0,0,0,11.3,6.2,27.5,9.5,0,2.3,0,5,19.0173,78.0935,18.9049,274.082,22.3532,81.5691,107.507,209.734,28.223
1/8/2021,775.7,48.3,21.7,6.8,0,16.4,0.4,42.1,71.7,3.3,10,4.6,19.8993,76.912,18.6383,240.84,25.4912,93.6341,152.182,138.122,25.4579
1/9/2021,756.95,2,6.5,12.2,40,0,0,9.6,0.2,1.8,7.7,0,19.4562,75.4471,16.6778,235.431,35.9161,128.875,220.223,185.423,20.5174
1/10/2021,768.5,14.2,14.4,0,0,3,0,1.4,0.7,0.6,0.1,5.8,35.0328,76.912,15.9134,231.846,33.7124,121.939,134.401,277.249,17.2076
1/11/2021,818.89,13.6,19.7,0,0,5.1,10.7,0,0.2,6.1,1.4,1.2,25.0402,77.2066,15.5355,228.278,26.7943,97.2953,156.183,172.798,15.7689
1/12/2021,795.2,15,16,0,12.4,0,45.2,3,8.2,0,15.9,0,18.5825,76.618,15.4102,226.501,27.4561,99.6193,172.353,193.383,13.6517
1/13/2021,747.35,16.8,0.7,0,16.9,10.2,0,7.5,19,2.5,4.9,1.3,37.3097,80.4815,15.1605,242.652,27.4561,98.8255,129.529,216.012,12.6128
1/14/2021,760.31,5,0,0,7.9,8.3,0,0,4.8,1.5,4.8,56.2,79.953,102.127,14.9122,249.94,24.8498,90.7417,136.359,162.416,12.2696
1/15/2021,849.59,0,0.5,0,4.3,6.4,0,0.9,1.3,0,1.5,0,28.3031,128.392,14.7885,270.323,25.4912,92.908,107.507,167.101,12.2696
1/16/2021,833.78,27.4,7.2,0,4.9,1.5,0,0,13.7,38.5,45.1,8,25.5314,150.521,13.932,314.505,24.8498,91.4617,116.981,135.528,11.928
1/17/2021,920.81,0,0,0,11.2,2.6,0,0,0,0.4,0,1,41.4353,150.924,12.8551,320.419,22.967,82.9573,93.8449,143.374,11.5881
1/18/2021,1055.93,0,12.1,0,0,0,0,0,0,0.1,17.1,9.8,25.0402,122.842,11.6916,352.531,19.3897,70.7706,91.6334,119.596,14.3518
1/19/2021,1094.35,0,0,34.3,0,0,0,0,0,0,0,0,19.4562,114.555,11.1233,342.394,16.6046,61.1573,79.8139,115.547,23.1557
1/20/2021,1037.33,0,0,18.6,0,0,0,0,0,0,0,0,17.7253,105.854,10.564,332.35,17.1471,62.4098,70.5878,102.233,21.6416
1/21/2021,975.76,0,0,12.9,0,0,0,0,0,0,0,0,16.2656,89.1033,9.4737,308.626,16.6046,61.1573,66.6196,91.0744,19.4034
1/22/2021,866.5,0,0,0,0,0,0,0,0,0,0,0,15.8581,73.7065,9.0483,283.549,15.5416,56.846,63.698,86.0586,17.5705
1/23/2021,730.94,0,0,0,0,0,0,0,0,0,0,0,15.8581,65.0164,8.5254,274.082,14.0026,50.8861,60.8239,82.5512,15.0575
1/24/2021,582.33,0,0,0,0,0,0.2,0,0,0,0,0,15.0559,58.6392,8.3191,215.927,13.0142,47.9961,58.9345,79.107,13.3039
1/25/2021,539.74,0,0,0,0,0,0,0,0,0,0,0,14.6612,55.566,8.2165,171.978,13.0142,47.4254,57.9978,76.3974,16.1266
1/26/2021,503.63,0,0,0,0,0,0,0,0,0,0,0,14.2709,53.809,8.0126,136.024,12.5314,45.7281,55.2205,75.0579,15.0575
1/27/2021,431.87,0,0,0,0,0,0,0,0,0.9,0,0,13.8849,50.8584,7.9113,127.926,12.5314,45.7281,54.3056,71.7541,14.7039
1/28/2021,393.91,0,0,0,0,0,0,0,0,0,0,0,12.9391,47.2796,7.8104,124.744,12.0563,44.6089,52.4925,70.4506,14.3518
1/29/2021,346.98,0,0,0,0,0,0,0,0,0,0,0,12.2023,45.4208,7.6098,121.596,12.0563,44.0531,48.9332,68.5147,12.9576
1/30/2021,331.02,0,0,0,0,0,0,0,0,0,0,0,12.2023,43.823,7.5101,118.48,11.5888,42.949,48.9332,64.0885,12.6128
1/31/2021,318.04,0,0,0,0,0,0.5,0,0,0,0,0,12.2023,42.4746,7.4108,115.398,11.5888,42.4007,48.0575,63.4666,12.2696
2/1/2021,319.04,0,0,0,0,0,0,0,0,0,0,0,12.2023,49.8922,7.0181,113.87,11.1292,39.6976,45.4647,62.8474,11.928
2/2/2021,306.04,0,0,0,0,0,0,0,0,1.3,2,9.5,14.2709,68.5987,7.0181,109.335,11.1292,40.7711,46.3232,59.1871,11.5881
2/3/2021,300.06,0,0,0,0,0,3.4,0.4,2.4,0,0,0,13.5033,82.5986,6.8243,109.335,11.1292,39.6976,45.4647,60.3967,10.9131
2/4/2021,320.04,0,0,0,0,0,0,2,0,24.9,6.2,0,12.9391,87.5337,6.8243,109.335,10.6773,38.1066,46.3232,59.1871,10.9131
2/5/2021,299.06,0,10.5,0,40.4,0,0,4.1,13.3,0.2,25.2,0,13.5033,95.1864,6.8243,110.838,10.6773,38.1066,58.9345,60.3967,10.245
2/6/2021,357,35,14.8,0,52.9,0,40,30.3,22.3,29.2,35.5,18.4,15.4548,103.137,6.7281,112.35,13.0142,47.9961,64.6666,75.0579,10.245
2/7/2021,546.81,67.6,52.5,0,32.8,0,7,45,31.5,20.9,42.3,16.2,17.303,131.777,6.6323,112.35,18.254,66.8649,168.285,83.2476,9.5841
2/8/2021,918.5,23.8,28.5,0,0,18.3,5,33.4,75.5,21.7,12.8,4.3,14.6612,127.645,10.0141,115.398,35.175,125.389,193.964,203.535,9.5841
2/9/2021,1236.44,3,1.6,12.1,0,42,7,0.4,0,1.9,24.5,9.6,18.5825,111.736,19.0386,116.935,34.4404,123.66,105.184,245.25,9.2565
2/10/2021,1315.19,9.2,3.2,8.9,0,5.2,25,43.4,7.3,5.5,0.5,0,15.8581,99.4563,17.584,118.48,25.4912,92.908,129.529,138.122,9.5841
2/11/2021,1095.38,0,4.5,25.5,0,4.1,43,4.1,30,2.5,0,0,13.3141,90.0514,16.2942,123.166,19.9682,74.0858,115.781,156.871,9.9136
2/12/2021,1008.58,31.4,0.8,0,30,28.2,47.4,30.2,0.8,30.8,23.3,26.9,19.0173,96.8183,13.932,123.166,33.7124,121.083,152.182,143.374,9.9136
2/13/2021,1045.5,0,0,0,13.2,4.2,28.6,0,5.5,0.8,4.9,6.7,16.2656,127.645,10.564,124.744,30.1703,109.33,125.504,186.41,9.5841
2/14/2021,1079.69,1.2,3,0,0,0,0.6,0.3,0,1.1,28.9,4.5,16.2656,140.224,10.1233,126.331,38.1779,135.954,196.044,155.041,9.5841
2/15/2021,1099.98,32,13.3,0,0,0,0,1.4,0,24.9,10.6,8.4,17.7253,144.539,9.9052,129.529,38.1779,136.848,181.562,244.139,8.9307
2/16/2021,1193.96,0,0,0,3.4,0,0,0,0,0,0,0,14.6612,122.842,8.9429,129.529,30.8655,110.981,158.189,230.973,7.9655
2/17/2021,1253.61,75,0,0,0,8.2,0,0,9.7,0,0,0,13.3141,112.086,9.4737,137.668,25.4912,92.908,115.781,199.447,7.648
2/18/2021,1252.61,15.4,9,0,0,6.4,24.3,8,11.3,12.1,0,3.7,18.1518,102.464,11.0107,142.649,23.5877,87.1723,123.047,146.031,7.648
2/19/2021,1266.5,2,12,0,34.1,2.2,0,28.7,14.9,22,7.2,8.1,19.4562,93.2452,13.45,144.325,30.8655,110.981,201.26,149.607,7.0195
2/20/2021,1330.2,0,0,0,0,3.6,0,44,0.2,136.4,0,0,17.303,87.2214,14.5421,154.553,46.8777,171.481,178.484,250.84,6.7087
2/21/2021,1212.65,0,9,0,0,5.1,0,18.3,53.1,5.5,13.1,2,15.0559,90.686,15.7871,173.61,46.8777,172.458,127.588,227.731,9.9136
2/22/2021,1212.65,32.8,0,18.9,0,10.4,0,34.8,15.5,1.3,0,3.5,13.8849,100.121,16.9352,219.434,54.5635,214.255,213.87,159.633,8.9307
2/23/2021,1250.58,0,1,12.8,0,0,0,28.5,15,7.1,2.3,0,12.9391,110.338,17.1938,235.431,49.2499,187.353,185.681,266.779,8.2852
2/24/2021,1233.18,2,0,0,0,0,19.4,8.3,0,0,0,0,12.9391,114.555,17.0643,255.449,40.4972,144.086,153.181,238.615,8.9307
2/25/2021,1194.92,0,0,31.6,13,0,2.1,1.4,0,9.3,0,0,12.5685,94.2135,17.0643,277.857,35.175,125.389,130.501,193.383,11.5881
2/26/2021,1122.58,0,0,35.5,0,0,0,0,33.4,0.9,0,18.4,24.5528,85.3582,17.0643,281.648,27.4561,100.415,108.675,161.486,13.3039
2/27/2021,1163.43,19.2,14.2,49.5,3.4,4.1,0,68.9,0,75.4,14.3,109.3,99.2446,122.111,16.9352,279.75,31.5674,114.311,101.733,136.391,24.3022
2/28/2021,1181.87,22.8,3.9,12.8,0,12.2,0,4.5,7.5,4.1,1.6,48.3,41.4353,131.777,17.3236,279.75,38.9446,138.645,124.273,127.036,82.0022
3/1/2021,1030.41,0,0,0,0,3.5,0,1.7,0.8,2.4,0,0,21.9436,157.027,18.1087,281.648,47.35,175.399,98.3246,149.607,36.4721
3/2/2021,915.04,0,0,0,4.2,1.2,0,0,0,0,0,0,20.3464,170.424,18.3729,277.857,46.8777,172.458,86.1882,124.534,25.4579
3/3/2021,907.74,0,0,13.9,0,10.6,0,0,0,0,0,0,17.0934,146.918,18.3729,281.648,42.8736,151.464,78.7687,109.979,22.3965
3/4/2021,895.61,0,0,8.5,0,4.2,0,0,0,0,0,0,15.4548,111.036,18.3729,296.97,32.9908,119.376,73.6178,100.713,20.1449
3/5/2021,775.7,0,0,6.7,0,7.1,3.2,0,0,0,0,0,15.4548,86.2874,18.5054,300.84,27.4561,100.415,68.5934,94.732,19.4034
3/6/2021,665.44,2,1.1,0,34.6,1.5,0,22,0,7.1,1.6,8.5,16.2656,130.267,18.6383,300.84,25.4912,92.908,66.6196,88.9097,18.3
3/7/2021,588.6,8.6,6.5,16.8,50,2.1,20.2,9,11,14.6,29,15,21.9436,183.005,18.6383,300.84,26.7943,98.0341,81.9191,86.0586,17.2076
3/8/2021,568.29,9,8.1,12.4,25,0,35.4,34.1,37.2,33.2,71.7,12.6,26.0266,241.961,18.7714,302.78,45.0001,160.879,165.246,102.997,49.5986
3/9/2021,587.6,0,5.2,35.6,0,0,4.2,0,3.3,0.1,0,7.6,25.5314,225.12,19.0386,304.725,50.2064,193.44,131.474,200.466,86.0717
3/10/2021,781.11,0,5.7,31.1,0,3.1,12.5,0,6.4,7.2,0,13.4,22.409,210.392,19.1727,306.673,51.6493,201.67,129.529,164.283,56.478
3/11/2021,917.29,0,0,0,0,0,0,0,0,0.1,0,4.6,25.0402,192.953,19.307,308.626,52.1324,204.789,125.504,158.71,38.7485
3/12/2021,968.11,0,0,0,0,0,0,0,0,0,0,0,18.1518,180.663,19.4417,310.582,46.4066,169.535,101.733,153.221,20.5174
3/13/2021,969.04,0,0,11.6,0,11.2,0,0,0,0,2.5,1.6,18.5825,159.963,19.0386,314.505,40.4972,144.086,81.9191,128.715,15.0575
3/14/2021,871.96,0,0,13.9,0,0,1.7,0,0,3,0,12,19.4562,143.055,18.7714,316.473,29.4817,107.688,75.6631,105.302,11.5881
3/15/2021,793.11,0,0,0,0,0,0,0,0,0,0,0,17.303,132.662,18.5054,318.444,28.1246,102.015,81.9191,96.9564,11.2497
3/16/2021,676.33,0,0,0,0,0,0,0,0,0,0,0,14.6612,126.059,18.2406,312.542,26.7943,97.2953,69.588,103.763,11.2497
3/17/2021,618.23,0,0,0,0,0,0,0,0,0.9,0,0,14.0773,111.539,17.9771,306.673,25.4912,93.6341,66.6196,90.3503,10.9131
3/18/2021,578.22,0,0,0,0,2.1,0,0,0,0,0,0,14.2709,101.809,17.7147,302.78,21.7464,78.818,62.7347,86.0586,10.9131
3/19/2021,539.33,0,0,0,0,0,0,0,0,0,0,0,15.0559,93.2478,17.584,298.903,18.8182,68.8078,64.6666,81.1659,10.5782
3/20/2021,485.91,0,0,0,0,0,0,0,0,0,0,0,14.2709,91.2551,16.6778,295.041,18.254,66.2217,65.6405,83.2476,10.245
3/21/2021,459.65,0,0,6,0,0,0,0,0,0,0,4.2,13.6935,90.463,15.0362,291.195,17.1471,63.6714,66.6196,84.6481,10.245
3/22/2021,420.67,0,0,0,0,0,0,0,0,0,0,0,13.6935,88.4952,14.6652,287.364,16.6046,60.5345,58.9345,86.0586,9.5841
3/23/2021,401.22,0,0,3.7,0,0,0,0,0,0,0,0,13.126,81.5595,14.1751,279.75,16.0694,59.914,57.0666,77.071,12.2696
3/24/2021,400.11,0,0,0,0,0,0,0,0,0,0,0,12.5685,80.4263,13.811,248.111,15.5416,56.846,55.2205,74.3921,11.2497
3/25/2021,381.87,0,0.6,0,0,6.2,0,0,0,0,0,0,12.0209,79.6744,13.3303,242.652,15.0211,55.6351,53.3963,71.7541,10.5782
3/26/2021,381.8,0,0,0,0,0,47.9,0,3.8,0,0,0,11.4834,78.9255,12.3855,233.636,15.0211,55.0332,57.0666,69.8027,9.9136
3/27/2021,342.89,0,0,18.6,0,1.4,0,0,0,0.7,0,0,11.4834,77.8076,12.1528,228.278,14.5081,52.6491,54.3056,73.7287,9.5841
3/28/2021,304,0,0,0,0,0,5.4,0,0,0,0,0,11.4834,78.1795,11.6916,222.959,12.0563,44.6089,54.3056,71.1011,8.9307
3/29/2021,284.56,0,0,0,0,0,0,0,0,2.8,0,1.9,13.6935,79.6744,11.3495,205.512,11.5888,41.855,63.698,70.4506,8.607
3/30/2021,284.56,0,0,23.4,0,0,24.5,0,8,0,0,0,13.126,77.8076,11.3495,200.365,10.6773,38.1066,61.7766,81.8573,8.607
3/31/2021,265.11,0,0,0,0,0,0,0,0,0.1,0,24.1,14.0773,72.6777,11.2362,195.258,10.2333,37.5815,57.9978,79.7908,8.607
4/1/2021,273.15,0,0,0,0,8.2,0,0,0,0,0,0,11.6614,71.2386,11.2362,186.839,11.1292,39.6976,57.9978,75.7264,8.2852
4/2/2021,292.64,0,12.7,0,0,0,0,0,0,0,0,0,11.1307,70.8806,11.1233,186.839,10.2333,37.5815,54.3056,75.0579,8.2852
4/3/2021,292.74,0,1.1,0,0,0,0,0,0,0,0,0,10.9561,70.5234,11.1233,185.169,11.1292,40.7711,51.5942,71.1011,7.9655
4/4/2021,291.69,0,0,12.2,0,8.2,0,0,0,0,0,0,10.9561,70.5234,11.0107,185.169,11.5888,42.949,51.5942,67.2371,7.9655
4/5/2021,292.67,0,0,5.6,0,0,0,0,0,0,0,0,10.9561,70.167,10.8984,183.504,10.2333,37.5815,53.3963,67.2371,7.648
4/6/2021,273.22,0,0,0,0,0,0,0,0,0,0,0,10.9561,69.8113,10.7866,183.504,10.2333,37.5815,54.3056,69.1574,7.3326
4/7/2021,253.78,0,0,34.6,13.8,0,17.2,0,0,0.1,0,3.8,10.9561,68.396,10.564,181.843,10.2333,36.5392,51.5942,70.4506,7.648
4/8/2021,253.69,0,0,0,0,0,0,0,0,0,0,0,10.6102,67.6928,10.4533,180.187,10.2333,36.5392,51.5942,67.2371,7.648
4/9/2021,251.85,0,0,0,0,0,0,0,0,0,0.4,0,10.439,65.6012,10.3429,178.536,9.3692,33.9799,54.3056,67.2371,7.648
4/10/2021,263.52,0,0,0,0,0,0,0,0,0,0,0,10.439,64.2219,10.1233,175.247,9.3692,33.476,49.8146,70.4506,7.648
4/11/2021,254.78,0,0,0,0,0,0,0,0,0,0,0,10.439,63.5367,10.0141,173.61,8.9491,32.4766,47.1875,65.3401,7.3326
4/12/2021,257.78,0,0,0,0,0,0,0,0,0,0,0,10.1001,62.1755,9.7968,171.978,9.3692,33.476,46.3232,61.6168,7.3326
4/13/2021,254.7,0,0,0,0,0,0,0,0,0,0,0,9.8987,60.8265,9.581,168.635,8.9491,31.9809,45.4647,60.3967,7.0195
4/14/2021,245.11,0,0,0,0,0,0,0,0,0,0,0,9.8987,58.8259,9.4737,166.847,8.5372,30.9979,42.9241,59.1871,7.0195
4/15/2021,235.36,0,0,0,0,0,0,0,0,0,0,0,9.8987,58.1652,9.3667,163.295,8.5372,30.5105,42.0889,55.9738,6.7087
4/16/2021,216.89,0,0,0,0,0,0,0,0,0,0,0,9.8987,57.8359,9.2602,159.774,8.5372,30.9979,42.0889,54.6647,6.7087
4/17/2021,216.8,0,0,0,0,0,0,0,0,0,0,0,9.3865,57.5075,9.0483,156.285,8.5372,30.5105,42.0889,54.6647,6.4003
4/18/2021,216.98,0,2.6,0,0,0,0,0,0,0,0,0,9.3865,57.5075,8.9429,154.553,8.5372,30.9979,41.2597,54.6647,6.4003
4/19/2021,215.89,0,0,0,0,0,0,0,0,0,0.3,7,10.439,57.1798,8.7334,152.828,8.5372,30.0259,40.4364,53.3647,6.4003
4/20/2021,216.89,0,0,0,0,0,0,0,0,0,0,0,9.8987,55.23,8.5254,149.403,8.5372,30.5105,40.4364,52.7182,6.0943
4/21/2021,216.82,0,0,0,0,0,0,0,0,0,0,0,9.3865,54.2655,8.0126,146.01,8.5372,29.5441,40.4364,52.7182,6.0943
4/22/2021,207.24,0,0,0,0,0,0,0,0,0,0,0,9.1347,53.9456,7.5101,144.325,8.1334,29.0651,40.4364,52.7182,6.0943
4/23/2021,207.17,0,0,0,0,0,0,0,0,0,0,0,9.1347,53.6264,7.312,139.32,8.1334,29.0651,39.6191,52.7182,5.7909
4/24/2021,198.33,0,0,0,0,0,0,0,0,0,0,0,9.1347,53.3081,7.4108,131.141,8.1334,29.0651,39.6191,51.4322,5.7909
4/25/2021,198.56,0,0,0,0,0,0,0,0,0,0,0,8.6394,52.9905,7.312,121.596,8.5372,29.5441,38.8079,51.4322,5.7909
4/26/2021,198.44,0,0,0,0,0,0,0,0,0,0,0,8.3961,52.6737,7.2136,118.48,9.7973,34.9956,38.8079,50.1556,5.4901
4/27/2021,188.62,0,1.2,0,0,0,0,0,0,0,0,0,8.3961,52.3577,7.0181,115.398,9.7973,36.022,38.8079,50.1556,5.4901
4/28/2021,188.83,0,0,0,0,0,7,0,1.1,2.7,0,0,8.3961,52.0424,6.921,110.838,9.7973,34.4864,39.6191,50.1556,5.4901
4/29/2021,188.72,0,0,0,0,0,0,0,0,0,0,0,8.3961,50.7893,6.8243,104.877,9.7973,34.9956,38.0027,51.4322,5.4901
4/30/2021,178.9,0,0,0,0,0,0,0,0,0,0,0,7.918,50.1675,6.7281,100.494,9.7973,34.9956,37.2036,49.5209,5.4901
5/1/2021,190.66,0,0,0,0,0,0,0,0,0,0,0,7.6833,49.8578,6.6323,96.1899,9.7973,36.022,37.2036,48.2587,5.192
5/2/2021,186.08,0,0,0,0,0,0,0,0,0,0,0,7.6833,49.8578,6.5369,91.9631,9.7973,35.5075,37.2036,48.2587,5.192
5/3/2021,185.15,0,0,0,0,0,0,0,0,0,0,0,9.1347,49.2407,6.442,86.4497,9.3692,33.9799,36.4106,48.2587,5.192
5/4/2021,175.39,0,0,0,0,0,0,0,0,0,0,0,9.1347,47.7118,6.3475,82.4071,8.9491,31.488,35.6238,47.0062,5.192
5/5/2021,175.39,0,0,0,0,0,4,0,0,0,0,0,8.6394,46.2029,6.2535,82.4071,8.1334,28.5889,35.6238,45.7634,4.8967
5/6/2021,175.39,0,0,0,0,0,0,0,0,0,0,0,8.6394,45.3071,6.1599,81.0774,8.1334,28.5889,35.6238,45.7634,4.8967
5/7/2021,183.06,0,0,0,0,0,0,0,0,0,0,0,8.6394,45.3071,6.1599,81.0774,7.7378,27.6451,35.6238,45.7634,4.8967
5/8/2021,185.16,0,0,0,0,0,0,0,0,0,0,0,8.6394,45.3071,6.0668,79.7565,8.1334,28.5889,35.6238,45.7634,4.6044
5/9/2021,185,0,0,0,0,0,0,0,0,0,0,0,8.6394,45.0101,6.0668,78.4446,7.7378,26.7127,34.8431,45.7634,4.6044
5/10/2021,156.06,0,0,0,0,0,0,0,0,0,0,0,8.6394,45.0101,5.9741,78.4446,7.7378,26.7127,34.0688,45.1458,4.6044
5/11/2021,136.41,0,0,0,0,0,0,0,0,0,0,0,8.6394,44.714,5.8819,77.1417,7.7378,26.7127,33.3007,43.918,4.8967
5/12/2021,131.59,0,0,0,0,0,0,0,0,0,0,0,8.6394,44.4186,5.7902,75.8478,7.7378,27.1774,32.5389,42.7002,4.8967
5/13/2021,137.45,0,0,0,0,0,0,0,0,0,0,0,8.6394,44.4186,5.6989,74.5629,7.3505,26.2508,32.5389,42.0951,4.8967
5/14/2021,126.82,0,0,0,0,0,0,0,0,0,0,0,8.6394,44.124,5.6989,73.2871,7.7378,27.1774,32.5389,41.4926,5.192
5/15/2021,132.87,0,0,0,0,0,0,0,0,0,0,1.7,8.6394,44.124,5.608,72.0203,7.7378,27.1774,33.3007,41.4926,5.192
5/16/2021,135.26,0,0,0,0,0,0,0,0,0,0,0,9.1347,43.8303,5.5177,72.0203,7.7378,27.6451,34.0688,42.7002,5.192
5/17/2021,128.78,0,0,0,0,0,0,0,0.8,0,0,1.8,8.6394,43.8303,5.4278,72.0203,8.1334,28.5889,34.0688,43.918,5.192
5/18/2021,131.17,0,0,0,0,0,0,0,0,0,0,0,8.6394,43.5373,5.4278,72.0203,7.3505,26.2508,35.6238,43.918,5.192
5/19/2021,125.77,0,0,0,0,0,0,0,0,0,0,0,8.1556,43.2452,5.4278,70.7626,7.7378,27.1774,34.0688,45.7634,4.8967
5/20/2021,125.46,0,0,0,0,0,0,0,0,0,0,0,8.1556,43.2452,5.3384,70.7626,7.7378,26.7127,34.0688,43.918,4.8967
5/21/2021,123.13,0,0,0,0,0,0,0,0,0,0,0,8.1556,42.9538,5.3384,69.5141,7.3505,25.7919,32.5389,43.918,4.8967
5/22/2021,126.15,0,0,0,0,0,0,0,0,0,0,0,8.1556,42.6633,5.2495,69.5141,6.9836,24.4325,32.5389,42.0951,4.8967
5/23/2021,125.53,0,0,0,0,0,0,0,0,4.9,2.2,6.5,8.6394,42.0847,5.2495,68.2748,7.3505,25.7919,31.7835,41.4926,4.8967
5/24/2021,132.79,0,0,0,0,0,0,0,0,0,0,0,8.6394,41.223,5.161,68.2748,7.3505,24.8827,31.7835,40.8927,4.6044
5/25/2021,143.89,0,0,0,0,0,0,0,0,0,0,0,8.1556,40.9373,5.161,68.2748,7.3505,25.3358,31.7835,40.8927,4.6044
5/26/2021,148.75,0,0,0,0,0,0,0,0,0,0,0,8.1556,40.9373,5.073,68.2748,8.5372,30.5105,31.7835,40.8927,4.6044
5/27/2021,146.32,0,0,0,0,0,0,0,0,0,0,0,8.1556,39.803,5.073,67.0446,8.5372,30.9979,32.5389,40.8927,4.6044
5/28/2021,150.62,0,0,0,0,0,0,0,0,0,0,0,8.6394,38.1262,5.073,67.0446,8.9491,31.488,32.5389,41.4926,4.6044
5/29/2021,150.74,0,0,0,0,0,0,0,0,0,0,0,8.6394,37.5739,4.9855,67.0446,8.1334,29.0651,31.0345,41.4926,4.6044
5/30/2021,152.24,0,0,0,0,0,0,0,0,0,0,0,8.6394,37.5739,4.9855,67.0446,8.9491,31.9809,32.5389,39.7006,4.6044
5/31/2021,145.78,0,0,0,0,0,0,30,0,3.9,5.6,1.6,9.6412,37.299,4.9855,65.8237,8.9491,31.488,31.0345,41.4926,4.6044
6/1/2021,143.26,0,0,0,0,0,10.5,0,15.9,20.5,12.5,7.2,13.126,38.6818,4.9855,65.8237,8.9491,32.4766,34.8431,39.7006,4.3152
6/2/2021,138.64,0,0,0,0,0,0,0,0,0,0,0,9.1347,39.2408,4.8985,65.8237,9.3692,33.9799,41.2597,44.5306,4.3152
6/3/2021,141.26,0,0,0,0,0,0,0,0.8,0,5.6,6.7,9.1347,40.0854,4.8985,65.8237,10.2333,37.059,59.8765,53.3647,4.3152
6/4/2021,154.45,0,0,0,0,0,0,0,0,0,0,0,8.6394,40.6525,4.8985,65.8237,10.6773,39.1647,46.3232,75.7264,4.0291
6/5/2021,154.45,0,0,0,0,0,0,0,0,0,0,0,8.6394,40.9373,4.8985,65.8237,10.2333,36.5392,41.2597,61.6168,4.0291
6/6/2021,162.24,0,0,0,0,0,0,0,0,0,0,0,8.3961,40.9373,4.812,65.8237,9.7973,34.9956,38.0027,54.0135,4.0291
6/7/2021,158.51,0,0,0,0,0,0,0,0,0,0,0,8.1556,40.3685,4.812,64.612,9.3692,32.9749,36.4106,49.5209,4.0291
6/8/2021,145.26,0,0,0,0,0,0,0,0,0,0,0,9.1347,40.0854,4.812,64.612,9.3692,32.9749,35.6238,47.0062,3.7464
6/9/2021,145.38,0,0,0,0,0,0,0,0,0,0,0,8.8856,40.0854,4.726,64.612,8.9491,32.4766,34.0688,45.7634,3.7464
6/10/2021,140.75,0,0,0,0,0,0,0,0,0,0,0,8.1556,39.803,4.726,64.612,8.9491,31.9809,34.8431,43.918,3.7464
6/11/2021,138.83,0,0,0,0,0,0,0,0,0,0,5.2,8.1556,39.5215,4.6405,63.4096,8.9491,32.4766,34.8431,45.1458,3.7464
6/12/2021,136.89,0,0,0,0,0,0,0,0,0,0,0,8.1556,39.5215,4.6405,63.4096,9.3692,32.9749,34.0688,45.1458,3.4672
6/13/2021,129.99,0,0,0,0,0,0,0,0,0,0,0,8.1556,39.2408,4.6405,62.2166,8.9491,32.4766,33.3007,43.918,3.4672
6/14/2021,133.77,0,0,0,0,0,0,0,0,0,0,0,8.1556,38.9609,4.5555,62.2166,8.9491,31.9809,33.3007,42.7002,3.4672
6/15/2021,127.98,0,0,0,0,0,0,0,0,0,0,0,8.1556,38.1262,4.5555,62.2166,8.9491,31.488,34.0688,42.7002,3.4672
6/16/2021,121.47,0,0,0,0,0,0,0,0,0,0,0,8.1556,37.8496,4.5555,62.2166,8.9491,31.488,33.3007,43.918,3.4672
6/17/2021,121.28,0,0,0,0,0,0,0,0,0,0,0,8.1556,37.5739,4.4709,62.2166,8.9491,31.488,31.7835,42.7002,3.4672
6/18/2021,118.19,0,0,0,0,0,0,0,0,0,0,0,7.6833,37.299,4.4709,61.0328,9.7973,34.9956,31.0345,40.8927,3.4672
6/19/2021,117.41,0,0,0,0,0,0,0,0,0,0,0,7.6833,37.0249,4.4709,61.0328,9.3692,33.9799,31.7835,39.7006,3.4672
6/20/2021,113.17,0,0,0,0,0,0,0,0,0,0,0,7.6833,36.2077,4.3869,61.0328,9.3692,32.9749,31.0345,40.8927,3.1917
6/21/2021,113.57,0,0,0,0,0,0,0,0,0,0,0,7.6833,35.398,4.3869,59.8585,9.3692,32.9749,31.7835,39.7006,3.1917
6/22/2021,106.67,0,0,0,0,0,0,0,0,0,0,0,7.6833,35.1297,4.3869,59.8585,8.9491,31.488,31.0345,40.8927,3.1917
6/23/2021,105.06,0,0,0,0,0,0,0,0,0,0,0,7.6833,35.1297,4.3034,59.8585,8.1334,28.1156,31.0345,39.7006,3.1917
6/24/2021,108.3,0,0,0,0,0,0,0,0,0,0,0,7.6833,34.8624,4.3034,59.8585,6.9836,24.4325,30.292,39.7006,2.9201
6/25/2021,101.89,0,0,0,0,0,0,0,0,0,0,0,7.6833,34.8624,4.3034,59.8585,6.9836,23.9853,30.292,38.5191,2.9201
6/26/2021,105.13,0,0,0,0,0,0,0,0,0,0,0,7.2226,34.8624,4.2205,58.6936,6.9836,23.9853,29.5559,38.5191,2.9201
6/27/2021,99.81,0,0,0,0,0,0,0,0,0,0,0,7.2226,34.5958,4.2205,58.6936,6.9836,23.9853,29.5559,37.3481,2.9201
6/28/2021,99.81,0,0,0,0,0,0,0,0,0,0,0,7.2226,34.5958,4.2205,57.5381,6.6284,23.0998,29.5559,37.3481,2.9201
6/29/2021,88,0,0,0,0,0,0,0,0,0,0,0,7.2226,34.5958,4.138,57.5381,6.6284,23.0998,30.292,37.3481,2.9201
6/30/2021,93.24,0,0,0,0,0,0,0,0,0,0,0,7.2226,34.5958,4.138,56.392,6.9836,23.5411,30.292,38.5191,2.9201
7/1/2021,90.62,0,0,0,0,0,0,0,0,0,0,0,7.2226,34.5958,4.0561,56.392,6.6284,23.0998,28.1034,38.5191,2.9201
7/2/2021,88.5,0,0,0,0,0,0,0,0,0,0,0,7.2226,34.5958,4.0561,56.392,6.6284,22.6616,29.5559,35.6119,2.9201
7/3/2021,91.96,0,0,0,0,0,0,0,0,0,0,0,7.2226,34.3301,4.0561,56.392,6.6284,22.2264,29.5559,37.3481,2.9201
7/4/2021,89.88,0,0,0,0,0,0,0,0,0,0,0,7.2226,34.3301,3.9747,56.392,6.6284,22.6616,28.8264,37.3481,2.9201
7/5/2021,81.31,0,0,0,0,0,0,0,0,0,0,0,7.2226,33.8013,3.9747,56.392,6.6284,22.6616,28.8264,36.7667,2.9201
7/6/2021,72.82,0,0,0,0,0,0,0,0,0,0,0,6.7738,33.8013,3.9747,55.2555,6.9836,23.9853,28.1034,36.7667,2.9201
7/7/2021,74.91,0,0,0,0,0,0,0,0,0,0,0,6.7738,33.2758,3.8938,55.2555,7.3505,26.2508,27.3871,35.6119,2.6527
7/8/2021,78.15,0,0,0,0,0,0,0,0,0,0,0,6.7738,32.7537,3.8938,54.1286,7.7378,26.7127,26.6775,34.4681,2.6527
7/9/2021,69.58,0,0,0,0,0,0,0,0,0,0,0,6.7738,32.235,3.8938,54.1286,7.7378,26.7127,26.6775,33.3355,2.6527
7/10/2021,68.73,0,0,0,0,0,0,0,0,0,0,0,6.7738,31.2079,3.8134,54.1286,7.3505,25.7919,27.3871,33.3355,2.6527
7/11/2021,73.58,0,0,0,0,0,0,0,0,0,0,0,6.7738,30.6995,3.8134,54.1286,7.3505,25.7919,27.3871,34.4681,2.6527
7/12/2021,68.33,0,0,0,0,0,0,0,0,0,0,0,6.7738,30.1945,3.8134,54.1286,7.7378,27.1774,26.6775,34.4681,2.6527
7/13/2021,70.82,0,0,0,0,0,0,0,0,0,0,0,6.7738,30.1945,3.8134,51.9034,8.5372,30.9979,25.2785,33.3355,2.6527
7/14/2021,74.3,0,0,0,0,0,0,0,0,0,0,0,6.7738,30.1945,3.7336,51.9034,8.9491,31.488,25.2785,31.6576,2.6527
7/15/2021,74.49,0,0,0,0,0,0,0,0,0,0,0,6.7738,29.9433,3.7336,51.9034,8.5372,30.9979,23.9068,31.6576,2.9201
7/16/2021,65.28,0,0,0,0,0,0,0,0,0,0,0,6.7738,29.9433,3.6543,51.9034,8.1334,28.1156,23.9068,29.4609,2.9201
7/17/2021,64.07,0,0,0,0,0,0,0,0,0,0,0,6.7738,29.9433,3.6543,50.8053,8.1334,28.1156,25.9746,29.4609,2.9201
7/18/2021,67.34,0,0,0,0,0,0,0,0,0,0,0,6.7738,29.693,3.6543,50.8053,7.3505,24.8827,25.2785,32.2141,2.9201
7/19/2021,70.26,0,0,0,0,0,0,0,0,0,0,0,6.7738,29.693,3.5756,49.7169,7.7378,27.1774,23.2313,31.6576,2.9201
7/20/2021,77.67,0,0,0,0,0,0,0,0,0,0,0,6.7738,29.693,3.5756,49.7169,7.3505,25.7919,24.5892,28.3803,2.6527
7/21/2021,78.67,0,0,0,0,0,0,0,0,0,0,0,6.7738,29.693,3.5756,49.7169,8.1334,29.0651,24.5892,30.5535,2.6527
7/22/2021,75.89,0,0,0,0,0,0,0,0,0,0,0,6.3369,29.4435,3.5756,49.7169,7.7378,27.6451,23.9068,30.5535,2.6527
7/23/2021,71.33,0,0,0,0,0,0,0,0,0,0,0,6.3369,29.4435,3.4974,49.7169,7.7378,27.1774,23.2313,29.4609,2.6527
7/24/2021,71.33,0,0,0,0,0,0,0,0,0,0,0,6.3369,29.4435,3.4974,49.7169,7.3505,24.8827,23.2313,28.3803,2.6527
7/25/2021,66.7,0,0,0,0,0,0,0,0,0,0,0,6.3369,29.4435,3.4974,48.6382,7.3505,25.7919,23.2313,28.3803,2.6527
7/26/2021,68.56,0,0,0,0,0,0,0,0,0,0,0,6.3369,29.4435,3.4974,48.6382,7.7378,27.1774,23.9068,28.3803,2.6527
7/27/2021,63.84,0,0,0,0,0,0,0,0,0,0,0,6.3369,29.195,3.4974,48.6382,7.3505,26.2508,23.9068,29.4609,2.6527
7/28/2021,52.73,0,0,0,0,0,0,0,0,0,0,0,6.3369,29.195,3.4974,47.5692,6.9836,23.9853,23.9068,29.4609,2.6527
7/29/2021,47.56,0,0,0,0,0,0,0,0,0,0,0,6.3369,29.195,3.4198,47.5692,6.6284,23.0998,24.5892,29.4609,2.6527
7/30/2021,47.64,0,0,0,0,0,0,0,0,0,0,0,6.3369,28.9472,3.4198,47.5692,6.6284,23.0998,23.2313,30.5535,2.6527
7/31/2021,52.66,0,0,0,0,0,0,0,0,0,0,0,6.3369,28.9472,3.4198,47.5692,6.6284,22.6616,23.2313,28.3803,2.6527
8/1/2021,53.84,0,0,0,0,0,0,0,0,0,0,0,6.3369,28.7004,3.4198,47.5692,6.6284,21.7942,22.5628,28.3803,2.1314
8/2/2021,46.37,0,0,0,0,0,0,0,0,0,0,0,6.3369,28.7004,3.4198,47.5692,6.6284,22.2264,22.5628,27.3117,2.1314
8/3/2021,46.91,0,0,0,0,0,0,0,0,0,0,0,6.3369,28.4544,3.4198,47.5692,6.6284,21.7942,21.9014,27.3117,2.1314
8/4/2021,51.07,0,0,0,0,0,0,0,0,0,0,0,6.3369,28.4544,3.4198,46.5101,8.1334,28.5889,23.2313,26.7819,2.1314
8/5/2021,50.15,0,0,0,0,0,0,0,0,0,0,0,6.3369,28.2093,3.4198,46.5101,8.1334,28.1156,23.2313,28.3803,2.1314
8/6/2021,53.39,0,0,0,0,0,0,0,0,0,0,0,5.912,27.965,3.3428,46.5101,7.3505,25.7919,23.2313,28.3803,2.1314
8/7/2021,50.59,0,0,0,0,0,0,0,0,0,0,0,5.912,27.7217,3.3428,46.5101,7.3505,25.3358,23.2313,28.3803,2.1314
8/8/2021,51.69,0,0,0,0,0,0,0,0,0,0,0,5.912,27.4792,3.3428,45.4608,7.3505,25.7919,22.5628,28.3803,2.1314
8/9/2021,53.84,0,0,0,0,0,0,0,0,0,0,0,5.4994,27.4792,3.3428,44.4214,7.3505,25.7919,22.5628,27.3117,2.1314
8/10/2021,50.6,0,0,0,0,0,0,0,0,0,0,0,5.4994,27.2376,3.3428,44.4214,7.3505,25.7919,22.5628,27.3117,2.1314
8/11/2021,50.68,0,0,0,0,0,0,0,0,0,0,0,5.4994,27.2376,3.3428,44.4214,8.1334,28.1156,22.5628,27.3117,1.8783
8/12/2021,63.56,0,0,0,0,0,0,0,0,0,0,0,5.4994,26.9969,3.2663,44.4214,12.0563,43.4998,22.5628,27.3117,1.8783
8/13/2021,63.41,0,0,0,0,0,0,0,0,0,0,0,5.912,26.9969,3.2663,44.4214,7.7378,27.1774,23.2313,27.3117,1.8783
8/14/2021,67.11,0,0,0,0,0,0,0,0,0,0,0,5.912,26.9969,3.2663,44.4214,8.1334,28.1156,21.9014,28.3803,1.8783
8/15/2021,64.92,0,0,0,0,0,0,0,0,0,0,0,5.912,26.9969,3.2663,43.3919,7.7378,27.1774,21.2471,26.7819,1.8783
8/16/2021,64.74,0,0,0,0,0,0,0,0,0,0,0,5.912,26.757,3.2663,43.3919,7.3505,25.3358,21.9014,25.7317,1.8783
8/17/2021,57,0,0,0,0,0,0,0,14,1.1,0,0,5.912,26.757,3.2663,43.3919,7.7378,27.6451,34.0688,26.2553,1.8783
8/18/2021,48.9,0,0,0,0,0,9.4,0,0,0,2.4,0,5.912,26.757,3.2663,42.3723,8.1334,28.5889,24.5892,42.7002,1.8783
8/19/2021,48.84,0,0,0,0,0,0,0,0,0,0,0,5.912,26.5181,3.2663,42.3723,7.7378,27.1774,24.5892,31.1041,1.6307
8/20/2021,49.81,0,0,0,0,0,0,0,0,0,0,0,5.912,26.5181,3.2663,42.3723,6.6284,22.6616,28.1034,30.5535,1.6307
8/21/2021,51.73,0,0,0,0,0,0,0,0,0,0,0,5.912,24.6383,3.2663,42.3723,7.3505,24.8827,24.5892,35.0386,1.6307
8/22/2021,51,0,0,0,0,0,0,0,0,0,0,0,5.912,24.4073,3.1903,42.3723,6.6284,22.6616,23.9068,30.5535,1.6307
8/23/2021,49.84,0,0,0,0,0,0,0,0,0,0,0,5.912,23.4924,3.1903,41.3628,6.6284,22.2264,21.2471,29.4609,1.3893
8/24/2021,51.84,0,0,0,0,0,0,0,0,0,0,0,5.912,23.4924,3.1903,41.3628,6.6284,21.7942,21.2471,25.7317,1.3893
8/25/2021,50.84,0,0,0,0,0,0,0,0,0,0,0,5.912,23.4924,3.1903,41.3628,6.2797,20.9391,19.96,25.7317,1.3893
8/26/2021,52.08,0,0,0,0,0,0,0,0,0,0,0,5.912,23.4924,3.1903,40.3633,7.3505,25.3358,20.5999,23.6691,1.3893
8/27/2021,48.54,0,0,0,0,0,0,0,0,0,0,0,5.912,23.4924,3.1903,40.3633,7.3505,25.7919,19.96,24.6941,1.3893
8/28/2021,57.48,0,0,0,0,0,0,0,0,0,0,0,5.912,23.4924,3.1903,40.3633,7.7378,27.6451,18.7021,23.6691,1.3893
8/29/2021,58.41,0,0,0,0,0,0,0,0,0,0,0,5.912,23.4924,3.1903,40.3633,7.3505,25.3358,18.0843,21.6584,1.3893
8/30/2021,49.84,0,0,0,0,0,0,0,0,0,0,0,5.4994,23.4924,3.1903,40.3633,6.9836,24.4325,18.0843,20.6731,1.3893
8/31/2021,45.68,0,0,0,0,0,0,0,0,0,0,0,5.4994,23.4924,3.1903,40.3633,7.3505,24.8827,18.7021,20.6731,1.3893
9/1/2021,48.35,0,0,0,0,0,0,0,0,0,0,0,5.4994,23.4924,3.1903,39.3739,7.7378,27.1774,18.7021,19.2208,1.3893
9/2/2021,49.26,0,0,0,0,0,0,0,0,0,0,0,5.4994,23.4924,3.115,39.3739,7.3505,24.8827,18.7021,21.6584,1.3893
9/3/2021,43,0,0,0,0,0,0,0,0,0,0,0,5.4994,23.4924,3.115,39.3739,7.7378,27.6451,19.3274,21.6584,1.3893
9/4/2021,47.24,0,0,0,0,0,0,0,0,0,0,0,5.4994,23.4924,3.115,38.3946,7.7378,26.7127,18.7021,22.6572,1.6307
9/5/2021,44.32,0,0,0,0,0,0,0,0,0,0,0,5.4994,23.4924,3.115,38.3946,7.3505,26.2508,18.7021,21.6584,1.8783
9/6/2021,40.95,0,0,0,0,0,0,0,0,0,0,0,5.4994,23.4924,3.115,38.3946,6.9836,23.5411,18.7021,21.6584,1.8783
9/7/2021,43.72,0,0,0,0,0,0,0,0,0,0,0,5.4994,23.4924,3.115,38.3946,6.6284,22.2264,18.0843,21.6584,1.8783
9/8/2021,43.54,0,0,0,0,0,0,0,0,0,0,0,5.4994,23.4924,3.0402,37.4255,6.6284,22.2264,17.474,20.6731,1.8783
9/9/2021,42.59,0,0,0,0,0,0,0,0,0,0,0,5.4994,23.4924,3.0402,36.4666,6.6284,21.7942,16.8713,19.7014,1.6307
9/10/2021,43.81,0,0,0,0,0,0,0,0,0,0,0,5.4994,23.4924,3.0402,36.4666,6.6284,22.2264,16.8713,18.7438,1.6307
9/11/2021,39.79,0,0,0,0,0,0,0,0,5.9,0,0,5.0991,23.4924,3.0402,36.4666,6.6284,23.0998,16.2762,18.7438,1.6307
9/12/2021,38.58,0,0,0,0,0,0,0,0,0,0,0,5.0991,23.4924,2.966,35.518,5.9377,19.6796,16.2762,18.2703,1.6307
9/13/2021,40.33,0,0,0,0,0,0,0,0,18.2,0,0,5.0991,23.4924,2.966,34.5798,5.9377,19.6796,16.2762,17.8004,1.3893
9/14/2021,41.98,0,0,0,0,0,0,0,0,0,0,0,5.0991,23.4924,2.966,33.6518,5.9377,19.6796,16.8713,17.8004,1.3893
9/15/2021,42.74,0,0,0,0,0,0,0,0,0,0,0,5.0991,23.4924,2.8924,33.6518,6.6284,22.6616,17.474,18.7438,1.3893
9/16/2021,37.59,0,0,0,0,0,0,0,0,0,0,0,5.0991,23.4924,2.8924,33.6518,7.7378,26.7127,16.8713,19.7014,1.3893
9/17/2021,42.74,0,0,0,0,0,0,0,0,0,0,0,5.0991,23.4924,2.8924,33.6518,6.6284,23.0998,16.8713,18.7438,1.3893
9/18/2021,42.67,0,0,0,0,0,0,0,0,0,0,0,5.0991,23.4924,2.8924,32.7344,6.6284,23.0998,16.2762,18.7438,1.3893
9/19/2021,40.58,0,0,0,0,0,0,0,0,0,0,0,5.0991,22.3692,2.8924,32.7344,7.7378,27.1774,15.6888,18.2703,1.3893
9/20/2021,43,0,0,0,0,0,0,0,0,0,0,0,5.0991,21.4869,2.8924,32.7344,7.3505,26.2508,15.6888,17.3341,1.1547
9/21/2021,42.06,0,0,0,0,0,0,0,0,0,0,0,5.0991,21.4869,2.8924,31.8273,6.6284,23.0998,15.1092,16.8715,1.1547
9/22/2021,42.95,0,0,0,0,0,0,0,0,0,0,0,4.9037,21.4869,2.8194,31.8273,6.6284,23.0998,15.1092,16.4127,1.1547
9/23/2021,43.08,0,0,0,0,0,0,0,0,0,0,0,4.9037,21.4869,2.8194,31.8273,6.6284,22.2264,13.9739,16.4127,1.1547
9/24/2021,42.5,0,0,0,0,0,0,0,0,0,0,0,4.9037,21.4869,2.8194,30.9308,6.6284,22.2264,13.9739,14.6153,1.1547
9/25/2021,40.08,0,0,0,0,0,0,0,0,0,0,0,4.9037,21.2687,2.8194,30.9308,6.6284,22.2264,13.9739,12.8812,1.1547
9/26/2021,44.8,0,2.1,27.2,0,0,0,0,0,3.4,12.7,30,4.9037,20.4048,2.747,30.9308,5.6024,17.6437,13.9739,14.1757,8.2852
9/27/2021,44.96,0,1.2,0,0,0,1.2,0,0,0.6,0,0,5.0991,20.8349,2.747,30.9308,5.274,16.4609,13.9739,14.6153,5.7909
9/28/2021,52.14,0,0,0,0,0,4.5,3.1,3.5,7.5,0,0,5.0991,23.266,2.747,30.0449,4.9527,15.3079,21.2471,14.6153,5.192
9/29/2021,52.67,0,0,0,0,18,0,1.6,0,0.5,0,0,5.4994,21.4869,3.1903,30.0449,5.274,16.0732,17.474,24.6941,4.8967
9/30/2021,49.96,0,1.4,0,0,12.2,6.7,0,9.4,1.4,4.2,0,5.912,21.4869,3.1903,30.9308,4.9527,15.3079,23.9068,20.1855,4.6044
